student_id,form,item_id,correct
llmsim_p1_r1,A,su9_vj_0003,1
llmsim_p1_r2,A,su9_vj_0003,1
llmsim_p1_r3,A,su9_vj_0003,1
llmsim_p1_r4,A,su9_vj_0003,1
llmsim_p2_r1,A,su9_vj_0003,0
llmsim_p2_r2,A,su9_vj_0003,0
llmsim_p2_r3,A,su9_vj_0003,1
llmsim_p2_r4,A,su9_vj_0003,0
llmsim_p3_r1,A,su9_vj_0003,1
llmsim_p3_r2,A,su9_vj_0003,1
llmsim_p3_r3,A,su9_vj_0003,1
llmsim_p3_r4,A,su9_vj_0003,1
llmsim_p4_r1,A,su9_vj_0003,1
llmsim_p4_r2,A,su9_vj_0003,1
llmsim_p4_r3,A,su9_vj_0003,1
llmsim_p4_r4,A,su9_vj_0003,1
llmsim_p5_r1,A,su9_vj_0003,1
llmsim_p5_r2,A,su9_vj_0003,1
llmsim_p5_r3,A,su9_vj_0003,1
llmsim_p5_r4,A,su9_vj_0003,1
llmsim_p1_r1,A,su9_vj_0016,1
llmsim_p1_r2,A,su9_vj_0016,1
llmsim_p1_r3,A,su9_vj_0016,0
llmsim_p1_r4,A,su9_vj_0016,1
llmsim_p2_r1,A,su9_vj_0016,1
llmsim_p2_r2,A,su9_vj_0016,1
llmsim_p2_r3,A,su9_vj_0016,0
llmsim_p2_r4,A,su9_vj_0016,0
llmsim_p3_r1,A,su9_vj_0016,1
llmsim_p3_r2,A,su9_vj_0016,1
llmsim_p3_r3,A,su9_vj_0016,0
llmsim_p3_r4,A,su9_vj_0016,1
llmsim_p4_r1,A,su9_vj_0016,1
llmsim_p4_r2,A,su9_vj_0016,1
llmsim_p4_r3,A,su9_vj_0016,1
llmsim_p4_r4,A,su9_vj_0016,1
llmsim_p5_r1,A,su9_vj_0016,1
llmsim_p5_r2,A,su9_vj_0016,1
llmsim_p5_r3,A,su9_vj_0016,1
llmsim_p5_r4,A,su9_vj_0016,1
llmsim_p1_r1,B,su9_vj_0031,1
llmsim_p1_r2,B,su9_vj_0031,1
llmsim_p1_r3,B,su9_vj_0031,1
llmsim_p1_r4,B,su9_vj_0031,1
llmsim_p2_r1,B,su9_vj_0031,0
llmsim_p2_r2,B,su9_vj_0031,1
llmsim_p2_r3,B,su9_vj_0031,1
llmsim_p2_r4,B,su9_vj_0031,1
llmsim_p3_r1,B,su9_vj_0031,1
llmsim_p3_r2,B,su9_vj_0031,1
llmsim_p3_r3,B,su9_vj_0031,1
llmsim_p3_r4,B,su9_vj_0031,1
llmsim_p4_r1,B,su9_vj_0031,1
llmsim_p4_r2,B,su9_vj_0031,1
llmsim_p4_r3,B,su9_vj_0031,1
llmsim_p4_r4,B,su9_vj_0031,1
llmsim_p5_r1,B,su9_vj_0031,1
llmsim_p5_r2,B,su9_vj_0031,1
llmsim_p5_r3,B,su9_vj_0031,1
llmsim_p5_r4,B,su9_vj_0031,1
llmsim_p1_r1,C,su9_vj_0039,1
llmsim_p1_r2,C,su9_vj_0039,0
llmsim_p1_r3,C,su9_vj_0039,1
llmsim_p1_r4,C,su9_vj_0039,1
llmsim_p2_r1,C,su9_vj_0039,1
llmsim_p2_r2,C,su9_vj_0039,1
llmsim_p2_r3,C,su9_vj_0039,1
llmsim_p2_r4,C,su9_vj_0039,1
llmsim_p3_r1,C,su9_vj_0039,1
llmsim_p3_r2,C,su9_vj_0039,1
llmsim_p3_r3,C,su9_vj_0039,1
llmsim_p3_r4,C,su9_vj_0039,1
llmsim_p4_r1,C,su9_vj_0039,1
llmsim_p4_r3,C,su9_vj_0039,1
llmsim_p4_r4,C,su9_vj_0039,1
llmsim_p5_r1,C,su9_vj_0039,1
llmsim_p5_r2,C,su9_vj_0039,1
llmsim_p5_r3,C,su9_vj_0039,1
llmsim_p5_r4,C,su9_vj_0039,1
llmsim_p1_r1,C,su9_vj_0045,0
llmsim_p1_r2,C,su9_vj_0045,0
llmsim_p1_r3,C,su9_vj_0045,1
llmsim_p1_r4,C,su9_vj_0045,0
llmsim_p2_r1,C,su9_vj_0045,1
llmsim_p2_r2,C,su9_vj_0045,0
llmsim_p2_r3,C,su9_vj_0045,0
llmsim_p2_r4,C,su9_vj_0045,1
llmsim_p3_r1,C,su9_vj_0045,1
llmsim_p3_r2,C,su9_vj_0045,1
llmsim_p3_r3,C,su9_vj_0045,1
llmsim_p3_r4,C,su9_vj_0045,1
llmsim_p4_r1,C,su9_vj_0045,1
llmsim_p4_r2,C,su9_vj_0045,1
llmsim_p4_r3,C,su9_vj_0045,1
llmsim_p4_r4,C,su9_vj_0045,1
llmsim_p5_r1,C,su9_vj_0045,1
llmsim_p5_r2,C,su9_vj_0045,1
llmsim_p5_r3,C,su9_vj_0045,1
llmsim_p5_r4,C,su9_vj_0045,1
llmsim_p1_r1,A,su9_vj_0054,0
llmsim_p1_r2,A,su9_vj_0054,0
llmsim_p1_r3,A,su9_vj_0054,1
llmsim_p1_r4,A,su9_vj_0054,1
llmsim_p2_r1,A,su9_vj_0054,0
llmsim_p2_r2,A,su9_vj_0054,0
llmsim_p2_r3,A,su9_vj_0054,0
llmsim_p2_r4,A,su9_vj_0054,0
llmsim_p3_r1,A,su9_vj_0054,0
llmsim_p3_r2,A,su9_vj_0054,0
llmsim_p3_r3,A,su9_vj_0054,0
llmsim_p3_r4,A,su9_vj_0054,0
llmsim_p4_r1,A,su9_vj_0054,0
llmsim_p4_r2,A,su9_vj_0054,0
llmsim_p4_r3,A,su9_vj_0054,0
llmsim_p4_r4,A,su9_vj_0054,0
llmsim_p5_r1,A,su9_vj_0054,0
llmsim_p5_r2,A,su9_vj_0054,0
llmsim_p5_r3,A,su9_vj_0054,0
llmsim_p5_r4,A,su9_vj_0054,0
llmsim_p1_r1,A,su9_vj_0063,0
llmsim_p1_r2,A,su9_vj_0063,0
llmsim_p1_r3,A,su9_vj_0063,0
llmsim_p1_r4,A,su9_vj_0063,1
llmsim_p2_r1,A,su9_vj_0063,1
llmsim_p2_r2,A,su9_vj_0063,0
llmsim_p2_r3,A,su9_vj_0063,0
llmsim_p2_r4,A,su9_vj_0063,0
llmsim_p3_r1,A,su9_vj_0063,0
llmsim_p3_r2,A,su9_vj_0063,1
llmsim_p3_r3,A,su9_vj_0063,0
llmsim_p3_r4,A,su9_vj_0063,0
llmsim_p4_r1,A,su9_vj_0063,0
llmsim_p4_r2,A,su9_vj_0063,0
llmsim_p4_r3,A,su9_vj_0063,0
llmsim_p4_r4,A,su9_vj_0063,0
llmsim_p5_r1,A,su9_vj_0063,1
llmsim_p5_r2,A,su9_vj_0063,0
llmsim_p5_r3,A,su9_vj_0063,1
llmsim_p5_r4,A,su9_vj_0063,0
llmsim_p1_r1,B,su9_vj_0083,1
llmsim_p1_r2,B,su9_vj_0083,0
llmsim_p1_r3,B,su9_vj_0083,1
llmsim_p1_r4,B,su9_vj_0083,0
llmsim_p2_r1,B,su9_vj_0083,1
llmsim_p2_r2,B,su9_vj_0083,1
llmsim_p2_r3,B,su9_vj_0083,1
llmsim_p2_r4,B,su9_vj_0083,1
llmsim_p3_r1,B,su9_vj_0083,1
llmsim_p3_r2,B,su9_vj_0083,1
llmsim_p3_r3,B,su9_vj_0083,1
llmsim_p3_r4,B,su9_vj_0083,1
llmsim_p4_r1,B,su9_vj_0083,1
llmsim_p4_r2,B,su9_vj_0083,1
llmsim_p4_r3,B,su9_vj_0083,1
llmsim_p4_r4,B,su9_vj_0083,1
llmsim_p5_r1,B,su9_vj_0083,1
llmsim_p5_r2,B,su9_vj_0083,1
llmsim_p5_r3,B,su9_vj_0083,1
llmsim_p5_r4,B,su9_vj_0083,1
llmsim_p1_r1,B,su9_vj_0093,1
llmsim_p1_r2,B,su9_vj_0093,0
llmsim_p1_r3,B,su9_vj_0093,1
llmsim_p1_r4,B,su9_vj_0093,1
llmsim_p2_r1,B,su9_vj_0093,1
llmsim_p2_r2,B,su9_vj_0093,1
llmsim_p2_r3,B,su9_vj_0093,1
llmsim_p2_r4,B,su9_vj_0093,0
llmsim_p3_r1,B,su9_vj_0093,0
llmsim_p3_r2,B,su9_vj_0093,1
llmsim_p3_r3,B,su9_vj_0093,1
llmsim_p3_r4,B,su9_vj_0093,0
llmsim_p4_r1,B,su9_vj_0093,1
llmsim_p4_r2,B,su9_vj_0093,1
llmsim_p4_r3,B,su9_vj_0093,1
llmsim_p4_r4,B,su9_vj_0093,1
llmsim_p5_r1,B,su9_vj_0093,1
llmsim_p5_r2,B,su9_vj_0093,1
llmsim_p5_r3,B,su9_vj_0093,1
llmsim_p5_r4,B,su9_vj_0093,1
llmsim_p1_r1,A,su9_vj_0097,0
llmsim_p1_r2,A,su9_vj_0097,1
llmsim_p1_r3,A,su9_vj_0097,0
llmsim_p1_r4,A,su9_vj_0097,1
llmsim_p2_r1,A,su9_vj_0097,1
llmsim_p2_r2,A,su9_vj_0097,0
llmsim_p2_r3,A,su9_vj_0097,0
llmsim_p2_r4,A,su9_vj_0097,1
llmsim_p3_r1,A,su9_vj_0097,1
llmsim_p3_r2,A,su9_vj_0097,0
llmsim_p3_r3,A,su9_vj_0097,0
llmsim_p3_r4,A,su9_vj_0097,1
llmsim_p4_r1,A,su9_vj_0097,1
llmsim_p4_r2,A,su9_vj_0097,0
llmsim_p4_r3,A,su9_vj_0097,1
llmsim_p4_r4,A,su9_vj_0097,1
llmsim_p5_r1,A,su9_vj_0097,1
llmsim_p5_r2,A,su9_vj_0097,1
llmsim_p5_r3,A,su9_vj_0097,1
llmsim_p5_r4,A,su9_vj_0097,1
llmsim_p1_r1,A,su9_vj_0114,1
llmsim_p1_r2,A,su9_vj_0114,1
llmsim_p1_r3,A,su9_vj_0114,1
llmsim_p1_r4,A,su9_vj_0114,1
llmsim_p2_r1,A,su9_vj_0114,0
llmsim_p2_r2,A,su9_vj_0114,0
llmsim_p2_r3,A,su9_vj_0114,1
llmsim_p2_r4,A,su9_vj_0114,1
llmsim_p3_r1,A,su9_vj_0114,1
llmsim_p3_r2,A,su9_vj_0114,1
llmsim_p3_r3,A,su9_vj_0114,1
llmsim_p3_r4,A,su9_vj_0114,1
llmsim_p4_r1,A,su9_vj_0114,1
llmsim_p4_r2,A,su9_vj_0114,1
llmsim_p4_r3,A,su9_vj_0114,0
llmsim_p4_r4,A,su9_vj_0114,1
llmsim_p5_r1,A,su9_vj_0114,1
llmsim_p5_r2,A,su9_vj_0114,1
llmsim_p5_r3,A,su9_vj_0114,1
llmsim_p5_r4,A,su9_vj_0114,1
llmsim_p1_r1,B,su9_vj_0143,0
llmsim_p1_r2,B,su9_vj_0143,0
llmsim_p1_r3,B,su9_vj_0143,0
llmsim_p1_r4,B,su9_vj_0143,0
llmsim_p2_r1,B,su9_vj_0143,0
llmsim_p2_r2,B,su9_vj_0143,0
llmsim_p2_r3,B,su9_vj_0143,0
llmsim_p2_r4,B,su9_vj_0143,1
llmsim_p3_r1,B,su9_vj_0143,0
llmsim_p3_r2,B,su9_vj_0143,0
llmsim_p3_r3,B,su9_vj_0143,1
llmsim_p3_r4,B,su9_vj_0143,1
llmsim_p4_r1,B,su9_vj_0143,1
llmsim_p4_r2,B,su9_vj_0143,0
llmsim_p4_r3,B,su9_vj_0143,0
llmsim_p4_r4,B,su9_vj_0143,1
llmsim_p5_r1,B,su9_vj_0143,1
llmsim_p5_r2,B,su9_vj_0143,1
llmsim_p5_r3,B,su9_vj_0143,1
llmsim_p5_r4,B,su9_vj_0143,1
llmsim_p1_r1,B,su9_vj_0149,0
llmsim_p1_r2,B,su9_vj_0149,0
llmsim_p1_r3,B,su9_vj_0149,0
llmsim_p1_r4,B,su9_vj_0149,1
llmsim_p2_r1,B,su9_vj_0149,0
llmsim_p2_r2,B,su9_vj_0149,0
llmsim_p2_r3,B,su9_vj_0149,0
llmsim_p2_r4,B,su9_vj_0149,1
llmsim_p3_r1,B,su9_vj_0149,1
llmsim_p3_r2,B,su9_vj_0149,1
llmsim_p3_r3,B,su9_vj_0149,1
llmsim_p3_r4,B,su9_vj_0149,1
llmsim_p4_r1,B,su9_vj_0149,1
llmsim_p4_r2,B,su9_vj_0149,1
llmsim_p4_r3,B,su9_vj_0149,1
llmsim_p4_r4,B,su9_vj_0149,1
llmsim_p5_r1,B,su9_vj_0149,1
llmsim_p5_r2,B,su9_vj_0149,1
llmsim_p5_r3,B,su9_vj_0149,1
llmsim_p5_r4,B,su9_vj_0149,1
llmsim_p1_r1,C,su9_vj_0151,1
llmsim_p1_r2,C,su9_vj_0151,1
llmsim_p1_r3,C,su9_vj_0151,1
llmsim_p1_r4,C,su9_vj_0151,0
llmsim_p2_r1,C,su9_vj_0151,1
llmsim_p2_r2,C,su9_vj_0151,0
llmsim_p2_r3,C,su9_vj_0151,1
llmsim_p2_r4,C,su9_vj_0151,1
llmsim_p3_r1,C,su9_vj_0151,1
llmsim_p3_r2,C,su9_vj_0151,1
llmsim_p3_r3,C,su9_vj_0151,1
llmsim_p3_r4,C,su9_vj_0151,1
llmsim_p4_r1,C,su9_vj_0151,1
llmsim_p4_r2,C,su9_vj_0151,1
llmsim_p4_r3,C,su9_vj_0151,1
llmsim_p4_r4,C,su9_vj_0151,1
llmsim_p5_r1,C,su9_vj_0151,1
llmsim_p5_r2,C,su9_vj_0151,1
llmsim_p5_r3,C,su9_vj_0151,1
llmsim_p5_r4,C,su9_vj_0151,1
llmsim_p1_r1,A,su9_vj_0154,1
llmsim_p1_r2,A,su9_vj_0154,0
llmsim_p1_r3,A,su9_vj_0154,0
llmsim_p1_r4,A,su9_vj_0154,0
llmsim_p2_r1,A,su9_vj_0154,0
llmsim_p2_r2,A,su9_vj_0154,1
llmsim_p2_r3,A,su9_vj_0154,0
llmsim_p2_r4,A,su9_vj_0154,0
llmsim_p3_r1,A,su9_vj_0154,1
llmsim_p3_r2,A,su9_vj_0154,1
llmsim_p3_r3,A,su9_vj_0154,1
llmsim_p3_r4,A,su9_vj_0154,0
llmsim_p4_r1,A,su9_vj_0154,1
llmsim_p4_r2,A,su9_vj_0154,1
llmsim_p4_r3,A,su9_vj_0154,1
llmsim_p4_r4,A,su9_vj_0154,0
llmsim_p5_r1,A,su9_vj_0154,1
llmsim_p5_r2,A,su9_vj_0154,0
llmsim_p5_r3,A,su9_vj_0154,1
llmsim_p5_r4,A,su9_vj_0154,1
llmsim_p1_r1,B,su9_vj_0206,0
llmsim_p1_r2,B,su9_vj_0206,1
llmsim_p1_r3,B,su9_vj_0206,0
llmsim_p1_r4,B,su9_vj_0206,0
llmsim_p2_r1,B,su9_vj_0206,1
llmsim_p2_r2,B,su9_vj_0206,1
llmsim_p2_r3,B,su9_vj_0206,1
llmsim_p2_r4,B,su9_vj_0206,1
llmsim_p3_r1,B,su9_vj_0206,1
llmsim_p3_r2,B,su9_vj_0206,1
llmsim_p3_r3,B,su9_vj_0206,1
llmsim_p3_r4,B,su9_vj_0206,1
llmsim_p4_r1,B,su9_vj_0206,1
llmsim_p4_r2,B,su9_vj_0206,1
llmsim_p4_r3,B,su9_vj_0206,1
llmsim_p4_r4,B,su9_vj_0206,1
llmsim_p5_r1,B,su9_vj_0206,1
llmsim_p5_r2,B,su9_vj_0206,1
llmsim_p5_r3,B,su9_vj_0206,1
llmsim_p5_r4,B,su9_vj_0206,1
llmsim_p1_r1,C,su9_vj_0242,0
llmsim_p1_r2,C,su9_vj_0242,1
llmsim_p1_r3,C,su9_vj_0242,1
llmsim_p1_r4,C,su9_vj_0242,1
llmsim_p2_r1,C,su9_vj_0242,1
llmsim_p2_r2,C,su9_vj_0242,1
llmsim_p2_r3,C,su9_vj_0242,1
llmsim_p2_r4,C,su9_vj_0242,1
llmsim_p3_r1,C,su9_vj_0242,1
llmsim_p3_r2,C,su9_vj_0242,1
llmsim_p3_r3,C,su9_vj_0242,1
llmsim_p3_r4,C,su9_vj_0242,1
llmsim_p4_r1,C,su9_vj_0242,1
llmsim_p4_r2,C,su9_vj_0242,1
llmsim_p4_r3,C,su9_vj_0242,1
llmsim_p4_r4,C,su9_vj_0242,1
llmsim_p5_r1,C,su9_vj_0242,1
llmsim_p5_r2,C,su9_vj_0242,1
llmsim_p5_r3,C,su9_vj_0242,1
llmsim_p5_r4,C,su9_vj_0242,1
llmsim_p1_r1,A,su9_vj_0265,1
llmsim_p1_r2,A,su9_vj_0265,1
llmsim_p1_r3,A,su9_vj_0265,0
llmsim_p1_r4,A,su9_vj_0265,1
llmsim_p2_r1,A,su9_vj_0265,1
llmsim_p2_r2,A,su9_vj_0265,0
llmsim_p2_r3,A,su9_vj_0265,1
llmsim_p2_r4,A,su9_vj_0265,1
llmsim_p3_r1,A,su9_vj_0265,0
llmsim_p3_r2,A,su9_vj_0265,1
llmsim_p3_r3,A,su9_vj_0265,1
llmsim_p3_r4,A,su9_vj_0265,1
llmsim_p4_r1,A,su9_vj_0265,0
llmsim_p4_r2,A,su9_vj_0265,1
llmsim_p4_r3,A,su9_vj_0265,1
llmsim_p4_r4,A,su9_vj_0265,1
llmsim_p5_r1,A,su9_vj_0265,0
llmsim_p5_r2,A,su9_vj_0265,0
llmsim_p5_r3,A,su9_vj_0265,1
llmsim_p5_r4,A,su9_vj_0265,1
llmsim_p1_r1,C,su9_vj_0274,1
llmsim_p1_r2,C,su9_vj_0274,1
llmsim_p1_r3,C,su9_vj_0274,1
llmsim_p1_r4,C,su9_vj_0274,0
llmsim_p2_r1,C,su9_vj_0274,1
llmsim_p2_r2,C,su9_vj_0274,1
llmsim_p2_r3,C,su9_vj_0274,1
llmsim_p2_r4,C,su9_vj_0274,1
llmsim_p3_r1,C,su9_vj_0274,1
llmsim_p3_r2,C,su9_vj_0274,1
llmsim_p3_r3,C,su9_vj_0274,0
llmsim_p3_r4,C,su9_vj_0274,0
llmsim_p4_r1,C,su9_vj_0274,1
llmsim_p4_r2,C,su9_vj_0274,1
llmsim_p4_r3,C,su9_vj_0274,1
llmsim_p4_r4,C,su9_vj_0274,0
llmsim_p5_r1,C,su9_vj_0274,1
llmsim_p5_r2,C,su9_vj_0274,1
llmsim_p5_r3,C,su9_vj_0274,1
llmsim_p5_r4,C,su9_vj_0274,1
llmsim_p1_r1,A,su9_vj_0292,0
llmsim_p1_r2,A,su9_vj_0292,0
llmsim_p1_r3,A,su9_vj_0292,0
llmsim_p1_r4,A,su9_vj_0292,1
llmsim_p2_r1,A,su9_vj_0292,1
llmsim_p2_r2,A,su9_vj_0292,0
llmsim_p2_r3,A,su9_vj_0292,0
llmsim_p2_r4,A,su9_vj_0292,0
llmsim_p3_r1,A,su9_vj_0292,0
llmsim_p3_r2,A,su9_vj_0292,1
llmsim_p3_r3,A,su9_vj_0292,0
llmsim_p3_r4,A,su9_vj_0292,0
llmsim_p4_r1,A,su9_vj_0292,1
llmsim_p4_r2,A,su9_vj_0292,1
llmsim_p4_r3,A,su9_vj_0292,0
llmsim_p4_r4,A,su9_vj_0292,1
llmsim_p5_r1,A,su9_vj_0292,1
llmsim_p5_r2,A,su9_vj_0292,1
llmsim_p5_r3,A,su9_vj_0292,1
llmsim_p5_r4,A,su9_vj_0292,1
llmsim_p1_r1,C,su9_vj_0311,1
llmsim_p1_r2,C,su9_vj_0311,1
llmsim_p1_r3,C,su9_vj_0311,1
llmsim_p1_r4,C,su9_vj_0311,1
llmsim_p2_r1,C,su9_vj_0311,1
llmsim_p2_r2,C,su9_vj_0311,1
llmsim_p2_r3,C,su9_vj_0311,1
llmsim_p2_r4,C,su9_vj_0311,1
llmsim_p3_r1,C,su9_vj_0311,1
llmsim_p3_r2,C,su9_vj_0311,1
llmsim_p3_r3,C,su9_vj_0311,1
llmsim_p3_r4,C,su9_vj_0311,1
llmsim_p4_r1,C,su9_vj_0311,1
llmsim_p4_r2,C,su9_vj_0311,1
llmsim_p4_r3,C,su9_vj_0311,1
llmsim_p4_r4,C,su9_vj_0311,1
llmsim_p5_r1,C,su9_vj_0311,1
llmsim_p5_r2,C,su9_vj_0311,1
llmsim_p5_r3,C,su9_vj_0311,1
llmsim_p5_r4,C,su9_vj_0311,1
llmsim_p1_r1,C,su9_vj_0328,0
llmsim_p1_r2,C,su9_vj_0328,1
llmsim_p1_r3,C,su9_vj_0328,0
llmsim_p1_r4,C,su9_vj_0328,0
llmsim_p2_r1,C,su9_vj_0328,1
llmsim_p2_r2,C,su9_vj_0328,1
llmsim_p2_r3,C,su9_vj_0328,1
llmsim_p2_r4,C,su9_vj_0328,1
llmsim_p3_r1,C,su9_vj_0328,1
llmsim_p3_r2,C,su9_vj_0328,1
llmsim_p3_r3,C,su9_vj_0328,1
llmsim_p3_r4,C,su9_vj_0328,1
llmsim_p4_r1,C,su9_vj_0328,1
llmsim_p4_r2,C,su9_vj_0328,1
llmsim_p4_r3,C,su9_vj_0328,1
llmsim_p4_r4,C,su9_vj_0328,1
llmsim_p5_r1,C,su9_vj_0328,1
llmsim_p5_r2,C,su9_vj_0328,1
llmsim_p5_r3,C,su9_vj_0328,1
llmsim_p5_r4,C,su9_vj_0328,1
llmsim_p1_r1,B,su9_vj_0348,1
llmsim_p1_r2,B,su9_vj_0348,1
llmsim_p1_r3,B,su9_vj_0348,1
llmsim_p1_r4,B,su9_vj_0348,1
llmsim_p2_r1,B,su9_vj_0348,1
llmsim_p2_r2,B,su9_vj_0348,1
llmsim_p2_r3,B,su9_vj_0348,1
llmsim_p2_r4,B,su9_vj_0348,1
llmsim_p3_r1,B,su9_vj_0348,0
llmsim_p3_r2,B,su9_vj_0348,1
llmsim_p3_r3,B,su9_vj_0348,1
llmsim_p3_r4,B,su9_vj_0348,1
llmsim_p4_r1,B,su9_vj_0348,1
llmsim_p4_r2,B,su9_vj_0348,1
llmsim_p4_r3,B,su9_vj_0348,1
llmsim_p4_r4,B,su9_vj_0348,1
llmsim_p5_r1,B,su9_vj_0348,1
llmsim_p5_r2,B,su9_vj_0348,1
llmsim_p5_r3,B,su9_vj_0348,1
llmsim_p5_r4,B,su9_vj_0348,1
llmsim_p1_r1,C,su9_vj_0354,0
llmsim_p1_r2,C,su9_vj_0354,0
llmsim_p1_r3,C,su9_vj_0354,1
llmsim_p1_r4,C,su9_vj_0354,0
llmsim_p2_r1,C,su9_vj_0354,0
llmsim_p2_r2,C,su9_vj_0354,1
llmsim_p2_r3,C,su9_vj_0354,1
llmsim_p2_r4,C,su9_vj_0354,1
llmsim_p3_r1,C,su9_vj_0354,1
llmsim_p3_r2,C,su9_vj_0354,0
llmsim_p3_r3,C,su9_vj_0354,1
llmsim_p3_r4,C,su9_vj_0354,1
llmsim_p4_r1,C,su9_vj_0354,1
llmsim_p4_r2,C,su9_vj_0354,1
llmsim_p4_r3,C,su9_vj_0354,1
llmsim_p4_r4,C,su9_vj_0354,1
llmsim_p5_r1,C,su9_vj_0354,1
llmsim_p5_r2,C,su9_vj_0354,1
llmsim_p5_r3,C,su9_vj_0354,1
llmsim_p5_r4,C,su9_vj_0354,1
llmsim_p1_r1,B,su9_vj_0355,0
llmsim_p1_r2,B,su9_vj_0355,0
llmsim_p1_r3,B,su9_vj_0355,0
llmsim_p1_r4,B,su9_vj_0355,1
llmsim_p2_r1,B,su9_vj_0355,0
llmsim_p2_r2,B,su9_vj_0355,0
llmsim_p2_r3,B,su9_vj_0355,0
llmsim_p2_r4,B,su9_vj_0355,0
llmsim_p3_r1,B,su9_vj_0355,0
llmsim_p3_r2,B,su9_vj_0355,0
llmsim_p3_r3,B,su9_vj_0355,1
llmsim_p3_r4,B,su9_vj_0355,0
llmsim_p4_r1,B,su9_vj_0355,0
llmsim_p4_r2,B,su9_vj_0355,0
llmsim_p4_r3,B,su9_vj_0355,0
llmsim_p4_r4,B,su9_vj_0355,0
llmsim_p5_r1,B,su9_vj_0355,0
llmsim_p5_r2,B,su9_vj_0355,0
llmsim_p5_r3,B,su9_vj_0355,1
llmsim_p5_r4,B,su9_vj_0355,0
llmsim_p1_r1,B,su9_vj_0358,0
llmsim_p1_r2,B,su9_vj_0358,0
llmsim_p1_r3,B,su9_vj_0358,0
llmsim_p1_r4,B,su9_vj_0358,0
llmsim_p2_r1,B,su9_vj_0358,0
llmsim_p2_r2,B,su9_vj_0358,0
llmsim_p2_r3,B,su9_vj_0358,1
llmsim_p2_r4,B,su9_vj_0358,0
llmsim_p3_r1,B,su9_vj_0358,0
llmsim_p3_r2,B,su9_vj_0358,0
llmsim_p3_r3,B,su9_vj_0358,0
llmsim_p3_r4,B,su9_vj_0358,0
llmsim_p4_r1,B,su9_vj_0358,0
llmsim_p4_r2,B,su9_vj_0358,0
llmsim_p4_r3,B,su9_vj_0358,0
llmsim_p4_r4,B,su9_vj_0358,0
llmsim_p5_r1,B,su9_vj_0358,0
llmsim_p5_r2,B,su9_vj_0358,0
llmsim_p5_r3,B,su9_vj_0358,0
llmsim_p5_r4,B,su9_vj_0358,0
llmsim_p1_r1,A,su9_vj_0365,1
llmsim_p1_r2,A,su9_vj_0365,0
llmsim_p1_r3,A,su9_vj_0365,0
llmsim_p1_r4,A,su9_vj_0365,1
llmsim_p2_r1,A,su9_vj_0365,0
llmsim_p2_r2,A,su9_vj_0365,1
llmsim_p2_r3,A,su9_vj_0365,0
llmsim_p2_r4,A,su9_vj_0365,0
llmsim_p3_r1,A,su9_vj_0365,1
llmsim_p3_r2,A,su9_vj_0365,1
llmsim_p3_r3,A,su9_vj_0365,1
llmsim_p3_r4,A,su9_vj_0365,0
llmsim_p4_r1,A,su9_vj_0365,1
llmsim_p4_r2,A,su9_vj_0365,1
llmsim_p4_r3,A,su9_vj_0365,1
llmsim_p4_r4,A,su9_vj_0365,1
llmsim_p5_r1,A,su9_vj_0365,1
llmsim_p5_r2,A,su9_vj_0365,1
llmsim_p5_r3,A,su9_vj_0365,1
llmsim_p5_r4,A,su9_vj_0365,1
llmsim_p1_r1,B,su9_vj_0407,1
llmsim_p1_r2,B,su9_vj_0407,1
llmsim_p1_r3,B,su9_vj_0407,1
llmsim_p1_r4,B,su9_vj_0407,1
llmsim_p2_r1,B,su9_vj_0407,0
llmsim_p2_r2,B,su9_vj_0407,1
llmsim_p2_r3,B,su9_vj_0407,1
llmsim_p2_r4,B,su9_vj_0407,1
llmsim_p3_r1,B,su9_vj_0407,1
llmsim_p3_r2,B,su9_vj_0407,1
llmsim_p3_r3,B,su9_vj_0407,1
llmsim_p3_r4,B,su9_vj_0407,1
llmsim_p4_r1,B,su9_vj_0407,1
llmsim_p4_r2,B,su9_vj_0407,1
llmsim_p4_r3,B,su9_vj_0407,1
llmsim_p4_r4,B,su9_vj_0407,1
llmsim_p5_r1,B,su9_vj_0407,1
llmsim_p5_r2,B,su9_vj_0407,1
llmsim_p5_r3,B,su9_vj_0407,1
llmsim_p5_r4,B,su9_vj_0407,1
llmsim_p1_r1,A,su9_vj_0415,0
llmsim_p1_r2,A,su9_vj_0415,1
llmsim_p1_r3,A,su9_vj_0415,0
llmsim_p1_r4,A,su9_vj_0415,0
llmsim_p2_r1,A,su9_vj_0415,0
llmsim_p2_r2,A,su9_vj_0415,1
llmsim_p2_r3,A,su9_vj_0415,0
llmsim_p2_r4,A,su9_vj_0415,0
llmsim_p3_r1,A,su9_vj_0415,0
llmsim_p3_r2,A,su9_vj_0415,0
llmsim_p3_r3,A,su9_vj_0415,0
llmsim_p3_r4,A,su9_vj_0415,1
llmsim_p4_r1,A,su9_vj_0415,1
llmsim_p4_r2,A,su9_vj_0415,0
llmsim_p4_r3,A,su9_vj_0415,0
llmsim_p4_r4,A,su9_vj_0415,1
llmsim_p5_r1,A,su9_vj_0415,1
llmsim_p5_r2,A,su9_vj_0415,1
llmsim_p5_r3,A,su9_vj_0415,1
llmsim_p5_r4,A,su9_vj_0415,1
llmsim_p1_r1,C,su9_vj_0427,1
llmsim_p1_r2,C,su9_vj_0427,0
llmsim_p1_r3,C,su9_vj_0427,0
llmsim_p1_r4,C,su9_vj_0427,1
llmsim_p2_r1,C,su9_vj_0427,0
llmsim_p2_r2,C,su9_vj_0427,0
llmsim_p2_r3,C,su9_vj_0427,0
llmsim_p2_r4,C,su9_vj_0427,0
llmsim_p3_r1,C,su9_vj_0427,1
llmsim_p3_r2,C,su9_vj_0427,1
llmsim_p3_r3,C,su9_vj_0427,0
llmsim_p3_r4,C,su9_vj_0427,0
llmsim_p4_r1,C,su9_vj_0427,0
llmsim_p4_r2,C,su9_vj_0427,0
llmsim_p4_r3,C,su9_vj_0427,0
llmsim_p4_r4,C,su9_vj_0427,0
llmsim_p5_r1,C,su9_vj_0427,1
llmsim_p5_r2,C,su9_vj_0427,0
llmsim_p5_r3,C,su9_vj_0427,1
llmsim_p5_r4,C,su9_vj_0427,1
llmsim_p1_r1,B,su9_vj_0434,1
llmsim_p1_r2,B,su9_vj_0434,0
llmsim_p1_r3,B,su9_vj_0434,0
llmsim_p1_r4,B,su9_vj_0434,0
llmsim_p2_r1,B,su9_vj_0434,1
llmsim_p2_r2,B,su9_vj_0434,0
llmsim_p2_r3,B,su9_vj_0434,0
llmsim_p2_r4,B,su9_vj_0434,1
llmsim_p3_r1,B,su9_vj_0434,1
llmsim_p3_r2,B,su9_vj_0434,1
llmsim_p3_r3,B,su9_vj_0434,1
llmsim_p3_r4,B,su9_vj_0434,0
llmsim_p4_r1,B,su9_vj_0434,1
llmsim_p4_r2,B,su9_vj_0434,1
llmsim_p4_r3,B,su9_vj_0434,1
llmsim_p4_r4,B,su9_vj_0434,1
llmsim_p5_r1,B,su9_vj_0434,1
llmsim_p5_r2,B,su9_vj_0434,1
llmsim_p5_r3,B,su9_vj_0434,1
llmsim_p5_r4,B,su9_vj_0434,1
llmsim_p1_r1,B,su9_vj_0448,1
llmsim_p1_r2,B,su9_vj_0448,1
llmsim_p1_r3,B,su9_vj_0448,1
llmsim_p1_r4,B,su9_vj_0448,1
llmsim_p2_r1,B,su9_vj_0448,1
llmsim_p2_r2,B,su9_vj_0448,1
llmsim_p2_r3,B,su9_vj_0448,1
llmsim_p2_r4,B,su9_vj_0448,1
llmsim_p3_r1,B,su9_vj_0448,1
llmsim_p3_r2,B,su9_vj_0448,1
llmsim_p3_r3,B,su9_vj_0448,1
llmsim_p3_r4,B,su9_vj_0448,1
llmsim_p4_r1,B,su9_vj_0448,1
llmsim_p4_r2,B,su9_vj_0448,1
llmsim_p4_r3,B,su9_vj_0448,1
llmsim_p4_r4,B,su9_vj_0448,1
llmsim_p5_r1,B,su9_vj_0448,1
llmsim_p5_r2,B,su9_vj_0448,1
llmsim_p5_r3,B,su9_vj_0448,1
llmsim_p5_r4,B,su9_vj_0448,1
llmsim_p1_r1,A,su9_vj_0449,0
llmsim_p1_r2,A,su9_vj_0449,1
llmsim_p1_r3,A,su9_vj_0449,1
llmsim_p1_r4,A,su9_vj_0449,1
llmsim_p2_r1,A,su9_vj_0449,1
llmsim_p2_r2,A,su9_vj_0449,1
llmsim_p2_r3,A,su9_vj_0449,0
llmsim_p2_r4,A,su9_vj_0449,0
llmsim_p3_r1,A,su9_vj_0449,1
llmsim_p3_r2,A,su9_vj_0449,1
llmsim_p3_r3,A,su9_vj_0449,1
llmsim_p3_r4,A,su9_vj_0449,1
llmsim_p4_r1,A,su9_vj_0449,1
llmsim_p4_r2,A,su9_vj_0449,1
llmsim_p4_r3,A,su9_vj_0449,1
llmsim_p4_r4,A,su9_vj_0449,1
llmsim_p5_r1,A,su9_vj_0449,0
llmsim_p5_r2,A,su9_vj_0449,1
llmsim_p5_r3,A,su9_vj_0449,1
llmsim_p5_r4,A,su9_vj_0449,1
llmsim_p1_r1,B,su9_vj_0451,0
llmsim_p1_r2,B,su9_vj_0451,1
llmsim_p1_r3,B,su9_vj_0451,1
llmsim_p1_r4,B,su9_vj_0451,1
llmsim_p2_r1,B,su9_vj_0451,1
llmsim_p2_r2,B,su9_vj_0451,0
llmsim_p2_r3,B,su9_vj_0451,0
llmsim_p2_r4,B,su9_vj_0451,1
llmsim_p3_r1,B,su9_vj_0451,1
llmsim_p3_r2,B,su9_vj_0451,1
llmsim_p3_r3,B,su9_vj_0451,1
llmsim_p3_r4,B,su9_vj_0451,1
llmsim_p4_r1,B,su9_vj_0451,1
llmsim_p4_r2,B,su9_vj_0451,1
llmsim_p4_r3,B,su9_vj_0451,1
llmsim_p4_r4,B,su9_vj_0451,1
llmsim_p5_r1,B,su9_vj_0451,1
llmsim_p5_r2,B,su9_vj_0451,1
llmsim_p5_r3,B,su9_vj_0451,1
llmsim_p5_r4,B,su9_vj_0451,1
llmsim_p1_r1,A,su9_vj_0464,1
llmsim_p1_r2,A,su9_vj_0464,1
llmsim_p1_r3,A,su9_vj_0464,0
llmsim_p1_r4,A,su9_vj_0464,1
llmsim_p2_r1,A,su9_vj_0464,1
llmsim_p2_r2,A,su9_vj_0464,1
llmsim_p2_r3,A,su9_vj_0464,0
llmsim_p2_r4,A,su9_vj_0464,0
llmsim_p3_r1,A,su9_vj_0464,0
llmsim_p3_r2,A,su9_vj_0464,1
llmsim_p3_r3,A,su9_vj_0464,1
llmsim_p3_r4,A,su9_vj_0464,1
llmsim_p4_r1,A,su9_vj_0464,1
llmsim_p4_r2,A,su9_vj_0464,1
llmsim_p4_r3,A,su9_vj_0464,1
llmsim_p4_r4,A,su9_vj_0464,1
llmsim_p5_r1,A,su9_vj_0464,0
llmsim_p5_r2,A,su9_vj_0464,1
llmsim_p5_r3,A,su9_vj_0464,1
llmsim_p5_r4,A,su9_vj_0464,1
llmsim_p1_r1,C,su9_vj_0477,1
llmsim_p1_r2,C,su9_vj_0477,0
llmsim_p1_r3,C,su9_vj_0477,1
llmsim_p1_r4,C,su9_vj_0477,1
llmsim_p2_r1,C,su9_vj_0477,1
llmsim_p2_r2,C,su9_vj_0477,1
llmsim_p2_r3,C,su9_vj_0477,1
llmsim_p2_r4,C,su9_vj_0477,1
llmsim_p3_r1,C,su9_vj_0477,1
llmsim_p3_r2,C,su9_vj_0477,1
llmsim_p3_r3,C,su9_vj_0477,1
llmsim_p3_r4,C,su9_vj_0477,1
llmsim_p4_r1,C,su9_vj_0477,1
llmsim_p4_r2,C,su9_vj_0477,1
llmsim_p4_r3,C,su9_vj_0477,1
llmsim_p4_r4,C,su9_vj_0477,1
llmsim_p5_r1,C,su9_vj_0477,1
llmsim_p5_r2,C,su9_vj_0477,1
llmsim_p5_r3,C,su9_vj_0477,1
llmsim_p5_r4,C,su9_vj_0477,1
llmsim_p1_r1,A,su9_vj_0487,1
llmsim_p1_r2,A,su9_vj_0487,0
llmsim_p1_r3,A,su9_vj_0487,1
llmsim_p1_r4,A,su9_vj_0487,1
llmsim_p2_r1,A,su9_vj_0487,1
llmsim_p2_r2,A,su9_vj_0487,1
llmsim_p2_r3,A,su9_vj_0487,1
llmsim_p2_r4,A,su9_vj_0487,0
llmsim_p3_r1,A,su9_vj_0487,1
llmsim_p3_r2,A,su9_vj_0487,1
llmsim_p3_r3,A,su9_vj_0487,1
llmsim_p3_r4,A,su9_vj_0487,1
llmsim_p4_r1,A,su9_vj_0487,1
llmsim_p4_r2,A,su9_vj_0487,1
llmsim_p4_r3,A,su9_vj_0487,1
llmsim_p4_r4,A,su9_vj_0487,1
llmsim_p5_r1,A,su9_vj_0487,1
llmsim_p5_r2,A,su9_vj_0487,1
llmsim_p5_r3,A,su9_vj_0487,1
llmsim_p5_r4,A,su9_vj_0487,1
llmsim_p1_r1,C,su9_vj_0521,1
llmsim_p1_r2,C,su9_vj_0521,1
llmsim_p1_r3,C,su9_vj_0521,0
llmsim_p1_r4,C,su9_vj_0521,0
llmsim_p2_r1,C,su9_vj_0521,1
llmsim_p2_r2,C,su9_vj_0521,0
llmsim_p2_r3,C,su9_vj_0521,0
llmsim_p2_r4,C,su9_vj_0521,0
llmsim_p3_r1,C,su9_vj_0521,0
llmsim_p3_r2,C,su9_vj_0521,1
llmsim_p3_r3,C,su9_vj_0521,0
llmsim_p3_r4,C,su9_vj_0521,1
llmsim_p4_r1,C,su9_vj_0521,0
llmsim_p4_r2,C,su9_vj_0521,1
llmsim_p4_r3,C,su9_vj_0521,0
llmsim_p4_r4,C,su9_vj_0521,1
llmsim_p5_r1,C,su9_vj_0521,0
llmsim_p5_r2,C,su9_vj_0521,1
llmsim_p5_r3,C,su9_vj_0521,0
llmsim_p5_r4,C,su9_vj_0521,1
llmsim_p1_r1,B,su9_vj_0525,0
llmsim_p1_r2,B,su9_vj_0525,0
llmsim_p1_r3,B,su9_vj_0525,0
llmsim_p1_r4,B,su9_vj_0525,0
llmsim_p2_r1,B,su9_vj_0525,0
llmsim_p2_r2,B,su9_vj_0525,0
llmsim_p2_r3,B,su9_vj_0525,1
llmsim_p2_r4,B,su9_vj_0525,0
llmsim_p3_r1,B,su9_vj_0525,1
llmsim_p3_r2,B,su9_vj_0525,1
llmsim_p3_r3,B,su9_vj_0525,1
llmsim_p3_r4,B,su9_vj_0525,1
llmsim_p4_r1,B,su9_vj_0525,1
llmsim_p4_r2,B,su9_vj_0525,1
llmsim_p4_r3,B,su9_vj_0525,1
llmsim_p4_r4,B,su9_vj_0525,1
llmsim_p5_r1,B,su9_vj_0525,1
llmsim_p5_r2,B,su9_vj_0525,1
llmsim_p5_r3,B,su9_vj_0525,1
llmsim_p5_r4,B,su9_vj_0525,1
llmsim_p1_r1,B,su9_vj_0552,0
llmsim_p1_r2,B,su9_vj_0552,0
llmsim_p1_r3,B,su9_vj_0552,0
llmsim_p1_r4,B,su9_vj_0552,0
llmsim_p2_r1,B,su9_vj_0552,0
llmsim_p2_r2,B,su9_vj_0552,0
llmsim_p2_r3,B,su9_vj_0552,0
llmsim_p2_r4,B,su9_vj_0552,0
llmsim_p3_r1,B,su9_vj_0552,0
llmsim_p3_r2,B,su9_vj_0552,1
llmsim_p3_r3,B,su9_vj_0552,0
llmsim_p3_r4,B,su9_vj_0552,0
llmsim_p4_r1,B,su9_vj_0552,1
llmsim_p4_r2,B,su9_vj_0552,1
llmsim_p4_r3,B,su9_vj_0552,0
llmsim_p4_r4,B,su9_vj_0552,1
llmsim_p5_r1,B,su9_vj_0552,1
llmsim_p5_r2,B,su9_vj_0552,1
llmsim_p5_r3,B,su9_vj_0552,1
llmsim_p5_r4,B,su9_vj_0552,1
llmsim_p1_r1,A,su9_vj_0563,1
llmsim_p1_r2,A,su9_vj_0563,1
llmsim_p1_r3,A,su9_vj_0563,0
llmsim_p1_r4,A,su9_vj_0563,1
llmsim_p2_r1,A,su9_vj_0563,1
llmsim_p2_r2,A,su9_vj_0563,1
llmsim_p2_r3,A,su9_vj_0563,1
llmsim_p2_r4,A,su9_vj_0563,1
llmsim_p3_r1,A,su9_vj_0563,1
llmsim_p3_r2,A,su9_vj_0563,1
llmsim_p3_r3,A,su9_vj_0563,1
llmsim_p3_r4,A,su9_vj_0563,1
llmsim_p4_r1,A,su9_vj_0563,1
llmsim_p4_r2,A,su9_vj_0563,1
llmsim_p4_r3,A,su9_vj_0563,1
llmsim_p4_r4,A,su9_vj_0563,1
llmsim_p5_r1,A,su9_vj_0563,1
llmsim_p5_r2,A,su9_vj_0563,1
llmsim_p5_r3,A,su9_vj_0563,1
llmsim_p5_r4,A,su9_vj_0563,1
llmsim_p1_r1,B,su9_vj_0589,0
llmsim_p1_r2,B,su9_vj_0589,1
llmsim_p1_r3,B,su9_vj_0589,1
llmsim_p1_r4,B,su9_vj_0589,1
llmsim_p2_r1,B,su9_vj_0589,1
llmsim_p2_r2,B,su9_vj_0589,0
llmsim_p2_r3,B,su9_vj_0589,0
llmsim_p2_r4,B,su9_vj_0589,0
llmsim_p3_r1,B,su9_vj_0589,0
llmsim_p3_r2,B,su9_vj_0589,1
llmsim_p3_r3,B,su9_vj_0589,1
llmsim_p3_r4,B,su9_vj_0589,1
llmsim_p4_r1,B,su9_vj_0589,1
llmsim_p4_r2,B,su9_vj_0589,1
llmsim_p4_r3,B,su9_vj_0589,1
llmsim_p4_r4,B,su9_vj_0589,1
llmsim_p5_r1,B,su9_vj_0589,1
llmsim_p5_r2,B,su9_vj_0589,1
llmsim_p5_r3,B,su9_vj_0589,1
llmsim_p5_r4,B,su9_vj_0589,1
llmsim_p1_r1,A,su9_vj_0629,1
llmsim_p1_r2,A,su9_vj_0629,0
llmsim_p1_r3,A,su9_vj_0629,0
llmsim_p1_r4,A,su9_vj_0629,1
llmsim_p2_r1,A,su9_vj_0629,0
llmsim_p2_r2,A,su9_vj_0629,0
llmsim_p2_r3,A,su9_vj_0629,1
llmsim_p2_r4,A,su9_vj_0629,0
llmsim_p3_r1,A,su9_vj_0629,1
llmsim_p3_r2,A,su9_vj_0629,0
llmsim_p3_r3,A,su9_vj_0629,0
llmsim_p3_r4,A,su9_vj_0629,0
llmsim_p4_r1,A,su9_vj_0629,0
llmsim_p4_r2,A,su9_vj_0629,0
llmsim_p4_r3,A,su9_vj_0629,1
llmsim_p4_r4,A,su9_vj_0629,1
llmsim_p5_r1,A,su9_vj_0629,1
llmsim_p5_r2,A,su9_vj_0629,1
llmsim_p5_r3,A,su9_vj_0629,0
llmsim_p5_r4,A,su9_vj_0629,1
llmsim_p1_r1,A,su9_vj_0637,0
llmsim_p1_r2,A,su9_vj_0637,1
llmsim_p1_r3,A,su9_vj_0637,1
llmsim_p1_r4,A,su9_vj_0637,1
llmsim_p2_r1,A,su9_vj_0637,1
llmsim_p2_r2,A,su9_vj_0637,1
llmsim_p2_r3,A,su9_vj_0637,1
llmsim_p2_r4,A,su9_vj_0637,0
llmsim_p3_r1,A,su9_vj_0637,1
llmsim_p3_r2,A,su9_vj_0637,0
llmsim_p3_r3,A,su9_vj_0637,1
llmsim_p3_r4,A,su9_vj_0637,1
llmsim_p4_r1,A,su9_vj_0637,1
llmsim_p4_r2,A,su9_vj_0637,1
llmsim_p4_r3,A,su9_vj_0637,1
llmsim_p4_r4,A,su9_vj_0637,1
llmsim_p5_r1,A,su9_vj_0637,1
llmsim_p5_r2,A,su9_vj_0637,1
llmsim_p5_r3,A,su9_vj_0637,1
llmsim_p5_r4,A,su9_vj_0637,1
llmsim_p1_r1,A,su9_vj_0641,1
llmsim_p1_r2,A,su9_vj_0641,1
llmsim_p1_r3,A,su9_vj_0641,1
llmsim_p1_r4,A,su9_vj_0641,0
llmsim_p2_r1,A,su9_vj_0641,1
llmsim_p2_r2,A,su9_vj_0641,1
llmsim_p2_r3,A,su9_vj_0641,1
llmsim_p2_r4,A,su9_vj_0641,1
llmsim_p3_r1,A,su9_vj_0641,1
llmsim_p3_r2,A,su9_vj_0641,1
llmsim_p3_r3,A,su9_vj_0641,1
llmsim_p3_r4,A,su9_vj_0641,1
llmsim_p4_r1,A,su9_vj_0641,1
llmsim_p4_r2,A,su9_vj_0641,1
llmsim_p4_r3,A,su9_vj_0641,1
llmsim_p4_r4,A,su9_vj_0641,1
llmsim_p5_r1,A,su9_vj_0641,1
llmsim_p5_r2,A,su9_vj_0641,1
llmsim_p5_r3,A,su9_vj_0641,1
llmsim_p5_r4,A,su9_vj_0641,1
llmsim_p1_r1,C,su9_vj_0660,0
llmsim_p1_r2,C,su9_vj_0660,0
llmsim_p1_r3,C,su9_vj_0660,1
llmsim_p1_r4,C,su9_vj_0660,1
llmsim_p2_r1,C,su9_vj_0660,0
llmsim_p2_r2,C,su9_vj_0660,0
llmsim_p2_r3,C,su9_vj_0660,0
llmsim_p2_r4,C,su9_vj_0660,1
llmsim_p3_r1,C,su9_vj_0660,1
llmsim_p3_r2,C,su9_vj_0660,0
llmsim_p3_r3,C,su9_vj_0660,1
llmsim_p3_r4,C,su9_vj_0660,1
llmsim_p4_r1,C,su9_vj_0660,1
llmsim_p4_r2,C,su9_vj_0660,1
llmsim_p4_r3,C,su9_vj_0660,1
llmsim_p4_r4,C,su9_vj_0660,1
llmsim_p5_r1,C,su9_vj_0660,1
llmsim_p5_r2,C,su9_vj_0660,1
llmsim_p5_r3,C,su9_vj_0660,1
llmsim_p5_r4,C,su9_vj_0660,1
llmsim_p1_r1,C,su9_vj_0676,1
llmsim_p1_r2,C,su9_vj_0676,0
llmsim_p1_r3,C,su9_vj_0676,0
llmsim_p1_r4,C,su9_vj_0676,1
llmsim_p2_r1,C,su9_vj_0676,1
llmsim_p2_r2,C,su9_vj_0676,0
llmsim_p2_r3,C,su9_vj_0676,0
llmsim_p2_r4,C,su9_vj_0676,0
llmsim_p3_r1,C,su9_vj_0676,1
llmsim_p3_r2,C,su9_vj_0676,0
llmsim_p3_r3,C,su9_vj_0676,1
llmsim_p3_r4,C,su9_vj_0676,1
llmsim_p4_r1,C,su9_vj_0676,1
llmsim_p4_r2,C,su9_vj_0676,1
llmsim_p4_r3,C,su9_vj_0676,1
llmsim_p4_r4,C,su9_vj_0676,1
llmsim_p5_r1,C,su9_vj_0676,1
llmsim_p5_r2,C,su9_vj_0676,1
llmsim_p5_r3,C,su9_vj_0676,1
llmsim_p5_r4,C,su9_vj_0676,1
llmsim_p1_r1,A,su9_vj_0758,1
llmsim_p1_r2,A,su9_vj_0758,0
llmsim_p1_r3,A,su9_vj_0758,1
llmsim_p1_r4,A,su9_vj_0758,0
llmsim_p2_r1,A,su9_vj_0758,1
llmsim_p2_r2,A,su9_vj_0758,1
llmsim_p2_r3,A,su9_vj_0758,1
llmsim_p2_r4,A,su9_vj_0758,0
llmsim_p3_r1,A,su9_vj_0758,1
llmsim_p3_r2,A,su9_vj_0758,1
llmsim_p3_r3,A,su9_vj_0758,1
llmsim_p3_r4,A,su9_vj_0758,1
llmsim_p4_r1,A,su9_vj_0758,1
llmsim_p4_r2,A,su9_vj_0758,1
llmsim_p4_r3,A,su9_vj_0758,1
llmsim_p4_r4,A,su9_vj_0758,1
llmsim_p5_r1,A,su9_vj_0758,1
llmsim_p5_r2,A,su9_vj_0758,1
llmsim_p5_r3,A,su9_vj_0758,1
llmsim_p5_r4,A,su9_vj_0758,1
llmsim_p1_r1,B,su9_vj_1276,1
llmsim_p1_r2,B,su9_vj_1276,0
llmsim_p1_r3,B,su9_vj_1276,0
llmsim_p1_r4,B,su9_vj_1276,1
llmsim_p2_r1,B,su9_vj_1276,1
llmsim_p2_r2,B,su9_vj_1276,0
llmsim_p2_r3,B,su9_vj_1276,1
llmsim_p2_r4,B,su9_vj_1276,0
llmsim_p3_r1,B,su9_vj_1276,1
llmsim_p3_r2,B,su9_vj_1276,1
llmsim_p3_r3,B,su9_vj_1276,1
llmsim_p3_r4,B,su9_vj_1276,1
llmsim_p4_r1,B,su9_vj_1276,1
llmsim_p4_r2,B,su9_vj_1276,1
llmsim_p4_r3,B,su9_vj_1276,1
llmsim_p4_r4,B,su9_vj_1276,1
llmsim_p5_r1,B,su9_vj_1276,1
llmsim_p5_r2,B,su9_vj_1276,1
llmsim_p5_r3,B,su9_vj_1276,1
llmsim_p5_r4,B,su9_vj_1276,1
llmsim_p1_r1,C,su9_vj_1703,1
llmsim_p1_r2,C,su9_vj_1703,1
llmsim_p1_r3,C,su9_vj_1703,1
llmsim_p1_r4,C,su9_vj_1703,0
llmsim_p2_r1,C,su9_vj_1703,0
llmsim_p2_r2,C,su9_vj_1703,1
llmsim_p2_r3,C,su9_vj_1703,0
llmsim_p2_r4,C,su9_vj_1703,0
llmsim_p3_r1,C,su9_vj_1703,0
llmsim_p3_r2,C,su9_vj_1703,0
llmsim_p3_r3,C,su9_vj_1703,1
llmsim_p3_r4,C,su9_vj_1703,0
llmsim_p4_r1,C,su9_vj_1703,1
llmsim_p4_r2,C,su9_vj_1703,1
llmsim_p4_r3,C,su9_vj_1703,1
llmsim_p4_r4,C,su9_vj_1703,1
llmsim_p5_r1,C,su9_vj_1703,1
llmsim_p5_r2,C,su9_vj_1703,1
llmsim_p5_r3,C,su9_vj_1703,1
llmsim_p5_r4,C,su9_vj_1703,1
llmsim_p1_r1,A,su9_vj_1749,0
llmsim_p1_r2,A,su9_vj_1749,0
llmsim_p1_r3,A,su9_vj_1749,0
llmsim_p1_r4,A,su9_vj_1749,1
llmsim_p2_r1,A,su9_vj_1749,0
llmsim_p2_r2,A,su9_vj_1749,0
llmsim_p2_r3,A,su9_vj_1749,1
llmsim_p2_r4,A,su9_vj_1749,0
llmsim_p3_r1,A,su9_vj_1749,1
llmsim_p3_r2,A,su9_vj_1749,0
llmsim_p3_r3,A,su9_vj_1749,1
llmsim_p3_r4,A,su9_vj_1749,0
llmsim_p4_r1,A,su9_vj_1749,1
llmsim_p4_r2,A,su9_vj_1749,1
llmsim_p4_r3,A,su9_vj_1749,1
llmsim_p4_r4,A,su9_vj_1749,1
llmsim_p5_r1,A,su9_vj_1749,1
llmsim_p5_r2,A,su9_vj_1749,1
llmsim_p5_r3,A,su9_vj_1749,0
llmsim_p5_r4,A,su9_vj_1749,0
llmsim_p1_r1,A,su9_vj_1767,1
llmsim_p1_r2,A,su9_vj_1767,1
llmsim_p1_r3,A,su9_vj_1767,1
llmsim_p1_r4,A,su9_vj_1767,1
llmsim_p2_r1,A,su9_vj_1767,1
llmsim_p2_r2,A,su9_vj_1767,1
llmsim_p2_r3,A,su9_vj_1767,1
llmsim_p2_r4,A,su9_vj_1767,0
llmsim_p3_r1,A,su9_vj_1767,1
llmsim_p3_r2,A,su9_vj_1767,1
llmsim_p3_r3,A,su9_vj_1767,1
llmsim_p3_r4,A,su9_vj_1767,1
llmsim_p4_r1,A,su9_vj_1767,1
llmsim_p4_r2,A,su9_vj_1767,1
llmsim_p4_r3,A,su9_vj_1767,1
llmsim_p4_r4,A,su9_vj_1767,1
llmsim_p5_r1,A,su9_vj_1767,1
llmsim_p5_r2,A,su9_vj_1767,1
llmsim_p5_r3,A,su9_vj_1767,1
llmsim_p5_r4,A,su9_vj_1767,1
llmsim_p1_r1,C,su9_vj_1771,1
llmsim_p1_r2,C,su9_vj_1771,1
llmsim_p1_r3,C,su9_vj_1771,0
llmsim_p1_r4,C,su9_vj_1771,0
llmsim_p2_r1,C,su9_vj_1771,0
llmsim_p2_r2,C,su9_vj_1771,0
llmsim_p2_r3,C,su9_vj_1771,0
llmsim_p2_r4,C,su9_vj_1771,0
llmsim_p3_r1,C,su9_vj_1771,1
llmsim_p3_r2,C,su9_vj_1771,1
llmsim_p3_r3,C,su9_vj_1771,1
llmsim_p3_r4,C,su9_vj_1771,1
llmsim_p4_r1,C,su9_vj_1771,1
llmsim_p4_r2,C,su9_vj_1771,1
llmsim_p4_r3,C,su9_vj_1771,1
llmsim_p4_r4,C,su9_vj_1771,1
llmsim_p5_r1,C,su9_vj_1771,1
llmsim_p5_r2,C,su9_vj_1771,1
llmsim_p5_r3,C,su9_vj_1771,1
llmsim_p5_r4,C,su9_vj_1771,1
llmsim_p1_r1,B,su9_vj_1780,0
llmsim_p1_r2,B,su9_vj_1780,0
llmsim_p1_r3,B,su9_vj_1780,0
llmsim_p1_r4,B,su9_vj_1780,0
llmsim_p2_r1,B,su9_vj_1780,0
llmsim_p2_r2,B,su9_vj_1780,0
llmsim_p2_r3,B,su9_vj_1780,0
llmsim_p2_r4,B,su9_vj_1780,0
llmsim_p3_r1,B,su9_vj_1780,0
llmsim_p3_r2,B,su9_vj_1780,0
llmsim_p3_r3,B,su9_vj_1780,0
llmsim_p3_r4,B,su9_vj_1780,0
llmsim_p4_r1,B,su9_vj_1780,0
llmsim_p4_r2,B,su9_vj_1780,0
llmsim_p4_r3,B,su9_vj_1780,0
llmsim_p4_r4,B,su9_vj_1780,0
llmsim_p5_r1,B,su9_vj_1780,1
llmsim_p5_r2,B,su9_vj_1780,1
llmsim_p5_r3,B,su9_vj_1780,1
llmsim_p5_r4,B,su9_vj_1780,0
llmsim_p1_r1,C,su9_vj_1821,0
llmsim_p1_r2,C,su9_vj_1821,1
llmsim_p1_r3,C,su9_vj_1821,0
llmsim_p1_r4,C,su9_vj_1821,0
llmsim_p2_r1,C,su9_vj_1821,0
llmsim_p2_r2,C,su9_vj_1821,1
llmsim_p2_r3,C,su9_vj_1821,1
llmsim_p2_r4,C,su9_vj_1821,0
llmsim_p3_r1,C,su9_vj_1821,1
llmsim_p3_r2,C,su9_vj_1821,1
llmsim_p3_r3,C,su9_vj_1821,0
llmsim_p3_r4,C,su9_vj_1821,1
llmsim_p4_r1,C,su9_vj_1821,1
llmsim_p4_r2,C,su9_vj_1821,1
llmsim_p4_r3,C,su9_vj_1821,1
llmsim_p4_r4,C,su9_vj_1821,1
llmsim_p5_r1,C,su9_vj_1821,1
llmsim_p5_r2,C,su9_vj_1821,1
llmsim_p5_r3,C,su9_vj_1821,1
llmsim_p5_r4,C,su9_vj_1821,1
llmsim_p1_r1,A,su9_vj_1823,0
llmsim_p1_r2,A,su9_vj_1823,0
llmsim_p1_r3,A,su9_vj_1823,0
llmsim_p1_r4,A,su9_vj_1823,1
llmsim_p2_r1,A,su9_vj_1823,1
llmsim_p2_r2,A,su9_vj_1823,1
llmsim_p2_r3,A,su9_vj_1823,1
llmsim_p2_r4,A,su9_vj_1823,1
llmsim_p3_r1,A,su9_vj_1823,1
llmsim_p3_r2,A,su9_vj_1823,1
llmsim_p3_r3,A,su9_vj_1823,1
llmsim_p3_r4,A,su9_vj_1823,1
llmsim_p4_r1,A,su9_vj_1823,1
llmsim_p4_r2,A,su9_vj_1823,1
llmsim_p5_r1,A,su9_vj_1823,1
llmsim_p5_r2,A,su9_vj_1823,1
llmsim_p5_r3,A,su9_vj_1823,1
llmsim_p5_r4,A,su9_vj_1823,1
llmsim_p1_r1,A,su9_vj_1832,1
llmsim_p1_r2,A,su9_vj_1832,1
llmsim_p1_r3,A,su9_vj_1832,0
llmsim_p1_r4,A,su9_vj_1832,1
llmsim_p2_r1,A,su9_vj_1832,1
llmsim_p2_r2,A,su9_vj_1832,1
llmsim_p2_r3,A,su9_vj_1832,1
llmsim_p2_r4,A,su9_vj_1832,1
llmsim_p3_r1,A,su9_vj_1832,0
llmsim_p3_r2,A,su9_vj_1832,1
llmsim_p3_r3,A,su9_vj_1832,1
llmsim_p3_r4,A,su9_vj_1832,1
llmsim_p4_r1,A,su9_vj_1832,1
llmsim_p4_r2,A,su9_vj_1832,1
llmsim_p4_r3,A,su9_vj_1832,1
llmsim_p4_r4,A,su9_vj_1832,1
llmsim_p5_r1,A,su9_vj_1832,1
llmsim_p5_r2,A,su9_vj_1832,1
llmsim_p5_r3,A,su9_vj_1832,1
llmsim_p5_r4,A,su9_vj_1832,1
llmsim_p1_r1,A,su9_vj_1838,1
llmsim_p1_r2,A,su9_vj_1838,0
llmsim_p1_r3,A,su9_vj_1838,1
llmsim_p1_r4,A,su9_vj_1838,0
llmsim_p2_r1,A,su9_vj_1838,1
llmsim_p2_r2,A,su9_vj_1838,1
llmsim_p2_r3,A,su9_vj_1838,1
llmsim_p2_r4,A,su9_vj_1838,0
llmsim_p3_r1,A,su9_vj_1838,1
llmsim_p3_r2,A,su9_vj_1838,0
llmsim_p3_r3,A,su9_vj_1838,0
llmsim_p3_r4,A,su9_vj_1838,1
llmsim_p4_r1,A,su9_vj_1838,1
llmsim_p4_r2,A,su9_vj_1838,1
llmsim_p4_r3,A,su9_vj_1838,1
llmsim_p4_r4,A,su9_vj_1838,1
llmsim_p5_r1,A,su9_vj_1838,1
llmsim_p5_r2,A,su9_vj_1838,1
llmsim_p5_r3,A,su9_vj_1838,1
llmsim_p5_r4,A,su9_vj_1838,1
llmsim_p1_r1,A,su9_vj_1857,1
llmsim_p1_r2,A,su9_vj_1857,1
llmsim_p1_r3,A,su9_vj_1857,1
llmsim_p1_r4,A,su9_vj_1857,1
llmsim_p2_r1,A,su9_vj_1857,1
llmsim_p2_r2,A,su9_vj_1857,1
llmsim_p2_r3,A,su9_vj_1857,1
llmsim_p2_r4,A,su9_vj_1857,1
llmsim_p3_r1,A,su9_vj_1857,1
llmsim_p3_r2,A,su9_vj_1857,1
llmsim_p3_r3,A,su9_vj_1857,1
llmsim_p3_r4,A,su9_vj_1857,1
llmsim_p4_r1,A,su9_vj_1857,1
llmsim_p4_r2,A,su9_vj_1857,1
llmsim_p4_r3,A,su9_vj_1857,1
llmsim_p4_r4,A,su9_vj_1857,1
llmsim_p5_r1,A,su9_vj_1857,1
llmsim_p5_r2,A,su9_vj_1857,1
llmsim_p5_r3,A,su9_vj_1857,1
llmsim_p5_r4,A,su9_vj_1857,1
llmsim_p1_r1,C,su9_vj_1874,0
llmsim_p1_r2,C,su9_vj_1874,1
llmsim_p1_r3,C,su9_vj_1874,0
llmsim_p1_r4,C,su9_vj_1874,0
llmsim_p2_r1,C,su9_vj_1874,1
llmsim_p2_r2,C,su9_vj_1874,0
llmsim_p2_r3,C,su9_vj_1874,1
llmsim_p2_r4,C,su9_vj_1874,1
llmsim_p3_r1,C,su9_vj_1874,1
llmsim_p3_r2,C,su9_vj_1874,1
llmsim_p3_r3,C,su9_vj_1874,1
llmsim_p3_r4,C,su9_vj_1874,1
llmsim_p4_r1,C,su9_vj_1874,1
llmsim_p4_r2,C,su9_vj_1874,1
llmsim_p4_r3,C,su9_vj_1874,1
llmsim_p4_r4,C,su9_vj_1874,1
llmsim_p5_r1,C,su9_vj_1874,1
llmsim_p5_r2,C,su9_vj_1874,1
llmsim_p5_r3,C,su9_vj_1874,1
llmsim_p5_r4,C,su9_vj_1874,1
llmsim_p1_r1,A,su9_vj_1958,1
llmsim_p1_r2,A,su9_vj_1958,1
llmsim_p1_r3,A,su9_vj_1958,1
llmsim_p1_r4,A,su9_vj_1958,1
llmsim_p2_r1,A,su9_vj_1958,1
llmsim_p2_r2,A,su9_vj_1958,1
llmsim_p2_r3,A,su9_vj_1958,1
llmsim_p2_r4,A,su9_vj_1958,1
llmsim_p3_r1,A,su9_vj_1958,1
llmsim_p3_r2,A,su9_vj_1958,1
llmsim_p3_r3,A,su9_vj_1958,1
llmsim_p3_r4,A,su9_vj_1958,1
llmsim_p4_r1,A,su9_vj_1958,1
llmsim_p4_r2,A,su9_vj_1958,1
llmsim_p4_r3,A,su9_vj_1958,1
llmsim_p4_r4,A,su9_vj_1958,1
llmsim_p5_r1,A,su9_vj_1958,1
llmsim_p5_r2,A,su9_vj_1958,1
llmsim_p5_r3,A,su9_vj_1958,1
llmsim_p5_r4,A,su9_vj_1958,1
llmsim_p1_r1,C,su9_vj_1963,1
llmsim_p1_r2,C,su9_vj_1963,1
llmsim_p1_r3,C,su9_vj_1963,0
llmsim_p1_r4,C,su9_vj_1963,1
llmsim_p2_r1,C,su9_vj_1963,0
llmsim_p2_r2,C,su9_vj_1963,1
llmsim_p2_r3,C,su9_vj_1963,1
llmsim_p2_r4,C,su9_vj_1963,0
llmsim_p3_r1,C,su9_vj_1963,1
llmsim_p3_r2,C,su9_vj_1963,1
llmsim_p3_r3,C,su9_vj_1963,1
llmsim_p3_r4,C,su9_vj_1963,1
llmsim_p4_r1,C,su9_vj_1963,1
llmsim_p4_r2,C,su9_vj_1963,1
llmsim_p4_r3,C,su9_vj_1963,1
llmsim_p4_r4,C,su9_vj_1963,0
llmsim_p5_r1,C,su9_vj_1963,1
llmsim_p5_r2,C,su9_vj_1963,1
llmsim_p5_r3,C,su9_vj_1963,1
llmsim_p5_r4,C,su9_vj_1963,1
llmsim_p1_r1,A,su9_vj_2102,1
llmsim_p1_r2,A,su9_vj_2102,0
llmsim_p1_r3,A,su9_vj_2102,0
llmsim_p1_r4,A,su9_vj_2102,1
llmsim_p2_r1,A,su9_vj_2102,1
llmsim_p2_r2,A,su9_vj_2102,1
llmsim_p2_r3,A,su9_vj_2102,0
llmsim_p2_r4,A,su9_vj_2102,0
llmsim_p3_r1,A,su9_vj_2102,1
llmsim_p3_r2,A,su9_vj_2102,1
llmsim_p3_r3,A,su9_vj_2102,1
llmsim_p3_r4,A,su9_vj_2102,1
llmsim_p4_r1,A,su9_vj_2102,1
llmsim_p4_r2,A,su9_vj_2102,1
llmsim_p4_r3,A,su9_vj_2102,1
llmsim_p4_r4,A,su9_vj_2102,1
llmsim_p5_r1,A,su9_vj_2102,1
llmsim_p5_r2,A,su9_vj_2102,1
llmsim_p5_r3,A,su9_vj_2102,1
llmsim_p5_r4,A,su9_vj_2102,1
llmsim_p1_r1,C,su9_vj_2139,1
llmsim_p1_r2,C,su9_vj_2139,0
llmsim_p1_r3,C,su9_vj_2139,0
llmsim_p1_r4,C,su9_vj_2139,0
llmsim_p2_r1,C,su9_vj_2139,1
llmsim_p2_r2,C,su9_vj_2139,0
llmsim_p2_r3,C,su9_vj_2139,0
llmsim_p2_r4,C,su9_vj_2139,1
llmsim_p3_r1,C,su9_vj_2139,1
llmsim_p3_r2,C,su9_vj_2139,1
llmsim_p3_r3,C,su9_vj_2139,1
llmsim_p3_r4,C,su9_vj_2139,1
llmsim_p4_r1,C,su9_vj_2139,1
llmsim_p4_r2,C,su9_vj_2139,1
llmsim_p4_r3,C,su9_vj_2139,1
llmsim_p4_r4,C,su9_vj_2139,1
llmsim_p5_r1,C,su9_vj_2139,1
llmsim_p5_r2,C,su9_vj_2139,1
llmsim_p5_r3,C,su9_vj_2139,1
llmsim_p5_r4,C,su9_vj_2139,1
llmsim_p1_r1,A,su9_vj_2152,1
llmsim_p1_r2,A,su9_vj_2152,0
llmsim_p1_r3,A,su9_vj_2152,0
llmsim_p1_r4,A,su9_vj_2152,1
llmsim_p2_r1,A,su9_vj_2152,1
llmsim_p2_r2,A,su9_vj_2152,1
llmsim_p2_r3,A,su9_vj_2152,1
llmsim_p2_r4,A,su9_vj_2152,1
llmsim_p3_r1,A,su9_vj_2152,1
llmsim_p3_r2,A,su9_vj_2152,1
llmsim_p3_r3,A,su9_vj_2152,1
llmsim_p3_r4,A,su9_vj_2152,1
llmsim_p4_r1,A,su9_vj_2152,1
llmsim_p4_r2,A,su9_vj_2152,1
llmsim_p4_r3,A,su9_vj_2152,1
llmsim_p4_r4,A,su9_vj_2152,1
llmsim_p5_r1,A,su9_vj_2152,1
llmsim_p5_r2,A,su9_vj_2152,1
llmsim_p5_r3,A,su9_vj_2152,1
llmsim_p5_r4,A,su9_vj_2152,1
llmsim_p1_r1,C,su9_vj_2175,1
llmsim_p1_r2,C,su9_vj_2175,1
llmsim_p1_r3,C,su9_vj_2175,1
llmsim_p1_r4,C,su9_vj_2175,1
llmsim_p2_r1,C,su9_vj_2175,1
llmsim_p2_r2,C,su9_vj_2175,0
llmsim_p2_r3,C,su9_vj_2175,1
llmsim_p2_r4,C,su9_vj_2175,0
llmsim_p3_r1,C,su9_vj_2175,1
llmsim_p3_r2,C,su9_vj_2175,1
llmsim_p3_r3,C,su9_vj_2175,1
llmsim_p3_r4,C,su9_vj_2175,1
llmsim_p4_r1,C,su9_vj_2175,1
llmsim_p4_r2,C,su9_vj_2175,1
llmsim_p4_r3,C,su9_vj_2175,1
llmsim_p4_r4,C,su9_vj_2175,1
llmsim_p5_r1,C,su9_vj_2175,1
llmsim_p5_r2,C,su9_vj_2175,1
llmsim_p5_r3,C,su9_vj_2175,1
llmsim_p5_r4,C,su9_vj_2175,1
llmsim_p1_r1,B,su9_vj_2196,1
llmsim_p1_r2,B,su9_vj_2196,0
llmsim_p1_r3,B,su9_vj_2196,1
llmsim_p1_r4,B,su9_vj_2196,1
llmsim_p2_r1,B,su9_vj_2196,1
llmsim_p2_r2,B,su9_vj_2196,1
llmsim_p2_r3,B,su9_vj_2196,1
llmsim_p2_r4,B,su9_vj_2196,1
llmsim_p3_r1,B,su9_vj_2196,1
llmsim_p3_r2,B,su9_vj_2196,1
llmsim_p3_r3,B,su9_vj_2196,1
llmsim_p3_r4,B,su9_vj_2196,0
llmsim_p4_r1,B,su9_vj_2196,1
llmsim_p4_r2,B,su9_vj_2196,1
llmsim_p4_r3,B,su9_vj_2196,1
llmsim_p4_r4,B,su9_vj_2196,0
llmsim_p5_r1,B,su9_vj_2196,1
llmsim_p5_r2,B,su9_vj_2196,1
llmsim_p5_r3,B,su9_vj_2196,0
llmsim_p5_r4,B,su9_vj_2196,1
llmsim_p1_r1,C,su9_vj_2237,1
llmsim_p1_r2,C,su9_vj_2237,0
llmsim_p1_r3,C,su9_vj_2237,1
llmsim_p1_r4,C,su9_vj_2237,1
llmsim_p2_r1,C,su9_vj_2237,1
llmsim_p2_r2,C,su9_vj_2237,1
llmsim_p2_r3,C,su9_vj_2237,1
llmsim_p2_r4,C,su9_vj_2237,1
llmsim_p3_r1,C,su9_vj_2237,1
llmsim_p3_r2,C,su9_vj_2237,1
llmsim_p3_r3,C,su9_vj_2237,1
llmsim_p3_r4,C,su9_vj_2237,1
llmsim_p4_r1,C,su9_vj_2237,1
llmsim_p4_r2,C,su9_vj_2237,1
llmsim_p4_r3,C,su9_vj_2237,1
llmsim_p4_r4,C,su9_vj_2237,1
llmsim_p5_r1,C,su9_vj_2237,1
llmsim_p5_r2,C,su9_vj_2237,1
llmsim_p5_r3,C,su9_vj_2237,1
llmsim_p5_r4,C,su9_vj_2237,1
llmsim_p1_r1,B,su9_vj_2246,1
llmsim_p1_r2,B,su9_vj_2246,1
llmsim_p1_r3,B,su9_vj_2246,1
llmsim_p1_r4,B,su9_vj_2246,0
llmsim_p2_r1,B,su9_vj_2246,0
llmsim_p2_r2,B,su9_vj_2246,0
llmsim_p2_r3,B,su9_vj_2246,1
llmsim_p2_r4,B,su9_vj_2246,1
llmsim_p3_r1,B,su9_vj_2246,1
llmsim_p3_r2,B,su9_vj_2246,1
llmsim_p3_r3,B,su9_vj_2246,1
llmsim_p3_r4,B,su9_vj_2246,1
llmsim_p4_r1,B,su9_vj_2246,1
llmsim_p4_r2,B,su9_vj_2246,1
llmsim_p4_r3,B,su9_vj_2246,1
llmsim_p4_r4,B,su9_vj_2246,1
llmsim_p5_r1,B,su9_vj_2246,1
llmsim_p5_r2,B,su9_vj_2246,1
llmsim_p5_r3,B,su9_vj_2246,1
llmsim_p5_r4,B,su9_vj_2246,1
llmsim_p1_r1,A,su9_vj_2250,0
llmsim_p1_r2,A,su9_vj_2250,0
llmsim_p1_r3,A,su9_vj_2250,0
llmsim_p1_r4,A,su9_vj_2250,0
llmsim_p2_r1,A,su9_vj_2250,0
llmsim_p2_r2,A,su9_vj_2250,0
llmsim_p2_r3,A,su9_vj_2250,0
llmsim_p2_r4,A,su9_vj_2250,0
llmsim_p3_r1,A,su9_vj_2250,0
llmsim_p3_r2,A,su9_vj_2250,0
llmsim_p3_r3,A,su9_vj_2250,0
llmsim_p3_r4,A,su9_vj_2250,0
llmsim_p4_r1,A,su9_vj_2250,1
llmsim_p4_r2,A,su9_vj_2250,1
llmsim_p4_r3,A,su9_vj_2250,0
llmsim_p4_r4,A,su9_vj_2250,0
llmsim_p5_r1,A,su9_vj_2250,0
llmsim_p5_r2,A,su9_vj_2250,0
llmsim_p5_r3,A,su9_vj_2250,1
llmsim_p5_r4,A,su9_vj_2250,0
llmsim_p1_r1,C,su9_vj_2253,0
llmsim_p1_r2,C,su9_vj_2253,1
llmsim_p1_r3,C,su9_vj_2253,0
llmsim_p1_r4,C,su9_vj_2253,0
llmsim_p2_r1,C,su9_vj_2253,1
llmsim_p2_r2,C,su9_vj_2253,0
llmsim_p2_r3,C,su9_vj_2253,1
llmsim_p2_r4,C,su9_vj_2253,0
llmsim_p3_r1,C,su9_vj_2253,1
llmsim_p3_r2,C,su9_vj_2253,1
llmsim_p3_r3,C,su9_vj_2253,1
llmsim_p3_r4,C,su9_vj_2253,1
llmsim_p4_r1,C,su9_vj_2253,1
llmsim_p4_r2,C,su9_vj_2253,1
llmsim_p4_r3,C,su9_vj_2253,1
llmsim_p4_r4,C,su9_vj_2253,1
llmsim_p5_r1,C,su9_vj_2253,1
llmsim_p5_r2,C,su9_vj_2253,1
llmsim_p5_r3,C,su9_vj_2253,1
llmsim_p5_r4,C,su9_vj_2253,1
llmsim_p1_r1,A,su9_vj_2322,1
llmsim_p1_r2,A,su9_vj_2322,0
llmsim_p1_r3,A,su9_vj_2322,0
llmsim_p1_r4,A,su9_vj_2322,0
llmsim_p2_r1,A,su9_vj_2322,0
llmsim_p2_r2,A,su9_vj_2322,1
llmsim_p2_r3,A,su9_vj_2322,0
llmsim_p2_r4,A,su9_vj_2322,1
llmsim_p3_r1,A,su9_vj_2322,0
llmsim_p3_r2,A,su9_vj_2322,1
llmsim_p3_r3,A,su9_vj_2322,0
llmsim_p3_r4,A,su9_vj_2322,1
llmsim_p4_r1,A,su9_vj_2322,1
llmsim_p4_r2,A,su9_vj_2322,0
llmsim_p4_r3,A,su9_vj_2322,0
llmsim_p4_r4,A,su9_vj_2322,0
llmsim_p5_r1,A,su9_vj_2322,1
llmsim_p5_r2,A,su9_vj_2322,1
llmsim_p5_r3,A,su9_vj_2322,1
llmsim_p5_r4,A,su9_vj_2322,1
llmsim_p1_r1,A,su9_vj_2356,1
llmsim_p1_r2,A,su9_vj_2356,1
llmsim_p1_r3,A,su9_vj_2356,1
llmsim_p1_r4,A,su9_vj_2356,1
llmsim_p2_r1,A,su9_vj_2356,1
llmsim_p2_r2,A,su9_vj_2356,1
llmsim_p2_r3,A,su9_vj_2356,0
llmsim_p2_r4,A,su9_vj_2356,1
llmsim_p3_r1,A,su9_vj_2356,1
llmsim_p3_r2,A,su9_vj_2356,1
llmsim_p3_r3,A,su9_vj_2356,1
llmsim_p3_r4,A,su9_vj_2356,1
llmsim_p4_r1,A,su9_vj_2356,1
llmsim_p4_r2,A,su9_vj_2356,1
llmsim_p4_r3,A,su9_vj_2356,1
llmsim_p4_r4,A,su9_vj_2356,1
llmsim_p5_r1,A,su9_vj_2356,1
llmsim_p5_r2,A,su9_vj_2356,1
llmsim_p5_r3,A,su9_vj_2356,1
llmsim_p5_r4,A,su9_vj_2356,1
llmsim_p1_r1,B,su9_vj_2385,1
llmsim_p1_r2,B,su9_vj_2385,0
llmsim_p1_r3,B,su9_vj_2385,0
llmsim_p1_r4,B,su9_vj_2385,0
llmsim_p2_r1,B,su9_vj_2385,1
llmsim_p2_r2,B,su9_vj_2385,1
llmsim_p2_r3,B,su9_vj_2385,1
llmsim_p2_r4,B,su9_vj_2385,1
llmsim_p3_r1,B,su9_vj_2385,1
llmsim_p3_r2,B,su9_vj_2385,1
llmsim_p3_r3,B,su9_vj_2385,1
llmsim_p3_r4,B,su9_vj_2385,1
llmsim_p4_r1,B,su9_vj_2385,1
llmsim_p4_r2,B,su9_vj_2385,1
llmsim_p4_r3,B,su9_vj_2385,1
llmsim_p4_r4,B,su9_vj_2385,1
llmsim_p5_r1,B,su9_vj_2385,1
llmsim_p5_r2,B,su9_vj_2385,1
llmsim_p5_r3,B,su9_vj_2385,1
llmsim_p5_r4,B,su9_vj_2385,1
llmsim_p1_r1,A,su9_vj_2396,1
llmsim_p1_r2,A,su9_vj_2396,0
llmsim_p1_r3,A,su9_vj_2396,0
llmsim_p1_r4,A,su9_vj_2396,1
llmsim_p2_r1,A,su9_vj_2396,0
llmsim_p2_r2,A,su9_vj_2396,0
llmsim_p2_r3,A,su9_vj_2396,1
llmsim_p2_r4,A,su9_vj_2396,0
llmsim_p3_r1,A,su9_vj_2396,1
llmsim_p3_r2,A,su9_vj_2396,1
llmsim_p3_r3,A,su9_vj_2396,1
llmsim_p3_r4,A,su9_vj_2396,1
llmsim_p4_r1,A,su9_vj_2396,1
llmsim_p4_r2,A,su9_vj_2396,1
llmsim_p4_r3,A,su9_vj_2396,1
llmsim_p4_r4,A,su9_vj_2396,0
llmsim_p5_r1,A,su9_vj_2396,1
llmsim_p5_r2,A,su9_vj_2396,1
llmsim_p5_r3,A,su9_vj_2396,1
llmsim_p5_r4,A,su9_vj_2396,1
llmsim_p1_r1,C,su9_vj_2408,0
llmsim_p1_r2,C,su9_vj_2408,0
llmsim_p1_r3,C,su9_vj_2408,0
llmsim_p1_r4,C,su9_vj_2408,1
llmsim_p2_r1,C,su9_vj_2408,0
llmsim_p2_r2,C,su9_vj_2408,0
llmsim_p2_r3,C,su9_vj_2408,0
llmsim_p2_r4,C,su9_vj_2408,0
llmsim_p3_r1,C,su9_vj_2408,0
llmsim_p3_r2,C,su9_vj_2408,1
llmsim_p3_r3,C,su9_vj_2408,0
llmsim_p3_r4,C,su9_vj_2408,0
llmsim_p4_r1,C,su9_vj_2408,1
llmsim_p4_r2,C,su9_vj_2408,0
llmsim_p4_r3,C,su9_vj_2408,0
llmsim_p4_r4,C,su9_vj_2408,0
llmsim_p5_r1,C,su9_vj_2408,1
llmsim_p5_r2,C,su9_vj_2408,1
llmsim_p5_r3,C,su9_vj_2408,0
llmsim_p5_r4,C,su9_vj_2408,1
llmsim_p1_r1,C,su9_vj_2505,0
llmsim_p1_r2,C,su9_vj_2505,0
llmsim_p1_r3,C,su9_vj_2505,0
llmsim_p1_r4,C,su9_vj_2505,0
llmsim_p2_r1,C,su9_vj_2505,0
llmsim_p2_r2,C,su9_vj_2505,0
llmsim_p2_r3,C,su9_vj_2505,1
llmsim_p2_r4,C,su9_vj_2505,0
llmsim_p3_r1,C,su9_vj_2505,0
llmsim_p3_r2,C,su9_vj_2505,0
llmsim_p3_r3,C,su9_vj_2505,0
llmsim_p3_r4,C,su9_vj_2505,0
llmsim_p4_r1,C,su9_vj_2505,1
llmsim_p4_r2,C,su9_vj_2505,0
llmsim_p4_r3,C,su9_vj_2505,0
llmsim_p4_r4,C,su9_vj_2505,1
llmsim_p5_r1,C,su9_vj_2505,0
llmsim_p5_r2,C,su9_vj_2505,0
llmsim_p5_r3,C,su9_vj_2505,0
llmsim_p5_r4,C,su9_vj_2505,1
llmsim_p1_r1,B,su9_vj_2531,0
llmsim_p1_r2,B,su9_vj_2531,1
llmsim_p1_r3,B,su9_vj_2531,0
llmsim_p1_r4,B,su9_vj_2531,0
llmsim_p2_r1,B,su9_vj_2531,1
llmsim_p2_r2,B,su9_vj_2531,1
llmsim_p2_r3,B,su9_vj_2531,0
llmsim_p2_r4,B,su9_vj_2531,1
llmsim_p3_r1,B,su9_vj_2531,1
llmsim_p3_r2,B,su9_vj_2531,1
llmsim_p3_r3,B,su9_vj_2531,1
llmsim_p3_r4,B,su9_vj_2531,1
llmsim_p4_r1,B,su9_vj_2531,1
llmsim_p4_r2,B,su9_vj_2531,1
llmsim_p4_r3,B,su9_vj_2531,0
llmsim_p4_r4,B,su9_vj_2531,1
llmsim_p5_r1,B,su9_vj_2531,1
llmsim_p5_r2,B,su9_vj_2531,1
llmsim_p5_r3,B,su9_vj_2531,1
llmsim_p5_r4,B,su9_vj_2531,1
llmsim_p1_r1,A,su9_vj_2535,0
llmsim_p1_r2,A,su9_vj_2535,1
llmsim_p1_r3,A,su9_vj_2535,0
llmsim_p1_r4,A,su9_vj_2535,0
llmsim_p2_r1,A,su9_vj_2535,0
llmsim_p2_r2,A,su9_vj_2535,1
llmsim_p2_r3,A,su9_vj_2535,1
llmsim_p2_r4,A,su9_vj_2535,1
llmsim_p3_r1,A,su9_vj_2535,0
llmsim_p3_r2,A,su9_vj_2535,1
llmsim_p3_r3,A,su9_vj_2535,1
llmsim_p3_r4,A,su9_vj_2535,1
llmsim_p4_r1,A,su9_vj_2535,1
llmsim_p4_r2,A,su9_vj_2535,1
llmsim_p4_r3,A,su9_vj_2535,1
llmsim_p4_r4,A,su9_vj_2535,1
llmsim_p5_r1,A,su9_vj_2535,1
llmsim_p5_r2,A,su9_vj_2535,1
llmsim_p5_r3,A,su9_vj_2535,1
llmsim_p5_r4,A,su9_vj_2535,1
llmsim_p1_r1,C,su9_vj_2540,0
llmsim_p1_r2,C,su9_vj_2540,0
llmsim_p1_r3,C,su9_vj_2540,0
llmsim_p1_r4,C,su9_vj_2540,0
llmsim_p2_r1,C,su9_vj_2540,1
llmsim_p2_r2,C,su9_vj_2540,0
llmsim_p2_r3,C,su9_vj_2540,0
llmsim_p2_r4,C,su9_vj_2540,1
llmsim_p3_r1,C,su9_vj_2540,0
llmsim_p3_r2,C,su9_vj_2540,1
llmsim_p3_r3,C,su9_vj_2540,0
llmsim_p3_r4,C,su9_vj_2540,0
llmsim_p4_r1,C,su9_vj_2540,0
llmsim_p4_r2,C,su9_vj_2540,0
llmsim_p4_r3,C,su9_vj_2540,1
llmsim_p4_r4,C,su9_vj_2540,1
llmsim_p5_r1,C,su9_vj_2540,1
llmsim_p5_r2,C,su9_vj_2540,0
llmsim_p5_r3,C,su9_vj_2540,0
llmsim_p5_r4,C,su9_vj_2540,1
llmsim_p1_r1,A,su9_vj_2549,0
llmsim_p1_r2,A,su9_vj_2549,1
llmsim_p1_r3,A,su9_vj_2549,0
llmsim_p1_r4,A,su9_vj_2549,0
llmsim_p2_r1,A,su9_vj_2549,0
llmsim_p2_r2,A,su9_vj_2549,0
llmsim_p2_r3,A,su9_vj_2549,1
llmsim_p2_r4,A,su9_vj_2549,0
llmsim_p3_r1,A,su9_vj_2549,0
llmsim_p3_r2,A,su9_vj_2549,1
llmsim_p3_r3,A,su9_vj_2549,1
llmsim_p3_r4,A,su9_vj_2549,0
llmsim_p4_r1,A,su9_vj_2549,0
llmsim_p4_r2,A,su9_vj_2549,0
llmsim_p4_r3,A,su9_vj_2549,0
llmsim_p4_r4,A,su9_vj_2549,1
llmsim_p5_r1,A,su9_vj_2549,0
llmsim_p5_r2,A,su9_vj_2549,1
llmsim_p5_r3,A,su9_vj_2549,1
llmsim_p5_r4,A,su9_vj_2549,1
llmsim_p1_r1,C,su9_vj_2598,1
llmsim_p1_r2,C,su9_vj_2598,0
llmsim_p1_r3,C,su9_vj_2598,0
llmsim_p1_r4,C,su9_vj_2598,0
llmsim_p2_r1,C,su9_vj_2598,1
llmsim_p2_r2,C,su9_vj_2598,1
llmsim_p2_r3,C,su9_vj_2598,1
llmsim_p2_r4,C,su9_vj_2598,0
llmsim_p3_r1,C,su9_vj_2598,0
llmsim_p3_r2,C,su9_vj_2598,1
llmsim_p3_r3,C,su9_vj_2598,1
llmsim_p3_r4,C,su9_vj_2598,1
llmsim_p4_r1,C,su9_vj_2598,1
llmsim_p4_r2,C,su9_vj_2598,1
llmsim_p4_r3,C,su9_vj_2598,1
llmsim_p4_r4,C,su9_vj_2598,1
llmsim_p5_r1,C,su9_vj_2598,1
llmsim_p5_r2,C,su9_vj_2598,1
llmsim_p5_r3,C,su9_vj_2598,1
llmsim_p5_r4,C,su9_vj_2598,1
llmsim_p1_r1,B,su9_vj_2621,1
llmsim_p1_r2,B,su9_vj_2621,0
llmsim_p1_r3,B,su9_vj_2621,1
llmsim_p1_r4,B,su9_vj_2621,1
llmsim_p2_r1,B,su9_vj_2621,1
llmsim_p2_r2,B,su9_vj_2621,1
llmsim_p2_r3,B,su9_vj_2621,0
llmsim_p2_r4,B,su9_vj_2621,1
llmsim_p3_r1,B,su9_vj_2621,0
llmsim_p3_r2,B,su9_vj_2621,0
llmsim_p3_r3,B,su9_vj_2621,0
llmsim_p3_r4,B,su9_vj_2621,1
llmsim_p4_r1,B,su9_vj_2621,1
llmsim_p4_r2,B,su9_vj_2621,1
llmsim_p4_r3,B,su9_vj_2621,1
llmsim_p4_r4,B,su9_vj_2621,0
llmsim_p5_r1,B,su9_vj_2621,1
llmsim_p5_r2,B,su9_vj_2621,1
llmsim_p5_r3,B,su9_vj_2621,1
llmsim_p5_r4,B,su9_vj_2621,1
llmsim_p1_r1,B,su9_vj_2651,1
llmsim_p1_r2,B,su9_vj_2651,1
llmsim_p1_r3,B,su9_vj_2651,1
llmsim_p1_r4,B,su9_vj_2651,1
llmsim_p2_r1,B,su9_vj_2651,1
llmsim_p2_r2,B,su9_vj_2651,1
llmsim_p2_r3,B,su9_vj_2651,1
llmsim_p2_r4,B,su9_vj_2651,1
llmsim_p3_r1,B,su9_vj_2651,1
llmsim_p3_r2,B,su9_vj_2651,1
llmsim_p3_r3,B,su9_vj_2651,1
llmsim_p3_r4,B,su9_vj_2651,1
llmsim_p4_r1,B,su9_vj_2651,1
llmsim_p4_r2,B,su9_vj_2651,1
llmsim_p4_r3,B,su9_vj_2651,1
llmsim_p4_r4,B,su9_vj_2651,1
llmsim_p5_r1,B,su9_vj_2651,1
llmsim_p5_r2,B,su9_vj_2651,1
llmsim_p5_r3,B,su9_vj_2651,1
llmsim_p5_r4,B,su9_vj_2651,1
llmsim_p1_r1,A,su9_vj_2714,1
llmsim_p1_r2,A,su9_vj_2714,0
llmsim_p1_r3,A,su9_vj_2714,0
llmsim_p1_r4,A,su9_vj_2714,1
llmsim_p2_r1,A,su9_vj_2714,1
llmsim_p2_r2,A,su9_vj_2714,1
llmsim_p2_r3,A,su9_vj_2714,1
llmsim_p2_r4,A,su9_vj_2714,0
llmsim_p3_r1,A,su9_vj_2714,1
llmsim_p3_r2,A,su9_vj_2714,1
llmsim_p3_r3,A,su9_vj_2714,1
llmsim_p3_r4,A,su9_vj_2714,1
llmsim_p4_r1,A,su9_vj_2714,1
llmsim_p4_r2,A,su9_vj_2714,1
llmsim_p4_r3,A,su9_vj_2714,1
llmsim_p4_r4,A,su9_vj_2714,1
llmsim_p5_r1,A,su9_vj_2714,1
llmsim_p5_r2,A,su9_vj_2714,1
llmsim_p5_r3,A,su9_vj_2714,1
llmsim_p5_r4,A,su9_vj_2714,1
llmsim_p1_r1,B,su9_vj_2784,0
llmsim_p1_r2,B,su9_vj_2784,0
llmsim_p1_r3,B,su9_vj_2784,0
llmsim_p1_r4,B,su9_vj_2784,0
llmsim_p2_r1,B,su9_vj_2784,0
llmsim_p2_r2,B,su9_vj_2784,0
llmsim_p2_r3,B,su9_vj_2784,0
llmsim_p2_r4,B,su9_vj_2784,1
llmsim_p3_r1,B,su9_vj_2784,1
llmsim_p3_r2,B,su9_vj_2784,0
llmsim_p3_r3,B,su9_vj_2784,0
llmsim_p3_r4,B,su9_vj_2784,0
llmsim_p4_r1,B,su9_vj_2784,1
llmsim_p4_r2,B,su9_vj_2784,1
llmsim_p4_r3,B,su9_vj_2784,0
llmsim_p4_r4,B,su9_vj_2784,1
llmsim_p5_r1,B,su9_vj_2784,0
llmsim_p5_r2,B,su9_vj_2784,1
llmsim_p5_r3,B,su9_vj_2784,1
llmsim_p5_r4,B,su9_vj_2784,0
llmsim_p1_r1,B,su9_vj_2827,0
llmsim_p1_r2,B,su9_vj_2827,0
llmsim_p1_r3,B,su9_vj_2827,0
llmsim_p1_r4,B,su9_vj_2827,1
llmsim_p2_r1,B,su9_vj_2827,1
llmsim_p2_r2,B,su9_vj_2827,0
llmsim_p2_r3,B,su9_vj_2827,0
llmsim_p2_r4,B,su9_vj_2827,0
llmsim_p3_r1,B,su9_vj_2827,0
llmsim_p3_r2,B,su9_vj_2827,0
llmsim_p3_r3,B,su9_vj_2827,1
llmsim_p3_r4,B,su9_vj_2827,0
llmsim_p4_r1,B,su9_vj_2827,1
llmsim_p4_r2,B,su9_vj_2827,1
llmsim_p4_r3,B,su9_vj_2827,1
llmsim_p4_r4,B,su9_vj_2827,0
llmsim_p5_r1,B,su9_vj_2827,1
llmsim_p5_r2,B,su9_vj_2827,1
llmsim_p5_r3,B,su9_vj_2827,1
llmsim_p5_r4,B,su9_vj_2827,1
llmsim_p1_r1,B,su9_vj_2838,1
llmsim_p1_r2,B,su9_vj_2838,0
llmsim_p1_r3,B,su9_vj_2838,1
llmsim_p1_r4,B,su9_vj_2838,1
llmsim_p2_r1,B,su9_vj_2838,1
llmsim_p2_r2,B,su9_vj_2838,1
llmsim_p2_r3,B,su9_vj_2838,1
llmsim_p2_r4,B,su9_vj_2838,1
llmsim_p3_r1,B,su9_vj_2838,1
llmsim_p3_r2,B,su9_vj_2838,1
llmsim_p3_r3,B,su9_vj_2838,1
llmsim_p3_r4,B,su9_vj_2838,1
llmsim_p4_r1,B,su9_vj_2838,1
llmsim_p4_r2,B,su9_vj_2838,1
llmsim_p4_r3,B,su9_vj_2838,1
llmsim_p4_r4,B,su9_vj_2838,1
llmsim_p5_r1,B,su9_vj_2838,1
llmsim_p5_r2,B,su9_vj_2838,1
llmsim_p5_r3,B,su9_vj_2838,1
llmsim_p5_r4,B,su9_vj_2838,1
llmsim_p1_r1,B,su9_vj_2857,0
llmsim_p1_r2,B,su9_vj_2857,1
llmsim_p1_r3,B,su9_vj_2857,1
llmsim_p1_r4,B,su9_vj_2857,0
llmsim_p2_r1,B,su9_vj_2857,0
llmsim_p2_r2,B,su9_vj_2857,0
llmsim_p2_r3,B,su9_vj_2857,1
llmsim_p2_r4,B,su9_vj_2857,0
llmsim_p3_r1,B,su9_vj_2857,1
llmsim_p3_r2,B,su9_vj_2857,1
llmsim_p3_r3,B,su9_vj_2857,1
llmsim_p3_r4,B,su9_vj_2857,1
llmsim_p4_r1,B,su9_vj_2857,1
llmsim_p4_r2,B,su9_vj_2857,1
llmsim_p4_r3,B,su9_vj_2857,1
llmsim_p4_r4,B,su9_vj_2857,1
llmsim_p5_r1,B,su9_vj_2857,1
llmsim_p5_r2,B,su9_vj_2857,1
llmsim_p5_r3,B,su9_vj_2857,1
llmsim_p5_r4,B,su9_vj_2857,1
llmsim_p1_r1,C,su9_vj_2859,1
llmsim_p1_r2,C,su9_vj_2859,1
llmsim_p1_r3,C,su9_vj_2859,1
llmsim_p1_r4,C,su9_vj_2859,1
llmsim_p2_r1,C,su9_vj_2859,1
llmsim_p2_r2,C,su9_vj_2859,1
llmsim_p2_r3,C,su9_vj_2859,1
llmsim_p2_r4,C,su9_vj_2859,0
llmsim_p3_r1,C,su9_vj_2859,1
llmsim_p3_r2,C,su9_vj_2859,1
llmsim_p3_r3,C,su9_vj_2859,0
llmsim_p3_r4,C,su9_vj_2859,1
llmsim_p4_r1,C,su9_vj_2859,1
llmsim_p4_r2,C,su9_vj_2859,1
llmsim_p4_r3,C,su9_vj_2859,1
llmsim_p4_r4,C,su9_vj_2859,1
llmsim_p5_r1,C,su9_vj_2859,1
llmsim_p5_r2,C,su9_vj_2859,1
llmsim_p5_r3,C,su9_vj_2859,1
llmsim_p5_r4,C,su9_vj_2859,1
llmsim_p1_r1,B,su9_vj_2913,1
llmsim_p1_r2,B,su9_vj_2913,1
llmsim_p1_r3,B,su9_vj_2913,1
llmsim_p1_r4,B,su9_vj_2913,1
llmsim_p2_r1,B,su9_vj_2913,1
llmsim_p2_r2,B,su9_vj_2913,1
llmsim_p2_r3,B,su9_vj_2913,1
llmsim_p2_r4,B,su9_vj_2913,1
llmsim_p3_r1,B,su9_vj_2913,0
llmsim_p3_r2,B,su9_vj_2913,1
llmsim_p3_r3,B,su9_vj_2913,1
llmsim_p3_r4,B,su9_vj_2913,1
llmsim_p4_r1,B,su9_vj_2913,1
llmsim_p4_r2,B,su9_vj_2913,1
llmsim_p4_r3,B,su9_vj_2913,0
llmsim_p4_r4,B,su9_vj_2913,1
llmsim_p5_r1,B,su9_vj_2913,1
llmsim_p5_r2,B,su9_vj_2913,1
llmsim_p5_r3,B,su9_vj_2913,1
llmsim_p5_r4,B,su9_vj_2913,1
llmsim_p1_r1,A,su9_vj_2924,0
llmsim_p1_r2,A,su9_vj_2924,0
llmsim_p1_r3,A,su9_vj_2924,0
llmsim_p1_r4,A,su9_vj_2924,0
llmsim_p2_r1,A,su9_vj_2924,0
llmsim_p2_r2,A,su9_vj_2924,1
llmsim_p2_r3,A,su9_vj_2924,0
llmsim_p2_r4,A,su9_vj_2924,0
llmsim_p3_r1,A,su9_vj_2924,1
llmsim_p3_r2,A,su9_vj_2924,1
llmsim_p3_r3,A,su9_vj_2924,0
llmsim_p3_r4,A,su9_vj_2924,1
llmsim_p4_r1,A,su9_vj_2924,1
llmsim_p4_r2,A,su9_vj_2924,1
llmsim_p4_r3,A,su9_vj_2924,1
llmsim_p4_r4,A,su9_vj_2924,1
llmsim_p5_r1,A,su9_vj_2924,1
llmsim_p5_r2,A,su9_vj_2924,1
llmsim_p5_r3,A,su9_vj_2924,1
llmsim_p5_r4,A,su9_vj_2924,1
llmsim_p1_r1,A,su9_vj_2926,0
llmsim_p1_r2,A,su9_vj_2926,1
llmsim_p1_r3,A,su9_vj_2926,1
llmsim_p1_r4,A,su9_vj_2926,0
llmsim_p2_r1,A,su9_vj_2926,0
llmsim_p2_r2,A,su9_vj_2926,0
llmsim_p2_r3,A,su9_vj_2926,1
llmsim_p2_r4,A,su9_vj_2926,1
llmsim_p3_r1,A,su9_vj_2926,1
llmsim_p3_r2,A,su9_vj_2926,1
llmsim_p3_r3,A,su9_vj_2926,1
llmsim_p3_r4,A,su9_vj_2926,1
llmsim_p4_r1,A,su9_vj_2926,1
llmsim_p4_r2,A,su9_vj_2926,1
llmsim_p4_r3,A,su9_vj_2926,0
llmsim_p4_r4,A,su9_vj_2926,1
llmsim_p5_r1,A,su9_vj_2926,1
llmsim_p5_r2,A,su9_vj_2926,1
llmsim_p5_r3,A,su9_vj_2926,1
llmsim_p5_r4,A,su9_vj_2926,1
llmsim_p1_r1,C,su9_vj_2933,1
llmsim_p1_r2,C,su9_vj_2933,1
llmsim_p1_r3,C,su9_vj_2933,0
llmsim_p1_r4,C,su9_vj_2933,1
llmsim_p2_r1,C,su9_vj_2933,1
llmsim_p2_r2,C,su9_vj_2933,1
llmsim_p2_r3,C,su9_vj_2933,0
llmsim_p2_r4,C,su9_vj_2933,1
llmsim_p3_r1,C,su9_vj_2933,1
llmsim_p3_r2,C,su9_vj_2933,1
llmsim_p3_r3,C,su9_vj_2933,1
llmsim_p3_r4,C,su9_vj_2933,1
llmsim_p4_r1,C,su9_vj_2933,1
llmsim_p4_r2,C,su9_vj_2933,1
llmsim_p4_r3,C,su9_vj_2933,1
llmsim_p4_r4,C,su9_vj_2933,1
llmsim_p5_r1,C,su9_vj_2933,1
llmsim_p5_r2,C,su9_vj_2933,1
llmsim_p5_r3,C,su9_vj_2933,1
llmsim_p5_r4,C,su9_vj_2933,1
llmsim_p1_r1,A,su9_vj_2935,0
llmsim_p1_r2,A,su9_vj_2935,1
llmsim_p1_r3,A,su9_vj_2935,1
llmsim_p1_r4,A,su9_vj_2935,1
llmsim_p2_r1,A,su9_vj_2935,0
llmsim_p2_r2,A,su9_vj_2935,1
llmsim_p2_r3,A,su9_vj_2935,1
llmsim_p2_r4,A,su9_vj_2935,1
llmsim_p3_r1,A,su9_vj_2935,1
llmsim_p3_r2,A,su9_vj_2935,1
llmsim_p3_r3,A,su9_vj_2935,1
llmsim_p3_r4,A,su9_vj_2935,1
llmsim_p4_r1,A,su9_vj_2935,0
llmsim_p4_r2,A,su9_vj_2935,1
llmsim_p4_r3,A,su9_vj_2935,1
llmsim_p4_r4,A,su9_vj_2935,1
llmsim_p5_r1,A,su9_vj_2935,1
llmsim_p5_r2,A,su9_vj_2935,1
llmsim_p5_r3,A,su9_vj_2935,1
llmsim_p5_r4,A,su9_vj_2935,1
llmsim_p1_r1,B,su9_vj_2963,0
llmsim_p1_r2,B,su9_vj_2963,1
llmsim_p1_r3,B,su9_vj_2963,1
llmsim_p1_r4,B,su9_vj_2963,1
llmsim_p2_r1,B,su9_vj_2963,1
llmsim_p2_r2,B,su9_vj_2963,1
llmsim_p2_r3,B,su9_vj_2963,1
llmsim_p2_r4,B,su9_vj_2963,0
llmsim_p3_r1,B,su9_vj_2963,1
llmsim_p3_r2,B,su9_vj_2963,1
llmsim_p3_r3,B,su9_vj_2963,1
llmsim_p3_r4,B,su9_vj_2963,0
llmsim_p4_r1,B,su9_vj_2963,1
llmsim_p4_r2,B,su9_vj_2963,1
llmsim_p4_r3,B,su9_vj_2963,1
llmsim_p4_r4,B,su9_vj_2963,1
llmsim_p5_r1,B,su9_vj_2963,1
llmsim_p5_r2,B,su9_vj_2963,1
llmsim_p5_r3,B,su9_vj_2963,1
llmsim_p5_r4,B,su9_vj_2963,1
llmsim_p1_r1,C,su9_vj_3025,0
llmsim_p1_r2,C,su9_vj_3025,1
llmsim_p1_r3,C,su9_vj_3025,0
llmsim_p1_r4,C,su9_vj_3025,0
llmsim_p2_r1,C,su9_vj_3025,1
llmsim_p2_r2,C,su9_vj_3025,1
llmsim_p2_r3,C,su9_vj_3025,0
llmsim_p2_r4,C,su9_vj_3025,1
llmsim_p3_r1,C,su9_vj_3025,0
llmsim_p3_r2,C,su9_vj_3025,0
llmsim_p3_r3,C,su9_vj_3025,0
llmsim_p3_r4,C,su9_vj_3025,1
llmsim_p4_r1,C,su9_vj_3025,0
llmsim_p4_r2,C,su9_vj_3025,1
llmsim_p4_r3,C,su9_vj_3025,1
llmsim_p4_r4,C,su9_vj_3025,1
llmsim_p5_r1,C,su9_vj_3025,1
llmsim_p5_r2,C,su9_vj_3025,1
llmsim_p5_r3,C,su9_vj_3025,1
llmsim_p5_r4,C,su9_vj_3025,1
llmsim_p1_r1,A,su9_vj_3052,0
llmsim_p1_r2,A,su9_vj_3052,0
llmsim_p1_r3,A,su9_vj_3052,1
llmsim_p1_r4,A,su9_vj_3052,0
llmsim_p2_r1,A,su9_vj_3052,0
llmsim_p2_r2,A,su9_vj_3052,1
llmsim_p2_r3,A,su9_vj_3052,1
llmsim_p2_r4,A,su9_vj_3052,1
llmsim_p3_r1,A,su9_vj_3052,0
llmsim_p3_r2,A,su9_vj_3052,1
llmsim_p3_r3,A,su9_vj_3052,1
llmsim_p3_r4,A,su9_vj_3052,1
llmsim_p4_r1,A,su9_vj_3052,0
llmsim_p4_r2,A,su9_vj_3052,1
llmsim_p4_r3,A,su9_vj_3052,1
llmsim_p4_r4,A,su9_vj_3052,1
llmsim_p5_r1,A,su9_vj_3052,1
llmsim_p5_r2,A,su9_vj_3052,1
llmsim_p5_r3,A,su9_vj_3052,1
llmsim_p5_r4,A,su9_vj_3052,0
llmsim_p1_r1,A,su9_vj_3082,0
llmsim_p1_r2,A,su9_vj_3082,0
llmsim_p1_r3,A,su9_vj_3082,0
llmsim_p1_r4,A,su9_vj_3082,0
llmsim_p2_r1,A,su9_vj_3082,1
llmsim_p2_r2,A,su9_vj_3082,1
llmsim_p2_r3,A,su9_vj_3082,1
llmsim_p2_r4,A,su9_vj_3082,1
llmsim_p3_r1,A,su9_vj_3082,1
llmsim_p3_r2,A,su9_vj_3082,1
llmsim_p3_r3,A,su9_vj_3082,1
llmsim_p3_r4,A,su9_vj_3082,1
llmsim_p4_r1,A,su9_vj_3082,1
llmsim_p4_r2,A,su9_vj_3082,1
llmsim_p4_r3,A,su9_vj_3082,1
llmsim_p4_r4,A,su9_vj_3082,0
llmsim_p5_r1,A,su9_vj_3082,0
llmsim_p5_r2,A,su9_vj_3082,1
llmsim_p5_r3,A,su9_vj_3082,1
llmsim_p5_r4,A,su9_vj_3082,1
llmsim_p1_r1,C,su9_vj_3121,1
llmsim_p1_r2,C,su9_vj_3121,1
llmsim_p1_r3,C,su9_vj_3121,0
llmsim_p1_r4,C,su9_vj_3121,0
llmsim_p2_r1,C,su9_vj_3121,1
llmsim_p2_r2,C,su9_vj_3121,0
llmsim_p2_r3,C,su9_vj_3121,1
llmsim_p2_r4,C,su9_vj_3121,0
llmsim_p3_r1,C,su9_vj_3121,1
llmsim_p3_r2,C,su9_vj_3121,1
llmsim_p3_r3,C,su9_vj_3121,1
llmsim_p3_r4,C,su9_vj_3121,1
llmsim_p4_r1,C,su9_vj_3121,1
llmsim_p4_r2,C,su9_vj_3121,1
llmsim_p4_r3,C,su9_vj_3121,1
llmsim_p4_r4,C,su9_vj_3121,1
llmsim_p5_r1,C,su9_vj_3121,1
llmsim_p5_r2,C,su9_vj_3121,1
llmsim_p5_r3,C,su9_vj_3121,1
llmsim_p5_r4,C,su9_vj_3121,1
llmsim_p1_r5,A,su9_vj_0003,1
llmsim_p1_r6,A,su9_vj_0003,1
llmsim_p1_r7,A,su9_vj_0003,0
llmsim_p1_r8,A,su9_vj_0003,1
llmsim_p1_r9,A,su9_vj_0003,0
llmsim_p1_r10,A,su9_vj_0003,0
llmsim_p2_r5,A,su9_vj_0003,1
llmsim_p2_r6,A,su9_vj_0003,1
llmsim_p2_r7,A,su9_vj_0003,0
llmsim_p2_r8,A,su9_vj_0003,0
llmsim_p2_r9,A,su9_vj_0003,1
llmsim_p2_r10,A,su9_vj_0003,0
llmsim_p3_r5,A,su9_vj_0003,1
llmsim_p3_r6,A,su9_vj_0003,1
llmsim_p3_r7,A,su9_vj_0003,1
llmsim_p3_r8,A,su9_vj_0003,1
llmsim_p3_r9,A,su9_vj_0003,1
llmsim_p3_r10,A,su9_vj_0003,0
llmsim_p4_r5,A,su9_vj_0003,1
llmsim_p4_r6,A,su9_vj_0003,1
llmsim_p4_r7,A,su9_vj_0003,1
llmsim_p4_r8,A,su9_vj_0003,0
llmsim_p4_r9,A,su9_vj_0003,1
llmsim_p4_r10,A,su9_vj_0003,1
llmsim_p5_r5,A,su9_vj_0003,1
llmsim_p5_r6,A,su9_vj_0003,0
llmsim_p5_r7,A,su9_vj_0003,1
llmsim_p5_r8,A,su9_vj_0003,1
llmsim_p5_r9,A,su9_vj_0003,1
llmsim_p5_r10,A,su9_vj_0003,1
llmsim_p1_r5,A,su9_vj_0016,1
llmsim_p1_r6,A,su9_vj_0016,1
llmsim_p1_r7,A,su9_vj_0016,0
llmsim_p1_r8,A,su9_vj_0016,1
llmsim_p1_r9,A,su9_vj_0016,0
llmsim_p1_r10,A,su9_vj_0016,1
llmsim_p2_r5,A,su9_vj_0016,1
llmsim_p2_r6,A,su9_vj_0016,1
llmsim_p2_r7,A,su9_vj_0016,1
llmsim_p2_r8,A,su9_vj_0016,0
llmsim_p2_r9,A,su9_vj_0016,1
llmsim_p2_r10,A,su9_vj_0016,1
llmsim_p3_r5,A,su9_vj_0016,1
llmsim_p3_r6,A,su9_vj_0016,1
llmsim_p3_r7,A,su9_vj_0016,1
llmsim_p3_r8,A,su9_vj_0016,1
llmsim_p3_r9,A,su9_vj_0016,0
llmsim_p3_r10,A,su9_vj_0016,1
llmsim_p4_r5,A,su9_vj_0016,1
llmsim_p4_r6,A,su9_vj_0016,1
llmsim_p4_r7,A,su9_vj_0016,1
llmsim_p4_r8,A,su9_vj_0016,1
llmsim_p4_r9,A,su9_vj_0016,0
llmsim_p4_r10,A,su9_vj_0016,1
llmsim_p5_r5,A,su9_vj_0016,1
llmsim_p5_r6,A,su9_vj_0016,1
llmsim_p5_r7,A,su9_vj_0016,0
llmsim_p5_r8,A,su9_vj_0016,1
llmsim_p5_r9,A,su9_vj_0016,1
llmsim_p5_r10,A,su9_vj_0016,1
llmsim_p1_r5,B,su9_vj_0031,0
llmsim_p1_r6,B,su9_vj_0031,1
llmsim_p1_r7,B,su9_vj_0031,1
llmsim_p1_r8,B,su9_vj_0031,1
llmsim_p1_r9,B,su9_vj_0031,1
llmsim_p1_r10,B,su9_vj_0031,0
llmsim_p2_r5,B,su9_vj_0031,1
llmsim_p2_r6,B,su9_vj_0031,0
llmsim_p2_r7,B,su9_vj_0031,1
llmsim_p2_r8,B,su9_vj_0031,1
llmsim_p2_r9,B,su9_vj_0031,1
llmsim_p2_r10,B,su9_vj_0031,0
llmsim_p3_r5,B,su9_vj_0031,1
llmsim_p3_r6,B,su9_vj_0031,1
llmsim_p3_r7,B,su9_vj_0031,1
llmsim_p3_r8,B,su9_vj_0031,1
llmsim_p3_r9,B,su9_vj_0031,1
llmsim_p3_r10,B,su9_vj_0031,1
llmsim_p4_r5,B,su9_vj_0031,1
llmsim_p4_r6,B,su9_vj_0031,1
llmsim_p4_r7,B,su9_vj_0031,1
llmsim_p4_r8,B,su9_vj_0031,1
llmsim_p4_r9,B,su9_vj_0031,1
llmsim_p4_r10,B,su9_vj_0031,1
llmsim_p5_r5,B,su9_vj_0031,1
llmsim_p5_r6,B,su9_vj_0031,1
llmsim_p5_r7,B,su9_vj_0031,1
llmsim_p5_r8,B,su9_vj_0031,1
llmsim_p5_r9,B,su9_vj_0031,1
llmsim_p5_r10,B,su9_vj_0031,1
llmsim_p1_r5,C,su9_vj_0039,1
llmsim_p1_r6,C,su9_vj_0039,1
llmsim_p1_r7,C,su9_vj_0039,1
llmsim_p1_r8,C,su9_vj_0039,1
llmsim_p1_r9,C,su9_vj_0039,0
llmsim_p1_r10,C,su9_vj_0039,1
llmsim_p2_r5,C,su9_vj_0039,1
llmsim_p2_r6,C,su9_vj_0039,1
llmsim_p2_r7,C,su9_vj_0039,1
llmsim_p2_r8,C,su9_vj_0039,1
llmsim_p2_r9,C,su9_vj_0039,1
llmsim_p2_r10,C,su9_vj_0039,1
llmsim_p3_r5,C,su9_vj_0039,1
llmsim_p3_r6,C,su9_vj_0039,1
llmsim_p3_r7,C,su9_vj_0039,1
llmsim_p3_r8,C,su9_vj_0039,1
llmsim_p3_r9,C,su9_vj_0039,1
llmsim_p3_r10,C,su9_vj_0039,1
llmsim_p4_r5,C,su9_vj_0039,1
llmsim_p4_r6,C,su9_vj_0039,1
llmsim_p4_r7,C,su9_vj_0039,1
llmsim_p4_r8,C,su9_vj_0039,1
llmsim_p4_r9,C,su9_vj_0039,1
llmsim_p4_r10,C,su9_vj_0039,1
llmsim_p5_r5,C,su9_vj_0039,1
llmsim_p5_r6,C,su9_vj_0039,1
llmsim_p5_r7,C,su9_vj_0039,1
llmsim_p5_r8,C,su9_vj_0039,1
llmsim_p5_r9,C,su9_vj_0039,1
llmsim_p5_r10,C,su9_vj_0039,1
llmsim_p1_r5,C,su9_vj_0045,0
llmsim_p1_r6,C,su9_vj_0045,0
llmsim_p1_r7,C,su9_vj_0045,1
llmsim_p1_r8,C,su9_vj_0045,1
llmsim_p1_r9,C,su9_vj_0045,0
llmsim_p1_r10,C,su9_vj_0045,1
llmsim_p2_r5,C,su9_vj_0045,1
llmsim_p2_r6,C,su9_vj_0045,0
llmsim_p2_r7,C,su9_vj_0045,1
llmsim_p2_r8,C,su9_vj_0045,0
llmsim_p2_r9,C,su9_vj_0045,1
llmsim_p2_r10,C,su9_vj_0045,0
llmsim_p3_r5,C,su9_vj_0045,1
llmsim_p3_r6,C,su9_vj_0045,1
llmsim_p3_r7,C,su9_vj_0045,1
llmsim_p3_r8,C,su9_vj_0045,1
llmsim_p3_r9,C,su9_vj_0045,1
llmsim_p3_r10,C,su9_vj_0045,0
llmsim_p4_r5,C,su9_vj_0045,1
llmsim_p4_r6,C,su9_vj_0045,1
llmsim_p4_r7,C,su9_vj_0045,1
llmsim_p4_r8,C,su9_vj_0045,1
llmsim_p4_r9,C,su9_vj_0045,1
llmsim_p4_r10,C,su9_vj_0045,1
llmsim_p5_r5,C,su9_vj_0045,1
llmsim_p5_r6,C,su9_vj_0045,1
llmsim_p5_r7,C,su9_vj_0045,1
llmsim_p5_r8,C,su9_vj_0045,1
llmsim_p5_r9,C,su9_vj_0045,1
llmsim_p5_r10,C,su9_vj_0045,1
llmsim_p1_r5,A,su9_vj_0054,1
llmsim_p1_r6,A,su9_vj_0054,0
llmsim_p1_r7,A,su9_vj_0054,0
llmsim_p1_r8,A,su9_vj_0054,0
llmsim_p1_r9,A,su9_vj_0054,0
llmsim_p1_r10,A,su9_vj_0054,0
llmsim_p2_r5,A,su9_vj_0054,0
llmsim_p2_r6,A,su9_vj_0054,0
llmsim_p2_r7,A,su9_vj_0054,0
llmsim_p2_r8,A,su9_vj_0054,0
llmsim_p2_r9,A,su9_vj_0054,0
llmsim_p2_r10,A,su9_vj_0054,0
llmsim_p3_r5,A,su9_vj_0054,0
llmsim_p3_r6,A,su9_vj_0054,1
llmsim_p3_r7,A,su9_vj_0054,0
llmsim_p3_r8,A,su9_vj_0054,0
llmsim_p3_r9,A,su9_vj_0054,0
llmsim_p3_r10,A,su9_vj_0054,0
llmsim_p4_r5,A,su9_vj_0054,0
llmsim_p4_r6,A,su9_vj_0054,0
llmsim_p4_r7,A,su9_vj_0054,0
llmsim_p4_r8,A,su9_vj_0054,0
llmsim_p4_r9,A,su9_vj_0054,0
llmsim_p4_r10,A,su9_vj_0054,0
llmsim_p5_r5,A,su9_vj_0054,0
llmsim_p5_r6,A,su9_vj_0054,0
llmsim_p5_r7,A,su9_vj_0054,0
llmsim_p5_r8,A,su9_vj_0054,0
llmsim_p5_r9,A,su9_vj_0054,0
llmsim_p5_r10,A,su9_vj_0054,0
llmsim_p1_r5,A,su9_vj_0063,0
llmsim_p1_r6,A,su9_vj_0063,0
llmsim_p1_r7,A,su9_vj_0063,0
llmsim_p1_r8,A,su9_vj_0063,0
llmsim_p1_r9,A,su9_vj_0063,0
llmsim_p1_r10,A,su9_vj_0063,1
llmsim_p2_r5,A,su9_vj_0063,1
llmsim_p2_r6,A,su9_vj_0063,0
llmsim_p2_r7,A,su9_vj_0063,0
llmsim_p2_r8,A,su9_vj_0063,1
llmsim_p2_r9,A,su9_vj_0063,0
llmsim_p2_r10,A,su9_vj_0063,0
llmsim_p3_r5,A,su9_vj_0063,1
llmsim_p3_r6,A,su9_vj_0063,1
llmsim_p3_r7,A,su9_vj_0063,1
llmsim_p3_r8,A,su9_vj_0063,0
llmsim_p3_r9,A,su9_vj_0063,0
llmsim_p3_r10,A,su9_vj_0063,0
llmsim_p4_r5,A,su9_vj_0063,0
llmsim_p4_r6,A,su9_vj_0063,0
llmsim_p4_r7,A,su9_vj_0063,0
llmsim_p4_r8,A,su9_vj_0063,0
llmsim_p4_r9,A,su9_vj_0063,0
llmsim_p4_r10,A,su9_vj_0063,0
llmsim_p5_r5,A,su9_vj_0063,0
llmsim_p5_r6,A,su9_vj_0063,1
llmsim_p5_r7,A,su9_vj_0063,0
llmsim_p5_r8,A,su9_vj_0063,0
llmsim_p5_r9,A,su9_vj_0063,0
llmsim_p5_r10,A,su9_vj_0063,1
llmsim_p1_r5,B,su9_vj_0083,1
llmsim_p1_r6,B,su9_vj_0083,1
llmsim_p1_r7,B,su9_vj_0083,1
llmsim_p1_r8,B,su9_vj_0083,0
llmsim_p1_r9,B,su9_vj_0083,1
llmsim_p1_r10,B,su9_vj_0083,0
llmsim_p2_r5,B,su9_vj_0083,1
llmsim_p2_r6,B,su9_vj_0083,1
llmsim_p2_r7,B,su9_vj_0083,1
llmsim_p2_r8,B,su9_vj_0083,1
llmsim_p2_r9,B,su9_vj_0083,1
llmsim_p2_r10,B,su9_vj_0083,0
llmsim_p3_r5,B,su9_vj_0083,1
llmsim_p3_r6,B,su9_vj_0083,1
llmsim_p3_r7,B,su9_vj_0083,1
llmsim_p3_r8,B,su9_vj_0083,1
llmsim_p3_r9,B,su9_vj_0083,1
llmsim_p3_r10,B,su9_vj_0083,1
llmsim_p4_r5,B,su9_vj_0083,1
llmsim_p4_r6,B,su9_vj_0083,1
llmsim_p4_r7,B,su9_vj_0083,1
llmsim_p4_r8,B,su9_vj_0083,1
llmsim_p4_r9,B,su9_vj_0083,1
llmsim_p4_r10,B,su9_vj_0083,1
llmsim_p5_r5,B,su9_vj_0083,1
llmsim_p5_r6,B,su9_vj_0083,1
llmsim_p5_r7,B,su9_vj_0083,1
llmsim_p5_r8,B,su9_vj_0083,1
llmsim_p5_r9,B,su9_vj_0083,1
llmsim_p5_r10,B,su9_vj_0083,1
llmsim_p1_r5,B,su9_vj_0093,1
llmsim_p1_r6,B,su9_vj_0093,1
llmsim_p1_r7,B,su9_vj_0093,1
llmsim_p1_r8,B,su9_vj_0093,1
llmsim_p1_r9,B,su9_vj_0093,1
llmsim_p1_r10,B,su9_vj_0093,1
llmsim_p2_r5,B,su9_vj_0093,1
llmsim_p2_r6,B,su9_vj_0093,1
llmsim_p2_r7,B,su9_vj_0093,1
llmsim_p2_r8,B,su9_vj_0093,1
llmsim_p2_r9,B,su9_vj_0093,1
llmsim_p2_r10,B,su9_vj_0093,1
llmsim_p3_r5,B,su9_vj_0093,1
llmsim_p3_r6,B,su9_vj_0093,1
llmsim_p3_r7,B,su9_vj_0093,0
llmsim_p3_r8,B,su9_vj_0093,1
llmsim_p3_r9,B,su9_vj_0093,0
llmsim_p3_r10,B,su9_vj_0093,1
llmsim_p4_r5,B,su9_vj_0093,1
llmsim_p4_r6,B,su9_vj_0093,1
llmsim_p4_r7,B,su9_vj_0093,1
llmsim_p4_r8,B,su9_vj_0093,1
llmsim_p4_r9,B,su9_vj_0093,0
llmsim_p4_r10,B,su9_vj_0093,1
llmsim_p5_r5,B,su9_vj_0093,0
llmsim_p5_r6,B,su9_vj_0093,1
llmsim_p5_r7,B,su9_vj_0093,1
llmsim_p5_r8,B,su9_vj_0093,1
llmsim_p5_r9,B,su9_vj_0093,1
llmsim_p5_r10,B,su9_vj_0093,1
llmsim_p1_r5,A,su9_vj_0097,0
llmsim_p1_r6,A,su9_vj_0097,0
llmsim_p1_r7,A,su9_vj_0097,1
llmsim_p1_r8,A,su9_vj_0097,0
llmsim_p1_r9,A,su9_vj_0097,1
llmsim_p1_r10,A,su9_vj_0097,0
llmsim_p2_r5,A,su9_vj_0097,0
llmsim_p2_r6,A,su9_vj_0097,0
llmsim_p2_r7,A,su9_vj_0097,1
llmsim_p2_r8,A,su9_vj_0097,0
llmsim_p2_r9,A,su9_vj_0097,1
llmsim_p2_r10,A,su9_vj_0097,0
llmsim_p3_r5,A,su9_vj_0097,0
llmsim_p3_r6,A,su9_vj_0097,1
llmsim_p3_r7,A,su9_vj_0097,1
llmsim_p3_r8,A,su9_vj_0097,1
llmsim_p3_r9,A,su9_vj_0097,1
llmsim_p3_r10,A,su9_vj_0097,1
llmsim_p4_r5,A,su9_vj_0097,1
llmsim_p4_r6,A,su9_vj_0097,1
llmsim_p4_r7,A,su9_vj_0097,1
llmsim_p4_r8,A,su9_vj_0097,1
llmsim_p4_r9,A,su9_vj_0097,0
llmsim_p4_r10,A,su9_vj_0097,1
llmsim_p5_r5,A,su9_vj_0097,1
llmsim_p5_r6,A,su9_vj_0097,0
llmsim_p5_r7,A,su9_vj_0097,1
llmsim_p5_r8,A,su9_vj_0097,1
llmsim_p5_r9,A,su9_vj_0097,1
llmsim_p5_r10,A,su9_vj_0097,0
llmsim_p1_r5,A,su9_vj_0114,1
llmsim_p1_r6,A,su9_vj_0114,1
llmsim_p1_r7,A,su9_vj_0114,1
llmsim_p1_r8,A,su9_vj_0114,1
llmsim_p1_r9,A,su9_vj_0114,1
llmsim_p1_r10,A,su9_vj_0114,1
llmsim_p2_r5,A,su9_vj_0114,1
llmsim_p2_r6,A,su9_vj_0114,1
llmsim_p2_r7,A,su9_vj_0114,1
llmsim_p2_r8,A,su9_vj_0114,1
llmsim_p2_r9,A,su9_vj_0114,0
llmsim_p2_r10,A,su9_vj_0114,1
llmsim_p3_r5,A,su9_vj_0114,1
llmsim_p3_r6,A,su9_vj_0114,1
llmsim_p3_r7,A,su9_vj_0114,1
llmsim_p3_r8,A,su9_vj_0114,1
llmsim_p3_r9,A,su9_vj_0114,1
llmsim_p3_r10,A,su9_vj_0114,1
llmsim_p4_r5,A,su9_vj_0114,1
llmsim_p4_r6,A,su9_vj_0114,1
llmsim_p4_r7,A,su9_vj_0114,1
llmsim_p4_r8,A,su9_vj_0114,0
llmsim_p4_r9,A,su9_vj_0114,1
llmsim_p4_r10,A,su9_vj_0114,1
llmsim_p5_r5,A,su9_vj_0114,1
llmsim_p5_r6,A,su9_vj_0114,1
llmsim_p5_r7,A,su9_vj_0114,1
llmsim_p5_r8,A,su9_vj_0114,1
llmsim_p5_r9,A,su9_vj_0114,1
llmsim_p5_r10,A,su9_vj_0114,1
llmsim_p1_r5,B,su9_vj_0143,0
llmsim_p1_r6,B,su9_vj_0143,1
llmsim_p1_r7,B,su9_vj_0143,0
llmsim_p1_r8,B,su9_vj_0143,0
llmsim_p1_r9,B,su9_vj_0143,1
llmsim_p1_r10,B,su9_vj_0143,1
llmsim_p2_r5,B,su9_vj_0143,0
llmsim_p2_r6,B,su9_vj_0143,0
llmsim_p2_r7,B,su9_vj_0143,1
llmsim_p2_r8,B,su9_vj_0143,0
llmsim_p2_r9,B,su9_vj_0143,0
llmsim_p2_r10,B,su9_vj_0143,1
llmsim_p3_r5,B,su9_vj_0143,1
llmsim_p3_r6,B,su9_vj_0143,0
llmsim_p3_r7,B,su9_vj_0143,1
llmsim_p3_r8,B,su9_vj_0143,1
llmsim_p3_r9,B,su9_vj_0143,1
llmsim_p3_r10,B,su9_vj_0143,1
llmsim_p4_r5,B,su9_vj_0143,0
llmsim_p4_r6,B,su9_vj_0143,1
llmsim_p4_r7,B,su9_vj_0143,1
llmsim_p4_r8,B,su9_vj_0143,1
llmsim_p4_r9,B,su9_vj_0143,0
llmsim_p4_r10,B,su9_vj_0143,1
llmsim_p5_r5,B,su9_vj_0143,1
llmsim_p5_r6,B,su9_vj_0143,1
llmsim_p5_r7,B,su9_vj_0143,1
llmsim_p5_r8,B,su9_vj_0143,1
llmsim_p5_r9,B,su9_vj_0143,1
llmsim_p5_r10,B,su9_vj_0143,1
llmsim_p1_r5,B,su9_vj_0149,1
llmsim_p1_r6,B,su9_vj_0149,1
llmsim_p1_r7,B,su9_vj_0149,0
llmsim_p1_r8,B,su9_vj_0149,0
llmsim_p1_r9,B,su9_vj_0149,1
llmsim_p1_r10,B,su9_vj_0149,0
llmsim_p2_r5,B,su9_vj_0149,1
llmsim_p2_r6,B,su9_vj_0149,1
llmsim_p2_r7,B,su9_vj_0149,1
llmsim_p2_r8,B,su9_vj_0149,0
llmsim_p2_r9,B,su9_vj_0149,0
llmsim_p2_r10,B,su9_vj_0149,1
llmsim_p3_r5,B,su9_vj_0149,1
llmsim_p3_r6,B,su9_vj_0149,1
llmsim_p3_r7,B,su9_vj_0149,1
llmsim_p3_r8,B,su9_vj_0149,1
llmsim_p3_r9,B,su9_vj_0149,0
llmsim_p3_r10,B,su9_vj_0149,1
llmsim_p4_r5,B,su9_vj_0149,1
llmsim_p4_r6,B,su9_vj_0149,1
llmsim_p4_r7,B,su9_vj_0149,1
llmsim_p4_r8,B,su9_vj_0149,1
llmsim_p4_r9,B,su9_vj_0149,1
llmsim_p4_r10,B,su9_vj_0149,1
llmsim_p5_r5,B,su9_vj_0149,1
llmsim_p5_r6,B,su9_vj_0149,1
llmsim_p5_r7,B,su9_vj_0149,1
llmsim_p5_r8,B,su9_vj_0149,1
llmsim_p5_r9,B,su9_vj_0149,1
llmsim_p5_r10,B,su9_vj_0149,1
llmsim_p1_r5,C,su9_vj_0151,1
llmsim_p1_r6,C,su9_vj_0151,0
llmsim_p1_r7,C,su9_vj_0151,1
llmsim_p1_r8,C,su9_vj_0151,1
llmsim_p1_r9,C,su9_vj_0151,0
llmsim_p1_r10,C,su9_vj_0151,1
llmsim_p2_r5,C,su9_vj_0151,1
llmsim_p2_r6,C,su9_vj_0151,1
llmsim_p2_r7,C,su9_vj_0151,1
llmsim_p2_r8,C,su9_vj_0151,1
llmsim_p2_r9,C,su9_vj_0151,1
llmsim_p2_r10,C,su9_vj_0151,1
llmsim_p3_r5,C,su9_vj_0151,1
llmsim_p3_r6,C,su9_vj_0151,1
llmsim_p3_r7,C,su9_vj_0151,1
llmsim_p3_r8,C,su9_vj_0151,1
llmsim_p3_r9,C,su9_vj_0151,1
llmsim_p3_r10,C,su9_vj_0151,1
llmsim_p4_r5,C,su9_vj_0151,0
llmsim_p4_r6,C,su9_vj_0151,1
llmsim_p4_r7,C,su9_vj_0151,1
llmsim_p4_r8,C,su9_vj_0151,1
llmsim_p4_r9,C,su9_vj_0151,1
llmsim_p4_r10,C,su9_vj_0151,1
llmsim_p5_r5,C,su9_vj_0151,1
llmsim_p5_r6,C,su9_vj_0151,1
llmsim_p5_r7,C,su9_vj_0151,1
llmsim_p5_r8,C,su9_vj_0151,1
llmsim_p5_r9,C,su9_vj_0151,1
llmsim_p5_r10,C,su9_vj_0151,1
llmsim_p1_r5,A,su9_vj_0154,0
llmsim_p1_r6,A,su9_vj_0154,1
llmsim_p1_r7,A,su9_vj_0154,0
llmsim_p1_r8,A,su9_vj_0154,0
llmsim_p1_r9,A,su9_vj_0154,0
llmsim_p1_r10,A,su9_vj_0154,0
llmsim_p2_r5,A,su9_vj_0154,1
llmsim_p2_r6,A,su9_vj_0154,0
llmsim_p2_r7,A,su9_vj_0154,1
llmsim_p2_r8,A,su9_vj_0154,1
llmsim_p2_r9,A,su9_vj_0154,1
llmsim_p2_r10,A,su9_vj_0154,1
llmsim_p3_r5,A,su9_vj_0154,1
llmsim_p3_r6,A,su9_vj_0154,0
llmsim_p3_r7,A,su9_vj_0154,1
llmsim_p3_r8,A,su9_vj_0154,0
llmsim_p3_r9,A,su9_vj_0154,0
llmsim_p3_r10,A,su9_vj_0154,0
llmsim_p4_r5,A,su9_vj_0154,0
llmsim_p4_r6,A,su9_vj_0154,1
llmsim_p4_r7,A,su9_vj_0154,0
llmsim_p4_r8,A,su9_vj_0154,1
llmsim_p4_r9,A,su9_vj_0154,0
llmsim_p4_r10,A,su9_vj_0154,1
llmsim_p5_r5,A,su9_vj_0154,1
llmsim_p5_r6,A,su9_vj_0154,1
llmsim_p5_r7,A,su9_vj_0154,1
llmsim_p5_r8,A,su9_vj_0154,1
llmsim_p5_r9,A,su9_vj_0154,1
llmsim_p5_r10,A,su9_vj_0154,1
llmsim_p1_r5,B,su9_vj_0206,0
llmsim_p1_r6,B,su9_vj_0206,1
llmsim_p1_r7,B,su9_vj_0206,0
llmsim_p1_r8,B,su9_vj_0206,0
llmsim_p1_r9,B,su9_vj_0206,1
llmsim_p1_r10,B,su9_vj_0206,0
llmsim_p2_r5,B,su9_vj_0206,1
llmsim_p2_r6,B,su9_vj_0206,1
llmsim_p2_r7,B,su9_vj_0206,1
llmsim_p2_r8,B,su9_vj_0206,1
llmsim_p2_r9,B,su9_vj_0206,1
llmsim_p2_r10,B,su9_vj_0206,1
llmsim_p3_r5,B,su9_vj_0206,1
llmsim_p3_r6,B,su9_vj_0206,1
llmsim_p3_r7,B,su9_vj_0206,1
llmsim_p3_r8,B,su9_vj_0206,1
llmsim_p3_r9,B,su9_vj_0206,1
llmsim_p3_r10,B,su9_vj_0206,1
llmsim_p4_r5,B,su9_vj_0206,1
llmsim_p4_r6,B,su9_vj_0206,1
llmsim_p4_r7,B,su9_vj_0206,1
llmsim_p4_r8,B,su9_vj_0206,1
llmsim_p4_r9,B,su9_vj_0206,1
llmsim_p4_r10,B,su9_vj_0206,1
llmsim_p5_r5,B,su9_vj_0206,1
llmsim_p5_r6,B,su9_vj_0206,1
llmsim_p5_r7,B,su9_vj_0206,1
llmsim_p5_r8,B,su9_vj_0206,1
llmsim_p5_r9,B,su9_vj_0206,1
llmsim_p5_r10,B,su9_vj_0206,1
llmsim_p1_r5,C,su9_vj_0242,1
llmsim_p1_r6,C,su9_vj_0242,1
llmsim_p1_r7,C,su9_vj_0242,1
llmsim_p1_r8,C,su9_vj_0242,1
llmsim_p1_r9,C,su9_vj_0242,0
llmsim_p1_r10,C,su9_vj_0242,1
llmsim_p2_r5,C,su9_vj_0242,0
llmsim_p2_r6,C,su9_vj_0242,1
llmsim_p2_r7,C,su9_vj_0242,1
llmsim_p2_r8,C,su9_vj_0242,1
llmsim_p2_r9,C,su9_vj_0242,1
llmsim_p2_r10,C,su9_vj_0242,1
llmsim_p3_r5,C,su9_vj_0242,1
llmsim_p3_r6,C,su9_vj_0242,1
llmsim_p3_r7,C,su9_vj_0242,1
llmsim_p3_r8,C,su9_vj_0242,1
llmsim_p3_r9,C,su9_vj_0242,1
llmsim_p3_r10,C,su9_vj_0242,1
llmsim_p4_r5,C,su9_vj_0242,1
llmsim_p4_r6,C,su9_vj_0242,1
llmsim_p4_r7,C,su9_vj_0242,1
llmsim_p4_r8,C,su9_vj_0242,1
llmsim_p4_r9,C,su9_vj_0242,1
llmsim_p4_r10,C,su9_vj_0242,0
llmsim_p5_r5,C,su9_vj_0242,1
llmsim_p5_r6,C,su9_vj_0242,1
llmsim_p5_r7,C,su9_vj_0242,1
llmsim_p5_r8,C,su9_vj_0242,1
llmsim_p5_r9,C,su9_vj_0242,1
llmsim_p5_r10,C,su9_vj_0242,1
llmsim_p1_r5,A,su9_vj_0265,1
llmsim_p1_r6,A,su9_vj_0265,1
llmsim_p1_r7,A,su9_vj_0265,1
llmsim_p1_r8,A,su9_vj_0265,0
llmsim_p1_r9,A,su9_vj_0265,1
llmsim_p1_r10,A,su9_vj_0265,1
llmsim_p2_r5,A,su9_vj_0265,1
llmsim_p2_r6,A,su9_vj_0265,1
llmsim_p2_r7,A,su9_vj_0265,1
llmsim_p2_r8,A,su9_vj_0265,1
llmsim_p2_r9,A,su9_vj_0265,1
llmsim_p2_r10,A,su9_vj_0265,1
llmsim_p3_r5,A,su9_vj_0265,0
llmsim_p3_r6,A,su9_vj_0265,1
llmsim_p3_r7,A,su9_vj_0265,1
llmsim_p3_r8,A,su9_vj_0265,1
llmsim_p3_r9,A,su9_vj_0265,0
llmsim_p3_r10,A,su9_vj_0265,1
llmsim_p4_r5,A,su9_vj_0265,1
llmsim_p4_r6,A,su9_vj_0265,1
llmsim_p4_r7,A,su9_vj_0265,1
llmsim_p4_r8,A,su9_vj_0265,1
llmsim_p4_r9,A,su9_vj_0265,1
llmsim_p4_r10,A,su9_vj_0265,1
llmsim_p5_r5,A,su9_vj_0265,1
llmsim_p5_r6,A,su9_vj_0265,1
llmsim_p5_r7,A,su9_vj_0265,1
llmsim_p5_r8,A,su9_vj_0265,1
llmsim_p5_r9,A,su9_vj_0265,0
llmsim_p5_r10,A,su9_vj_0265,1
llmsim_p1_r5,C,su9_vj_0274,1
llmsim_p1_r6,C,su9_vj_0274,0
llmsim_p1_r7,C,su9_vj_0274,1
llmsim_p1_r8,C,su9_vj_0274,1
llmsim_p1_r9,C,su9_vj_0274,1
llmsim_p1_r10,C,su9_vj_0274,1
llmsim_p2_r5,C,su9_vj_0274,0
llmsim_p2_r6,C,su9_vj_0274,1
llmsim_p2_r7,C,su9_vj_0274,1
llmsim_p2_r8,C,su9_vj_0274,1
llmsim_p2_r9,C,su9_vj_0274,1
llmsim_p2_r10,C,su9_vj_0274,1
llmsim_p3_r5,C,su9_vj_0274,1
llmsim_p3_r6,C,su9_vj_0274,1
llmsim_p3_r7,C,su9_vj_0274,1
llmsim_p3_r8,C,su9_vj_0274,1
llmsim_p3_r9,C,su9_vj_0274,1
llmsim_p3_r10,C,su9_vj_0274,0
llmsim_p4_r5,C,su9_vj_0274,0
llmsim_p4_r6,C,su9_vj_0274,1
llmsim_p4_r7,C,su9_vj_0274,1
llmsim_p4_r8,C,su9_vj_0274,1
llmsim_p4_r9,C,su9_vj_0274,1
llmsim_p4_r10,C,su9_vj_0274,0
llmsim_p5_r5,C,su9_vj_0274,1
llmsim_p5_r6,C,su9_vj_0274,1
llmsim_p5_r7,C,su9_vj_0274,1
llmsim_p5_r8,C,su9_vj_0274,1
llmsim_p5_r9,C,su9_vj_0274,1
llmsim_p5_r10,C,su9_vj_0274,0
llmsim_p1_r5,A,su9_vj_0292,1
llmsim_p1_r6,A,su9_vj_0292,0
llmsim_p1_r7,A,su9_vj_0292,1
llmsim_p1_r8,A,su9_vj_0292,0
llmsim_p1_r9,A,su9_vj_0292,1
llmsim_p1_r10,A,su9_vj_0292,0
llmsim_p2_r5,A,su9_vj_0292,0
llmsim_p2_r6,A,su9_vj_0292,0
llmsim_p2_r7,A,su9_vj_0292,1
llmsim_p2_r8,A,su9_vj_0292,0
llmsim_p2_r9,A,su9_vj_0292,0
llmsim_p2_r10,A,su9_vj_0292,0
llmsim_p3_r5,A,su9_vj_0292,1
llmsim_p3_r6,A,su9_vj_0292,1
llmsim_p3_r7,A,su9_vj_0292,0
llmsim_p3_r8,A,su9_vj_0292,0
llmsim_p3_r9,A,su9_vj_0292,1
llmsim_p3_r10,A,su9_vj_0292,1
llmsim_p4_r5,A,su9_vj_0292,1
llmsim_p4_r6,A,su9_vj_0292,1
llmsim_p4_r7,A,su9_vj_0292,1
llmsim_p4_r8,A,su9_vj_0292,1
llmsim_p4_r9,A,su9_vj_0292,1
llmsim_p4_r10,A,su9_vj_0292,1
llmsim_p5_r5,A,su9_vj_0292,1
llmsim_p5_r6,A,su9_vj_0292,1
llmsim_p5_r7,A,su9_vj_0292,1
llmsim_p5_r8,A,su9_vj_0292,1
llmsim_p5_r9,A,su9_vj_0292,1
llmsim_p5_r10,A,su9_vj_0292,1
llmsim_p1_r5,C,su9_vj_0311,1
llmsim_p1_r6,C,su9_vj_0311,1
llmsim_p1_r7,C,su9_vj_0311,1
llmsim_p1_r8,C,su9_vj_0311,0
llmsim_p1_r9,C,su9_vj_0311,1
llmsim_p1_r10,C,su9_vj_0311,0
llmsim_p2_r5,C,su9_vj_0311,1
llmsim_p2_r6,C,su9_vj_0311,1
llmsim_p2_r7,C,su9_vj_0311,1
llmsim_p2_r8,C,su9_vj_0311,1
llmsim_p2_r9,C,su9_vj_0311,1
llmsim_p2_r10,C,su9_vj_0311,1
llmsim_p3_r5,C,su9_vj_0311,1
llmsim_p3_r6,C,su9_vj_0311,1
llmsim_p3_r7,C,su9_vj_0311,1
llmsim_p3_r8,C,su9_vj_0311,1
llmsim_p3_r9,C,su9_vj_0311,1
llmsim_p3_r10,C,su9_vj_0311,1
llmsim_p4_r5,C,su9_vj_0311,1
llmsim_p4_r6,C,su9_vj_0311,1
llmsim_p4_r7,C,su9_vj_0311,1
llmsim_p4_r8,C,su9_vj_0311,1
llmsim_p4_r9,C,su9_vj_0311,1
llmsim_p4_r10,C,su9_vj_0311,1
llmsim_p5_r5,C,su9_vj_0311,1
llmsim_p5_r6,C,su9_vj_0311,1
llmsim_p5_r7,C,su9_vj_0311,1
llmsim_p5_r8,C,su9_vj_0311,1
llmsim_p5_r9,C,su9_vj_0311,1
llmsim_p5_r10,C,su9_vj_0311,1
llmsim_p1_r5,C,su9_vj_0328,1
llmsim_p1_r6,C,su9_vj_0328,1
llmsim_p1_r7,C,su9_vj_0328,0
llmsim_p1_r8,C,su9_vj_0328,1
llmsim_p1_r9,C,su9_vj_0328,0
llmsim_p1_r10,C,su9_vj_0328,1
llmsim_p2_r5,C,su9_vj_0328,0
llmsim_p2_r6,C,su9_vj_0328,1
llmsim_p2_r7,C,su9_vj_0328,0
llmsim_p2_r8,C,su9_vj_0328,1
llmsim_p2_r9,C,su9_vj_0328,1
llmsim_p2_r10,C,su9_vj_0328,1
llmsim_p3_r5,C,su9_vj_0328,1
llmsim_p3_r6,C,su9_vj_0328,1
llmsim_p3_r7,C,su9_vj_0328,1
llmsim_p3_r8,C,su9_vj_0328,1
llmsim_p3_r9,C,su9_vj_0328,1
llmsim_p3_r10,C,su9_vj_0328,1
llmsim_p4_r5,C,su9_vj_0328,1
llmsim_p4_r6,C,su9_vj_0328,1
llmsim_p4_r7,C,su9_vj_0328,1
llmsim_p4_r8,C,su9_vj_0328,1
llmsim_p4_r9,C,su9_vj_0328,1
llmsim_p4_r10,C,su9_vj_0328,1
llmsim_p5_r5,C,su9_vj_0328,1
llmsim_p5_r6,C,su9_vj_0328,1
llmsim_p5_r7,C,su9_vj_0328,1
llmsim_p5_r8,C,su9_vj_0328,1
llmsim_p5_r9,C,su9_vj_0328,1
llmsim_p5_r10,C,su9_vj_0328,1
llmsim_p1_r5,B,su9_vj_0348,1
llmsim_p1_r6,B,su9_vj_0348,1
llmsim_p1_r7,B,su9_vj_0348,1
llmsim_p1_r8,B,su9_vj_0348,1
llmsim_p1_r9,B,su9_vj_0348,1
llmsim_p1_r10,B,su9_vj_0348,1
llmsim_p2_r5,B,su9_vj_0348,1
llmsim_p2_r6,B,su9_vj_0348,1
llmsim_p2_r7,B,su9_vj_0348,1
llmsim_p2_r8,B,su9_vj_0348,1
llmsim_p2_r9,B,su9_vj_0348,1
llmsim_p2_r10,B,su9_vj_0348,1
llmsim_p3_r5,B,su9_vj_0348,1
llmsim_p3_r6,B,su9_vj_0348,1
llmsim_p3_r7,B,su9_vj_0348,1
llmsim_p3_r8,B,su9_vj_0348,1
llmsim_p3_r9,B,su9_vj_0348,1
llmsim_p3_r10,B,su9_vj_0348,1
llmsim_p4_r5,B,su9_vj_0348,1
llmsim_p4_r6,B,su9_vj_0348,1
llmsim_p4_r7,B,su9_vj_0348,0
llmsim_p4_r8,B,su9_vj_0348,1
llmsim_p4_r9,B,su9_vj_0348,1
llmsim_p4_r10,B,su9_vj_0348,1
llmsim_p5_r5,B,su9_vj_0348,1
llmsim_p5_r6,B,su9_vj_0348,1
llmsim_p5_r7,B,su9_vj_0348,1
llmsim_p5_r8,B,su9_vj_0348,1
llmsim_p5_r9,B,su9_vj_0348,1
llmsim_p5_r10,B,su9_vj_0348,1
llmsim_p1_r5,C,su9_vj_0354,0
llmsim_p1_r6,C,su9_vj_0354,1
llmsim_p1_r7,C,su9_vj_0354,0
llmsim_p1_r8,C,su9_vj_0354,1
llmsim_p1_r9,C,su9_vj_0354,1
llmsim_p1_r10,C,su9_vj_0354,1
llmsim_p2_r5,C,su9_vj_0354,0
llmsim_p2_r6,C,su9_vj_0354,0
llmsim_p2_r7,C,su9_vj_0354,1
llmsim_p2_r8,C,su9_vj_0354,1
llmsim_p2_r9,C,su9_vj_0354,1
llmsim_p2_r10,C,su9_vj_0354,1
llmsim_p3_r5,C,su9_vj_0354,0
llmsim_p3_r6,C,su9_vj_0354,1
llmsim_p3_r7,C,su9_vj_0354,1
llmsim_p3_r8,C,su9_vj_0354,1
llmsim_p3_r9,C,su9_vj_0354,1
llmsim_p3_r10,C,su9_vj_0354,1
llmsim_p4_r5,C,su9_vj_0354,1
llmsim_p4_r6,C,su9_vj_0354,1
llmsim_p4_r7,C,su9_vj_0354,1
llmsim_p4_r8,C,su9_vj_0354,1
llmsim_p4_r9,C,su9_vj_0354,1
llmsim_p4_r10,C,su9_vj_0354,1
llmsim_p5_r5,C,su9_vj_0354,1
llmsim_p5_r6,C,su9_vj_0354,1
llmsim_p5_r7,C,su9_vj_0354,1
llmsim_p5_r8,C,su9_vj_0354,1
llmsim_p5_r9,C,su9_vj_0354,1
llmsim_p5_r10,C,su9_vj_0354,1
llmsim_p1_r5,B,su9_vj_0355,0
llmsim_p1_r6,B,su9_vj_0355,0
llmsim_p1_r7,B,su9_vj_0355,0
llmsim_p1_r8,B,su9_vj_0355,0
llmsim_p1_r9,B,su9_vj_0355,0
llmsim_p1_r10,B,su9_vj_0355,0
llmsim_p2_r5,B,su9_vj_0355,1
llmsim_p2_r6,B,su9_vj_0355,0
llmsim_p2_r7,B,su9_vj_0355,0
llmsim_p2_r8,B,su9_vj_0355,0
llmsim_p2_r9,B,su9_vj_0355,0
llmsim_p2_r10,B,su9_vj_0355,0
llmsim_p3_r5,B,su9_vj_0355,0
llmsim_p3_r6,B,su9_vj_0355,0
llmsim_p3_r7,B,su9_vj_0355,0
llmsim_p3_r8,B,su9_vj_0355,0
llmsim_p3_r9,B,su9_vj_0355,0
llmsim_p3_r10,B,su9_vj_0355,0
llmsim_p4_r5,B,su9_vj_0355,0
llmsim_p4_r6,B,su9_vj_0355,1
llmsim_p4_r7,B,su9_vj_0355,0
llmsim_p4_r8,B,su9_vj_0355,0
llmsim_p4_r9,B,su9_vj_0355,0
llmsim_p4_r10,B,su9_vj_0355,0
llmsim_p5_r5,B,su9_vj_0355,1
llmsim_p5_r6,B,su9_vj_0355,0
llmsim_p5_r7,B,su9_vj_0355,0
llmsim_p5_r8,B,su9_vj_0355,1
llmsim_p5_r9,B,su9_vj_0355,0
llmsim_p5_r10,B,su9_vj_0355,0
llmsim_p1_r5,B,su9_vj_0358,0
llmsim_p1_r6,B,su9_vj_0358,0
llmsim_p1_r7,B,su9_vj_0358,0
llmsim_p1_r8,B,su9_vj_0358,0
llmsim_p1_r9,B,su9_vj_0358,1
llmsim_p1_r10,B,su9_vj_0358,1
llmsim_p2_r5,B,su9_vj_0358,0
llmsim_p2_r6,B,su9_vj_0358,0
llmsim_p2_r7,B,su9_vj_0358,0
llmsim_p2_r8,B,su9_vj_0358,0
llmsim_p2_r9,B,su9_vj_0358,0
llmsim_p2_r10,B,su9_vj_0358,0
llmsim_p3_r5,B,su9_vj_0358,0
llmsim_p3_r6,B,su9_vj_0358,0
llmsim_p3_r7,B,su9_vj_0358,0
llmsim_p3_r8,B,su9_vj_0358,0
llmsim_p3_r9,B,su9_vj_0358,0
llmsim_p3_r10,B,su9_vj_0358,0
llmsim_p4_r5,B,su9_vj_0358,0
llmsim_p4_r6,B,su9_vj_0358,0
llmsim_p4_r7,B,su9_vj_0358,0
llmsim_p4_r8,B,su9_vj_0358,0
llmsim_p4_r9,B,su9_vj_0358,0
llmsim_p4_r10,B,su9_vj_0358,0
llmsim_p5_r5,B,su9_vj_0358,0
llmsim_p5_r6,B,su9_vj_0358,0
llmsim_p5_r7,B,su9_vj_0358,0
llmsim_p5_r8,B,su9_vj_0358,0
llmsim_p5_r9,B,su9_vj_0358,0
llmsim_p5_r10,B,su9_vj_0358,0
llmsim_p1_r5,A,su9_vj_0365,0
llmsim_p1_r6,A,su9_vj_0365,1
llmsim_p1_r7,A,su9_vj_0365,0
llmsim_p1_r8,A,su9_vj_0365,0
llmsim_p1_r9,A,su9_vj_0365,0
llmsim_p1_r10,A,su9_vj_0365,0
llmsim_p2_r5,A,su9_vj_0365,0
llmsim_p2_r6,A,su9_vj_0365,1
llmsim_p2_r7,A,su9_vj_0365,1
llmsim_p2_r8,A,su9_vj_0365,0
llmsim_p2_r9,A,su9_vj_0365,1
llmsim_p2_r10,A,su9_vj_0365,1
llmsim_p3_r5,A,su9_vj_0365,1
llmsim_p3_r6,A,su9_vj_0365,0
llmsim_p3_r7,A,su9_vj_0365,1
llmsim_p3_r8,A,su9_vj_0365,0
llmsim_p3_r9,A,su9_vj_0365,1
llmsim_p3_r10,A,su9_vj_0365,1
llmsim_p4_r5,A,su9_vj_0365,1
llmsim_p4_r6,A,su9_vj_0365,1
llmsim_p4_r7,A,su9_vj_0365,1
llmsim_p4_r8,A,su9_vj_0365,1
llmsim_p4_r9,A,su9_vj_0365,1
llmsim_p4_r10,A,su9_vj_0365,1
llmsim_p5_r5,A,su9_vj_0365,1
llmsim_p5_r6,A,su9_vj_0365,1
llmsim_p5_r7,A,su9_vj_0365,1
llmsim_p5_r8,A,su9_vj_0365,0
llmsim_p5_r9,A,su9_vj_0365,1
llmsim_p5_r10,A,su9_vj_0365,1
llmsim_p1_r5,B,su9_vj_0407,0
llmsim_p1_r6,B,su9_vj_0407,0
llmsim_p1_r7,B,su9_vj_0407,0
llmsim_p1_r8,B,su9_vj_0407,1
llmsim_p1_r9,B,su9_vj_0407,0
llmsim_p1_r10,B,su9_vj_0407,1
llmsim_p2_r5,B,su9_vj_0407,1
llmsim_p2_r6,B,su9_vj_0407,1
llmsim_p2_r7,B,su9_vj_0407,1
llmsim_p2_r8,B,su9_vj_0407,1
llmsim_p2_r9,B,su9_vj_0407,1
llmsim_p2_r10,B,su9_vj_0407,0
llmsim_p3_r5,B,su9_vj_0407,1
llmsim_p3_r6,B,su9_vj_0407,0
llmsim_p3_r7,B,su9_vj_0407,1
llmsim_p3_r8,B,su9_vj_0407,1
llmsim_p3_r9,B,su9_vj_0407,1
llmsim_p3_r10,B,su9_vj_0407,1
llmsim_p4_r5,B,su9_vj_0407,1
llmsim_p4_r6,B,su9_vj_0407,1
llmsim_p4_r7,B,su9_vj_0407,1
llmsim_p4_r8,B,su9_vj_0407,1
llmsim_p4_r9,B,su9_vj_0407,1
llmsim_p4_r10,B,su9_vj_0407,1
llmsim_p5_r5,B,su9_vj_0407,1
llmsim_p5_r6,B,su9_vj_0407,1
llmsim_p5_r7,B,su9_vj_0407,1
llmsim_p5_r8,B,su9_vj_0407,1
llmsim_p5_r9,B,su9_vj_0407,1
llmsim_p5_r10,B,su9_vj_0407,1
llmsim_p1_r5,A,su9_vj_0415,1
llmsim_p1_r6,A,su9_vj_0415,0
llmsim_p1_r7,A,su9_vj_0415,0
llmsim_p1_r8,A,su9_vj_0415,0
llmsim_p1_r9,A,su9_vj_0415,0
llmsim_p1_r10,A,su9_vj_0415,0
llmsim_p2_r5,A,su9_vj_0415,0
llmsim_p2_r6,A,su9_vj_0415,0
llmsim_p2_r7,A,su9_vj_0415,0
llmsim_p2_r8,A,su9_vj_0415,0
llmsim_p2_r9,A,su9_vj_0415,1
llmsim_p2_r10,A,su9_vj_0415,0
llmsim_p3_r5,A,su9_vj_0415,0
llmsim_p3_r6,A,su9_vj_0415,0
llmsim_p3_r7,A,su9_vj_0415,1
llmsim_p3_r8,A,su9_vj_0415,1
llmsim_p3_r9,A,su9_vj_0415,0
llmsim_p3_r10,A,su9_vj_0415,0
llmsim_p4_r5,A,su9_vj_0415,0
llmsim_p4_r6,A,su9_vj_0415,0
llmsim_p4_r7,A,su9_vj_0415,1
llmsim_p4_r8,A,su9_vj_0415,1
llmsim_p4_r9,A,su9_vj_0415,0
llmsim_p4_r10,A,su9_vj_0415,1
llmsim_p5_r5,A,su9_vj_0415,1
llmsim_p5_r6,A,su9_vj_0415,1
llmsim_p5_r7,A,su9_vj_0415,0
llmsim_p5_r8,A,su9_vj_0415,1
llmsim_p5_r9,A,su9_vj_0415,0
llmsim_p5_r10,A,su9_vj_0415,1
llmsim_p1_r5,C,su9_vj_0427,0
llmsim_p1_r6,C,su9_vj_0427,1
llmsim_p1_r7,C,su9_vj_0427,0
llmsim_p1_r8,C,su9_vj_0427,0
llmsim_p1_r9,C,su9_vj_0427,1
llmsim_p1_r10,C,su9_vj_0427,0
llmsim_p2_r5,C,su9_vj_0427,0
llmsim_p2_r6,C,su9_vj_0427,1
llmsim_p2_r7,C,su9_vj_0427,0
llmsim_p2_r8,C,su9_vj_0427,0
llmsim_p2_r9,C,su9_vj_0427,1
llmsim_p2_r10,C,su9_vj_0427,0
llmsim_p3_r5,C,su9_vj_0427,0
llmsim_p3_r6,C,su9_vj_0427,0
llmsim_p3_r7,C,su9_vj_0427,0
llmsim_p3_r8,C,su9_vj_0427,0
llmsim_p3_r9,C,su9_vj_0427,0
llmsim_p3_r10,C,su9_vj_0427,0
llmsim_p4_r5,C,su9_vj_0427,0
llmsim_p4_r6,C,su9_vj_0427,0
llmsim_p4_r7,C,su9_vj_0427,0
llmsim_p4_r8,C,su9_vj_0427,0
llmsim_p4_r9,C,su9_vj_0427,1
llmsim_p4_r10,C,su9_vj_0427,0
llmsim_p5_r5,C,su9_vj_0427,1
llmsim_p5_r6,C,su9_vj_0427,0
llmsim_p5_r7,C,su9_vj_0427,0
llmsim_p5_r8,C,su9_vj_0427,1
llmsim_p5_r9,C,su9_vj_0427,1
llmsim_p5_r10,C,su9_vj_0427,0
llmsim_p1_r5,B,su9_vj_0434,1
llmsim_p1_r6,B,su9_vj_0434,1
llmsim_p1_r7,B,su9_vj_0434,0
llmsim_p1_r8,B,su9_vj_0434,0
llmsim_p1_r9,B,su9_vj_0434,0
llmsim_p1_r10,B,su9_vj_0434,1
llmsim_p2_r5,B,su9_vj_0434,0
llmsim_p2_r6,B,su9_vj_0434,0
llmsim_p2_r7,B,su9_vj_0434,1
llmsim_p2_r8,B,su9_vj_0434,0
llmsim_p2_r9,B,su9_vj_0434,1
llmsim_p2_r10,B,su9_vj_0434,1
llmsim_p3_r5,B,su9_vj_0434,0
llmsim_p3_r6,B,su9_vj_0434,1
llmsim_p3_r7,B,su9_vj_0434,1
llmsim_p3_r8,B,su9_vj_0434,1
llmsim_p3_r9,B,su9_vj_0434,1
llmsim_p3_r10,B,su9_vj_0434,1
llmsim_p4_r5,B,su9_vj_0434,1
llmsim_p4_r6,B,su9_vj_0434,1
llmsim_p4_r7,B,su9_vj_0434,1
llmsim_p4_r8,B,su9_vj_0434,1
llmsim_p4_r9,B,su9_vj_0434,1
llmsim_p4_r10,B,su9_vj_0434,1
llmsim_p5_r5,B,su9_vj_0434,1
llmsim_p5_r6,B,su9_vj_0434,1
llmsim_p5_r7,B,su9_vj_0434,1
llmsim_p5_r8,B,su9_vj_0434,0
llmsim_p5_r9,B,su9_vj_0434,1
llmsim_p5_r10,B,su9_vj_0434,1
llmsim_p1_r5,B,su9_vj_0448,1
llmsim_p1_r6,B,su9_vj_0448,1
llmsim_p1_r7,B,su9_vj_0448,1
llmsim_p1_r8,B,su9_vj_0448,1
llmsim_p1_r9,B,su9_vj_0448,0
llmsim_p1_r10,B,su9_vj_0448,1
llmsim_p2_r5,B,su9_vj_0448,1
llmsim_p2_r6,B,su9_vj_0448,1
llmsim_p2_r7,B,su9_vj_0448,1
llmsim_p2_r8,B,su9_vj_0448,1
llmsim_p2_r9,B,su9_vj_0448,0
llmsim_p2_r10,B,su9_vj_0448,1
llmsim_p3_r5,B,su9_vj_0448,1
llmsim_p3_r6,B,su9_vj_0448,1
llmsim_p3_r7,B,su9_vj_0448,1
llmsim_p3_r8,B,su9_vj_0448,1
llmsim_p3_r9,B,su9_vj_0448,1
llmsim_p3_r10,B,su9_vj_0448,1
llmsim_p4_r5,B,su9_vj_0448,1
llmsim_p4_r6,B,su9_vj_0448,1
llmsim_p4_r7,B,su9_vj_0448,1
llmsim_p4_r8,B,su9_vj_0448,1
llmsim_p4_r9,B,su9_vj_0448,1
llmsim_p4_r10,B,su9_vj_0448,1
llmsim_p5_r5,B,su9_vj_0448,1
llmsim_p5_r6,B,su9_vj_0448,1
llmsim_p5_r7,B,su9_vj_0448,1
llmsim_p5_r8,B,su9_vj_0448,1
llmsim_p5_r9,B,su9_vj_0448,1
llmsim_p5_r10,B,su9_vj_0448,1
llmsim_p1_r5,A,su9_vj_0449,1
llmsim_p1_r6,A,su9_vj_0449,0
llmsim_p1_r7,A,su9_vj_0449,0
llmsim_p1_r8,A,su9_vj_0449,1
llmsim_p1_r9,A,su9_vj_0449,1
llmsim_p1_r10,A,su9_vj_0449,0
llmsim_p2_r5,A,su9_vj_0449,0
llmsim_p2_r6,A,su9_vj_0449,1
llmsim_p2_r7,A,su9_vj_0449,0
llmsim_p2_r8,A,su9_vj_0449,0
llmsim_p2_r9,A,su9_vj_0449,1
llmsim_p2_r10,A,su9_vj_0449,1
llmsim_p3_r5,A,su9_vj_0449,1
llmsim_p3_r6,A,su9_vj_0449,1
llmsim_p3_r7,A,su9_vj_0449,1
llmsim_p3_r8,A,su9_vj_0449,0
llmsim_p3_r9,A,su9_vj_0449,1
llmsim_p3_r10,A,su9_vj_0449,1
llmsim_p4_r5,A,su9_vj_0449,1
llmsim_p4_r6,A,su9_vj_0449,1
llmsim_p4_r7,A,su9_vj_0449,1
llmsim_p4_r8,A,su9_vj_0449,1
llmsim_p4_r9,A,su9_vj_0449,1
llmsim_p4_r10,A,su9_vj_0449,1
llmsim_p5_r5,A,su9_vj_0449,0
llmsim_p5_r6,A,su9_vj_0449,0
llmsim_p5_r7,A,su9_vj_0449,1
llmsim_p5_r8,A,su9_vj_0449,1
llmsim_p5_r9,A,su9_vj_0449,0
llmsim_p5_r10,A,su9_vj_0449,1
llmsim_p1_r5,B,su9_vj_0451,1
llmsim_p1_r6,B,su9_vj_0451,1
llmsim_p1_r7,B,su9_vj_0451,0
llmsim_p1_r8,B,su9_vj_0451,0
llmsim_p1_r9,B,su9_vj_0451,1
llmsim_p1_r10,B,su9_vj_0451,0
llmsim_p2_r5,B,su9_vj_0451,1
llmsim_p2_r6,B,su9_vj_0451,1
llmsim_p2_r7,B,su9_vj_0451,0
llmsim_p2_r8,B,su9_vj_0451,1
llmsim_p2_r9,B,su9_vj_0451,0
llmsim_p2_r10,B,su9_vj_0451,0
llmsim_p3_r5,B,su9_vj_0451,1
llmsim_p3_r6,B,su9_vj_0451,1
llmsim_p3_r7,B,su9_vj_0451,1
llmsim_p3_r8,B,su9_vj_0451,1
llmsim_p3_r9,B,su9_vj_0451,0
llmsim_p3_r10,B,su9_vj_0451,1
llmsim_p4_r5,B,su9_vj_0451,1
llmsim_p4_r6,B,su9_vj_0451,1
llmsim_p4_r7,B,su9_vj_0451,1
llmsim_p4_r8,B,su9_vj_0451,0
llmsim_p4_r9,B,su9_vj_0451,0
llmsim_p4_r10,B,su9_vj_0451,1
llmsim_p5_r5,B,su9_vj_0451,1
llmsim_p5_r6,B,su9_vj_0451,1
llmsim_p5_r7,B,su9_vj_0451,1
llmsim_p5_r8,B,su9_vj_0451,1
llmsim_p5_r9,B,su9_vj_0451,1
llmsim_p5_r10,B,su9_vj_0451,0
llmsim_p1_r5,A,su9_vj_0464,1
llmsim_p1_r6,A,su9_vj_0464,0
llmsim_p1_r7,A,su9_vj_0464,0
llmsim_p1_r8,A,su9_vj_0464,1
llmsim_p1_r9,A,su9_vj_0464,0
llmsim_p1_r10,A,su9_vj_0464,1
llmsim_p2_r5,A,su9_vj_0464,1
llmsim_p2_r6,A,su9_vj_0464,1
llmsim_p2_r7,A,su9_vj_0464,0
llmsim_p2_r8,A,su9_vj_0464,0
llmsim_p2_r9,A,su9_vj_0464,1
llmsim_p2_r10,A,su9_vj_0464,1
llmsim_p3_r5,A,su9_vj_0464,1
llmsim_p3_r6,A,su9_vj_0464,1
llmsim_p3_r7,A,su9_vj_0464,1
llmsim_p3_r8,A,su9_vj_0464,1
llmsim_p3_r9,A,su9_vj_0464,1
llmsim_p3_r10,A,su9_vj_0464,1
llmsim_p4_r5,A,su9_vj_0464,1
llmsim_p4_r6,A,su9_vj_0464,1
llmsim_p4_r7,A,su9_vj_0464,1
llmsim_p4_r8,A,su9_vj_0464,1
llmsim_p4_r9,A,su9_vj_0464,1
llmsim_p4_r10,A,su9_vj_0464,1
llmsim_p5_r5,A,su9_vj_0464,1
llmsim_p5_r6,A,su9_vj_0464,1
llmsim_p5_r7,A,su9_vj_0464,1
llmsim_p5_r8,A,su9_vj_0464,1
llmsim_p5_r9,A,su9_vj_0464,1
llmsim_p5_r10,A,su9_vj_0464,1
llmsim_p1_r5,C,su9_vj_0477,1
llmsim_p1_r6,C,su9_vj_0477,0
llmsim_p1_r7,C,su9_vj_0477,1
llmsim_p1_r8,C,su9_vj_0477,1
llmsim_p1_r9,C,su9_vj_0477,1
llmsim_p1_r10,C,su9_vj_0477,1
llmsim_p2_r5,C,su9_vj_0477,1
llmsim_p2_r6,C,su9_vj_0477,1
llmsim_p2_r7,C,su9_vj_0477,1
llmsim_p2_r8,C,su9_vj_0477,0
llmsim_p2_r9,C,su9_vj_0477,1
llmsim_p2_r10,C,su9_vj_0477,1
llmsim_p3_r5,C,su9_vj_0477,1
llmsim_p3_r6,C,su9_vj_0477,1
llmsim_p3_r7,C,su9_vj_0477,1
llmsim_p3_r8,C,su9_vj_0477,1
llmsim_p3_r9,C,su9_vj_0477,1
llmsim_p3_r10,C,su9_vj_0477,1
llmsim_p4_r5,C,su9_vj_0477,1
llmsim_p4_r6,C,su9_vj_0477,1
llmsim_p4_r7,C,su9_vj_0477,1
llmsim_p4_r8,C,su9_vj_0477,1
llmsim_p4_r9,C,su9_vj_0477,1
llmsim_p4_r10,C,su9_vj_0477,1
llmsim_p5_r5,C,su9_vj_0477,1
llmsim_p5_r6,C,su9_vj_0477,1
llmsim_p5_r7,C,su9_vj_0477,1
llmsim_p5_r8,C,su9_vj_0477,1
llmsim_p5_r9,C,su9_vj_0477,1
llmsim_p5_r10,C,su9_vj_0477,1
llmsim_p1_r5,A,su9_vj_0487,1
llmsim_p1_r6,A,su9_vj_0487,1
llmsim_p1_r7,A,su9_vj_0487,1
llmsim_p1_r8,A,su9_vj_0487,1
llmsim_p1_r9,A,su9_vj_0487,1
llmsim_p1_r10,A,su9_vj_0487,1
llmsim_p2_r5,A,su9_vj_0487,1
llmsim_p2_r6,A,su9_vj_0487,1
llmsim_p2_r7,A,su9_vj_0487,1
llmsim_p2_r8,A,su9_vj_0487,1
llmsim_p2_r9,A,su9_vj_0487,1
llmsim_p2_r10,A,su9_vj_0487,1
llmsim_p3_r5,A,su9_vj_0487,1
llmsim_p3_r6,A,su9_vj_0487,1
llmsim_p3_r7,A,su9_vj_0487,1
llmsim_p3_r8,A,su9_vj_0487,1
llmsim_p3_r9,A,su9_vj_0487,1
llmsim_p3_r10,A,su9_vj_0487,1
llmsim_p4_r5,A,su9_vj_0487,1
llmsim_p4_r6,A,su9_vj_0487,1
llmsim_p4_r7,A,su9_vj_0487,1
llmsim_p4_r8,A,su9_vj_0487,1
llmsim_p4_r9,A,su9_vj_0487,1
llmsim_p4_r10,A,su9_vj_0487,1
llmsim_p5_r5,A,su9_vj_0487,1
llmsim_p5_r6,A,su9_vj_0487,1
llmsim_p5_r7,A,su9_vj_0487,1
llmsim_p5_r8,A,su9_vj_0487,1
llmsim_p5_r9,A,su9_vj_0487,1
llmsim_p5_r10,A,su9_vj_0487,1
llmsim_p1_r5,C,su9_vj_0521,1
llmsim_p1_r6,C,su9_vj_0521,1
llmsim_p1_r7,C,su9_vj_0521,0
llmsim_p1_r8,C,su9_vj_0521,1
llmsim_p1_r9,C,su9_vj_0521,1
llmsim_p1_r10,C,su9_vj_0521,1
llmsim_p2_r5,C,su9_vj_0521,1
llmsim_p2_r6,C,su9_vj_0521,0
llmsim_p2_r7,C,su9_vj_0521,0
llmsim_p2_r8,C,su9_vj_0521,1
llmsim_p2_r9,C,su9_vj_0521,1
llmsim_p2_r10,C,su9_vj_0521,1
llmsim_p3_r5,C,su9_vj_0521,1
llmsim_p3_r6,C,su9_vj_0521,1
llmsim_p3_r7,C,su9_vj_0521,1
llmsim_p3_r8,C,su9_vj_0521,0
llmsim_p3_r9,C,su9_vj_0521,1
llmsim_p3_r10,C,su9_vj_0521,1
llmsim_p4_r5,C,su9_vj_0521,1
llmsim_p4_r6,C,su9_vj_0521,1
llmsim_p4_r7,C,su9_vj_0521,1
llmsim_p4_r8,C,su9_vj_0521,1
llmsim_p4_r9,C,su9_vj_0521,1
llmsim_p4_r10,C,su9_vj_0521,0
llmsim_p5_r5,C,su9_vj_0521,0
llmsim_p5_r6,C,su9_vj_0521,1
llmsim_p5_r7,C,su9_vj_0521,0
llmsim_p5_r8,C,su9_vj_0521,1
llmsim_p5_r9,C,su9_vj_0521,0
llmsim_p5_r10,C,su9_vj_0521,0
llmsim_p1_r5,B,su9_vj_0525,0
llmsim_p1_r6,B,su9_vj_0525,0
llmsim_p1_r7,B,su9_vj_0525,1
llmsim_p1_r8,B,su9_vj_0525,0
llmsim_p1_r9,B,su9_vj_0525,1
llmsim_p1_r10,B,su9_vj_0525,0
llmsim_p2_r5,B,su9_vj_0525,1
llmsim_p2_r6,B,su9_vj_0525,0
llmsim_p2_r7,B,su9_vj_0525,0
llmsim_p2_r8,B,su9_vj_0525,0
llmsim_p2_r9,B,su9_vj_0525,0
llmsim_p2_r10,B,su9_vj_0525,0
llmsim_p3_r5,B,su9_vj_0525,1
llmsim_p3_r6,B,su9_vj_0525,1
llmsim_p3_r7,B,su9_vj_0525,1
llmsim_p3_r8,B,su9_vj_0525,0
llmsim_p3_r9,B,su9_vj_0525,1
llmsim_p3_r10,B,su9_vj_0525,1
llmsim_p4_r5,B,su9_vj_0525,1
llmsim_p4_r6,B,su9_vj_0525,1
llmsim_p4_r7,B,su9_vj_0525,1
llmsim_p4_r8,B,su9_vj_0525,1
llmsim_p4_r9,B,su9_vj_0525,1
llmsim_p4_r10,B,su9_vj_0525,1
llmsim_p5_r5,B,su9_vj_0525,1
llmsim_p5_r6,B,su9_vj_0525,1
llmsim_p5_r7,B,su9_vj_0525,1
llmsim_p5_r8,B,su9_vj_0525,1
llmsim_p5_r9,B,su9_vj_0525,1
llmsim_p5_r10,B,su9_vj_0525,1
llmsim_p1_r5,B,su9_vj_0552,0
llmsim_p1_r6,B,su9_vj_0552,1
llmsim_p1_r7,B,su9_vj_0552,0
llmsim_p1_r8,B,su9_vj_0552,0
llmsim_p1_r9,B,su9_vj_0552,0
llmsim_p1_r10,B,su9_vj_0552,0
llmsim_p2_r5,B,su9_vj_0552,0
llmsim_p2_r6,B,su9_vj_0552,0
llmsim_p2_r7,B,su9_vj_0552,0
llmsim_p2_r8,B,su9_vj_0552,1
llmsim_p2_r9,B,su9_vj_0552,0
llmsim_p2_r10,B,su9_vj_0552,0
llmsim_p3_r5,B,su9_vj_0552,1
llmsim_p3_r6,B,su9_vj_0552,0
llmsim_p3_r7,B,su9_vj_0552,0
llmsim_p3_r8,B,su9_vj_0552,1
llmsim_p3_r9,B,su9_vj_0552,1
llmsim_p3_r10,B,su9_vj_0552,1
llmsim_p4_r5,B,su9_vj_0552,1
llmsim_p4_r6,B,su9_vj_0552,1
llmsim_p4_r7,B,su9_vj_0552,1
llmsim_p4_r8,B,su9_vj_0552,1
llmsim_p4_r9,B,su9_vj_0552,1
llmsim_p4_r10,B,su9_vj_0552,1
llmsim_p5_r5,B,su9_vj_0552,1
llmsim_p5_r6,B,su9_vj_0552,1
llmsim_p5_r7,B,su9_vj_0552,1
llmsim_p5_r8,B,su9_vj_0552,1
llmsim_p5_r9,B,su9_vj_0552,0
llmsim_p5_r10,B,su9_vj_0552,1
llmsim_p1_r5,A,su9_vj_0563,1
llmsim_p1_r6,A,su9_vj_0563,1
llmsim_p1_r7,A,su9_vj_0563,1
llmsim_p1_r8,A,su9_vj_0563,1
llmsim_p1_r9,A,su9_vj_0563,1
llmsim_p1_r10,A,su9_vj_0563,1
llmsim_p2_r5,A,su9_vj_0563,1
llmsim_p2_r6,A,su9_vj_0563,1
llmsim_p2_r7,A,su9_vj_0563,1
llmsim_p2_r8,A,su9_vj_0563,1
llmsim_p2_r9,A,su9_vj_0563,1
llmsim_p2_r10,A,su9_vj_0563,1
llmsim_p3_r5,A,su9_vj_0563,1
llmsim_p3_r6,A,su9_vj_0563,1
llmsim_p3_r7,A,su9_vj_0563,1
llmsim_p3_r8,A,su9_vj_0563,1
llmsim_p3_r9,A,su9_vj_0563,0
llmsim_p3_r10,A,su9_vj_0563,1
llmsim_p4_r5,A,su9_vj_0563,1
llmsim_p4_r6,A,su9_vj_0563,1
llmsim_p4_r7,A,su9_vj_0563,1
llmsim_p4_r8,A,su9_vj_0563,1
llmsim_p4_r9,A,su9_vj_0563,1
llmsim_p4_r10,A,su9_vj_0563,1
llmsim_p5_r5,A,su9_vj_0563,1
llmsim_p5_r6,A,su9_vj_0563,1
llmsim_p5_r7,A,su9_vj_0563,1
llmsim_p5_r8,A,su9_vj_0563,1
llmsim_p5_r9,A,su9_vj_0563,1
llmsim_p5_r10,A,su9_vj_0563,1
llmsim_p1_r5,B,su9_vj_0589,1
llmsim_p1_r6,B,su9_vj_0589,1
llmsim_p1_r7,B,su9_vj_0589,1
llmsim_p1_r8,B,su9_vj_0589,0
llmsim_p1_r9,B,su9_vj_0589,1
llmsim_p1_r10,B,su9_vj_0589,1
llmsim_p2_r5,B,su9_vj_0589,1
llmsim_p2_r6,B,su9_vj_0589,1
llmsim_p2_r7,B,su9_vj_0589,1
llmsim_p2_r8,B,su9_vj_0589,0
llmsim_p2_r9,B,su9_vj_0589,0
llmsim_p2_r10,B,su9_vj_0589,0
llmsim_p3_r5,B,su9_vj_0589,1
llmsim_p3_r6,B,su9_vj_0589,1
llmsim_p3_r7,B,su9_vj_0589,1
llmsim_p3_r8,B,su9_vj_0589,1
llmsim_p3_r9,B,su9_vj_0589,1
llmsim_p3_r10,B,su9_vj_0589,1
llmsim_p4_r5,B,su9_vj_0589,1
llmsim_p4_r6,B,su9_vj_0589,0
llmsim_p4_r7,B,su9_vj_0589,1
llmsim_p4_r8,B,su9_vj_0589,1
llmsim_p4_r9,B,su9_vj_0589,1
llmsim_p4_r10,B,su9_vj_0589,1
llmsim_p5_r5,B,su9_vj_0589,1
llmsim_p5_r6,B,su9_vj_0589,1
llmsim_p5_r7,B,su9_vj_0589,0
llmsim_p5_r8,B,su9_vj_0589,1
llmsim_p5_r9,B,su9_vj_0589,0
llmsim_p5_r10,B,su9_vj_0589,1
llmsim_p1_r5,A,su9_vj_0629,0
llmsim_p1_r6,A,su9_vj_0629,0
llmsim_p1_r7,A,su9_vj_0629,0
llmsim_p1_r8,A,su9_vj_0629,0
llmsim_p1_r9,A,su9_vj_0629,0
llmsim_p1_r10,A,su9_vj_0629,0
llmsim_p2_r5,A,su9_vj_0629,0
llmsim_p2_r6,A,su9_vj_0629,0
llmsim_p2_r7,A,su9_vj_0629,0
llmsim_p2_r8,A,su9_vj_0629,0
llmsim_p2_r9,A,su9_vj_0629,0
llmsim_p2_r10,A,su9_vj_0629,0
llmsim_p3_r5,A,su9_vj_0629,0
llmsim_p3_r6,A,su9_vj_0629,0
llmsim_p3_r7,A,su9_vj_0629,0
llmsim_p3_r8,A,su9_vj_0629,0
llmsim_p3_r9,A,su9_vj_0629,0
llmsim_p3_r10,A,su9_vj_0629,0
llmsim_p4_r5,A,su9_vj_0629,0
llmsim_p4_r6,A,su9_vj_0629,1
llmsim_p4_r7,A,su9_vj_0629,0
llmsim_p4_r8,A,su9_vj_0629,1
llmsim_p4_r9,A,su9_vj_0629,0
llmsim_p4_r10,A,su9_vj_0629,0
llmsim_p5_r5,A,su9_vj_0629,1
llmsim_p5_r6,A,su9_vj_0629,0
llmsim_p5_r7,A,su9_vj_0629,1
llmsim_p5_r8,A,su9_vj_0629,0
llmsim_p5_r9,A,su9_vj_0629,1
llmsim_p5_r10,A,su9_vj_0629,1
llmsim_p1_r5,A,su9_vj_0637,1
llmsim_p1_r6,A,su9_vj_0637,1
llmsim_p1_r7,A,su9_vj_0637,1
llmsim_p1_r8,A,su9_vj_0637,0
llmsim_p1_r9,A,su9_vj_0637,0
llmsim_p1_r10,A,su9_vj_0637,0
llmsim_p2_r5,A,su9_vj_0637,0
llmsim_p2_r6,A,su9_vj_0637,1
llmsim_p2_r7,A,su9_vj_0637,1
llmsim_p2_r8,A,su9_vj_0637,1
llmsim_p2_r9,A,su9_vj_0637,1
llmsim_p2_r10,A,su9_vj_0637,1
llmsim_p3_r5,A,su9_vj_0637,1
llmsim_p3_r6,A,su9_vj_0637,1
llmsim_p3_r7,A,su9_vj_0637,1
llmsim_p3_r8,A,su9_vj_0637,1
llmsim_p3_r9,A,su9_vj_0637,1
llmsim_p3_r10,A,su9_vj_0637,1
llmsim_p4_r5,A,su9_vj_0637,1
llmsim_p4_r6,A,su9_vj_0637,1
llmsim_p4_r7,A,su9_vj_0637,1
llmsim_p4_r8,A,su9_vj_0637,1
llmsim_p4_r9,A,su9_vj_0637,1
llmsim_p4_r10,A,su9_vj_0637,1
llmsim_p5_r5,A,su9_vj_0637,1
llmsim_p5_r6,A,su9_vj_0637,1
llmsim_p5_r7,A,su9_vj_0637,1
llmsim_p5_r8,A,su9_vj_0637,1
llmsim_p5_r9,A,su9_vj_0637,1
llmsim_p5_r10,A,su9_vj_0637,1
llmsim_p1_r5,A,su9_vj_0641,0
llmsim_p1_r6,A,su9_vj_0641,0
llmsim_p1_r7,A,su9_vj_0641,1
llmsim_p1_r8,A,su9_vj_0641,1
llmsim_p1_r9,A,su9_vj_0641,1
llmsim_p1_r10,A,su9_vj_0641,1
llmsim_p2_r5,A,su9_vj_0641,1
llmsim_p2_r6,A,su9_vj_0641,1
llmsim_p2_r7,A,su9_vj_0641,1
llmsim_p2_r8,A,su9_vj_0641,1
llmsim_p2_r9,A,su9_vj_0641,1
llmsim_p2_r10,A,su9_vj_0641,1
llmsim_p3_r5,A,su9_vj_0641,1
llmsim_p3_r6,A,su9_vj_0641,1
llmsim_p3_r7,A,su9_vj_0641,1
llmsim_p3_r8,A,su9_vj_0641,1
llmsim_p3_r9,A,su9_vj_0641,1
llmsim_p3_r10,A,su9_vj_0641,1
llmsim_p4_r5,A,su9_vj_0641,1
llmsim_p4_r6,A,su9_vj_0641,1
llmsim_p4_r7,A,su9_vj_0641,0
llmsim_p4_r8,A,su9_vj_0641,1
llmsim_p4_r9,A,su9_vj_0641,1
llmsim_p4_r10,A,su9_vj_0641,1
llmsim_p5_r5,A,su9_vj_0641,1
llmsim_p5_r6,A,su9_vj_0641,1
llmsim_p5_r7,A,su9_vj_0641,1
llmsim_p5_r8,A,su9_vj_0641,1
llmsim_p5_r9,A,su9_vj_0641,1
llmsim_p5_r10,A,su9_vj_0641,1
llmsim_p1_r5,C,su9_vj_0660,1
llmsim_p1_r6,C,su9_vj_0660,1
llmsim_p1_r7,C,su9_vj_0660,1
llmsim_p1_r8,C,su9_vj_0660,1
llmsim_p1_r9,C,su9_vj_0660,0
llmsim_p1_r10,C,su9_vj_0660,0
llmsim_p2_r5,C,su9_vj_0660,0
llmsim_p2_r6,C,su9_vj_0660,1
llmsim_p2_r7,C,su9_vj_0660,0
llmsim_p2_r8,C,su9_vj_0660,0
llmsim_p2_r9,C,su9_vj_0660,1
llmsim_p2_r10,C,su9_vj_0660,1
llmsim_p3_r5,C,su9_vj_0660,1
llmsim_p3_r6,C,su9_vj_0660,1
llmsim_p3_r7,C,su9_vj_0660,1
llmsim_p3_r8,C,su9_vj_0660,1
llmsim_p3_r9,C,su9_vj_0660,1
llmsim_p3_r10,C,su9_vj_0660,1
llmsim_p4_r5,C,su9_vj_0660,1
llmsim_p4_r6,C,su9_vj_0660,1
llmsim_p4_r7,C,su9_vj_0660,1
llmsim_p4_r8,C,su9_vj_0660,1
llmsim_p4_r9,C,su9_vj_0660,1
llmsim_p4_r10,C,su9_vj_0660,1
llmsim_p5_r5,C,su9_vj_0660,1
llmsim_p5_r6,C,su9_vj_0660,1
llmsim_p5_r7,C,su9_vj_0660,1
llmsim_p5_r8,C,su9_vj_0660,1
llmsim_p5_r9,C,su9_vj_0660,1
llmsim_p5_r10,C,su9_vj_0660,1
llmsim_p1_r5,C,su9_vj_0676,1
llmsim_p1_r6,C,su9_vj_0676,1
llmsim_p1_r7,C,su9_vj_0676,1
llmsim_p1_r8,C,su9_vj_0676,1
llmsim_p1_r9,C,su9_vj_0676,1
llmsim_p1_r10,C,su9_vj_0676,1
llmsim_p2_r5,C,su9_vj_0676,1
llmsim_p2_r6,C,su9_vj_0676,0
llmsim_p2_r7,C,su9_vj_0676,0
llmsim_p2_r8,C,su9_vj_0676,0
llmsim_p2_r9,C,su9_vj_0676,0
llmsim_p2_r10,C,su9_vj_0676,0
llmsim_p3_r5,C,su9_vj_0676,1
llmsim_p3_r6,C,su9_vj_0676,0
llmsim_p3_r7,C,su9_vj_0676,1
llmsim_p3_r8,C,su9_vj_0676,0
llmsim_p3_r9,C,su9_vj_0676,1
llmsim_p3_r10,C,su9_vj_0676,1
llmsim_p4_r5,C,su9_vj_0676,1
llmsim_p4_r6,C,su9_vj_0676,1
llmsim_p4_r7,C,su9_vj_0676,1
llmsim_p4_r8,C,su9_vj_0676,1
llmsim_p4_r9,C,su9_vj_0676,1
llmsim_p4_r10,C,su9_vj_0676,1
llmsim_p5_r5,C,su9_vj_0676,1
llmsim_p5_r6,C,su9_vj_0676,1
llmsim_p5_r7,C,su9_vj_0676,1
llmsim_p5_r8,C,su9_vj_0676,1
llmsim_p5_r9,C,su9_vj_0676,1
llmsim_p5_r10,C,su9_vj_0676,1
llmsim_p1_r5,A,su9_vj_0758,0
llmsim_p1_r6,A,su9_vj_0758,1
llmsim_p1_r7,A,su9_vj_0758,0
llmsim_p1_r8,A,su9_vj_0758,0
llmsim_p1_r9,A,su9_vj_0758,1
llmsim_p1_r10,A,su9_vj_0758,1
llmsim_p2_r5,A,su9_vj_0758,0
llmsim_p2_r6,A,su9_vj_0758,1
llmsim_p2_r7,A,su9_vj_0758,0
llmsim_p2_r8,A,su9_vj_0758,0
llmsim_p2_r9,A,su9_vj_0758,0
llmsim_p2_r10,A,su9_vj_0758,1
llmsim_p3_r5,A,su9_vj_0758,1
llmsim_p3_r6,A,su9_vj_0758,1
llmsim_p3_r7,A,su9_vj_0758,1
llmsim_p3_r8,A,su9_vj_0758,1
llmsim_p3_r9,A,su9_vj_0758,1
llmsim_p3_r10,A,su9_vj_0758,1
llmsim_p4_r5,A,su9_vj_0758,1
llmsim_p4_r6,A,su9_vj_0758,1
llmsim_p4_r7,A,su9_vj_0758,1
llmsim_p4_r8,A,su9_vj_0758,1
llmsim_p4_r9,A,su9_vj_0758,1
llmsim_p4_r10,A,su9_vj_0758,1
llmsim_p5_r5,A,su9_vj_0758,1
llmsim_p5_r6,A,su9_vj_0758,1
llmsim_p5_r7,A,su9_vj_0758,1
llmsim_p5_r8,A,su9_vj_0758,1
llmsim_p5_r9,A,su9_vj_0758,1
llmsim_p5_r10,A,su9_vj_0758,1
llmsim_p1_r5,B,su9_vj_1276,1
llmsim_p1_r6,B,su9_vj_1276,1
llmsim_p1_r7,B,su9_vj_1276,1
llmsim_p1_r8,B,su9_vj_1276,1
llmsim_p1_r9,B,su9_vj_1276,1
llmsim_p1_r10,B,su9_vj_1276,1
llmsim_p2_r5,B,su9_vj_1276,1
llmsim_p2_r6,B,su9_vj_1276,1
llmsim_p2_r7,B,su9_vj_1276,1
llmsim_p2_r8,B,su9_vj_1276,1
llmsim_p2_r9,B,su9_vj_1276,1
llmsim_p2_r10,B,su9_vj_1276,1
llmsim_p3_r5,B,su9_vj_1276,1
llmsim_p3_r6,B,su9_vj_1276,1
llmsim_p3_r7,B,su9_vj_1276,1
llmsim_p3_r8,B,su9_vj_1276,1
llmsim_p3_r9,B,su9_vj_1276,0
llmsim_p3_r10,B,su9_vj_1276,1
llmsim_p4_r5,B,su9_vj_1276,1
llmsim_p4_r6,B,su9_vj_1276,1
llmsim_p4_r7,B,su9_vj_1276,1
llmsim_p4_r8,B,su9_vj_1276,1
llmsim_p4_r9,B,su9_vj_1276,1
llmsim_p4_r10,B,su9_vj_1276,1
llmsim_p5_r5,B,su9_vj_1276,1
llmsim_p5_r6,B,su9_vj_1276,1
llmsim_p5_r7,B,su9_vj_1276,1
llmsim_p5_r8,B,su9_vj_1276,1
llmsim_p5_r9,B,su9_vj_1276,1
llmsim_p5_r10,B,su9_vj_1276,1
llmsim_p1_r5,C,su9_vj_1703,0
llmsim_p1_r6,C,su9_vj_1703,1
llmsim_p1_r7,C,su9_vj_1703,0
llmsim_p1_r8,C,su9_vj_1703,1
llmsim_p1_r9,C,su9_vj_1703,0
llmsim_p1_r10,C,su9_vj_1703,1
llmsim_p2_r5,C,su9_vj_1703,0
llmsim_p2_r6,C,su9_vj_1703,0
llmsim_p2_r7,C,su9_vj_1703,0
llmsim_p2_r8,C,su9_vj_1703,0
llmsim_p2_r9,C,su9_vj_1703,0
llmsim_p2_r10,C,su9_vj_1703,0
llmsim_p3_r5,C,su9_vj_1703,0
llmsim_p3_r6,C,su9_vj_1703,0
llmsim_p3_r7,C,su9_vj_1703,0
llmsim_p3_r8,C,su9_vj_1703,0
llmsim_p3_r9,C,su9_vj_1703,1
llmsim_p3_r10,C,su9_vj_1703,1
llmsim_p4_r5,C,su9_vj_1703,0
llmsim_p4_r6,C,su9_vj_1703,1
llmsim_p4_r7,C,su9_vj_1703,1
llmsim_p4_r8,C,su9_vj_1703,1
llmsim_p4_r9,C,su9_vj_1703,1
llmsim_p4_r10,C,su9_vj_1703,1
llmsim_p5_r5,C,su9_vj_1703,1
llmsim_p5_r6,C,su9_vj_1703,1
llmsim_p5_r7,C,su9_vj_1703,1
llmsim_p5_r8,C,su9_vj_1703,1
llmsim_p5_r9,C,su9_vj_1703,1
llmsim_p5_r10,C,su9_vj_1703,1
llmsim_p1_r5,A,su9_vj_1749,1
llmsim_p1_r6,A,su9_vj_1749,1
llmsim_p1_r7,A,su9_vj_1749,0
llmsim_p1_r8,A,su9_vj_1749,0
llmsim_p1_r9,A,su9_vj_1749,0
llmsim_p1_r10,A,su9_vj_1749,0
llmsim_p2_r5,A,su9_vj_1749,1
llmsim_p2_r6,A,su9_vj_1749,0
llmsim_p2_r7,A,su9_vj_1749,1
llmsim_p2_r8,A,su9_vj_1749,0
llmsim_p2_r9,A,su9_vj_1749,1
llmsim_p2_r10,A,su9_vj_1749,0
llmsim_p3_r5,A,su9_vj_1749,0
llmsim_p3_r6,A,su9_vj_1749,0
llmsim_p3_r7,A,su9_vj_1749,0
llmsim_p3_r8,A,su9_vj_1749,1
llmsim_p3_r9,A,su9_vj_1749,0
llmsim_p3_r10,A,su9_vj_1749,0
llmsim_p4_r5,A,su9_vj_1749,1
llmsim_p4_r6,A,su9_vj_1749,0
llmsim_p4_r7,A,su9_vj_1749,0
llmsim_p4_r8,A,su9_vj_1749,1
llmsim_p4_r9,A,su9_vj_1749,1
llmsim_p4_r10,A,su9_vj_1749,1
llmsim_p5_r5,A,su9_vj_1749,1
llmsim_p5_r6,A,su9_vj_1749,1
llmsim_p5_r7,A,su9_vj_1749,1
llmsim_p5_r8,A,su9_vj_1749,0
llmsim_p5_r9,A,su9_vj_1749,1
llmsim_p5_r10,A,su9_vj_1749,1
llmsim_p1_r5,A,su9_vj_1767,1
llmsim_p1_r6,A,su9_vj_1767,0
llmsim_p1_r7,A,su9_vj_1767,1
llmsim_p1_r8,A,su9_vj_1767,1
llmsim_p1_r9,A,su9_vj_1767,0
llmsim_p1_r10,A,su9_vj_1767,0
llmsim_p2_r5,A,su9_vj_1767,1
llmsim_p2_r6,A,su9_vj_1767,1
llmsim_p2_r7,A,su9_vj_1767,1
llmsim_p2_r8,A,su9_vj_1767,1
llmsim_p2_r9,A,su9_vj_1767,1
llmsim_p2_r10,A,su9_vj_1767,0
llmsim_p3_r5,A,su9_vj_1767,1
llmsim_p3_r6,A,su9_vj_1767,1
llmsim_p3_r7,A,su9_vj_1767,1
llmsim_p3_r8,A,su9_vj_1767,1
llmsim_p3_r9,A,su9_vj_1767,1
llmsim_p3_r10,A,su9_vj_1767,1
llmsim_p4_r5,A,su9_vj_1767,1
llmsim_p4_r6,A,su9_vj_1767,1
llmsim_p4_r7,A,su9_vj_1767,1
llmsim_p4_r8,A,su9_vj_1767,1
llmsim_p4_r9,A,su9_vj_1767,1
llmsim_p4_r10,A,su9_vj_1767,1
llmsim_p5_r5,A,su9_vj_1767,1
llmsim_p5_r6,A,su9_vj_1767,1
llmsim_p5_r7,A,su9_vj_1767,1
llmsim_p5_r8,A,su9_vj_1767,1
llmsim_p5_r9,A,su9_vj_1767,1
llmsim_p5_r10,A,su9_vj_1767,1
llmsim_p1_r5,C,su9_vj_1771,1
llmsim_p1_r6,C,su9_vj_1771,0
llmsim_p1_r7,C,su9_vj_1771,1
llmsim_p1_r8,C,su9_vj_1771,0
llmsim_p1_r9,C,su9_vj_1771,0
llmsim_p1_r10,C,su9_vj_1771,1
llmsim_p2_r5,C,su9_vj_1771,0
llmsim_p2_r6,C,su9_vj_1771,0
llmsim_p2_r7,C,su9_vj_1771,0
llmsim_p2_r8,C,su9_vj_1771,1
llmsim_p2_r9,C,su9_vj_1771,0
llmsim_p2_r10,C,su9_vj_1771,0
llmsim_p3_r5,C,su9_vj_1771,1
llmsim_p3_r6,C,su9_vj_1771,1
llmsim_p3_r7,C,su9_vj_1771,1
llmsim_p3_r8,C,su9_vj_1771,1
llmsim_p3_r9,C,su9_vj_1771,1
llmsim_p3_r10,C,su9_vj_1771,1
llmsim_p4_r5,C,su9_vj_1771,1
llmsim_p4_r6,C,su9_vj_1771,1
llmsim_p4_r7,C,su9_vj_1771,1
llmsim_p4_r8,C,su9_vj_1771,1
llmsim_p4_r9,C,su9_vj_1771,1
llmsim_p4_r10,C,su9_vj_1771,1
llmsim_p5_r5,C,su9_vj_1771,1
llmsim_p5_r6,C,su9_vj_1771,1
llmsim_p5_r7,C,su9_vj_1771,1
llmsim_p5_r8,C,su9_vj_1771,1
llmsim_p5_r9,C,su9_vj_1771,1
llmsim_p5_r10,C,su9_vj_1771,1
llmsim_p1_r5,B,su9_vj_1780,0
llmsim_p1_r6,B,su9_vj_1780,0
llmsim_p1_r7,B,su9_vj_1780,1
llmsim_p1_r8,B,su9_vj_1780,0
llmsim_p1_r9,B,su9_vj_1780,0
llmsim_p1_r10,B,su9_vj_1780,0
llmsim_p2_r5,B,su9_vj_1780,0
llmsim_p2_r6,B,su9_vj_1780,1
llmsim_p2_r7,B,su9_vj_1780,0
llmsim_p2_r8,B,su9_vj_1780,0
llmsim_p2_r9,B,su9_vj_1780,0
llmsim_p2_r10,B,su9_vj_1780,0
llmsim_p3_r5,B,su9_vj_1780,0
llmsim_p3_r6,B,su9_vj_1780,1
llmsim_p3_r7,B,su9_vj_1780,1
llmsim_p3_r8,B,su9_vj_1780,0
llmsim_p3_r9,B,su9_vj_1780,0
llmsim_p3_r10,B,su9_vj_1780,0
llmsim_p4_r5,B,su9_vj_1780,0
llmsim_p4_r6,B,su9_vj_1780,0
llmsim_p4_r7,B,su9_vj_1780,0
llmsim_p4_r8,B,su9_vj_1780,0
llmsim_p4_r9,B,su9_vj_1780,0
llmsim_p4_r10,B,su9_vj_1780,0
llmsim_p5_r5,B,su9_vj_1780,0
llmsim_p5_r6,B,su9_vj_1780,1
llmsim_p5_r7,B,su9_vj_1780,1
llmsim_p5_r8,B,su9_vj_1780,1
llmsim_p5_r9,B,su9_vj_1780,1
llmsim_p5_r10,B,su9_vj_1780,1
llmsim_p1_r5,C,su9_vj_1821,1
llmsim_p1_r6,C,su9_vj_1821,1
llmsim_p1_r7,C,su9_vj_1821,1
llmsim_p1_r8,C,su9_vj_1821,0
llmsim_p1_r9,C,su9_vj_1821,0
llmsim_p1_r10,C,su9_vj_1821,1
llmsim_p2_r5,C,su9_vj_1821,1
llmsim_p2_r6,C,su9_vj_1821,1
llmsim_p2_r7,C,su9_vj_1821,1
llmsim_p2_r8,C,su9_vj_1821,1
llmsim_p2_r9,C,su9_vj_1821,1
llmsim_p2_r10,C,su9_vj_1821,0
llmsim_p3_r5,C,su9_vj_1821,0
llmsim_p3_r6,C,su9_vj_1821,1
llmsim_p3_r7,C,su9_vj_1821,1
llmsim_p3_r8,C,su9_vj_1821,0
llmsim_p3_r9,C,su9_vj_1821,0
llmsim_p3_r10,C,su9_vj_1821,1
llmsim_p4_r5,C,su9_vj_1821,1
llmsim_p4_r6,C,su9_vj_1821,0
llmsim_p4_r7,C,su9_vj_1821,0
llmsim_p4_r8,C,su9_vj_1821,0
llmsim_p4_r9,C,su9_vj_1821,1
llmsim_p4_r10,C,su9_vj_1821,0
llmsim_p5_r5,C,su9_vj_1821,1
llmsim_p5_r6,C,su9_vj_1821,1
llmsim_p5_r7,C,su9_vj_1821,1
llmsim_p5_r8,C,su9_vj_1821,1
llmsim_p5_r9,C,su9_vj_1821,1
llmsim_p5_r10,C,su9_vj_1821,1
llmsim_p1_r5,A,su9_vj_1823,1
llmsim_p1_r6,A,su9_vj_1823,0
llmsim_p1_r7,A,su9_vj_1823,1
llmsim_p1_r8,A,su9_vj_1823,1
llmsim_p1_r9,A,su9_vj_1823,0
llmsim_p1_r10,A,su9_vj_1823,0
llmsim_p2_r5,A,su9_vj_1823,1
llmsim_p2_r6,A,su9_vj_1823,0
llmsim_p2_r7,A,su9_vj_1823,0
llmsim_p2_r8,A,su9_vj_1823,0
llmsim_p2_r9,A,su9_vj_1823,1
llmsim_p2_r10,A,su9_vj_1823,1
llmsim_p3_r5,A,su9_vj_1823,1
llmsim_p3_r6,A,su9_vj_1823,1
llmsim_p3_r7,A,su9_vj_1823,0
llmsim_p3_r8,A,su9_vj_1823,1
llmsim_p3_r9,A,su9_vj_1823,1
llmsim_p3_r10,A,su9_vj_1823,1
llmsim_p4_r5,A,su9_vj_1823,1
llmsim_p4_r6,A,su9_vj_1823,1
llmsim_p4_r7,A,su9_vj_1823,1
llmsim_p4_r8,A,su9_vj_1823,1
llmsim_p4_r9,A,su9_vj_1823,1
llmsim_p4_r10,A,su9_vj_1823,1
llmsim_p5_r5,A,su9_vj_1823,1
llmsim_p5_r6,A,su9_vj_1823,1
llmsim_p5_r7,A,su9_vj_1823,1
llmsim_p5_r8,A,su9_vj_1823,1
llmsim_p5_r9,A,su9_vj_1823,1
llmsim_p5_r10,A,su9_vj_1823,1
llmsim_p1_r5,A,su9_vj_1832,0
llmsim_p1_r6,A,su9_vj_1832,0
llmsim_p1_r7,A,su9_vj_1832,0
llmsim_p1_r8,A,su9_vj_1832,1
llmsim_p1_r9,A,su9_vj_1832,0
llmsim_p1_r10,A,su9_vj_1832,0
llmsim_p2_r5,A,su9_vj_1832,0
llmsim_p2_r6,A,su9_vj_1832,0
llmsim_p2_r7,A,su9_vj_1832,1
llmsim_p2_r8,A,su9_vj_1832,0
llmsim_p2_r9,A,su9_vj_1832,1
llmsim_p2_r10,A,su9_vj_1832,1
llmsim_p3_r5,A,su9_vj_1832,0
llmsim_p3_r6,A,su9_vj_1832,1
llmsim_p3_r7,A,su9_vj_1832,1
llmsim_p3_r8,A,su9_vj_1832,1
llmsim_p3_r9,A,su9_vj_1832,1
llmsim_p3_r10,A,su9_vj_1832,1
llmsim_p4_r5,A,su9_vj_1832,1
llmsim_p4_r6,A,su9_vj_1832,1
llmsim_p4_r7,A,su9_vj_1832,1
llmsim_p4_r8,A,su9_vj_1832,1
llmsim_p4_r9,A,su9_vj_1832,1
llmsim_p4_r10,A,su9_vj_1832,1
llmsim_p5_r5,A,su9_vj_1832,1
llmsim_p5_r6,A,su9_vj_1832,1
llmsim_p5_r7,A,su9_vj_1832,1
llmsim_p5_r8,A,su9_vj_1832,1
llmsim_p5_r9,A,su9_vj_1832,1
llmsim_p5_r10,A,su9_vj_1832,1
llmsim_p1_r5,A,su9_vj_1838,1
llmsim_p1_r6,A,su9_vj_1838,1
llmsim_p1_r7,A,su9_vj_1838,1
llmsim_p1_r8,A,su9_vj_1838,0
llmsim_p1_r9,A,su9_vj_1838,1
llmsim_p1_r10,A,su9_vj_1838,1
llmsim_p2_r5,A,su9_vj_1838,1
llmsim_p2_r6,A,su9_vj_1838,0
llmsim_p2_r7,A,su9_vj_1838,0
llmsim_p2_r8,A,su9_vj_1838,1
llmsim_p2_r9,A,su9_vj_1838,1
llmsim_p2_r10,A,su9_vj_1838,0
llmsim_p3_r5,A,su9_vj_1838,1
llmsim_p3_r6,A,su9_vj_1838,0
llmsim_p3_r7,A,su9_vj_1838,0
llmsim_p3_r8,A,su9_vj_1838,1
llmsim_p3_r9,A,su9_vj_1838,0
llmsim_p3_r10,A,su9_vj_1838,0
llmsim_p4_r5,A,su9_vj_1838,1
llmsim_p4_r6,A,su9_vj_1838,1
llmsim_p4_r7,A,su9_vj_1838,1
llmsim_p4_r8,A,su9_vj_1838,1
llmsim_p4_r9,A,su9_vj_1838,1
llmsim_p4_r10,A,su9_vj_1838,1
llmsim_p5_r5,A,su9_vj_1838,1
llmsim_p5_r6,A,su9_vj_1838,1
llmsim_p5_r7,A,su9_vj_1838,1
llmsim_p5_r8,A,su9_vj_1838,1
llmsim_p5_r9,A,su9_vj_1838,1
llmsim_p5_r10,A,su9_vj_1838,1
llmsim_p1_r5,A,su9_vj_1857,0
llmsim_p1_r6,A,su9_vj_1857,1
llmsim_p1_r7,A,su9_vj_1857,1
llmsim_p1_r8,A,su9_vj_1857,1
llmsim_p1_r9,A,su9_vj_1857,1
llmsim_p1_r10,A,su9_vj_1857,1
llmsim_p2_r5,A,su9_vj_1857,1
llmsim_p2_r6,A,su9_vj_1857,1
llmsim_p2_r7,A,su9_vj_1857,1
llmsim_p2_r8,A,su9_vj_1857,0
llmsim_p2_r9,A,su9_vj_1857,1
llmsim_p2_r10,A,su9_vj_1857,1
llmsim_p3_r5,A,su9_vj_1857,1
llmsim_p3_r6,A,su9_vj_1857,1
llmsim_p3_r7,A,su9_vj_1857,1
llmsim_p3_r8,A,su9_vj_1857,1
llmsim_p3_r9,A,su9_vj_1857,1
llmsim_p3_r10,A,su9_vj_1857,1
llmsim_p4_r5,A,su9_vj_1857,1
llmsim_p4_r6,A,su9_vj_1857,1
llmsim_p4_r7,A,su9_vj_1857,1
llmsim_p4_r8,A,su9_vj_1857,1
llmsim_p4_r9,A,su9_vj_1857,1
llmsim_p4_r10,A,su9_vj_1857,1
llmsim_p5_r5,A,su9_vj_1857,1
llmsim_p5_r6,A,su9_vj_1857,1
llmsim_p5_r7,A,su9_vj_1857,1
llmsim_p5_r8,A,su9_vj_1857,1
llmsim_p5_r9,A,su9_vj_1857,1
llmsim_p5_r10,A,su9_vj_1857,1
llmsim_p1_r5,C,su9_vj_1874,0
llmsim_p1_r6,C,su9_vj_1874,0
llmsim_p1_r7,C,su9_vj_1874,0
llmsim_p1_r8,C,su9_vj_1874,0
llmsim_p1_r9,C,su9_vj_1874,0
llmsim_p1_r10,C,su9_vj_1874,0
llmsim_p2_r5,C,su9_vj_1874,1
llmsim_p2_r6,C,su9_vj_1874,1
llmsim_p2_r7,C,su9_vj_1874,1
llmsim_p2_r8,C,su9_vj_1874,1
llmsim_p2_r9,C,su9_vj_1874,1
llmsim_p2_r10,C,su9_vj_1874,1
llmsim_p3_r5,C,su9_vj_1874,1
llmsim_p3_r6,C,su9_vj_1874,1
llmsim_p3_r7,C,su9_vj_1874,1
llmsim_p3_r8,C,su9_vj_1874,1
llmsim_p3_r9,C,su9_vj_1874,1
llmsim_p3_r10,C,su9_vj_1874,1
llmsim_p4_r5,C,su9_vj_1874,1
llmsim_p4_r6,C,su9_vj_1874,1
llmsim_p4_r7,C,su9_vj_1874,1
llmsim_p4_r8,C,su9_vj_1874,1
llmsim_p4_r9,C,su9_vj_1874,1
llmsim_p4_r10,C,su9_vj_1874,1
llmsim_p5_r5,C,su9_vj_1874,1
llmsim_p5_r6,C,su9_vj_1874,1
llmsim_p5_r7,C,su9_vj_1874,1
llmsim_p5_r8,C,su9_vj_1874,1
llmsim_p5_r9,C,su9_vj_1874,1
llmsim_p5_r10,C,su9_vj_1874,1
llmsim_p1_r5,A,su9_vj_1958,1
llmsim_p1_r6,A,su9_vj_1958,1
llmsim_p1_r7,A,su9_vj_1958,1
llmsim_p1_r8,A,su9_vj_1958,1
llmsim_p1_r9,A,su9_vj_1958,1
llmsim_p1_r10,A,su9_vj_1958,1
llmsim_p2_r5,A,su9_vj_1958,1
llmsim_p2_r6,A,su9_vj_1958,1
llmsim_p2_r7,A,su9_vj_1958,1
llmsim_p2_r8,A,su9_vj_1958,1
llmsim_p2_r9,A,su9_vj_1958,1
llmsim_p2_r10,A,su9_vj_1958,1
llmsim_p3_r5,A,su9_vj_1958,1
llmsim_p3_r6,A,su9_vj_1958,1
llmsim_p3_r7,A,su9_vj_1958,1
llmsim_p3_r8,A,su9_vj_1958,1
llmsim_p3_r9,A,su9_vj_1958,1
llmsim_p3_r10,A,su9_vj_1958,1
llmsim_p4_r5,A,su9_vj_1958,1
llmsim_p4_r6,A,su9_vj_1958,1
llmsim_p4_r7,A,su9_vj_1958,1
llmsim_p4_r8,A,su9_vj_1958,1
llmsim_p4_r9,A,su9_vj_1958,1
llmsim_p4_r10,A,su9_vj_1958,1
llmsim_p5_r5,A,su9_vj_1958,1
llmsim_p5_r6,A,su9_vj_1958,1
llmsim_p5_r7,A,su9_vj_1958,1
llmsim_p5_r8,A,su9_vj_1958,1
llmsim_p5_r9,A,su9_vj_1958,1
llmsim_p5_r10,A,su9_vj_1958,1
llmsim_p1_r5,C,su9_vj_1963,0
llmsim_p1_r6,C,su9_vj_1963,0
llmsim_p1_r7,C,su9_vj_1963,1
llmsim_p1_r8,C,su9_vj_1963,0
llmsim_p1_r9,C,su9_vj_1963,0
llmsim_p1_r10,C,su9_vj_1963,1
llmsim_p2_r5,C,su9_vj_1963,0
llmsim_p2_r6,C,su9_vj_1963,1
llmsim_p2_r7,C,su9_vj_1963,1
llmsim_p2_r8,C,su9_vj_1963,0
llmsim_p2_r9,C,su9_vj_1963,0
llmsim_p2_r10,C,su9_vj_1963,0
llmsim_p3_r5,C,su9_vj_1963,1
llmsim_p3_r6,C,su9_vj_1963,1
llmsim_p3_r7,C,su9_vj_1963,1
llmsim_p3_r8,C,su9_vj_1963,1
llmsim_p3_r9,C,su9_vj_1963,1
llmsim_p3_r10,C,su9_vj_1963,1
llmsim_p4_r5,C,su9_vj_1963,1
llmsim_p4_r6,C,su9_vj_1963,1
llmsim_p4_r7,C,su9_vj_1963,1
llmsim_p4_r8,C,su9_vj_1963,1
llmsim_p4_r9,C,su9_vj_1963,1
llmsim_p4_r10,C,su9_vj_1963,1
llmsim_p5_r5,C,su9_vj_1963,1
llmsim_p5_r6,C,su9_vj_1963,1
llmsim_p5_r7,C,su9_vj_1963,1
llmsim_p5_r8,C,su9_vj_1963,1
llmsim_p5_r9,C,su9_vj_1963,1
llmsim_p5_r10,C,su9_vj_1963,1
llmsim_p1_r5,A,su9_vj_2102,0
llmsim_p1_r6,A,su9_vj_2102,1
llmsim_p1_r7,A,su9_vj_2102,1
llmsim_p1_r8,A,su9_vj_2102,1
llmsim_p1_r9,A,su9_vj_2102,1
llmsim_p1_r10,A,su9_vj_2102,0
llmsim_p2_r5,A,su9_vj_2102,0
llmsim_p2_r6,A,su9_vj_2102,1
llmsim_p2_r7,A,su9_vj_2102,1
llmsim_p2_r8,A,su9_vj_2102,1
llmsim_p2_r9,A,su9_vj_2102,1
llmsim_p2_r10,A,su9_vj_2102,1
llmsim_p3_r5,A,su9_vj_2102,1
llmsim_p3_r6,A,su9_vj_2102,1
llmsim_p3_r7,A,su9_vj_2102,1
llmsim_p3_r8,A,su9_vj_2102,1
llmsim_p3_r9,A,su9_vj_2102,0
llmsim_p3_r10,A,su9_vj_2102,1
llmsim_p4_r5,A,su9_vj_2102,1
llmsim_p4_r6,A,su9_vj_2102,1
llmsim_p4_r7,A,su9_vj_2102,1
llmsim_p4_r8,A,su9_vj_2102,1
llmsim_p4_r9,A,su9_vj_2102,1
llmsim_p4_r10,A,su9_vj_2102,1
llmsim_p5_r5,A,su9_vj_2102,1
llmsim_p5_r6,A,su9_vj_2102,1
llmsim_p5_r7,A,su9_vj_2102,1
llmsim_p5_r8,A,su9_vj_2102,1
llmsim_p5_r9,A,su9_vj_2102,1
llmsim_p5_r10,A,su9_vj_2102,1
llmsim_p1_r5,C,su9_vj_2139,1
llmsim_p1_r6,C,su9_vj_2139,0
llmsim_p1_r7,C,su9_vj_2139,0
llmsim_p1_r8,C,su9_vj_2139,1
llmsim_p1_r9,C,su9_vj_2139,0
llmsim_p1_r10,C,su9_vj_2139,1
llmsim_p2_r5,C,su9_vj_2139,1
llmsim_p2_r6,C,su9_vj_2139,1
llmsim_p2_r7,C,su9_vj_2139,1
llmsim_p2_r8,C,su9_vj_2139,1
llmsim_p2_r9,C,su9_vj_2139,0
llmsim_p2_r10,C,su9_vj_2139,0
llmsim_p3_r5,C,su9_vj_2139,1
llmsim_p3_r6,C,su9_vj_2139,0
llmsim_p3_r7,C,su9_vj_2139,1
llmsim_p3_r8,C,su9_vj_2139,1
llmsim_p3_r9,C,su9_vj_2139,1
llmsim_p3_r10,C,su9_vj_2139,1
llmsim_p4_r5,C,su9_vj_2139,1
llmsim_p4_r6,C,su9_vj_2139,1
llmsim_p4_r7,C,su9_vj_2139,1
llmsim_p4_r8,C,su9_vj_2139,0
llmsim_p4_r9,C,su9_vj_2139,0
llmsim_p4_r10,C,su9_vj_2139,1
llmsim_p5_r5,C,su9_vj_2139,1
llmsim_p5_r6,C,su9_vj_2139,1
llmsim_p5_r7,C,su9_vj_2139,1
llmsim_p5_r8,C,su9_vj_2139,1
llmsim_p5_r9,C,su9_vj_2139,1
llmsim_p5_r10,C,su9_vj_2139,1
llmsim_p1_r5,A,su9_vj_2152,1
llmsim_p1_r6,A,su9_vj_2152,1
llmsim_p1_r7,A,su9_vj_2152,1
llmsim_p1_r8,A,su9_vj_2152,0
llmsim_p1_r9,A,su9_vj_2152,1
llmsim_p1_r10,A,su9_vj_2152,1
llmsim_p2_r5,A,su9_vj_2152,1
llmsim_p2_r6,A,su9_vj_2152,1
llmsim_p2_r7,A,su9_vj_2152,1
llmsim_p2_r8,A,su9_vj_2152,1
llmsim_p2_r9,A,su9_vj_2152,1
llmsim_p2_r10,A,su9_vj_2152,1
llmsim_p3_r5,A,su9_vj_2152,1
llmsim_p3_r6,A,su9_vj_2152,1
llmsim_p3_r7,A,su9_vj_2152,1
llmsim_p3_r8,A,su9_vj_2152,1
llmsim_p3_r9,A,su9_vj_2152,1
llmsim_p3_r10,A,su9_vj_2152,1
llmsim_p4_r5,A,su9_vj_2152,1
llmsim_p4_r6,A,su9_vj_2152,0
llmsim_p4_r7,A,su9_vj_2152,1
llmsim_p4_r8,A,su9_vj_2152,0
llmsim_p4_r9,A,su9_vj_2152,1
llmsim_p4_r10,A,su9_vj_2152,1
llmsim_p5_r5,A,su9_vj_2152,1
llmsim_p5_r6,A,su9_vj_2152,1
llmsim_p5_r7,A,su9_vj_2152,1
llmsim_p5_r8,A,su9_vj_2152,1
llmsim_p5_r9,A,su9_vj_2152,1
llmsim_p5_r10,A,su9_vj_2152,1
llmsim_p1_r5,C,su9_vj_2175,1
llmsim_p1_r6,C,su9_vj_2175,1
llmsim_p1_r7,C,su9_vj_2175,1
llmsim_p1_r8,C,su9_vj_2175,0
llmsim_p1_r9,C,su9_vj_2175,1
llmsim_p1_r10,C,su9_vj_2175,1
llmsim_p2_r5,C,su9_vj_2175,0
llmsim_p2_r6,C,su9_vj_2175,1
llmsim_p2_r7,C,su9_vj_2175,1
llmsim_p2_r8,C,su9_vj_2175,0
llmsim_p2_r9,C,su9_vj_2175,1
llmsim_p2_r10,C,su9_vj_2175,1
llmsim_p3_r5,C,su9_vj_2175,1
llmsim_p3_r6,C,su9_vj_2175,1
llmsim_p3_r7,C,su9_vj_2175,1
llmsim_p3_r8,C,su9_vj_2175,1
llmsim_p3_r9,C,su9_vj_2175,1
llmsim_p3_r10,C,su9_vj_2175,1
llmsim_p4_r5,C,su9_vj_2175,1
llmsim_p4_r6,C,su9_vj_2175,1
llmsim_p4_r7,C,su9_vj_2175,1
llmsim_p4_r8,C,su9_vj_2175,1
llmsim_p4_r9,C,su9_vj_2175,1
llmsim_p4_r10,C,su9_vj_2175,1
llmsim_p5_r5,C,su9_vj_2175,1
llmsim_p5_r6,C,su9_vj_2175,1
llmsim_p5_r7,C,su9_vj_2175,1
llmsim_p5_r8,C,su9_vj_2175,1
llmsim_p5_r9,C,su9_vj_2175,1
llmsim_p5_r10,C,su9_vj_2175,1
llmsim_p1_r5,B,su9_vj_2196,1
llmsim_p1_r6,B,su9_vj_2196,1
llmsim_p1_r7,B,su9_vj_2196,0
llmsim_p1_r8,B,su9_vj_2196,1
llmsim_p1_r9,B,su9_vj_2196,0
llmsim_p1_r10,B,su9_vj_2196,1
llmsim_p2_r5,B,su9_vj_2196,1
llmsim_p2_r6,B,su9_vj_2196,1
llmsim_p2_r7,B,su9_vj_2196,0
llmsim_p2_r8,B,su9_vj_2196,1
llmsim_p2_r9,B,su9_vj_2196,1
llmsim_p2_r10,B,su9_vj_2196,0
llmsim_p3_r5,B,su9_vj_2196,1
llmsim_p3_r6,B,su9_vj_2196,1
llmsim_p3_r7,B,su9_vj_2196,1
llmsim_p3_r8,B,su9_vj_2196,0
llmsim_p3_r9,B,su9_vj_2196,0
llmsim_p3_r10,B,su9_vj_2196,1
llmsim_p4_r5,B,su9_vj_2196,0
llmsim_p4_r6,B,su9_vj_2196,1
llmsim_p4_r7,B,su9_vj_2196,1
llmsim_p4_r8,B,su9_vj_2196,1
llmsim_p4_r9,B,su9_vj_2196,1
llmsim_p4_r10,B,su9_vj_2196,1
llmsim_p5_r5,B,su9_vj_2196,0
llmsim_p5_r6,B,su9_vj_2196,1
llmsim_p5_r7,B,su9_vj_2196,1
llmsim_p5_r8,B,su9_vj_2196,1
llmsim_p5_r9,B,su9_vj_2196,1
llmsim_p5_r10,B,su9_vj_2196,1
llmsim_p1_r5,C,su9_vj_2237,0
llmsim_p1_r6,C,su9_vj_2237,1
llmsim_p1_r7,C,su9_vj_2237,1
llmsim_p1_r8,C,su9_vj_2237,1
llmsim_p1_r9,C,su9_vj_2237,1
llmsim_p1_r10,C,su9_vj_2237,1
llmsim_p2_r5,C,su9_vj_2237,1
llmsim_p2_r6,C,su9_vj_2237,1
llmsim_p2_r7,C,su9_vj_2237,1
llmsim_p2_r8,C,su9_vj_2237,1
llmsim_p2_r9,C,su9_vj_2237,1
llmsim_p2_r10,C,su9_vj_2237,1
llmsim_p3_r5,C,su9_vj_2237,1
llmsim_p3_r6,C,su9_vj_2237,1
llmsim_p3_r7,C,su9_vj_2237,1
llmsim_p3_r8,C,su9_vj_2237,1
llmsim_p3_r9,C,su9_vj_2237,1
llmsim_p3_r10,C,su9_vj_2237,1
llmsim_p4_r5,C,su9_vj_2237,1
llmsim_p4_r6,C,su9_vj_2237,1
llmsim_p4_r7,C,su9_vj_2237,1
llmsim_p4_r8,C,su9_vj_2237,1
llmsim_p4_r9,C,su9_vj_2237,0
llmsim_p4_r10,C,su9_vj_2237,1
llmsim_p5_r5,C,su9_vj_2237,1
llmsim_p5_r6,C,su9_vj_2237,0
llmsim_p5_r7,C,su9_vj_2237,1
llmsim_p5_r8,C,su9_vj_2237,1
llmsim_p5_r9,C,su9_vj_2237,1
llmsim_p5_r10,C,su9_vj_2237,1
llmsim_p1_r5,B,su9_vj_2246,0
llmsim_p1_r6,B,su9_vj_2246,0
llmsim_p1_r7,B,su9_vj_2246,0
llmsim_p1_r8,B,su9_vj_2246,1
llmsim_p1_r9,B,su9_vj_2246,0
llmsim_p1_r10,B,su9_vj_2246,1
llmsim_p2_r5,B,su9_vj_2246,1
llmsim_p2_r6,B,su9_vj_2246,1
llmsim_p2_r7,B,su9_vj_2246,1
llmsim_p2_r8,B,su9_vj_2246,0
llmsim_p2_r9,B,su9_vj_2246,1
llmsim_p2_r10,B,su9_vj_2246,0
llmsim_p3_r5,B,su9_vj_2246,0
llmsim_p3_r6,B,su9_vj_2246,1
llmsim_p3_r7,B,su9_vj_2246,1
llmsim_p3_r8,B,su9_vj_2246,1
llmsim_p3_r9,B,su9_vj_2246,1
llmsim_p3_r10,B,su9_vj_2246,1
llmsim_p4_r5,B,su9_vj_2246,1
llmsim_p4_r6,B,su9_vj_2246,1
llmsim_p4_r7,B,su9_vj_2246,1
llmsim_p4_r8,B,su9_vj_2246,1
llmsim_p4_r9,B,su9_vj_2246,1
llmsim_p4_r10,B,su9_vj_2246,1
llmsim_p5_r5,B,su9_vj_2246,1
llmsim_p5_r6,B,su9_vj_2246,1
llmsim_p5_r7,B,su9_vj_2246,1
llmsim_p5_r8,B,su9_vj_2246,1
llmsim_p5_r9,B,su9_vj_2246,1
llmsim_p5_r10,B,su9_vj_2246,1
llmsim_p1_r5,A,su9_vj_2250,0
llmsim_p1_r6,A,su9_vj_2250,0
llmsim_p1_r7,A,su9_vj_2250,0
llmsim_p1_r8,A,su9_vj_2250,0
llmsim_p1_r9,A,su9_vj_2250,0
llmsim_p1_r10,A,su9_vj_2250,0
llmsim_p2_r5,A,su9_vj_2250,1
llmsim_p2_r6,A,su9_vj_2250,1
llmsim_p2_r7,A,su9_vj_2250,0
llmsim_p2_r8,A,su9_vj_2250,0
llmsim_p2_r9,A,su9_vj_2250,0
llmsim_p2_r10,A,su9_vj_2250,0
llmsim_p3_r5,A,su9_vj_2250,0
llmsim_p3_r6,A,su9_vj_2250,0
llmsim_p3_r7,A,su9_vj_2250,0
llmsim_p3_r8,A,su9_vj_2250,0
llmsim_p3_r9,A,su9_vj_2250,0
llmsim_p3_r10,A,su9_vj_2250,0
llmsim_p4_r5,A,su9_vj_2250,0
llmsim_p4_r6,A,su9_vj_2250,0
llmsim_p4_r7,A,su9_vj_2250,0
llmsim_p4_r8,A,su9_vj_2250,0
llmsim_p4_r9,A,su9_vj_2250,0
llmsim_p4_r10,A,su9_vj_2250,0
llmsim_p5_r5,A,su9_vj_2250,0
llmsim_p5_r6,A,su9_vj_2250,0
llmsim_p5_r7,A,su9_vj_2250,0
llmsim_p5_r8,A,su9_vj_2250,0
llmsim_p5_r9,A,su9_vj_2250,1
llmsim_p5_r10,A,su9_vj_2250,0
llmsim_p1_r5,C,su9_vj_2253,0
llmsim_p1_r6,C,su9_vj_2253,1
llmsim_p1_r7,C,su9_vj_2253,1
llmsim_p1_r8,C,su9_vj_2253,0
llmsim_p1_r9,C,su9_vj_2253,0
llmsim_p1_r10,C,su9_vj_2253,1
llmsim_p2_r5,C,su9_vj_2253,1
llmsim_p2_r6,C,su9_vj_2253,1
llmsim_p2_r7,C,su9_vj_2253,1
llmsim_p2_r8,C,su9_vj_2253,1
llmsim_p2_r9,C,su9_vj_2253,1
llmsim_p2_r10,C,su9_vj_2253,0
llmsim_p3_r5,C,su9_vj_2253,1
llmsim_p3_r6,C,su9_vj_2253,1
llmsim_p3_r7,C,su9_vj_2253,1
llmsim_p3_r8,C,su9_vj_2253,1
llmsim_p3_r9,C,su9_vj_2253,1
llmsim_p3_r10,C,su9_vj_2253,1
llmsim_p4_r5,C,su9_vj_2253,1
llmsim_p4_r6,C,su9_vj_2253,1
llmsim_p4_r7,C,su9_vj_2253,1
llmsim_p4_r8,C,su9_vj_2253,1
llmsim_p4_r9,C,su9_vj_2253,1
llmsim_p4_r10,C,su9_vj_2253,1
llmsim_p5_r5,C,su9_vj_2253,1
llmsim_p5_r6,C,su9_vj_2253,1
llmsim_p5_r7,C,su9_vj_2253,1
llmsim_p5_r8,C,su9_vj_2253,1
llmsim_p5_r9,C,su9_vj_2253,1
llmsim_p5_r10,C,su9_vj_2253,1
llmsim_p1_r5,A,su9_vj_2322,1
llmsim_p1_r6,A,su9_vj_2322,0
llmsim_p1_r7,A,su9_vj_2322,0
llmsim_p1_r8,A,su9_vj_2322,0
llmsim_p1_r9,A,su9_vj_2322,0
llmsim_p1_r10,A,su9_vj_2322,0
llmsim_p2_r5,A,su9_vj_2322,0
llmsim_p2_r6,A,su9_vj_2322,1
llmsim_p2_r7,A,su9_vj_2322,0
llmsim_p2_r8,A,su9_vj_2322,1
llmsim_p2_r9,A,su9_vj_2322,1
llmsim_p2_r10,A,su9_vj_2322,1
llmsim_p3_r5,A,su9_vj_2322,1
llmsim_p3_r6,A,su9_vj_2322,1
llmsim_p3_r7,A,su9_vj_2322,1
llmsim_p3_r8,A,su9_vj_2322,1
llmsim_p3_r9,A,su9_vj_2322,0
llmsim_p3_r10,A,su9_vj_2322,1
llmsim_p4_r5,A,su9_vj_2322,1
llmsim_p4_r6,A,su9_vj_2322,1
llmsim_p4_r7,A,su9_vj_2322,1
llmsim_p4_r8,A,su9_vj_2322,0
llmsim_p4_r9,A,su9_vj_2322,1
llmsim_p4_r10,A,su9_vj_2322,1
llmsim_p5_r5,A,su9_vj_2322,1
llmsim_p5_r6,A,su9_vj_2322,1
llmsim_p5_r7,A,su9_vj_2322,1
llmsim_p5_r8,A,su9_vj_2322,0
llmsim_p5_r9,A,su9_vj_2322,1
llmsim_p5_r10,A,su9_vj_2322,1
llmsim_p1_r5,A,su9_vj_2356,1
llmsim_p1_r6,A,su9_vj_2356,1
llmsim_p1_r7,A,su9_vj_2356,1
llmsim_p1_r8,A,su9_vj_2356,1
llmsim_p1_r9,A,su9_vj_2356,1
llmsim_p1_r10,A,su9_vj_2356,0
llmsim_p2_r5,A,su9_vj_2356,1
llmsim_p2_r6,A,su9_vj_2356,0
llmsim_p2_r7,A,su9_vj_2356,1
llmsim_p2_r8,A,su9_vj_2356,1
llmsim_p2_r9,A,su9_vj_2356,1
llmsim_p2_r10,A,su9_vj_2356,1
llmsim_p3_r5,A,su9_vj_2356,1
llmsim_p3_r6,A,su9_vj_2356,1
llmsim_p3_r7,A,su9_vj_2356,1
llmsim_p3_r8,A,su9_vj_2356,1
llmsim_p3_r9,A,su9_vj_2356,1
llmsim_p3_r10,A,su9_vj_2356,1
llmsim_p4_r5,A,su9_vj_2356,1
llmsim_p4_r6,A,su9_vj_2356,1
llmsim_p4_r7,A,su9_vj_2356,1
llmsim_p4_r8,A,su9_vj_2356,1
llmsim_p4_r9,A,su9_vj_2356,1
llmsim_p4_r10,A,su9_vj_2356,1
llmsim_p5_r5,A,su9_vj_2356,1
llmsim_p5_r6,A,su9_vj_2356,1
llmsim_p5_r7,A,su9_vj_2356,1
llmsim_p5_r8,A,su9_vj_2356,1
llmsim_p5_r9,A,su9_vj_2356,1
llmsim_p5_r10,A,su9_vj_2356,1
llmsim_p1_r5,B,su9_vj_2385,1
llmsim_p1_r6,B,su9_vj_2385,0
llmsim_p1_r7,B,su9_vj_2385,0
llmsim_p1_r8,B,su9_vj_2385,0
llmsim_p1_r9,B,su9_vj_2385,1
llmsim_p1_r10,B,su9_vj_2385,0
llmsim_p2_r5,B,su9_vj_2385,1
llmsim_p2_r6,B,su9_vj_2385,1
llmsim_p2_r7,B,su9_vj_2385,1
llmsim_p2_r8,B,su9_vj_2385,1
llmsim_p2_r9,B,su9_vj_2385,1
llmsim_p2_r10,B,su9_vj_2385,1
llmsim_p3_r5,B,su9_vj_2385,1
llmsim_p3_r6,B,su9_vj_2385,1
llmsim_p3_r7,B,su9_vj_2385,1
llmsim_p3_r8,B,su9_vj_2385,1
llmsim_p3_r9,B,su9_vj_2385,1
llmsim_p3_r10,B,su9_vj_2385,1
llmsim_p4_r5,B,su9_vj_2385,1
llmsim_p4_r6,B,su9_vj_2385,1
llmsim_p4_r7,B,su9_vj_2385,1
llmsim_p4_r8,B,su9_vj_2385,1
llmsim_p4_r9,B,su9_vj_2385,1
llmsim_p4_r10,B,su9_vj_2385,1
llmsim_p5_r5,B,su9_vj_2385,1
llmsim_p5_r6,B,su9_vj_2385,1
llmsim_p5_r7,B,su9_vj_2385,1
llmsim_p5_r8,B,su9_vj_2385,1
llmsim_p5_r9,B,su9_vj_2385,1
llmsim_p5_r10,B,su9_vj_2385,1
llmsim_p1_r5,A,su9_vj_2396,0
llmsim_p1_r6,A,su9_vj_2396,0
llmsim_p1_r7,A,su9_vj_2396,0
llmsim_p1_r8,A,su9_vj_2396,0
llmsim_p1_r9,A,su9_vj_2396,0
llmsim_p1_r10,A,su9_vj_2396,1
llmsim_p2_r5,A,su9_vj_2396,0
llmsim_p2_r6,A,su9_vj_2396,0
llmsim_p2_r7,A,su9_vj_2396,1
llmsim_p2_r8,A,su9_vj_2396,1
llmsim_p2_r9,A,su9_vj_2396,1
llmsim_p2_r10,A,su9_vj_2396,1
llmsim_p3_r5,A,su9_vj_2396,0
llmsim_p3_r6,A,su9_vj_2396,0
llmsim_p3_r7,A,su9_vj_2396,0
llmsim_p3_r8,A,su9_vj_2396,1
llmsim_p3_r9,A,su9_vj_2396,0
llmsim_p3_r10,A,su9_vj_2396,1
llmsim_p4_r5,A,su9_vj_2396,0
llmsim_p4_r6,A,su9_vj_2396,1
llmsim_p4_r7,A,su9_vj_2396,0
llmsim_p4_r8,A,su9_vj_2396,1
llmsim_p4_r9,A,su9_vj_2396,0
llmsim_p4_r10,A,su9_vj_2396,0
llmsim_p5_r5,A,su9_vj_2396,1
llmsim_p5_r6,A,su9_vj_2396,1
llmsim_p5_r7,A,su9_vj_2396,1
llmsim_p5_r8,A,su9_vj_2396,1
llmsim_p5_r9,A,su9_vj_2396,1
llmsim_p5_r10,A,su9_vj_2396,1
llmsim_p1_r5,C,su9_vj_2408,1
llmsim_p1_r6,C,su9_vj_2408,0
llmsim_p1_r7,C,su9_vj_2408,0
llmsim_p1_r8,C,su9_vj_2408,1
llmsim_p1_r9,C,su9_vj_2408,0
llmsim_p1_r10,C,su9_vj_2408,0
llmsim_p2_r5,C,su9_vj_2408,0
llmsim_p2_r6,C,su9_vj_2408,1
llmsim_p2_r7,C,su9_vj_2408,0
llmsim_p2_r8,C,su9_vj_2408,0
llmsim_p2_r9,C,su9_vj_2408,0
llmsim_p2_r10,C,su9_vj_2408,0
llmsim_p3_r5,C,su9_vj_2408,1
llmsim_p3_r6,C,su9_vj_2408,0
llmsim_p3_r7,C,su9_vj_2408,0
llmsim_p3_r8,C,su9_vj_2408,1
llmsim_p3_r9,C,su9_vj_2408,0
llmsim_p3_r10,C,su9_vj_2408,0
llmsim_p4_r5,C,su9_vj_2408,0
llmsim_p4_r6,C,su9_vj_2408,0
llmsim_p4_r7,C,su9_vj_2408,0
llmsim_p4_r8,C,su9_vj_2408,0
llmsim_p4_r9,C,su9_vj_2408,0
llmsim_p4_r10,C,su9_vj_2408,0
llmsim_p5_r5,C,su9_vj_2408,1
llmsim_p5_r6,C,su9_vj_2408,0
llmsim_p5_r7,C,su9_vj_2408,0
llmsim_p5_r8,C,su9_vj_2408,1
llmsim_p5_r9,C,su9_vj_2408,1
llmsim_p5_r10,C,su9_vj_2408,0
llmsim_p1_r5,C,su9_vj_2505,1
llmsim_p1_r6,C,su9_vj_2505,1
llmsim_p1_r7,C,su9_vj_2505,0
llmsim_p1_r8,C,su9_vj_2505,0
llmsim_p1_r9,C,su9_vj_2505,0
llmsim_p1_r10,C,su9_vj_2505,0
llmsim_p2_r5,C,su9_vj_2505,0
llmsim_p2_r6,C,su9_vj_2505,0
llmsim_p2_r7,C,su9_vj_2505,0
llmsim_p2_r8,C,su9_vj_2505,1
llmsim_p2_r9,C,su9_vj_2505,1
llmsim_p2_r10,C,su9_vj_2505,0
llmsim_p3_r5,C,su9_vj_2505,0
llmsim_p3_r6,C,su9_vj_2505,0
llmsim_p3_r7,C,su9_vj_2505,1
llmsim_p3_r8,C,su9_vj_2505,0
llmsim_p3_r9,C,su9_vj_2505,0
llmsim_p3_r10,C,su9_vj_2505,0
llmsim_p4_r5,C,su9_vj_2505,1
llmsim_p4_r6,C,su9_vj_2505,1
llmsim_p4_r7,C,su9_vj_2505,0
llmsim_p4_r8,C,su9_vj_2505,0
llmsim_p4_r9,C,su9_vj_2505,0
llmsim_p4_r10,C,su9_vj_2505,0
llmsim_p5_r5,C,su9_vj_2505,0
llmsim_p5_r6,C,su9_vj_2505,0
llmsim_p5_r7,C,su9_vj_2505,1
llmsim_p5_r8,C,su9_vj_2505,0
llmsim_p5_r9,C,su9_vj_2505,1
llmsim_p5_r10,C,su9_vj_2505,1
llmsim_p1_r5,B,su9_vj_2531,0
llmsim_p1_r6,B,su9_vj_2531,1
llmsim_p1_r7,B,su9_vj_2531,0
llmsim_p1_r8,B,su9_vj_2531,1
llmsim_p1_r9,B,su9_vj_2531,1
llmsim_p1_r10,B,su9_vj_2531,0
llmsim_p2_r5,B,su9_vj_2531,1
llmsim_p2_r6,B,su9_vj_2531,1
llmsim_p2_r7,B,su9_vj_2531,0
llmsim_p2_r8,B,su9_vj_2531,1
llmsim_p2_r9,B,su9_vj_2531,0
llmsim_p2_r10,B,su9_vj_2531,1
llmsim_p3_r5,B,su9_vj_2531,1
llmsim_p3_r6,B,su9_vj_2531,1
llmsim_p3_r7,B,su9_vj_2531,0
llmsim_p3_r8,B,su9_vj_2531,1
llmsim_p3_r9,B,su9_vj_2531,0
llmsim_p3_r10,B,su9_vj_2531,1
llmsim_p4_r5,B,su9_vj_2531,1
llmsim_p4_r6,B,su9_vj_2531,1
llmsim_p4_r7,B,su9_vj_2531,1
llmsim_p4_r8,B,su9_vj_2531,1
llmsim_p4_r9,B,su9_vj_2531,1
llmsim_p4_r10,B,su9_vj_2531,1
llmsim_p5_r5,B,su9_vj_2531,1
llmsim_p5_r6,B,su9_vj_2531,1
llmsim_p5_r7,B,su9_vj_2531,1
llmsim_p5_r8,B,su9_vj_2531,1
llmsim_p5_r9,B,su9_vj_2531,1
llmsim_p5_r10,B,su9_vj_2531,1
llmsim_p1_r5,A,su9_vj_2535,0
llmsim_p1_r6,A,su9_vj_2535,0
llmsim_p1_r7,A,su9_vj_2535,1
llmsim_p1_r8,A,su9_vj_2535,0
llmsim_p1_r9,A,su9_vj_2535,1
llmsim_p1_r10,A,su9_vj_2535,1
llmsim_p2_r5,A,su9_vj_2535,0
llmsim_p2_r6,A,su9_vj_2535,0
llmsim_p2_r7,A,su9_vj_2535,0
llmsim_p2_r8,A,su9_vj_2535,1
llmsim_p2_r9,A,su9_vj_2535,1
llmsim_p2_r10,A,su9_vj_2535,0
llmsim_p3_r5,A,su9_vj_2535,1
llmsim_p3_r6,A,su9_vj_2535,0
llmsim_p3_r7,A,su9_vj_2535,1
llmsim_p3_r8,A,su9_vj_2535,1
llmsim_p3_r9,A,su9_vj_2535,1
llmsim_p3_r10,A,su9_vj_2535,1
llmsim_p4_r5,A,su9_vj_2535,1
llmsim_p4_r6,A,su9_vj_2535,1
llmsim_p4_r7,A,su9_vj_2535,1
llmsim_p4_r8,A,su9_vj_2535,1
llmsim_p4_r9,A,su9_vj_2535,1
llmsim_p4_r10,A,su9_vj_2535,1
llmsim_p5_r5,A,su9_vj_2535,1
llmsim_p5_r6,A,su9_vj_2535,1
llmsim_p5_r7,A,su9_vj_2535,1
llmsim_p5_r8,A,su9_vj_2535,1
llmsim_p5_r9,A,su9_vj_2535,1
llmsim_p5_r10,A,su9_vj_2535,1
llmsim_p1_r5,C,su9_vj_2540,0
llmsim_p1_r6,C,su9_vj_2540,0
llmsim_p1_r7,C,su9_vj_2540,0
llmsim_p1_r8,C,su9_vj_2540,0
llmsim_p1_r9,C,su9_vj_2540,0
llmsim_p1_r10,C,su9_vj_2540,0
llmsim_p2_r5,C,su9_vj_2540,1
llmsim_p2_r6,C,su9_vj_2540,1
llmsim_p2_r7,C,su9_vj_2540,0
llmsim_p2_r8,C,su9_vj_2540,1
llmsim_p2_r9,C,su9_vj_2540,1
llmsim_p2_r10,C,su9_vj_2540,1
llmsim_p3_r5,C,su9_vj_2540,1
llmsim_p3_r6,C,su9_vj_2540,0
llmsim_p3_r7,C,su9_vj_2540,0
llmsim_p3_r8,C,su9_vj_2540,0
llmsim_p3_r9,C,su9_vj_2540,0
llmsim_p3_r10,C,su9_vj_2540,0
llmsim_p4_r5,C,su9_vj_2540,0
llmsim_p4_r6,C,su9_vj_2540,1
llmsim_p4_r7,C,su9_vj_2540,0
llmsim_p4_r8,C,su9_vj_2540,1
llmsim_p4_r9,C,su9_vj_2540,0
llmsim_p4_r10,C,su9_vj_2540,0
llmsim_p5_r5,C,su9_vj_2540,0
llmsim_p5_r6,C,su9_vj_2540,1
llmsim_p5_r7,C,su9_vj_2540,1
llmsim_p5_r8,C,su9_vj_2540,1
llmsim_p5_r9,C,su9_vj_2540,1
llmsim_p5_r10,C,su9_vj_2540,0
llmsim_p1_r5,A,su9_vj_2549,0
llmsim_p1_r6,A,su9_vj_2549,0
llmsim_p1_r7,A,su9_vj_2549,0
llmsim_p1_r8,A,su9_vj_2549,1
llmsim_p1_r9,A,su9_vj_2549,0
llmsim_p1_r10,A,su9_vj_2549,0
llmsim_p2_r5,A,su9_vj_2549,0
llmsim_p2_r6,A,su9_vj_2549,1
llmsim_p2_r7,A,su9_vj_2549,0
llmsim_p2_r8,A,su9_vj_2549,0
llmsim_p2_r9,A,su9_vj_2549,0
llmsim_p2_r10,A,su9_vj_2549,1
llmsim_p3_r5,A,su9_vj_2549,0
llmsim_p3_r6,A,su9_vj_2549,1
llmsim_p3_r7,A,su9_vj_2549,1
llmsim_p3_r8,A,su9_vj_2549,0
llmsim_p3_r9,A,su9_vj_2549,0
llmsim_p3_r10,A,su9_vj_2549,0
llmsim_p4_r5,A,su9_vj_2549,0
llmsim_p4_r6,A,su9_vj_2549,0
llmsim_p4_r7,A,su9_vj_2549,0
llmsim_p4_r8,A,su9_vj_2549,1
llmsim_p4_r9,A,su9_vj_2549,0
llmsim_p4_r10,A,su9_vj_2549,0
llmsim_p5_r5,A,su9_vj_2549,1
llmsim_p5_r6,A,su9_vj_2549,0
llmsim_p5_r7,A,su9_vj_2549,0
llmsim_p5_r8,A,su9_vj_2549,0
llmsim_p5_r9,A,su9_vj_2549,0
llmsim_p5_r10,A,su9_vj_2549,0
llmsim_p1_r5,C,su9_vj_2598,0
llmsim_p1_r6,C,su9_vj_2598,0
llmsim_p1_r7,C,su9_vj_2598,1
llmsim_p1_r8,C,su9_vj_2598,1
llmsim_p1_r9,C,su9_vj_2598,0
llmsim_p1_r10,C,su9_vj_2598,0
llmsim_p2_r5,C,su9_vj_2598,1
llmsim_p2_r6,C,su9_vj_2598,1
llmsim_p2_r7,C,su9_vj_2598,1
llmsim_p2_r8,C,su9_vj_2598,0
llmsim_p2_r9,C,su9_vj_2598,0
llmsim_p2_r10,C,su9_vj_2598,1
llmsim_p3_r5,C,su9_vj_2598,1
llmsim_p3_r6,C,su9_vj_2598,1
llmsim_p3_r7,C,su9_vj_2598,1
llmsim_p3_r8,C,su9_vj_2598,1
llmsim_p3_r9,C,su9_vj_2598,1
llmsim_p3_r10,C,su9_vj_2598,1
llmsim_p4_r5,C,su9_vj_2598,1
llmsim_p4_r6,C,su9_vj_2598,1
llmsim_p4_r7,C,su9_vj_2598,1
llmsim_p4_r8,C,su9_vj_2598,1
llmsim_p4_r9,C,su9_vj_2598,1
llmsim_p4_r10,C,su9_vj_2598,1
llmsim_p5_r5,C,su9_vj_2598,1
llmsim_p5_r6,C,su9_vj_2598,1
llmsim_p5_r7,C,su9_vj_2598,1
llmsim_p5_r8,C,su9_vj_2598,1
llmsim_p5_r9,C,su9_vj_2598,1
llmsim_p5_r10,C,su9_vj_2598,1
llmsim_p1_r5,B,su9_vj_2621,1
llmsim_p1_r6,B,su9_vj_2621,1
llmsim_p1_r7,B,su9_vj_2621,0
llmsim_p1_r8,B,su9_vj_2621,1
llmsim_p1_r9,B,su9_vj_2621,1
llmsim_p1_r10,B,su9_vj_2621,1
llmsim_p2_r5,B,su9_vj_2621,0
llmsim_p2_r6,B,su9_vj_2621,1
llmsim_p2_r7,B,su9_vj_2621,1
llmsim_p2_r8,B,su9_vj_2621,1
llmsim_p2_r9,B,su9_vj_2621,1
llmsim_p2_r10,B,su9_vj_2621,0
llmsim_p3_r5,B,su9_vj_2621,1
llmsim_p3_r6,B,su9_vj_2621,0
llmsim_p3_r7,B,su9_vj_2621,1
llmsim_p3_r8,B,su9_vj_2621,0
llmsim_p3_r9,B,su9_vj_2621,0
llmsim_p3_r10,B,su9_vj_2621,1
llmsim_p4_r5,B,su9_vj_2621,0
llmsim_p4_r6,B,su9_vj_2621,1
llmsim_p4_r7,B,su9_vj_2621,1
llmsim_p4_r8,B,su9_vj_2621,1
llmsim_p4_r9,B,su9_vj_2621,1
llmsim_p4_r10,B,su9_vj_2621,1
llmsim_p5_r5,B,su9_vj_2621,1
llmsim_p5_r6,B,su9_vj_2621,1
llmsim_p5_r7,B,su9_vj_2621,1
llmsim_p5_r8,B,su9_vj_2621,1
llmsim_p5_r9,B,su9_vj_2621,1
llmsim_p5_r10,B,su9_vj_2621,1
llmsim_p1_r5,B,su9_vj_2651,1
llmsim_p1_r6,B,su9_vj_2651,1
llmsim_p1_r7,B,su9_vj_2651,1
llmsim_p1_r8,B,su9_vj_2651,1
llmsim_p1_r9,B,su9_vj_2651,1
llmsim_p1_r10,B,su9_vj_2651,1
llmsim_p2_r5,B,su9_vj_2651,1
llmsim_p2_r6,B,su9_vj_2651,1
llmsim_p2_r7,B,su9_vj_2651,0
llmsim_p2_r8,B,su9_vj_2651,0
llmsim_p2_r9,B,su9_vj_2651,0
llmsim_p2_r10,B,su9_vj_2651,1
llmsim_p3_r5,B,su9_vj_2651,1
llmsim_p3_r6,B,su9_vj_2651,1
llmsim_p3_r7,B,su9_vj_2651,1
llmsim_p3_r8,B,su9_vj_2651,1
llmsim_p3_r9,B,su9_vj_2651,1
llmsim_p3_r10,B,su9_vj_2651,1
llmsim_p4_r5,B,su9_vj_2651,1
llmsim_p4_r6,B,su9_vj_2651,1
llmsim_p4_r7,B,su9_vj_2651,1
llmsim_p4_r8,B,su9_vj_2651,1
llmsim_p4_r9,B,su9_vj_2651,1
llmsim_p4_r10,B,su9_vj_2651,1
llmsim_p5_r5,B,su9_vj_2651,1
llmsim_p5_r6,B,su9_vj_2651,1
llmsim_p5_r7,B,su9_vj_2651,1
llmsim_p5_r8,B,su9_vj_2651,1
llmsim_p5_r9,B,su9_vj_2651,1
llmsim_p5_r10,B,su9_vj_2651,1
llmsim_p1_r5,A,su9_vj_2714,1
llmsim_p1_r6,A,su9_vj_2714,1
llmsim_p1_r7,A,su9_vj_2714,0
llmsim_p1_r8,A,su9_vj_2714,1
llmsim_p1_r9,A,su9_vj_2714,1
llmsim_p1_r10,A,su9_vj_2714,0
llmsim_p2_r5,A,su9_vj_2714,1
llmsim_p2_r6,A,su9_vj_2714,0
llmsim_p2_r7,A,su9_vj_2714,1
llmsim_p2_r8,A,su9_vj_2714,0
llmsim_p2_r9,A,su9_vj_2714,1
llmsim_p2_r10,A,su9_vj_2714,1
llmsim_p3_r5,A,su9_vj_2714,1
llmsim_p3_r6,A,su9_vj_2714,1
llmsim_p3_r7,A,su9_vj_2714,1
llmsim_p3_r8,A,su9_vj_2714,1
llmsim_p3_r9,A,su9_vj_2714,1
llmsim_p3_r10,A,su9_vj_2714,0
llmsim_p4_r5,A,su9_vj_2714,1
llmsim_p4_r6,A,su9_vj_2714,1
llmsim_p4_r7,A,su9_vj_2714,1
llmsim_p4_r8,A,su9_vj_2714,1
llmsim_p4_r9,A,su9_vj_2714,1
llmsim_p4_r10,A,su9_vj_2714,1
llmsim_p5_r5,A,su9_vj_2714,1
llmsim_p5_r6,A,su9_vj_2714,1
llmsim_p5_r7,A,su9_vj_2714,1
llmsim_p5_r8,A,su9_vj_2714,1
llmsim_p5_r9,A,su9_vj_2714,1
llmsim_p5_r10,A,su9_vj_2714,1
llmsim_p1_r5,B,su9_vj_2784,1
llmsim_p1_r6,B,su9_vj_2784,1
llmsim_p1_r7,B,su9_vj_2784,0
llmsim_p1_r8,B,su9_vj_2784,0
llmsim_p1_r9,B,su9_vj_2784,1
llmsim_p1_r10,B,su9_vj_2784,0
llmsim_p2_r5,B,su9_vj_2784,0
llmsim_p2_r6,B,su9_vj_2784,0
llmsim_p2_r7,B,su9_vj_2784,0
llmsim_p2_r8,B,su9_vj_2784,1
llmsim_p2_r9,B,su9_vj_2784,1
llmsim_p2_r10,B,su9_vj_2784,0
llmsim_p3_r5,B,su9_vj_2784,0
llmsim_p3_r6,B,su9_vj_2784,1
llmsim_p3_r7,B,su9_vj_2784,1
llmsim_p3_r8,B,su9_vj_2784,0
llmsim_p3_r9,B,su9_vj_2784,1
llmsim_p3_r10,B,su9_vj_2784,0
llmsim_p4_r5,B,su9_vj_2784,1
llmsim_p4_r6,B,su9_vj_2784,0
llmsim_p4_r7,B,su9_vj_2784,0
llmsim_p4_r8,B,su9_vj_2784,1
llmsim_p4_r9,B,su9_vj_2784,0
llmsim_p4_r10,B,su9_vj_2784,0
llmsim_p5_r5,B,su9_vj_2784,1
llmsim_p5_r6,B,su9_vj_2784,0
llmsim_p5_r7,B,su9_vj_2784,1
llmsim_p5_r8,B,su9_vj_2784,1
llmsim_p5_r9,B,su9_vj_2784,1
llmsim_p1_r5,B,su9_vj_2827,1
llmsim_p1_r6,B,su9_vj_2827,0
llmsim_p1_r7,B,su9_vj_2827,0
llmsim_p1_r8,B,su9_vj_2827,1
llmsim_p1_r9,B,su9_vj_2827,0
llmsim_p1_r10,B,su9_vj_2827,0
llmsim_p2_r5,B,su9_vj_2827,0
llmsim_p2_r6,B,su9_vj_2827,0
llmsim_p2_r7,B,su9_vj_2827,0
llmsim_p2_r8,B,su9_vj_2827,0
llmsim_p2_r9,B,su9_vj_2827,0
llmsim_p2_r10,B,su9_vj_2827,0
llmsim_p3_r5,B,su9_vj_2827,1
llmsim_p3_r6,B,su9_vj_2827,1
llmsim_p3_r7,B,su9_vj_2827,0
llmsim_p3_r8,B,su9_vj_2827,0
llmsim_p3_r9,B,su9_vj_2827,0
llmsim_p3_r10,B,su9_vj_2827,1
llmsim_p4_r5,B,su9_vj_2827,1
llmsim_p4_r6,B,su9_vj_2827,0
llmsim_p4_r7,B,su9_vj_2827,1
llmsim_p4_r8,B,su9_vj_2827,1
llmsim_p4_r9,B,su9_vj_2827,1
llmsim_p4_r10,B,su9_vj_2827,1
llmsim_p5_r5,B,su9_vj_2827,1
llmsim_p5_r6,B,su9_vj_2827,1
llmsim_p5_r7,B,su9_vj_2827,1
llmsim_p5_r8,B,su9_vj_2827,1
llmsim_p5_r9,B,su9_vj_2827,1
llmsim_p5_r10,B,su9_vj_2827,1
llmsim_p1_r5,B,su9_vj_2838,1
llmsim_p1_r6,B,su9_vj_2838,0
llmsim_p1_r7,B,su9_vj_2838,0
llmsim_p1_r8,B,su9_vj_2838,1
llmsim_p1_r9,B,su9_vj_2838,1
llmsim_p1_r10,B,su9_vj_2838,1
llmsim_p2_r5,B,su9_vj_2838,1
llmsim_p2_r6,B,su9_vj_2838,1
llmsim_p2_r7,B,su9_vj_2838,1
llmsim_p2_r8,B,su9_vj_2838,1
llmsim_p2_r9,B,su9_vj_2838,0
llmsim_p2_r10,B,su9_vj_2838,0
llmsim_p3_r5,B,su9_vj_2838,0
llmsim_p3_r6,B,su9_vj_2838,1
llmsim_p3_r7,B,su9_vj_2838,1
llmsim_p3_r8,B,su9_vj_2838,1
llmsim_p3_r9,B,su9_vj_2838,0
llmsim_p3_r10,B,su9_vj_2838,1
llmsim_p4_r5,B,su9_vj_2838,1
llmsim_p4_r6,B,su9_vj_2838,1
llmsim_p4_r7,B,su9_vj_2838,1
llmsim_p4_r8,B,su9_vj_2838,1
llmsim_p4_r9,B,su9_vj_2838,1
llmsim_p4_r10,B,su9_vj_2838,1
llmsim_p5_r5,B,su9_vj_2838,1
llmsim_p5_r6,B,su9_vj_2838,1
llmsim_p5_r7,B,su9_vj_2838,1
llmsim_p5_r8,B,su9_vj_2838,1
llmsim_p5_r9,B,su9_vj_2838,1
llmsim_p5_r10,B,su9_vj_2838,1
llmsim_p1_r5,B,su9_vj_2857,0
llmsim_p1_r6,B,su9_vj_2857,0
llmsim_p1_r7,B,su9_vj_2857,1
llmsim_p1_r8,B,su9_vj_2857,0
llmsim_p1_r9,B,su9_vj_2857,0
llmsim_p1_r10,B,su9_vj_2857,0
llmsim_p2_r5,B,su9_vj_2857,0
llmsim_p2_r6,B,su9_vj_2857,1
llmsim_p2_r7,B,su9_vj_2857,0
llmsim_p2_r8,B,su9_vj_2857,1
llmsim_p2_r9,B,su9_vj_2857,1
llmsim_p2_r10,B,su9_vj_2857,1
llmsim_p3_r5,B,su9_vj_2857,1
llmsim_p3_r6,B,su9_vj_2857,1
llmsim_p3_r7,B,su9_vj_2857,1
llmsim_p3_r8,B,su9_vj_2857,1
llmsim_p3_r9,B,su9_vj_2857,1
llmsim_p3_r10,B,su9_vj_2857,1
llmsim_p4_r5,B,su9_vj_2857,1
llmsim_p4_r6,B,su9_vj_2857,1
llmsim_p4_r7,B,su9_vj_2857,1
llmsim_p4_r8,B,su9_vj_2857,0
llmsim_p4_r9,B,su9_vj_2857,1
llmsim_p4_r10,B,su9_vj_2857,1
llmsim_p5_r5,B,su9_vj_2857,1
llmsim_p5_r6,B,su9_vj_2857,1
llmsim_p5_r7,B,su9_vj_2857,1
llmsim_p5_r8,B,su9_vj_2857,1
llmsim_p5_r9,B,su9_vj_2857,1
llmsim_p5_r10,B,su9_vj_2857,1
llmsim_p1_r5,C,su9_vj_2859,0
llmsim_p1_r6,C,su9_vj_2859,1
llmsim_p1_r7,C,su9_vj_2859,1
llmsim_p1_r8,C,su9_vj_2859,1
llmsim_p1_r9,C,su9_vj_2859,1
llmsim_p1_r10,C,su9_vj_2859,1
llmsim_p2_r5,C,su9_vj_2859,1
llmsim_p2_r6,C,su9_vj_2859,0
llmsim_p2_r7,C,su9_vj_2859,0
llmsim_p2_r8,C,su9_vj_2859,0
llmsim_p2_r9,C,su9_vj_2859,1
llmsim_p2_r10,C,su9_vj_2859,1
llmsim_p3_r5,C,su9_vj_2859,1
llmsim_p3_r6,C,su9_vj_2859,1
llmsim_p3_r7,C,su9_vj_2859,1
llmsim_p3_r8,C,su9_vj_2859,1
llmsim_p3_r9,C,su9_vj_2859,1
llmsim_p3_r10,C,su9_vj_2859,1
llmsim_p4_r5,C,su9_vj_2859,1
llmsim_p4_r6,C,su9_vj_2859,1
llmsim_p4_r7,C,su9_vj_2859,1
llmsim_p4_r8,C,su9_vj_2859,1
llmsim_p4_r9,C,su9_vj_2859,1
llmsim_p4_r10,C,su9_vj_2859,1
llmsim_p5_r5,C,su9_vj_2859,1
llmsim_p5_r6,C,su9_vj_2859,1
llmsim_p5_r7,C,su9_vj_2859,1
llmsim_p5_r8,C,su9_vj_2859,1
llmsim_p5_r9,C,su9_vj_2859,1
llmsim_p5_r10,C,su9_vj_2859,1
llmsim_p1_r5,B,su9_vj_2913,1
llmsim_p1_r6,B,su9_vj_2913,1
llmsim_p1_r7,B,su9_vj_2913,1
llmsim_p1_r8,B,su9_vj_2913,1
llmsim_p1_r9,B,su9_vj_2913,1
llmsim_p1_r10,B,su9_vj_2913,1
llmsim_p2_r5,B,su9_vj_2913,1
llmsim_p2_r6,B,su9_vj_2913,1
llmsim_p2_r7,B,su9_vj_2913,1
llmsim_p2_r8,B,su9_vj_2913,0
llmsim_p2_r9,B,su9_vj_2913,1
llmsim_p2_r10,B,su9_vj_2913,0
llmsim_p3_r5,B,su9_vj_2913,0
llmsim_p3_r6,B,su9_vj_2913,1
llmsim_p3_r7,B,su9_vj_2913,1
llmsim_p3_r8,B,su9_vj_2913,0
llmsim_p3_r9,B,su9_vj_2913,1
llmsim_p3_r10,B,su9_vj_2913,1
llmsim_p4_r5,B,su9_vj_2913,1
llmsim_p4_r6,B,su9_vj_2913,1
llmsim_p4_r7,B,su9_vj_2913,0
llmsim_p4_r8,B,su9_vj_2913,0
llmsim_p4_r9,B,su9_vj_2913,1
llmsim_p4_r10,B,su9_vj_2913,1
llmsim_p5_r5,B,su9_vj_2913,1
llmsim_p5_r6,B,su9_vj_2913,0
llmsim_p5_r7,B,su9_vj_2913,0
llmsim_p5_r8,B,su9_vj_2913,0
llmsim_p5_r9,B,su9_vj_2913,1
llmsim_p5_r10,B,su9_vj_2913,0
llmsim_p1_r5,A,su9_vj_2924,0
llmsim_p1_r6,A,su9_vj_2924,0
llmsim_p1_r7,A,su9_vj_2924,1
llmsim_p1_r8,A,su9_vj_2924,0
llmsim_p1_r9,A,su9_vj_2924,1
llmsim_p1_r10,A,su9_vj_2924,0
llmsim_p2_r5,A,su9_vj_2924,0
llmsim_p2_r6,A,su9_vj_2924,0
llmsim_p2_r7,A,su9_vj_2924,0
llmsim_p2_r8,A,su9_vj_2924,0
llmsim_p2_r9,A,su9_vj_2924,1
llmsim_p2_r10,A,su9_vj_2924,1
llmsim_p3_r5,A,su9_vj_2924,1
llmsim_p3_r6,A,su9_vj_2924,1
llmsim_p3_r7,A,su9_vj_2924,0
llmsim_p3_r8,A,su9_vj_2924,0
llmsim_p3_r9,A,su9_vj_2924,0
llmsim_p3_r10,A,su9_vj_2924,1
llmsim_p4_r5,A,su9_vj_2924,1
llmsim_p4_r6,A,su9_vj_2924,1
llmsim_p4_r7,A,su9_vj_2924,1
llmsim_p4_r8,A,su9_vj_2924,1
llmsim_p4_r9,A,su9_vj_2924,1
llmsim_p4_r10,A,su9_vj_2924,1
llmsim_p5_r5,A,su9_vj_2924,1
llmsim_p5_r6,A,su9_vj_2924,1
llmsim_p5_r7,A,su9_vj_2924,1
llmsim_p5_r8,A,su9_vj_2924,1
llmsim_p5_r9,A,su9_vj_2924,0
llmsim_p5_r10,A,su9_vj_2924,1
llmsim_p1_r5,A,su9_vj_2926,0
llmsim_p1_r6,A,su9_vj_2926,0
llmsim_p1_r7,A,su9_vj_2926,1
llmsim_p1_r8,A,su9_vj_2926,1
llmsim_p1_r9,A,su9_vj_2926,0
llmsim_p1_r10,A,su9_vj_2926,1
llmsim_p2_r5,A,su9_vj_2926,1
llmsim_p2_r6,A,su9_vj_2926,0
llmsim_p2_r7,A,su9_vj_2926,0
llmsim_p2_r8,A,su9_vj_2926,0
llmsim_p2_r9,A,su9_vj_2926,1
llmsim_p2_r10,A,su9_vj_2926,0
llmsim_p3_r5,A,su9_vj_2926,1
llmsim_p3_r6,A,su9_vj_2926,0
llmsim_p3_r7,A,su9_vj_2926,1
llmsim_p3_r8,A,su9_vj_2926,1
llmsim_p3_r9,A,su9_vj_2926,1
llmsim_p3_r10,A,su9_vj_2926,1
llmsim_p4_r5,A,su9_vj_2926,1
llmsim_p4_r6,A,su9_vj_2926,1
llmsim_p4_r7,A,su9_vj_2926,1
llmsim_p4_r8,A,su9_vj_2926,1
llmsim_p4_r9,A,su9_vj_2926,1
llmsim_p4_r10,A,su9_vj_2926,1
llmsim_p5_r5,A,su9_vj_2926,1
llmsim_p5_r6,A,su9_vj_2926,1
llmsim_p5_r7,A,su9_vj_2926,1
llmsim_p5_r8,A,su9_vj_2926,1
llmsim_p5_r9,A,su9_vj_2926,1
llmsim_p5_r10,A,su9_vj_2926,1
llmsim_p1_r5,C,su9_vj_2933,1
llmsim_p1_r6,C,su9_vj_2933,1
llmsim_p1_r7,C,su9_vj_2933,0
llmsim_p1_r8,C,su9_vj_2933,0
llmsim_p1_r9,C,su9_vj_2933,1
llmsim_p1_r10,C,su9_vj_2933,1
llmsim_p2_r5,C,su9_vj_2933,1
llmsim_p2_r6,C,su9_vj_2933,0
llmsim_p2_r7,C,su9_vj_2933,1
llmsim_p2_r8,C,su9_vj_2933,1
llmsim_p2_r9,C,su9_vj_2933,0
llmsim_p2_r10,C,su9_vj_2933,0
llmsim_p3_r5,C,su9_vj_2933,1
llmsim_p3_r6,C,su9_vj_2933,0
llmsim_p3_r7,C,su9_vj_2933,1
llmsim_p3_r8,C,su9_vj_2933,1
llmsim_p3_r9,C,su9_vj_2933,0
llmsim_p3_r10,C,su9_vj_2933,1
llmsim_p4_r5,C,su9_vj_2933,1
llmsim_p4_r6,C,su9_vj_2933,1
llmsim_p4_r7,C,su9_vj_2933,1
llmsim_p4_r8,C,su9_vj_2933,1
llmsim_p4_r9,C,su9_vj_2933,1
llmsim_p4_r10,C,su9_vj_2933,1
llmsim_p5_r5,C,su9_vj_2933,1
llmsim_p5_r6,C,su9_vj_2933,1
llmsim_p5_r7,C,su9_vj_2933,1
llmsim_p5_r8,C,su9_vj_2933,1
llmsim_p5_r9,C,su9_vj_2933,0
llmsim_p5_r10,C,su9_vj_2933,1
llmsim_p1_r5,A,su9_vj_2935,1
llmsim_p1_r6,A,su9_vj_2935,0
llmsim_p1_r7,A,su9_vj_2935,1
llmsim_p1_r8,A,su9_vj_2935,0
llmsim_p1_r9,A,su9_vj_2935,0
llmsim_p1_r10,A,su9_vj_2935,0
llmsim_p2_r5,A,su9_vj_2935,1
llmsim_p2_r6,A,su9_vj_2935,0
llmsim_p2_r7,A,su9_vj_2935,1
llmsim_p2_r8,A,su9_vj_2935,1
llmsim_p2_r9,A,su9_vj_2935,0
llmsim_p2_r10,A,su9_vj_2935,1
llmsim_p3_r5,A,su9_vj_2935,1
llmsim_p3_r6,A,su9_vj_2935,1
llmsim_p3_r7,A,su9_vj_2935,1
llmsim_p3_r8,A,su9_vj_2935,1
llmsim_p3_r9,A,su9_vj_2935,1
llmsim_p3_r10,A,su9_vj_2935,1
llmsim_p4_r5,A,su9_vj_2935,1
llmsim_p4_r6,A,su9_vj_2935,1
llmsim_p4_r7,A,su9_vj_2935,1
llmsim_p4_r8,A,su9_vj_2935,1
llmsim_p4_r9,A,su9_vj_2935,1
llmsim_p4_r10,A,su9_vj_2935,1
llmsim_p5_r5,A,su9_vj_2935,1
llmsim_p5_r6,A,su9_vj_2935,1
llmsim_p5_r7,A,su9_vj_2935,1
llmsim_p5_r8,A,su9_vj_2935,1
llmsim_p5_r9,A,su9_vj_2935,1
llmsim_p5_r10,A,su9_vj_2935,1
llmsim_p1_r5,B,su9_vj_2963,0
llmsim_p1_r6,B,su9_vj_2963,1
llmsim_p1_r7,B,su9_vj_2963,1
llmsim_p1_r8,B,su9_vj_2963,0
llmsim_p1_r9,B,su9_vj_2963,1
llmsim_p1_r10,B,su9_vj_2963,1
llmsim_p2_r5,B,su9_vj_2963,1
llmsim_p2_r6,B,su9_vj_2963,1
llmsim_p2_r7,B,su9_vj_2963,1
llmsim_p2_r8,B,su9_vj_2963,1
llmsim_p2_r9,B,su9_vj_2963,0
llmsim_p2_r10,B,su9_vj_2963,1
llmsim_p3_r5,B,su9_vj_2963,1
llmsim_p3_r6,B,su9_vj_2963,1
llmsim_p3_r7,B,su9_vj_2963,0
llmsim_p3_r8,B,su9_vj_2963,0
llmsim_p3_r9,B,su9_vj_2963,1
llmsim_p3_r10,B,su9_vj_2963,1
llmsim_p4_r5,B,su9_vj_2963,1
llmsim_p4_r6,B,su9_vj_2963,1
llmsim_p4_r7,B,su9_vj_2963,1
llmsim_p4_r8,B,su9_vj_2963,1
llmsim_p4_r9,B,su9_vj_2963,1
llmsim_p4_r10,B,su9_vj_2963,1
llmsim_p5_r5,B,su9_vj_2963,1
llmsim_p5_r6,B,su9_vj_2963,1
llmsim_p5_r7,B,su9_vj_2963,1
llmsim_p5_r8,B,su9_vj_2963,1
llmsim_p5_r9,B,su9_vj_2963,1
llmsim_p5_r10,B,su9_vj_2963,1
llmsim_p1_r5,C,su9_vj_3025,1
llmsim_p1_r6,C,su9_vj_3025,0
llmsim_p1_r7,C,su9_vj_3025,0
llmsim_p1_r8,C,su9_vj_3025,0
llmsim_p1_r9,C,su9_vj_3025,1
llmsim_p1_r10,C,su9_vj_3025,1
llmsim_p2_r5,C,su9_vj_3025,1
llmsim_p2_r6,C,su9_vj_3025,0
llmsim_p2_r7,C,su9_vj_3025,1
llmsim_p2_r8,C,su9_vj_3025,1
llmsim_p2_r9,C,su9_vj_3025,0
llmsim_p2_r10,C,su9_vj_3025,1
llmsim_p3_r5,C,su9_vj_3025,1
llmsim_p3_r6,C,su9_vj_3025,1
llmsim_p3_r7,C,su9_vj_3025,0
llmsim_p3_r8,C,su9_vj_3025,0
llmsim_p3_r9,C,su9_vj_3025,1
llmsim_p3_r10,C,su9_vj_3025,1
llmsim_p4_r5,C,su9_vj_3025,1
llmsim_p4_r6,C,su9_vj_3025,0
llmsim_p4_r7,C,su9_vj_3025,1
llmsim_p4_r8,C,su9_vj_3025,1
llmsim_p4_r9,C,su9_vj_3025,0
llmsim_p4_r10,C,su9_vj_3025,1
llmsim_p5_r5,C,su9_vj_3025,1
llmsim_p5_r6,C,su9_vj_3025,1
llmsim_p5_r7,C,su9_vj_3025,0
llmsim_p5_r8,C,su9_vj_3025,1
llmsim_p5_r9,C,su9_vj_3025,1
llmsim_p5_r10,C,su9_vj_3025,0
llmsim_p1_r5,A,su9_vj_3052,1
llmsim_p1_r6,A,su9_vj_3052,1
llmsim_p1_r7,A,su9_vj_3052,1
llmsim_p1_r8,A,su9_vj_3052,1
llmsim_p1_r9,A,su9_vj_3052,0
llmsim_p1_r10,A,su9_vj_3052,0
llmsim_p2_r5,A,su9_vj_3052,1
llmsim_p2_r6,A,su9_vj_3052,1
llmsim_p2_r7,A,su9_vj_3052,0
llmsim_p2_r8,A,su9_vj_3052,0
llmsim_p2_r9,A,su9_vj_3052,1
llmsim_p2_r10,A,su9_vj_3052,1
llmsim_p3_r5,A,su9_vj_3052,1
llmsim_p3_r6,A,su9_vj_3052,1
llmsim_p3_r7,A,su9_vj_3052,0
llmsim_p3_r8,A,su9_vj_3052,1
llmsim_p3_r9,A,su9_vj_3052,0
llmsim_p3_r10,A,su9_vj_3052,1
llmsim_p4_r5,A,su9_vj_3052,1
llmsim_p4_r6,A,su9_vj_3052,1
llmsim_p4_r7,A,su9_vj_3052,0
llmsim_p4_r8,A,su9_vj_3052,1
llmsim_p4_r9,A,su9_vj_3052,1
llmsim_p4_r10,A,su9_vj_3052,1
llmsim_p5_r5,A,su9_vj_3052,1
llmsim_p5_r6,A,su9_vj_3052,1
llmsim_p5_r7,A,su9_vj_3052,1
llmsim_p5_r8,A,su9_vj_3052,1
llmsim_p5_r9,A,su9_vj_3052,1
llmsim_p5_r10,A,su9_vj_3052,1
llmsim_p1_r5,A,su9_vj_3082,1
llmsim_p1_r6,A,su9_vj_3082,1
llmsim_p1_r7,A,su9_vj_3082,0
llmsim_p1_r8,A,su9_vj_3082,0
llmsim_p1_r9,A,su9_vj_3082,0
llmsim_p1_r10,A,su9_vj_3082,0
llmsim_p2_r5,A,su9_vj_3082,0
llmsim_p2_r6,A,su9_vj_3082,0
llmsim_p2_r7,A,su9_vj_3082,1
llmsim_p2_r8,A,su9_vj_3082,0
llmsim_p2_r9,A,su9_vj_3082,1
llmsim_p2_r10,A,su9_vj_3082,0
llmsim_p3_r5,A,su9_vj_3082,1
llmsim_p3_r6,A,su9_vj_3082,0
llmsim_p3_r7,A,su9_vj_3082,1
llmsim_p3_r8,A,su9_vj_3082,0
llmsim_p3_r9,A,su9_vj_3082,0
llmsim_p3_r10,A,su9_vj_3082,1
llmsim_p4_r5,A,su9_vj_3082,1
llmsim_p4_r6,A,su9_vj_3082,1
llmsim_p4_r7,A,su9_vj_3082,1
llmsim_p4_r8,A,su9_vj_3082,0
llmsim_p4_r9,A,su9_vj_3082,1
llmsim_p4_r10,A,su9_vj_3082,1
llmsim_p5_r5,A,su9_vj_3082,1
llmsim_p5_r6,A,su9_vj_3082,1
llmsim_p5_r7,A,su9_vj_3082,1
llmsim_p5_r8,A,su9_vj_3082,1
llmsim_p5_r9,A,su9_vj_3082,1
llmsim_p5_r10,A,su9_vj_3082,1
llmsim_p1_r5,C,su9_vj_3121,1
llmsim_p1_r6,C,su9_vj_3121,0
llmsim_p1_r7,C,su9_vj_3121,1
llmsim_p1_r8,C,su9_vj_3121,1
llmsim_p1_r9,C,su9_vj_3121,1
llmsim_p1_r10,C,su9_vj_3121,1
llmsim_p2_r5,C,su9_vj_3121,1
llmsim_p2_r6,C,su9_vj_3121,1
llmsim_p2_r7,C,su9_vj_3121,0
llmsim_p2_r8,C,su9_vj_3121,0
llmsim_p2_r9,C,su9_vj_3121,1
llmsim_p2_r10,C,su9_vj_3121,1
llmsim_p3_r5,C,su9_vj_3121,1
llmsim_p3_r6,C,su9_vj_3121,1
llmsim_p3_r7,C,su9_vj_3121,1
llmsim_p3_r8,C,su9_vj_3121,1
llmsim_p3_r9,C,su9_vj_3121,1
llmsim_p3_r10,C,su9_vj_3121,1
llmsim_p4_r5,C,su9_vj_3121,1
llmsim_p4_r6,C,su9_vj_3121,1
llmsim_p4_r7,C,su9_vj_3121,1
llmsim_p4_r8,C,su9_vj_3121,1
llmsim_p4_r9,C,su9_vj_3121,1
llmsim_p4_r10,C,su9_vj_3121,1
llmsim_p5_r5,C,su9_vj_3121,1
llmsim_p5_r6,C,su9_vj_3121,1
llmsim_p5_r7,C,su9_vj_3121,1
llmsim_p5_r8,C,su9_vj_3121,1
llmsim_p5_r9,C,su9_vj_3121,1
llmsim_p5_r10,C,su9_vj_3121,1
