id,mean_semantic_sim,max_sim,min_sim,std_sim,range_sim,mean_jaccard_sim,std_jaccard_sim,mean_entity_overlap,max_entity_overlap,mean_inter_semantic_sim,std_inter_semantic_sim,PPL_Stem,PPL_Option_Mean,PPL_Gap,PPL_Range,is_Why,is_How,is_When,is_Compare,is_Negation,Bloom_Label
1,0.8901872634887695,0.9179547429084778,0.871351420879364,0.0200465787202119,0.0466033220291137,0.2,2.775557561562892e-17,0.0,0.0,0.8665687441825867,0.0085412403568625,44.21025085449219,51.91018486022949,7.699934005737305,11.327945709228516,0,0,0,0,0,Remember
2,0.8248567581176758,0.8530576825141907,0.79069983959198,0.0258034914731979,0.0623578429222106,0.0555555555555555,0.0785674201318386,0.0,0.0,0.8213803172111511,0.0255637038499116,36.797489166259766,35.45661449432373,1.3408746719360352,15.251169204711914,0,0,0,0,1,Understand
3,0.8632743954658508,0.8852735161781311,0.8244219422340393,0.0275530591607093,0.0608515739440918,0.2874577748719625,0.022454827281057,0.0,0.0,0.8543742299079895,0.0274733901023864,33.54276657104492,35.41684293746948,1.8740763664245603,16.33411979675293,0,0,0,0,0,Remember
4,0.8561058044433594,0.8638660311698914,0.8428316712379456,0.0094309458509087,0.0210343599319458,0.0296442687747035,0.0209771848854949,0.0,0.0,0.8571898341178894,0.0216966029256582,43.35961151123047,41.27939701080322,2.080214500427246,36.99710464477539,0,0,0,0,0,Remember
5,0.803111732006073,0.8408526182174683,0.7309646010398865,0.0510338582098484,0.1098880171775817,0.0,0.0,0.0,0.0,0.8015448451042175,0.033448226749897,91.93536376953124,11456.92088508606,11364.985521316528,45453.47261810303,0,0,0,0,0,Remember
6,0.7771880626678467,0.7945902943611145,0.7533242106437683,0.0174554139375686,0.0412660837173461,0.3222222222222222,0.0157134840263677,0.0,0.0,0.7856958508491516,0.0055327848531305,23.51051521301269,64.45923328399658,40.94871807098389,63.27044677734375,0,0,0,0,1,Remember
7,0.7885122299194336,0.7903338670730591,0.7866906523704529,0.0018216073513031,0.0036432147026062,0.0,0.0,0.0,0.0,0.8367905616760254,0.0,48.59857940673828,72.30238469441731,23.70380528767903,68.54347229003906,0,0,0,0,0,Remember
8,0.7677103877067566,0.7818849086761475,0.7470285892486572,0.0149554815143346,0.0348563194274902,0.0284202569916855,0.0201506669121108,0.0,0.0,0.8072302341461182,0.0434043109416961,84.70484161376953,30.326452255249023,54.37838935852051,32.0081729888916,0,0,0,0,0,Remember
9,0.883525550365448,0.8924936056137085,0.8777168989181519,0.00643295282498,0.0147767066955566,0.0,0.0,0.0,0.0,0.8739709258079529,0.0091153737157583,16.70374298095703,252.55889129638672,235.8551483154297,624.2038345336914,0,0,0,0,0,Analyze
10,0.8221468925476074,0.8328465223312378,0.8031596541404724,0.0134620545431971,0.0296868681907653,0.1486068111455108,0.0748603140694412,0.0,0.0,0.8626047968864441,0.0195782333612442,37.81515502929688,72.19374465942383,34.37858963012695,65.21927261352539,0,0,0,0,0,Remember
11,0.8809393048286438,0.8949002027511597,0.8671737313270569,0.0113201271742582,0.0277264714241027,0.0,0.0,0.0,0.0,0.8703696727752686,0.0055206632241606,42.964752197265625,195.7455883026123,152.78083610534668,414.9125289916992,0,0,0,0,0,Understand
12,0.8238309025764465,0.8469567894935608,0.777696967124939,0.0326216407120227,0.0692598223686218,0.0913419913419913,0.035981986779852,0.0,0.0,0.8471415042877197,0.0316707119345665,63.11506271362305,59.44642353057861,3.6686391830444336,35.417598724365234,0,0,0,0,1,Understand
13,0.891751766204834,0.926578164100647,0.8690537214279175,0.0250011850148439,0.0575244426727294,0.3333333333333333,0.0,0.0,0.0,0.8580212593078613,0.0175198931246995,26.672719955444336,66.13229465484619,39.459574699401855,54.430641174316406,0,0,0,0,0,Remember
14,0.7931120991706848,0.82588791847229,0.7627020478248596,0.02584969997406,0.0631858706474304,0.3395493395493396,0.0914619360967344,0.0,0.0,0.7605406641960144,0.0325631499290466,47.810646057128906,30.32626819610596,17.48437786102295,19.44872665405273,0,0,0,0,0,Analyze
15,0.7867857813835144,0.8261708617210388,0.7287896871566772,0.0418771915137767,0.0973811745643615,0.2519607843137255,0.142807840121989,0.0,0.0,0.8610081076622009,0.0152415875345468,33.812686920166016,46.82393455505371,13.011247634887695,30.183013916015625,0,0,0,0,0,Understand
16,0.8931129574775696,0.9338195323944092,0.8546000719070435,0.0323783867061138,0.0792194604873657,0.2962962962962963,0.0523782800878924,0.0,0.0,0.8507957458496094,0.0252899695187807,25.84926986694336,70.6208381652832,44.77156829833984,54.430641174316406,0,0,0,0,0,Remember
18,0.8834277987480164,0.8944975137710571,0.876572847366333,0.0079013332724571,0.0179246664047241,0.0,0.0,0.0,0.0,0.9231616854667664,0.0118786767125129,41.55818176269531,691.1371154785156,649.5789337158203,1444.8005676269531,0,0,0,0,1,Remember
19,0.7965968251228333,0.8231188058853149,0.7527904510498047,0.0312045309692621,0.0703283548355102,0.3222222222222222,0.0157134840263677,0.0,0.0,0.8160197138786316,0.004045502282679,24.49089241027832,63.953426361083984,39.462533950805664,59.423095703125,0,0,0,0,1,Remember
20,0.7244661450386047,0.7871004939079285,0.6702454090118408,0.0480754189193248,0.1168550848960876,0.0,0.0,0.0,0.0,0.7780531048774719,0.0179865304380655,32.30495071411133,42.911126136779785,10.606175422668455,43.34560394287109,0,0,0,0,0,Understand
21,0.9813544750213624,0.9813544750213624,0.9813544750213624,0.0,0.0,0.0,0.0,0.0,0.0,0.0,0.0,29.56242561340332,1902.5765075683596,1873.014081954956,3230.844055175781,0,0,0,0,1,Apply
22,0.8738242983818054,0.8907712697982788,0.8404732346534729,0.0235838051885366,0.0502980351448059,0.0,0.0,0.0,0.0,0.8643279075622559,0.0199886448681354,22.343324661254883,324.47150325775146,302.1281785964966,1090.111228942871,0,0,0,0,0,Apply
23,0.9097115397453308,0.946195125579834,0.8690981864929199,0.0316098667681217,0.077096939086914,0.0555555555555555,0.0785674201318386,0.0,0.0,0.8641092777252197,0.033530618995428,63.66770553588867,237.6201019287109,173.9523963928223,391.34576416015625,0,0,0,0,0,Remember
24,0.7004058957099915,0.705376148223877,0.6926581859588623,0.005551126319915,0.0127179622650146,0.0,0.0,0.0,0.0,0.8235940933227539,0.0122312242165207,43.785400390625,56.50843811035156,12.723037719726562,33.23105239868164,0,0,0,0,0,Understand
25,0.5802898406982422,0.5913232564926147,0.5615307092666626,0.0133332656696438,0.0297925472259521,0.0128205128205128,0.0181309431073473,0.0,0.0,0.8117666244506836,0.0191378947347402,50.70055770874024,42.89008808135986,7.810469627380371,50.36824417114258,0,0,0,0,0,Understand
26,0.8221931457519531,0.8413554430007935,0.8026900291442871,0.0157869271934032,0.0386654138565063,0.0,0.0,0.0,0.0,0.8580772280693054,0.0240246597677469,46.803836822509766,88.37474393844604,41.57090711593628,178.26431846618652,0,0,0,0,0,Remember
27,0.8037534356117249,0.8667565584182739,0.7087062001228333,0.0683866366744041,0.1580503582954406,0.0,0.0,0.0,0.0,0.8050910830497742,0.0308570265769958,20.00297164916992,44.50697708129883,24.504005432128903,49.52202606201172,0,0,0,0,0,Understand
28,0.789156436920166,0.8344133496284485,0.7031834125518799,0.0608203932642936,0.1312299370765686,0.0606060606060606,0.0428549564355483,0.0,0.0,0.7348435521125793,0.0509315282106399,43.785400390625,56.50843811035156,12.723037719726562,33.23105239868164,0,0,0,0,0,Understand
29,0.9002634882926941,0.946195125579834,0.843170702457428,0.0427935905754566,0.103024423122406,0.0555555555555555,0.0785674201318386,0.0,0.0,0.8735573291778564,0.0312308426946401,63.66770553588867,237.6201019287109,173.9523963928223,391.34576416015625,0,0,0,0,0,Remember
30,0.8113418221473694,0.8429886102676392,0.7892558574676514,0.0229544192552566,0.0537327527999877,0.2397186147186147,0.0263137653635706,0.0,0.0,0.8493226170539856,0.0335729606449604,32.63546371459961,33.28653144836426,0.6510677337646484,12.614322662353516,0,0,0,0,0,Remember
31,0.851463794708252,0.8753659725189209,0.8363844156265259,0.0170932970941066,0.038981556892395,0.0,0.0,0.0,0.0,0.8057271838188171,0.0225685108453035,46.803836822509766,96.56425189971924,49.76041507720947,72.0490608215332,0,0,0,0,0,Remember
32,0.8738242983818054,0.8907712697982788,0.8404732346534729,0.0235838051885366,0.0502980351448059,0.0,0.0,0.0,0.0,0.8643279075622559,0.0199886448681354,22.343324661254883,324.47150325775146,302.1281785964966,1090.111228942871,0,0,0,0,0,Apply
33,0.8001429438591003,0.8361550569534302,0.7606441974639893,0.0309256128966808,0.0755108594894409,0.0271604938271604,0.0194419947506464,0.0,0.0,0.7882797122001648,0.0086665963754057,77.90403747558594,30.39482450485229,47.50921297073364,31.944040298461918,0,0,0,0,0,Remember
34,0.882793128490448,0.8969199061393738,0.87204909324646,0.0104314247146248,0.0248708128929138,0.0,0.0,0.0,0.0,0.90209698677063,0.0199097543954849,22.41867446899414,243.06796836853027,220.64929389953613,363.77274322509766,0,0,0,0,0,Remember
35,0.8661556243896484,0.8784093260765076,0.8518829345703125,0.0109230410307645,0.026526391506195,0.2962962962962963,0.0523782800878924,0.0,0.0,0.898414134979248,0.0215850286185741,25.84926986694336,72.01668167114258,46.16741180419922,64.90755462646484,0,0,0,0,0,Remember
36,0.7835294604301453,0.7926024198532104,0.7746599912643433,0.0073263812810182,0.0179424285888671,0.1333333333333333,0.1440164599646191,0.0,0.0,0.8135756850242615,0.0122333765029907,31.159839630126957,56.57580327987671,25.41596364974976,75.19124031066895,0,0,0,0,1,Remember
37,0.8557181358337402,0.8850228190422058,0.8403055667877197,0.020730834454298,0.044717252254486,0.0,0.0,0.0,0.0,0.8335144519805908,0.0590328909456729,38.67317199707031,207.02759075164795,168.35441875457764,554.2320137023926,0,0,0,0,0,Remember
38,0.8188889622688293,0.8263744115829468,0.8069369792938232,0.0085407113656401,0.0194374322891235,0.1055900621118012,0.0757322615245212,0.0,0.0,0.8310194611549377,0.0178860481828451,34.628936767578125,41.97111892700195,7.342182159423828,17.65862274169922,0,0,0,0,0,Understand
39,0.7194281220436096,0.8017725944519043,0.5615307092666626,0.1116847619414329,0.2402418851852417,0.0128205128205128,0.0181309431073473,0.0,0.0,0.6726283431053162,0.1173293963074684,50.70055770874024,42.89008808135986,7.810469627380371,50.36824417114258,0,0,0,0,0,Understand
41,0.7734763026237488,0.840035617351532,0.7055243253707886,0.0549228340387344,0.1345112919807434,0.0999999999999999,0.1414213562373095,0.0,0.0,0.781076192855835,0.0211489275097847,20.775775909423828,91.37757396697998,70.60179805755615,134.58849716186523,0,0,0,0,0,Understand
42,0.8718169331550598,0.8762626647949219,0.8675249218940735,0.0035688215866684,0.0087377429008483,0.1931818181818182,0.1917280414370267,0.0,0.0,0.8706057667732239,0.0189884547144174,23.682729721069336,99.19833946228027,75.51560974121094,164.22011947631836,0,0,0,0,0,Remember
43,0.7618086338043213,0.803481936454773,0.7160525918006897,0.035809438675642,0.0874293446540832,0.0277777777777777,0.0392837100659193,0.0,0.0,0.7407107353210449,0.0506524071097373,32.30495071411133,42.911126136779785,10.606175422668455,43.34560394287109,0,0,0,0,0,Understand
44,0.7951944470405579,0.8213080167770386,0.7527904510498047,0.0302511565387249,0.0685175657272338,0.3222222222222222,0.0157134840263677,0.0,0.0,0.817422091960907,0.004067663103342,24.49089241027832,63.953426361083984,39.462533950805664,59.423095703125,0,0,0,0,1,Remember
45,0.8379012942314148,0.8599948883056641,0.8257501125335693,0.0156485196202993,0.0342447757720947,0.0,0.0,0.0,0.0,0.843691349029541,0.032556228339672,45.67400741577149,59.52574682235718,13.851739406585692,83.87801933288574,0,0,0,0,0,Remember
46,0.8793211579322815,0.8969233632087708,0.8526716828346252,0.0191649626940488,0.0442516803741455,0.1139070442992011,0.0311092412680319,0.0,0.0,0.8787177205085754,0.0274616498500108,33.83424377441406,51.60729217529297,17.773048400878906,51.75847244262695,0,0,0,0,0,Remember
47,0.961322784423828,0.9752277135849,0.9518380165100098,0.0100473333150148,0.0233896970748901,0.0,0.0,0.0,0.0,0.9524170756340028,0.0020221043378114,17.446044921875,234.0828161239624,216.6367712020874,594.3728294372559,0,0,0,0,1,Analyze
48,0.9746975302696228,0.989810347557068,0.9641513824462892,0.0109616611152887,0.0256589651107788,0.0555555555555555,0.0785674201318386,0.0,0.0,0.961317539215088,0.0052140341140329,17.446044921875,231.3091378211975,213.8630928993225,607.325174331665,0,0,0,0,1,Remember
49,0.9155293107032776,0.9397586584091188,0.9020828008651732,0.0171671994030475,0.0376758575439453,0.1526315789473684,0.0037216146378239,0.0,0.0,0.9004745483398438,0.01679402962327,17.446044921875,44.53250694274902,27.086462020874023,11.943626403808594,0,0,0,0,1,Remember
50,0.9321029782295228,0.9453036785125732,0.9221599102020264,0.0097251366823911,0.0231437683105468,0.0,0.0,0.0,0.0,0.931042492389679,0.0107382433488965,17.446044921875,78.55324077606201,61.10719585418701,112.30938720703124,0,0,0,1,1,Understand
51,0.955247700214386,0.9588282108306884,0.9512662887573242,0.00310013233684,0.0075619220733642,0.0,0.0,0.0,0.0,0.9680578112602234,0.006535758730024,17.446044921875,557.0509986877441,539.6049537658691,1286.564826965332,0,0,0,0,1,Understand
52,0.9806267619132996,0.9818258881568908,0.9790594577789308,0.0011589956702664,0.0027664303779602,0.0,0.0,0.0,0.0,0.9824767112731934,0.0048396550118923,16.061504364013672,75.62997198104858,59.56846761703491,94.6186466217041,0,0,0,0,1,Understand
53,0.9777040481567384,0.9839608073234558,0.9744551181793212,0.0044252783991396,0.0095056891441345,0.0303030303030303,0.0428549564355483,0.0,0.0,0.9712339043617249,0.00276815216057,16.061504364013672,159.7426118850708,143.68110752105713,388.2255668640137,0,0,0,0,1,Understand
54,0.9711188673973083,0.9739696979522704,0.968516767024994,0.0022330910433083,0.0054529309272766,0.0,0.0,0.0,0.0,0.975347340106964,0.0044491002336144,16.061504364013672,56.292816162109375,40.2313117980957,67.71522521972656,0,0,0,0,1,Remember
55,0.9863623976707458,0.9881718158721924,0.984189510345459,0.0016459502512589,0.0039823055267333,0.1888888888888888,0.0157134840263677,0.0,0.0,0.9874240756034852,0.0016109298449009,16.061504364013672,360.3704948425293,344.3089904785156,350.1595916748047,0,0,0,0,1,Understand
56,0.9657565951347352,0.967621088027954,0.9629180431365968,0.0020397934131324,0.0047030448913574,0.0277777777777777,0.0392837100659193,0.0,0.0,0.97091144323349,0.0072710081003606,16.061504364013672,33.195929527282715,17.134425163269043,11.615501403808594,0,0,0,0,1,Understand
62,0.9097115397453308,0.946195125579834,0.8690981864929199,0.0316098667681217,0.077096939086914,0.0555555555555555,0.0785674201318386,0.0,0.0,0.8641092777252197,0.033530618995428,63.66770553588867,237.6201019287109,173.9523963928223,391.34576416015625,0,0,0,0,0,Remember
63,0.7004058957099915,0.705376148223877,0.6926581859588623,0.005551126319915,0.0127179622650146,0.0,0.0,0.0,0.0,0.8235940933227539,0.0122312242165207,43.785400390625,56.50843811035156,12.723037719726562,33.23105239868164,0,0,0,0,0,Understand
64,0.5802898406982422,0.5913232564926147,0.5615307092666626,0.0133332656696438,0.0297925472259521,0.0128205128205128,0.0181309431073473,0.0,0.0,0.8117666244506836,0.0191378947347402,50.70055770874024,42.89008808135986,7.810469627380371,50.36824417114258,0,0,0,0,0,Understand
65,0.8221931457519531,0.8413554430007935,0.8026900291442871,0.0157869271934032,0.0386654138565063,0.0,0.0,0.0,0.0,0.8580772280693054,0.0240246597677469,46.803836822509766,88.37474393844604,41.57090711593628,178.26431846618652,0,0,0,0,0,Remember
66,0.8037534356117249,0.8667565584182739,0.7087062001228333,0.0683866366744041,0.1580503582954406,0.0,0.0,0.0,0.0,0.8050910830497742,0.0308570265769958,20.00297164916992,44.50697708129883,24.504005432128903,49.52202606201172,0,0,0,0,0,Understand
67,0.7244661450386047,0.7871004939079285,0.6702454090118408,0.0480754189193248,0.1168550848960876,0.0,0.0,0.0,0.0,0.7780531048774719,0.0179865304380655,32.30495071411133,42.911126136779785,10.606175422668455,43.34560394287109,0,0,0,0,0,Understand
68,0.9813544750213624,0.9813544750213624,0.9813544750213624,0.0,0.0,0.0,0.0,0.0,0.0,0.0,0.0,29.56242561340332,1902.5765075683596,1873.014081954956,3230.844055175781,0,0,0,0,1,Apply
69,0.8738242983818054,0.8907712697982788,0.8404732346534729,0.0235838051885366,0.0502980351448059,0.0,0.0,0.0,0.0,0.8643279075622559,0.0199886448681354,22.343324661254883,324.47150325775146,302.1281785964966,1090.111228942871,0,0,0,0,0,Apply
70,0.8735786080360413,0.8971415758132935,0.8325308561325073,0.0291310306638479,0.0646107196807861,0.3333333333333333,0.0,0.0,0.0,0.8769252896308899,0.040539588779211,25.84926986694336,66.09752559661865,40.24825572967529,54.430641174316406,0,0,0,0,0,Remember
71,0.7835294604301453,0.7926024198532104,0.7746599912643433,0.0073263812810182,0.0179424285888671,0.1333333333333333,0.1440164599646191,0.0,0.0,0.8135756850242615,0.0122333765029907,31.159839630126957,56.57580327987671,25.41596364974976,75.19124031066895,0,0,0,0,1,Remember
72,0.8834277987480164,0.8944975137710571,0.876572847366333,0.0079013332724571,0.0179246664047241,0.0,0.0,0.0,0.0,0.9231616854667664,0.0118786767125129,41.55818176269531,691.1371154785156,649.5789337158203,1444.8005676269531,0,0,0,0,1,Remember
73,0.7965968251228333,0.8231188058853149,0.7527904510498047,0.0312045309692621,0.0703283548355102,0.3222222222222222,0.0157134840263677,0.0,0.0,0.8160197138786316,0.004045502282679,24.49089241027832,63.953426361083984,39.462533950805664,59.423095703125,0,0,0,0,1,Remember
74,0.8103049397468567,0.819007158279419,0.7971929907798767,0.0094357039779424,0.0218141674995422,0.0912755427841634,0.0172946036775029,0.0,0.0,0.8392894268035889,0.0391226969659328,27.94961166381836,31.979881286621094,4.030269622802734,26.88799285888672,0,0,0,0,1,Understand
75,0.9073367714881896,0.915452003479004,0.8915243148803711,0.0111824246123433,0.0239276885986328,0.3095238095238095,0.0841793787126842,0.0,0.0,0.9124395251274108,0.0201062522828578,35.08273696899414,66.18504905700684,31.10231208801269,58.70005798339844,0,0,0,0,1,Understand
76,0.9037299752235411,0.9314972758293152,0.889392614364624,0.0196379553526639,0.0421046614646911,0.3095238095238095,0.0841793787126842,0.0,0.0,0.8940566182136536,0.00810884591192,47.49344253540039,57.51478672027588,10.021344184875488,45.13548278808594,0,0,0,0,0,Analyze
77,0.9053821563720704,0.9247395992279052,0.8790554404258728,0.0192905683070421,0.0456841588020324,0.25,0.0,0.0,0.0,0.8987434506416321,0.0231228154152631,27.835264205932617,65.54106140136719,37.70579719543457,63.45125961303711,0,0,0,0,0,Understand
78,0.8988171219825745,0.9449913501739502,0.8637970685958862,0.0340728461742401,0.0811942815780639,0.25,0.0,0.0,0.0,0.889120876789093,0.0095777288079261,40.44723892211914,65.54962635040283,25.10238742828369,63.45125961303711,0,0,0,0,0,Understand
79,0.9268615245819092,0.9460419416427612,0.9050993323326112,0.016814149916172,0.0409426093101501,0.25,0.0,0.0,0.0,0.9196321368217468,0.020266493782401,25.369911193847656,64.60764598846436,39.2377347946167,52.34865188598633,0,0,0,0,0,Understand
80,0.9514734148979188,0.9776173830032348,0.9125018119812012,0.0280881747603416,0.0651155710220336,0.3095238095238095,0.0841793787126842,0.0,0.0,0.9420332312583924,0.0245503336191177,22.75958633422852,66.02440738677979,43.26482105255127,59.15851593017578,0,0,0,0,1,Understand
81,0.7632444500923157,0.7795935869216919,0.7393777370452881,0.0172571633011102,0.0402158498764038,0.0185185185185185,0.0261891400439462,0.0,0.0,0.7146994471549988,0.0398846939206123,40.54166030883789,37.28167390823364,3.259986400604248,44.06873512268066,0,0,0,0,1,Understand
84,0.6838185787200928,0.7489118576049805,0.6040563583374023,0.0600397735834121,0.1448554992675781,0.1882539682539682,0.0353480338505912,0.0,0.0,0.884581983089447,0.0444908589124679,45.90247344970703,53.58096694946289,7.678493499755859,41.51948165893555,0,0,0,0,0,Remember
85,0.7278760075569153,0.7998181581497192,0.660966157913208,0.0567976720631122,0.1388520002365112,0.1265432098765432,0.0895593711638698,0.0,0.0,0.6616247296333313,0.0904164463281631,46.122196197509766,42.61547756195069,3.506718635559082,48.02682876586914,0,0,0,0,0,Understand
86,0.8169506192207336,0.8764139413833618,0.7084673643112183,0.0768276825547218,0.1679465770721435,0.2522281639928699,0.0298008083730846,0.0,0.0,0.7880516052246094,0.0475246906280517,78.22774505615234,42.23512935638428,35.992615699768066,27.276752471923828,0,0,0,0,0,Remember
87,0.905240535736084,0.9348843097686768,0.8767416477203369,0.0237504430115222,0.0581426620483398,0.3095238095238095,0.0841793787126842,0.0,0.0,0.8857033848762512,0.0020820409990847,38.49386596679688,64.06597805023193,25.57211208343506,47.68629455566406,0,0,0,0,0,Understand
88,0.9005678296089172,0.9079692363739014,0.8876024484634399,0.0091985333710908,0.0203667879104614,0.3095238095238095,0.0841793787126842,0.0,0.0,0.927117645740509,0.0172603037208318,50.035682678222656,64.43825340270996,14.402570724487305,54.066741943359375,0,0,0,0,0,Understand
89,0.8814290165901184,0.8981953859329224,0.8628619313240051,0.0144809065386652,0.0353334546089172,0.3095238095238095,0.0841793787126842,0.0,0.0,0.905991554260254,0.0208164639770984,38.43372344970703,65.71149826049805,27.277774810791016,65.2635498046875,0,0,0,0,0,Understand
90,0.8106505274772644,0.8294960856437683,0.7753043174743652,0.025011857971549,0.054191768169403,0.1882539682539682,0.0353480338505912,0.0,0.0,0.8625872135162354,0.0362717360258102,38.553977966308594,53.58096694946289,15.026988983154297,41.51948165893555,0,0,0,0,0,Understand
91,0.7347009181976318,0.7998181581497192,0.6164819598197937,0.0837372094392776,0.1833361983299255,0.1306939123031077,0.0928386409999144,0.0,0.0,0.6547998189926147,0.0582384057343006,46.122196197509766,42.61547756195069,3.506718635559082,48.02682876586914,0,0,0,0,0,Understand
99,0.7541062235832214,0.8369544744491577,0.6698583364486694,0.0682238936424255,0.1670961380004882,0.1265432098765432,0.0895593711638698,0.0,0.0,0.6616247296333313,0.0904164463281631,46.122196197509766,41.58966636657715,4.532529830932617,48.02682876586914,0,0,0,0,0,Understand
100,0.8169506192207336,0.8764139413833618,0.7084673643112183,0.0768276825547218,0.1679465770721435,0.2522281639928699,0.0298008083730846,0.0,0.0,0.7880516052246094,0.0475246906280517,78.22774505615234,42.23512935638428,35.992615699768066,27.276752471923828,0,0,0,0,0,Remember
101,0.905240535736084,0.9348843097686768,0.8767416477203369,0.0237504430115222,0.0581426620483398,0.3095238095238095,0.0841793787126842,0.0,0.0,0.8857033848762512,0.0020820409990847,38.49386596679688,64.06597805023193,25.57211208343506,47.68629455566406,0,0,0,0,0,Understand
102,0.8814290165901184,0.8981953859329224,0.8628619313240051,0.0144809065386652,0.0353334546089172,0.3095238095238095,0.0841793787126842,0.0,0.0,0.905991554260254,0.0208164639770984,38.43372344970703,65.71149826049805,27.277774810791016,65.2635498046875,0,0,0,0,0,Understand
103,0.9053821563720704,0.9247395992279052,0.8790554404258728,0.0192905683070421,0.0456841588020324,0.25,0.0,0.0,0.0,0.8987434506416321,0.0231228154152631,27.835264205932617,65.54106140136719,37.70579719543457,63.45125961303711,0,0,0,0,0,Understand
104,0.8988171219825745,0.9449913501739502,0.8637970685958862,0.0340728461742401,0.0811942815780639,0.25,0.0,0.0,0.0,0.889120876789093,0.0095777288079261,40.44723892211914,65.54962635040283,25.10238742828369,63.45125961303711,0,0,0,0,0,Understand
105,0.938502311706543,0.9567270278930664,0.9188976883888244,0.015474559739232,0.0378293395042419,0.25,0.0,0.0,0.0,0.9310861229896544,0.017691196873784,25.11514663696289,64.60764598846436,39.492499351501465,52.34865188598633,0,0,0,0,0,Understand
106,0.9327807426452636,0.9345002770423888,0.930632472038269,0.001607853337191,0.0038678050041198,0.3095238095238095,0.0841793787126842,0.0,0.0,0.9622049927711488,0.0065584653057157,20.945219039916992,66.02440738677979,45.07918834686279,59.15851593017578,0,0,0,0,1,Understand
107,0.919941782951355,0.919941782951355,0.919941782951355,0.0,0.0,0.0,0.0,0.0,0.0,0.0,0.0,37.924713134765625,1902.5765075683596,1864.6517944335935,3230.844055175781,0,0,0,0,1,Apply
108,0.8103049397468567,0.819007158279419,0.7971929907798767,0.0094357039779424,0.0218141674995422,0.0912755427841634,0.0172946036775029,0.0,0.0,0.8392894268035889,0.0391226969659328,27.94961166381836,31.979881286621094,4.030269622802734,26.88799285888672,0,0,0,0,1,Understand
109,0.8539388179779053,0.8825442790985107,0.8224081993103027,0.0246374290436506,0.060136079788208,0.1123188405797101,0.0179338676387892,0.0,0.0,0.8501495718955994,0.0314167402684688,30.31155776977539,28.132344722747803,2.179213047027588,8.98193359375,0,0,1,0,0,Understand
110,0.825087308883667,0.8353826999664307,0.8173635005950928,0.0075777159072458,0.0180191993713378,0.1619047619047619,0.1197124294283479,0.0,0.0,0.8776566982269287,0.0139682916924357,22.081321716308597,468.3576469421387,446.2763252258301,849.3648834228516,0,0,0,0,1,Remember
111,0.8529379963874817,0.8583246469497681,0.8472235202789307,0.004537939094007,0.0111011266708374,0.0,0.0,0.0,0.0,0.9250411987304688,0.0127859804779291,21.627384185791016,382.0311679840088,360.4037837982178,937.1687393188477,0,0,0,0,0,Analyze
112,0.8293970227241516,0.8451329469680786,0.817537784576416,0.0115943951532244,0.0275951623916625,0.2080808080808081,0.0991340941122044,0.0,0.0,0.8527407646179199,0.0310918372124433,15.25274658203125,256.4255771636963,241.17283058166504,318.47737884521484,0,0,0,0,0,Remember
113,0.9223670959472656,0.9429877996444702,0.9119024872779846,0.0145815694704651,0.0310853123664855,0.0,0.0,0.0,0.0,0.897287130355835,0.0119630442932248,19.936410903930664,689.2751846313477,669.338773727417,1091.7817993164062,0,0,0,0,1,Analyze
114,0.8127538561820984,0.8389727473258972,0.7820664644241333,0.0234457645565271,0.0569062829017639,0.218013468013468,0.0279937527749425,0.0,0.0,0.7846687436103821,0.0351037830114364,41.0971908569336,91.3603858947754,50.2631950378418,72.62187194824219,0,0,0,0,0,Understand
115,0.7917208075523376,0.8034037351608276,0.7824179530143738,0.0087311444804072,0.0209857821464538,0.1845238095238095,0.1799549578313211,0.0,0.0,0.8066111207008362,0.0273392423987388,29.058162689208984,31.15111541748047,2.0929527282714844,20.462343215942383,0,0,0,0,0,Remember
116,0.9578609466552734,0.9716619253158568,0.9389568567276,0.0138308173045516,0.0327050685882568,0.0,0.0,0.0,0.0,0.9445378184318542,0.011403564363718,25.5752067565918,216.6257076263428,191.05050086975095,466.5322036743164,0,0,0,0,1,Remember
117,0.8522586226463318,0.8726505637168884,0.8408557176589966,0.0144529147073626,0.0317948460578918,0.0,0.0,0.0,0.0,0.8136482834815979,0.0106544718146324,28.41573715209961,53.771589279174805,25.355852127075195,50.79433059692383,0,0,0,0,0,Analyze
118,0.909409523010254,0.9233853816986084,0.8853504061698914,0.017086436972022,0.038034975528717,0.0,0.0,0.0,0.0,0.8911275267601013,0.0208341851830482,26.967164993286133,408.3761043548584,381.40893936157227,957.8618850708008,0,0,0,0,1,Analyze
119,0.969035804271698,0.9823594689369202,0.9598500728607178,0.0096440073102712,0.0225093960762023,0.0,0.0,0.0,0.0,0.9533560872077942,0.0103695532307028,19.99343490600586,242.73365116119385,222.740216255188,636.2459297180176,0,0,0,0,1,Analyze
120,0.8501420617103577,0.869924783706665,0.8260312080383301,0.0181789491325616,0.0438935756683349,0.2453703703703703,0.2591765741162668,0.0,0.0,0.8531112670898438,0.0266010668128728,30.31155776977539,30.436758995056152,0.1252012252807617,20.04361724853516,0,0,1,0,0,Understand
121,0.8149218559265137,0.8340508937835693,0.7949641346931458,0.0159678570926189,0.0390867590904235,0.0,0.0,0.0,0.0,0.8241874575614929,0.027612654492259,30.277009963989254,53.771589279174805,23.494579315185547,50.79433059692383,0,0,0,0,0,Analyze
123,0.8335636258125305,0.8550577163696289,0.8196021318435669,0.0154235372319817,0.035455584526062,0.0589682539682539,0.0256556749245211,0.0,0.0,0.8696896433830261,0.0123317055404186,30.31155776977539,30.436758995056152,0.1252012252807617,20.04361724853516,0,0,1,0,0,Understand
124,0.7768797874450684,0.7869411110877991,0.7622995376586914,0.0105551742017269,0.0246415734291076,0.1305555555555555,0.1089370641729309,0.0,0.0,0.8132026195526123,0.0197977591305971,29.058162689208984,31.18200922012329,2.123846530914306,23.30863571166992,0,0,0,0,0,Remember
125,0.9721834063529968,0.9800113439559937,0.9666919112205504,0.0056830933317542,0.0133194327354431,0.0,0.0,0.0,0.0,0.9647801518440248,0.0066128964535892,20.036062240600582,242.73365116119385,222.6975889205933,636.2459297180176,0,0,0,0,1,Analyze
126,0.9696586728096008,0.9768670797348022,0.9623361825942992,0.0059327632188797,0.0145308971405029,0.218013468013468,0.0279937527749425,0.0,0.0,0.9674367904663086,0.0108522539958357,20.036062240600582,91.3603858947754,71.3243236541748,72.62187194824219,0,0,0,0,1,Create
127,0.9762723445892334,0.9834879636764526,0.9714838862419128,0.0051924721337854,0.0120040774345397,0.0,0.0,0.0,0.0,0.972168505191803,0.0034029346425086,25.828842163085938,626.709114074707,600.8802719116211,638.5232238769531,0,0,0,0,1,Analyze
128,0.8767669796943665,0.8903894424438477,0.8632365465164185,0.011085313744843,0.0271528959274292,0.0,0.0,0.0,0.0,0.9136039614677428,0.024820651859045,16.25465965270996,405.9844150543213,389.7297554016113,936.9503173828124,0,0,0,0,1,Remember
131,0.8522586226463318,0.8726505637168884,0.8408557176589966,0.0144529147073626,0.0317948460578918,0.0,0.0,0.0,0.0,0.8136482834815979,0.0106544718146324,28.41573715209961,53.771589279174805,25.355852127075195,50.79433059692383,0,0,0,0,0,Analyze
132,0.9423186779022216,0.9423186779022216,0.9423186779022216,0.0,0.0,0.0,0.0,0.0,0.0,0.0,0.0,30.990665435791016,1902.5765075683596,1871.5858421325684,3230.844055175781,0,0,0,0,1,Apply
133,0.969035804271698,0.9823594689369202,0.9598500728607178,0.0096440073102712,0.0225093960762023,0.0,0.0,0.0,0.0,0.9533560872077942,0.0103695532307028,19.99343490600586,242.73365116119385,222.740216255188,636.2459297180176,0,0,0,0,1,Analyze
134,0.8127538561820984,0.8389727473258972,0.7820664644241333,0.0234457645565271,0.0569062829017639,0.218013468013468,0.0279937527749425,0.0,0.0,0.7846687436103821,0.0351037830114364,41.0971908569336,91.3603858947754,50.2631950378418,72.62187194824219,0,0,0,0,0,Understand
135,0.8501420617103577,0.869924783706665,0.8260312080383301,0.0181789491325616,0.0438935756683349,0.2453703703703703,0.2591765741162668,0.0,0.0,0.8531112670898438,0.0266010668128728,30.31155776977539,30.436758995056152,0.1252012252807617,20.04361724853516,0,0,1,0,0,Understand
136,0.8014739155769348,0.8143055438995361,0.7799276113510132,0.0153279639780521,0.0343779325485229,0.2080808080808081,0.0991340941122044,0.0,0.0,0.8754134178161621,0.0146006559953093,15.420918464660645,241.7869682312012,226.36604976654053,326.0399169921875,0,0,0,0,0,Analyze
137,0.9582297801971436,0.9582297801971436,0.9582297801971436,0.0,0.0,0.0,0.0,0.0,0.0,0.0,0.0,20.657615661621094,1902.5765075683596,1881.9188919067385,3230.844055175781,0,0,1,0,1,Apply
138,0.8127538561820984,0.8389727473258972,0.7820664644241333,0.0234457645565271,0.0569062829017639,0.218013468013468,0.0279937527749425,0.0,0.0,0.7846687436103821,0.0351037830114364,41.0971908569336,91.3603858947754,50.2631950378418,72.62187194824219,0,0,0,0,0,Understand
139,0.8501420617103577,0.869924783706665,0.8260312080383301,0.0181789491325616,0.0438935756683349,0.2453703703703703,0.2591765741162668,0.0,0.0,0.8531112670898438,0.0266010668128728,30.31155776977539,30.436758995056152,0.1252012252807617,20.04361724853516,0,0,1,0,0,Understand
140,0.8522586226463318,0.8726505637168884,0.8408557176589966,0.0144529147073626,0.0317948460578918,0.0,0.0,0.0,0.0,0.8136482834815979,0.0106544718146324,28.41573715209961,53.771589279174805,25.355852127075195,50.79433059692383,0,0,0,0,0,Analyze
141,0.9423186779022216,0.9423186779022216,0.9423186779022216,0.0,0.0,0.0,0.0,0.0,0.0,0.0,0.0,30.990665435791016,1902.5765075683596,1871.5858421325684,3230.844055175781,0,0,0,0,1,Apply
142,0.969035804271698,0.9823594689369202,0.9598500728607178,0.0096440073102712,0.0225093960762023,0.0,0.0,0.0,0.0,0.9533560872077942,0.0103695532307028,19.99343490600586,242.73365116119385,222.740216255188,636.2459297180176,0,0,0,0,1,Analyze
143,0.9284626841545104,0.9455262422561646,0.9169745445251464,0.0123048732057213,0.028551697731018,0.0,0.0,0.0,0.0,0.8984932899475098,0.0108943786472082,19.8632755279541,689.2751846313477,669.4119091033936,1091.7817993164062,0,0,0,0,1,Analyze
144,0.8127538561820984,0.8389727473258972,0.7820664644241333,0.0234457645565271,0.0569062829017639,0.218013468013468,0.0279937527749425,0.0,0.0,0.7846687436103821,0.0351037830114364,41.0971908569336,91.3603858947754,50.2631950378418,72.62187194824219,0,0,0,0,0,Understand
145,0.7917208075523376,0.8034037351608276,0.7824179530143738,0.0087311444804072,0.0209857821464538,0.1845238095238095,0.1799549578313211,0.0,0.0,0.8066111207008362,0.0273392423987388,29.058162689208984,31.15111541748047,2.0929527282714844,20.462343215942383,0,0,0,0,0,Remember
146,0.9630193710327148,0.9737175703048706,0.9479598999023438,0.0109584117308259,0.0257576704025268,0.0,0.0,0.0,0.0,0.9522688984870912,0.010665901005268,25.126035690307617,216.6257076263428,191.4996719360352,466.5322036743164,0,0,0,0,1,Remember
147,0.8539388179779053,0.8825442790985107,0.8224081993103027,0.0246374290436506,0.060136079788208,0.1123188405797101,0.0179338676387892,0.0,0.0,0.8501495718955994,0.0314167402684688,30.31155776977539,28.132344722747803,2.179213047027588,8.98193359375,0,0,1,0,0,Understand
148,0.825087308883667,0.8353826999664307,0.8173635005950928,0.0075777159072458,0.0180191993713378,0.1619047619047619,0.1197124294283479,0.0,0.0,0.8776566982269287,0.0139682916924357,22.081321716308597,468.3576469421387,446.2763252258301,849.3648834228516,0,0,0,0,1,Remember
149,0.8529379963874817,0.8583246469497681,0.8472235202789307,0.004537939094007,0.0111011266708374,0.0,0.0,0.0,0.0,0.9250411987304688,0.0127859804779291,21.627384185791016,382.0311679840088,360.4037837982178,937.1687393188477,0,0,0,0,0,Analyze
150,0.993570864200592,0.9962527751922609,0.9919462203979492,0.0019104800885543,0.0043065547943115,0.0,0.0,0.0,0.0,0.9946715831756592,0.0010046944953501,17.84634017944336,89.40379667282104,71.55745649337769,190.00649452209475,0,0,1,0,1,Remember
151,0.864887535572052,0.8791564106941223,0.8459042310714722,0.0139784654602408,0.0332521796226501,0.2173896863370547,0.1536125903047781,0.0,0.0,0.8461382985115051,0.009269849397242,19.56376838684082,23.36371946334839,3.799951076507568,11.803775787353516,0,0,0,0,1,Remember
152,0.8500385284423828,0.8527202010154724,0.8467528820037842,0.002473299158737,0.0059673190116882,0.171579532814238,0.0602702405690313,0.0,0.0,0.8650044798851013,0.0130997728556394,33.36357879638672,31.6195125579834,1.7440662384033203,12.870683670043944,0,0,0,0,1,Remember
153,0.7600519061088562,0.7836122512817383,0.7345021963119507,0.0200983770191669,0.0491100549697876,0.0625,0.0510310363079828,0.0,0.0,0.78314608335495,0.0344183519482612,27.03560447692871,31.629372596740723,4.593768119812012,18.042255401611328,0,0,0,0,0,Create
154,0.8231998085975647,0.848587691783905,0.8062657713890076,0.0182827226817607,0.0423219203948974,0.0,0.0,0.0,0.0,0.8392369747161865,0.0168850012123584,37.11283493041992,35.536555767059326,1.5762791633605957,30.110183715820312,0,0,0,0,0,Create
155,0.786213219165802,0.8357001543045044,0.7421276569366455,0.0383912660181522,0.0935724973678588,0.0595238095238095,0.0841793787126842,0.0,0.0,0.7830185890197754,0.0479701422154903,37.637088775634766,35.743027687072754,1.894061088562012,6.171260833740234,0,0,0,0,1,Understand
156,0.7732095718383789,0.822957456111908,0.7300082445144653,0.0382276661694049,0.0929492115974426,0.0,0.0,0.0,0.0,0.7766607403755188,0.0105858733877539,30.378427505493164,55.1670503616333,24.788622856140137,67.18130493164062,0,0,0,0,0,Remember
157,0.8141014575958252,0.8423953056335449,0.7917051315307617,0.0211101714521646,0.0506901741027832,0.0598901098901099,0.0393487416749302,0.0,0.0,0.7915194630622864,0.0242115892469882,32.18302536010742,32.36339902877808,0.1803736686706543,20.29282569885254,0,0,0,0,0,Remember
158,0.8118628859519958,0.8309787511825562,0.7817186117172241,0.0215694084763526,0.049260139465332,0.1212121212121212,0.0857099128710966,0.0,0.0,0.8358895182609558,0.0249795503914356,24.77410697937012,82.35705661773682,57.5829496383667,158.75379180908203,0,0,0,0,0,Remember
159,0.8127538561820984,0.8343363404273987,0.7958620190620422,0.0160534586757421,0.0384743213653564,0.0,0.0,0.0,0.0,0.8796172142028809,0.0061157029122114,37.32051086425781,249.18030834198,211.85979747772217,638.4918479919434,0,0,0,0,0,Create
160,0.7956488728523254,0.835064172744751,0.7618620991706848,0.0301484707742929,0.0732020735740661,0.0,0.0,0.0,0.0,0.8279698491096497,0.0153777180239558,41.42384338378906,37.24207019805908,4.1817731857299805,26.6728630065918,0,0,0,0,0,Understand
161,0.7978944182395935,0.8416092395782471,0.7732940912246704,0.0309920851141214,0.0683151483535766,0.0,0.0,0.0,0.0,0.8408031463623047,0.011639934964478,37.12688827514648,42.71113872528076,5.584250450134277,16.302806854248047,0,0,0,0,0,Understand
162,0.8178730607032776,0.8535377979278564,0.7667495012283325,0.0370790548622608,0.0867882966995239,0.0128205128205128,0.0181309431073473,0.0,0.0,0.8149592280387878,0.0271688867360353,27.921571731567383,34.65220832824707,6.730636596679688,26.417356491088867,0,0,0,0,0,Understand
163,0.953144669532776,0.953144669532776,0.953144669532776,0.0,0.0,0.0,0.0,0.0,0.0,0.0,0.0,21.123802185058597,1902.5765075683596,1881.4527053833008,3230.844055175781,0,0,0,0,1,Remember
164,0.8302071690559387,0.8413999080657959,0.8185281753540039,0.0093436772003769,0.0228717327117919,0.0669871794871794,0.0253225413014149,0.0,0.0,0.830409049987793,0.0215768981724977,25.08481216430664,26.54388189315796,1.4590697288513184,6.771743774414063,0,0,0,0,0,Understand
165,0.868126630783081,0.876078724861145,0.8559360504150391,0.008752348832786,0.0201426744461059,0.0,0.0,0.0,0.0,0.8619163632392883,0.0205269195139408,41.01089096069336,845.2864246368408,804.2755336761475,1270.557975769043,0,0,0,0,0,Remember
166,0.8936789631843567,0.9208155870437622,0.8708118796348572,0.0206359587609767,0.050003707408905,0.0,0.0,0.0,0.0,0.8669422268867493,0.0156375486403703,39.24027633666992,96.56425189971924,57.32397556304932,72.0490608215332,0,0,0,0,0,Remember
167,0.8338454365730286,0.8702949285507202,0.814396858215332,0.025793058797717,0.0558980703353881,0.0,0.0,0.0,0.0,0.8354410529136658,0.032776478677988,37.32051086425781,251.2751989364624,213.9546880722046,638.4918479919434,0,0,0,0,0,Create
168,0.7988055348396301,0.8207013010978699,0.7618620991706848,0.0262721646577119,0.058839201927185,0.0984507746126936,0.1157069943626072,0.0,0.0,0.8248131275177002,0.0252844300121068,41.42384338378906,37.24207019805908,4.1817731857299805,26.6728630065918,0,0,0,0,0,Understand
169,0.7988055348396301,0.8207013010978699,0.7618620991706848,0.0262721646577119,0.058839201927185,0.0984507746126936,0.1157069943626072,0.0,0.0,0.8248131275177002,0.0252844300121068,41.42384338378906,37.24207019805908,4.1817731857299805,26.6728630065918,0,0,0,0,0,Understand
170,0.7684548497200012,0.8211143016815186,0.7357107400894165,0.037602350115776,0.085403561592102,0.0151515151515151,0.0214274782177741,0.0,0.0,0.7645056843757629,0.0114026758819818,29.73248672485352,31.629372596740723,1.896885871887207,18.042255401611328,0,0,0,0,0,Create
171,0.8178730607032776,0.8535377979278564,0.7667495012283325,0.0370790548622608,0.0867882966995239,0.0128205128205128,0.0181309431073473,0.0,0.0,0.8149592280387878,0.0271688867360353,27.921571731567383,34.65220832824707,6.730636596679688,26.417356491088867,0,0,0,0,0,Understand
172,0.8302071690559387,0.8413999080657959,0.8185281753540039,0.0093436772003769,0.0228717327117919,0.0669871794871794,0.0253225413014149,0.0,0.0,0.830409049987793,0.0215768981724977,25.08481216430664,26.54388189315796,1.4590697288513184,6.771743774414063,0,0,0,0,0,Understand
173,0.8193488121032715,0.8338686227798462,0.8002915978431702,0.0140782510861754,0.033577024936676,0.0434782608695652,0.0614875461901345,0.0,0.0,0.8160772323608398,0.0130156483501195,31.38344383239746,35.536555767059326,4.153111934661865,30.110183715820312,0,0,0,0,0,Understand
174,0.786213219165802,0.8357001543045044,0.7421276569366455,0.0383912660181522,0.0935724973678588,0.0595238095238095,0.0841793787126842,0.0,0.0,0.7830185890197754,0.0479701422154903,37.637088775634766,35.743027687072754,1.894061088562012,6.171260833740234,0,0,0,0,1,Understand
175,0.8905527591705322,0.9303283095359802,0.8638724088668823,0.02866717800498,0.0664559006690979,0.0,0.0,0.0,0.0,0.8899261355400085,0.0093020824715495,38.09513854980469,1233.5751810073853,1195.4800424575806,4071.5965690612793,0,0,0,0,0,Understand
176,0.8500385284423828,0.8527202010154724,0.8467528820037842,0.002473299158737,0.0059673190116882,0.171579532814238,0.0602702405690313,0.0,0.0,0.8650044798851013,0.0130997728556394,33.36357879638672,31.6195125579834,1.7440662384033203,12.870683670043944,0,0,0,0,1,Remember
177,0.8227745890617371,0.857261061668396,0.7787798643112183,0.0327376350760459,0.0784811973571777,0.2444444444444444,0.174977952755818,0.0,0.0,0.8159229755401611,0.0303537938743829,37.12688827514648,42.71113872528076,5.584250450134277,16.302806854248047,0,0,0,0,0,Understand
178,0.7587432861328125,0.7845249176025391,0.7300082445144653,0.0223540980368852,0.0545166730880737,0.0222222222222222,0.0314269680527354,0.0,0.0,0.7911271452903748,0.0235649663954973,30.378427505493164,55.1670503616333,24.788622856140137,67.18130493164062,0,0,0,0,0,Remember
179,0.7822644114494324,0.8093163371086121,0.7307353019714355,0.0364517420530319,0.0785810351371765,0.1169312169312169,0.0799589771923683,0.0,0.0,0.7718822956085205,0.0330431312322616,29.514501571655277,32.36339902877808,2.8488974571228027,20.29282569885254,0,0,0,0,0,Remember
180,0.8118628859519958,0.8309787511825562,0.7817186117172241,0.0215694084763526,0.049260139465332,0.1212121212121212,0.0857099128710966,0.0,0.0,0.8358895182609558,0.0249795503914356,24.77410697937012,82.35705661773682,57.5829496383667,158.75379180908203,0,0,0,0,0,Remember
181,0.8614916205406189,0.8791564106941223,0.8515057563781738,0.0125263603404164,0.0276506543159484,0.2159348879055121,0.0665659547358759,0.0,0.0,0.849534273147583,0.0151226734742522,19.56376838684082,23.36371946334839,3.799951076507568,11.803775787353516,0,0,0,0,1,Remember
182,0.8459059596061707,0.8649961948394775,0.8276828527450562,0.0152454413473606,0.0373133420944213,0.0499422900638706,0.0234480229244521,0.0,0.0,0.8271505236625671,0.0065492689609527,32.892913818359375,34.293684005737305,1.4007701873779297,28.73161125183105,0,0,0,0,1,Understand
183,0.9808943867683412,0.9854494333267212,0.9745399355888368,0.0046319747343659,0.0109094977378845,0.2,2.775557561562892e-17,0.0,0.0,0.976679801940918,0.0098598217591643,16.095809936523438,1057.2001342773438,1041.1043243408203,290.805908203125,0,0,1,0,1,Apply
184,0.9466586112976074,0.957364559173584,0.9345687627792358,0.0093576461076736,0.0227957963943481,0.0,0.0,0.0,0.0,0.938762664794922,0.0235053189098835,16.095809936523438,82.58150053024292,66.48569059371948,161.42836952209473,0,0,1,0,1,Apply
185,0.9516006112098694,0.9581688642501832,0.9451338052749634,0.0053220237605273,0.0130350589752197,0.04778972520908,0.0466715053396048,0.0,0.0,0.9464633464813232,0.0089236199855804,16.095809936523438,33.48899030685425,17.39318037033081,27.11892318725586,0,0,1,0,1,Remember
186,0.8349735140800476,0.8430275321006775,0.8284734487533569,0.0060424180701375,0.0145540833473205,0.1587301587301587,0.0112239171616912,0.0,0.0,0.91213196516037,0.0425079278647899,23.08119773864746,325.14046478271484,302.0592670440674,790.1083831787109,0,0,0,0,1,Create
187,0.947055995464325,0.950646162033081,0.9415403604507446,0.0039588832296431,0.0091058015823364,0.0,0.0,0.0,0.0,0.9541804194450378,0.0113728605210781,16.095809936523438,173.29736232757568,157.20155239105225,315.7525062561035,0,0,1,0,1,Remember
188,0.9722957611083984,0.9809312224388124,0.9649389982223512,0.0065911104902625,0.0159922242164611,0.0,0.0,0.0,0.0,0.9647199511528016,0.0061295130290091,24.944250106811523,234.0828161239624,209.13856601715088,594.3728294372559,0,0,1,0,1,Analyze
189,0.9254474639892578,0.9353784322738647,0.917771339416504,0.0073627866804599,0.0176070928573608,0.0256410256410256,0.0362618862146947,0.0,0.0,0.9429696202278136,0.0018953987164422,24.944250106811523,70.89800262451172,45.9537525177002,152.0406379699707,0,0,1,0,1,Understand
190,0.9730165004730223,0.9820131063461304,0.9622249603271484,0.0081775719299912,0.0197881460189819,0.0238095238095238,0.0336717514850736,0.0,0.0,0.9629040360450744,0.0081115616485476,24.944250106811523,86.71180725097656,61.76755714416504,166.40913772583008,0,0,1,0,1,Remember
192,0.951424777507782,0.9668947458267212,0.9391632080078124,0.0115464199334383,0.0277315378189086,0.25,0.0,0.0,0.0,0.9389525055885316,0.0116671454161405,24.944250106811523,111.21397399902344,86.26972389221191,110.79779052734376,0,0,1,0,1,Understand
193,0.9810839295387268,0.9873853325843812,0.9696446657180786,0.0081027168780565,0.0177406668663024,0.0,0.0,0.0,0.0,0.9778428673744202,0.0080260373651981,16.118513107299805,436.2703514099121,420.1518383026123,563.9553985595703,0,0,1,0,1,Remember
194,0.9614505767822266,0.9752522110939026,0.9395785331726074,0.0156418867409229,0.0356736779212951,0.0,0.0,0.0,0.0,0.9504125714302064,0.0157558713108301,16.118513107299805,493.8284683227539,477.7099552154541,992.1502685546876,0,0,1,0,1,Understand
195,0.9455905556678772,0.9611726999282836,0.9371443390846252,0.0110312048345804,0.0240283608436584,0.1587301587301587,0.0112239171616912,0.0,0.0,0.939045250415802,0.0089622633531689,16.118513107299805,331.0032081604004,314.8846950531006,823.0706024169922,0,0,1,0,1,Create
196,0.9590764045715332,0.9736779928207396,0.936758041381836,0.0160297900438308,0.0369199514389038,0.0,0.0,0.0,0.0,0.9450154900550842,0.0153849953785538,16.118513107299805,78.66656160354614,62.54804849624634,107.92982292175292,0,0,1,0,1,Understand
197,0.9310328364372252,0.9341634511947632,0.9294235706329346,0.0022139835637062,0.0047398805618286,0.2878787878787879,0.0535686955444354,0.0,0.0,0.9484909176826476,0.0119770122691988,16.118513107299805,38.09161424636841,21.973101139068604,28.137609481811523,0,0,1,0,1,Evaluate
198,0.9858075976371764,0.9867132306098938,0.9848988652229308,0.0007407148950733,0.0018143653869628,0.0,0.0,0.0,0.0,0.9820897579193116,0.0018461168510839,14.68280029296875,422.8443145751953,408.16151428222656,244.27615356445312,0,0,1,0,1,Understand
199,0.9411683678627014,0.9495075941085817,0.936141073703766,0.005938172340393,0.0133665204048156,0.0,0.0,0.0,0.0,0.948371946811676,0.0114120068028569,14.323775291442873,75.62997198104858,61.30619668960571,94.6186466217041,0,0,0,0,1,Remember
200,0.8414824604988098,0.8641490340232849,0.8294921517372131,0.0160366501659154,0.0346568822860717,0.0,0.0,0.0,0.0,0.8492546081542969,0.0386102758347988,12.621588706970217,140.67121744155884,128.04962873458862,226.53439140319824,0,0,0,0,1,Remember
201,0.9047749638557434,0.9235635995864868,0.892294704914093,0.0135223744437098,0.0312688946723938,0.1888888888888888,0.0157134840263677,0.0,0.0,0.9042706489562988,0.0252446103841066,17.615297317504883,360.3979301452637,342.7826328277588,350.1595916748047,0,0,0,0,1,Analyze
202,0.8952762484550476,0.9067010879516602,0.8829169273376465,0.0097322966903448,0.0237841606140136,0.0688283804225833,0.0173443840151124,0.0,0.0,0.88886958360672,0.0217054523527622,11.955419540405272,34.06087112426758,22.105451583862305,30.06178855895996,0,0,0,0,1,Remember
203,0.8148650527000427,0.8343363404273987,0.7958620190620422,0.0157105661928653,0.0384743213653564,0.0,0.0,0.0,0.0,0.8544214367866516,0.0266773011535406,37.32051086425781,251.2751989364624,213.9546880722046,638.4918479919434,0,0,0,0,0,Create
204,0.7956488728523254,0.835064172744751,0.7618620991706848,0.0301484707742929,0.0732020735740661,0.0,0.0,0.0,0.0,0.8279698491096497,0.0153777180239558,41.42384338378906,37.24207019805908,4.1817731857299805,26.6728630065918,0,0,0,0,0,Understand
205,0.7978944182395935,0.8416092395782471,0.7732940912246704,0.0309920851141214,0.0683151483535766,0.0,0.0,0.0,0.0,0.8408031463623047,0.011639934964478,37.12688827514648,42.71113872528076,5.584250450134277,16.302806854248047,0,0,0,0,0,Understand
206,0.8178730607032776,0.8535377979278564,0.7667495012283325,0.0370790548622608,0.0867882966995239,0.0128205128205128,0.0181309431073473,0.0,0.0,0.8149592280387878,0.0271688867360353,27.921571731567383,34.65220832824707,6.730636596679688,26.417356491088867,0,0,0,0,0,Understand
207,0.953144669532776,0.953144669532776,0.953144669532776,0.0,0.0,0.0,0.0,0.0,0.0,0.0,0.0,21.123802185058597,1902.5765075683596,1881.4527053833008,3230.844055175781,0,0,0,0,1,Remember
208,0.8185226321220398,0.8289512395858765,0.8055657744407654,0.0097130062058568,0.023385465145111,0.0669871794871794,0.0253225413014149,0.0,0.0,0.8160844445228577,0.0284820906817913,25.986846923828125,26.54388189315796,0.557034969329834,6.771743774414063,0,0,0,0,0,Understand
209,0.786213219165802,0.8357001543045044,0.7421276569366455,0.0383912660181522,0.0935724973678588,0.0595238095238095,0.0841793787126842,0.0,0.0,0.7830185890197754,0.0479701422154903,37.637088775634766,35.743027687072754,1.894061088562012,6.171260833740234,0,0,0,0,1,Understand
210,0.7732095718383789,0.822957456111908,0.7300082445144653,0.0382276661694049,0.0929492115974426,0.0,0.0,0.0,0.0,0.7766607403755188,0.0105858733877539,30.378427505493164,55.1670503616333,24.788622856140137,67.18130493164062,0,0,0,0,0,Remember
211,0.8025729060173035,0.829562783241272,0.7776657938957214,0.0212379842996597,0.0518969893455505,0.0598901098901099,0.0393487416749302,0.0,0.0,0.7801415920257568,0.0261492822319269,32.11971664428711,32.36339902877808,0.2436823844909668,20.29282569885254,0,0,0,0,0,Remember
212,0.8118628859519958,0.8309787511825562,0.7817186117172241,0.0215694084763526,0.049260139465332,0.1212121212121212,0.0857099128710966,0.0,0.0,0.8358895182609558,0.0249795503914356,24.77410697937012,82.35705661773682,57.5829496383667,158.75379180908203,0,0,0,0,0,Remember
213,0.864887535572052,0.8791564106941223,0.8459042310714722,0.0139784654602408,0.0332521796226501,0.2173896863370547,0.1536125903047781,0.0,0.0,0.8461382985115051,0.009269849397242,19.56376838684082,23.36371946334839,3.799951076507568,11.803775787353516,0,0,0,0,1,Remember
214,0.7455912232398987,0.7618801593780518,0.7371167540550232,0.0115211680531501,0.0247634053230285,0.0625,0.0510310363079828,0.0,0.0,0.7854969501495361,0.0387080870568752,28.621261596679688,31.629372596740723,3.008111000061035,18.042255401611328,0,0,0,0,0,Create
215,0.8231998085975647,0.848587691783905,0.8062657713890076,0.0182827226817607,0.0423219203948974,0.0,0.0,0.0,0.0,0.8392369747161865,0.0168850012123584,37.11283493041992,35.536555767059326,1.5762791633605957,30.110183715820312,0,0,0,0,0,Create
216,0.8964786529541016,0.9107551574707032,0.8792195320129395,0.013045972213149,0.0315356254577636,0.25,0.0,0.0,0.0,0.9025694727897644,0.0220077782869339,47.49344253540039,56.6003942489624,9.106951713562012,37.13624572753906,0,0,0,0,0,Analyze
217,0.8264772891998291,0.8320411443710327,0.8177686929702759,0.0062365997582674,0.0142724514007568,0.3095238095238095,0.0841793787126842,0.0,0.0,0.8464900851249695,0.0312181245535612,34.2623176574707,65.37386989593506,31.111552238464355,63.45125961303711,0,0,0,0,1,Understand
218,0.8103049397468567,0.819007158279419,0.7971929907798767,0.0094357039779424,0.0218141674995422,0.0912755427841634,0.0172946036775029,0.0,0.0,0.8392894268035889,0.0391226969659328,27.94961166381836,31.979881286621094,4.030269622802734,26.88799285888672,0,0,0,0,1,Understand
219,0.9102309346199036,0.921109139919281,0.8986690044403076,0.0091738970950245,0.0224401354789733,0.25,0.0,0.0,0.0,0.921205997467041,0.0156762786209583,29.218883514404297,65.21020126342773,35.99131774902344,50.507320404052734,0,0,0,0,0,Understand
220,0.9414181709289552,0.9566240310668944,0.913836658000946,0.0195372458547353,0.0427873730659484,0.3095238095238095,0.0841793787126842,0.0,0.0,0.9320399165153505,0.0304276347160339,22.857452392578125,64.37032699584961,41.51287460327149,52.77806854248047,0,0,0,0,1,Understand
221,0.9105194211006165,0.9416717886924744,0.8704713582992554,0.0297402869910001,0.071200430393219,0.25,0.0,0.0,0.0,0.8794767260551453,0.012133446522057,47.632808685302734,64.43825340270996,16.805444717407227,54.066741943359375,0,0,0,0,0,Understand
222,0.804866373538971,0.8075515627861023,0.7999001145362854,0.0035155359655618,0.0076514482498168,0.0,0.0,0.0,0.0,0.8250770568847656,0.0419172383844852,40.815059661865234,45.82146215438843,5.006402492523193,40.95591163635254,0,0,0,0,0,Understand
223,0.8966245651245117,0.9141777753829956,0.8748243451118469,0.0163442231714725,0.0393534302711486,0.25,0.0,0.0,0.0,0.9162407517433168,0.0129266669973731,28.98063850402832,57.51478672027588,28.53414821624756,45.13548278808594,0,0,0,0,0,Understand
224,0.8346061706542969,0.8538755178451538,0.8203949928283691,0.0141285741701722,0.0334805250167846,0.0555926916221033,0.0073241889099347,0.0,0.0,0.8151461482048035,0.0104258935898542,50.89394760131836,39.221224784851074,11.672722816467283,21.261962890625,0,0,0,0,0,Understand
225,0.8778670430183411,0.8822920322418213,0.8710789084434509,0.004873183555901,0.0112131237983703,0.25,0.0,0.0,0.0,0.8914492726325989,0.0236416943371295,51.18961334228516,66.14363384246826,14.954020500183104,65.2635498046875,0,0,0,0,0,Understand
226,0.9163224101066588,0.939489722251892,0.8967539072036743,0.0176314357668161,0.0427358150482177,0.25,0.0,0.0,0.0,0.90375417470932,0.0087555833160877,63.36825180053711,66.02440738677979,2.656155586242676,59.15851593017578,0,0,0,0,0,Understand
227,0.9130013585090636,0.9459856748580932,0.8860170841217041,0.0248469617217779,0.0599685907363891,0.25,0.0,0.0,0.0,0.8906786441802979,0.0142725175246596,37.48410034179688,55.76799106597901,18.28389072418213,28.881668090820312,0,0,0,0,1,Understand
228,0.9268615245819092,0.9460419416427612,0.9050993323326112,0.016814149916172,0.0409426093101501,0.25,0.0,0.0,0.0,0.9196321368217468,0.020266493782401,25.369911193847656,64.60764598846436,39.2377347946167,52.34865188598633,0,0,0,0,0,Understand
229,0.9429853558540344,0.9697720408439636,0.9261276721954346,0.0191511139273643,0.043644368648529,0.25,0.0,0.0,0.0,0.917591392993927,0.0071605453267693,31.515275955200195,70.55145740509033,39.03618144989014,30.30978012084961,0,0,0,0,0,Understand
230,0.7632444500923157,0.7795935869216919,0.7393777370452881,0.0172571633011102,0.0402158498764038,0.0185185185185185,0.0261891400439462,0.0,0.0,0.7146994471549988,0.0398846939206123,40.54166030883789,37.28167390823364,3.259986400604248,44.06873512268066,0,0,0,0,1,Understand
231,0.9637048244476318,0.9711923599243164,0.9570593237876892,0.0058004250749945,0.0141330361366271,0.0,0.0,0.0,0.0,0.961789608001709,0.0052526989020407,33.559444427490234,96.80446720123292,63.24502277374268,87.67288589477539,0,0,0,0,0,Understand
232,0.8705031275749207,0.8783389329910278,0.8613728284835815,0.0069865933619439,0.0169661045074462,0.0,0.0,0.0,0.0,0.9093344211578368,0.0142629081383347,30.605566024780277,271.1696376800537,240.56407165527344,452.22301483154297,0,0,0,0,0,Understand
233,0.7417616248130798,0.7858275175094604,0.7084673643112183,0.0324876382946968,0.0773601531982421,0.1868686868686868,0.0345567965795903,0.0,0.0,0.8632407188415527,0.0120263854041695,78.22774505615234,42.23512935638428,35.992615699768066,27.276752471923828,0,0,0,0,0,Remember
234,0.8959448933601379,0.9123514890670776,0.8667923212051392,0.0206681303679943,0.0455591678619384,0.25,0.0,0.0,0.0,0.9081807136535645,0.0206590890884399,27.835264205932617,65.54106140136719,37.70579719543457,63.45125961303711,0,0,0,0,0,Understand
235,0.9475266933441162,0.9567270278930664,0.935934841632843,0.0086551820859313,0.0207921862602233,0.3095238095238095,0.0841793787126842,0.0,0.0,0.9220617413520812,0.0134461130946874,25.11514663696289,64.60764598846436,39.492499351501465,52.34865188598633,0,0,0,0,0,Understand
236,0.8919153213500977,0.9013143181800842,0.8734151124954224,0.0130822025239467,0.0278992056846618,0.25,0.0,0.0,0.0,0.887798547744751,0.0235267803072929,51.33398818969727,65.550856590271,14.21686840057373,65.72200775146484,0,0,0,0,0,Understand
237,0.9569056630134584,0.9642857313156128,0.9470691680908204,0.007240068167448,0.0172165632247924,0.25,0.0,0.0,0.0,0.9514684677124025,0.0085730580613017,16.48813247680664,62.38616180419922,45.89802932739258,65.72200775146484,0,0,0,0,1,Understand
238,0.8918943405151367,0.9023371934890748,0.8830457925796509,0.0079559618607163,0.0192914009094238,0.25,0.0,0.0,0.0,0.9058921933174132,0.0183554198592901,47.49344253540039,57.51478672027588,10.021344184875488,45.13548278808594,0,0,0,0,0,Analyze
239,0.8169506192207336,0.8764139413833618,0.7084673643112183,0.0768276825547218,0.1679465770721435,0.2522281639928699,0.0298008083730846,0.0,0.0,0.7880516052246094,0.0475246906280517,78.22774505615234,42.23512935638428,35.992615699768066,27.276752471923828,0,0,0,0,0,Remember
240,0.8331751823425293,0.8443266153335571,0.8172546625137329,0.0115551175549626,0.0270719528198242,0.2504201680672269,0.0438432770840156,0.0,0.0,0.8203439712524414,0.0331663340330123,66.10971069335938,42.23512935638428,23.874581336975098,27.276752471923828,0,0,0,0,0,Remember
241,0.9431714415550232,0.9476682543754578,0.9386295080184937,0.0036901903804391,0.0090387463569641,0.3644688644688645,0.0962540904283583,0.0,0.0,0.9518756866455078,0.011956974864006,25.62251281738281,23.270461082458496,2.3520517349243164,14.283044815063477,0,0,0,0,1,Understand
242,0.9053821563720704,0.9247395992279052,0.8790554404258728,0.0192905683070421,0.0456841588020324,0.25,0.0,0.0,0.0,0.8987434506416321,0.0231228154152631,27.835264205932617,65.54106140136719,37.70579719543457,63.45125961303711,0,0,0,0,0,Understand
243,0.9268615245819092,0.9460419416427612,0.9050993323326112,0.016814149916172,0.0409426093101501,0.25,0.0,0.0,0.0,0.9196321368217468,0.020266493782401,25.369911193847656,64.60764598846436,39.2377347946167,52.34865188598633,0,0,0,0,0,Understand
244,0.87508624792099,0.902172327041626,0.845100462436676,0.0233895368874073,0.0570718646049499,0.25,0.0,0.0,0.0,0.8656635284423828,0.0275276247411966,36.37173461914063,65.54106140136719,29.16932678222656,63.45125961303711,0,0,0,0,0,Understand
245,0.8394051194190979,0.8529554605484009,0.8179556727409363,0.0153415165841579,0.0349997878074646,0.25,0.0,0.0,0.0,0.8732261061668396,0.0198849327862262,30.851221084594727,65.54106140136719,34.68984031677246,63.45125961303711,0,0,0,0,0,Understand
246,0.9611193537712096,0.962599515914917,0.9596459865570068,0.0012057828716933,0.0029535293579101,0.25,0.0,0.0,0.0,0.9516155123710632,0.0036457304377108,22.022130966186523,65.54106140136719,43.51893043518066,63.45125961303711,0,0,0,0,0,Understand
247,0.9538156390190125,0.9781021475791932,0.930506706237793,0.0194430500268936,0.0475954413414001,0.25,0.0,0.0,0.0,0.93373841047287,0.0163542665541172,24.058218002319336,65.54106140136719,41.48284339904785,63.45125961303711,0,0,0,0,0,Understand
248,0.8975301384925842,0.9264533519744872,0.8587865233421326,0.0284842662513256,0.0676668286323547,0.25,0.0,0.0,0.0,0.8895928859710693,0.0244752950966358,36.06776809692383,65.54106140136719,29.47329330444336,63.45125961303711,0,0,0,0,0,Understand
249,0.8864696025848389,0.907980978488922,0.8688212633132935,0.0162185728549957,0.0391597151756286,0.2703703703703703,0.2414928422685463,0.0,0.0,0.8942660689353943,0.0145016089081764,40.51642227172852,27.798545837402344,12.717876434326172,11.178237915039062,0,0,1,0,0,Apply
250,0.9347162842750548,0.945703148841858,0.9239006042480468,0.0089016743004322,0.021802544593811,0.2080808080808081,0.0991340941122044,0.0,0.0,0.9306669235229492,0.0230884570628404,15.73465061187744,77.88663005828857,62.15197944641113,73.68537521362305,0,0,0,0,0,Analyze
251,0.8831890225410461,0.9017858505249025,0.8682497143745422,0.0139332069084048,0.0335361361503601,0.2525252525252525,0.1142798838281288,0.0,0.0,0.8682782053947449,0.0051456033252179,13.041604042053224,241.74942588806152,228.7078218460083,314.35335540771484,0,0,0,0,0,Remember
252,0.9658761620521544,0.9658761620521544,0.9658761620521544,0.0,0.0,0.0,0.0,0.0,0.0,0.0,0.0,21.17748260498047,1902.5765075683596,1881.399024963379,3230.844055175781,0,0,1,0,1,Apply
253,0.8590947985649109,0.8843311071395874,0.8281100988388062,0.0233092606067657,0.0562210083007812,0.1636363636363636,0.051425947722658,0.0,0.0,0.8504889607429504,0.0261864997446537,28.276302337646484,79.08426284790039,50.80796051025391,73.973388671875,0,0,0,0,0,Remember
254,0.969035804271698,0.9823594689369202,0.9598500728607178,0.0096440073102712,0.0225093960762023,0.0,0.0,0.0,0.0,0.9533560872077942,0.0103695532307028,19.99343490600586,242.73365116119385,222.740216255188,636.2459297180176,0,0,0,0,1,Analyze
255,0.8404226303100586,0.8679085969924927,0.819617748260498,0.0202728044241666,0.0482908487319946,0.218013468013468,0.0279937527749425,0.0,0.0,0.804600715637207,0.0289947427809238,43.08143997192383,91.3603858947754,48.27894592285156,72.62187194824219,0,0,0,0,0,Understand
256,0.7607855796813965,0.771201491355896,0.7451611757278442,0.0112508293241262,0.0260403156280517,0.0,0.0,0.0,0.0,0.8024293780326843,0.0207502506673336,27.693605422973636,40.18869638442993,12.4950909614563,49.52911949157715,0,0,0,0,0,Understand
257,0.9212763905525208,0.932994306087494,0.9054392576217652,0.0116202877834439,0.0275550484657287,0.0,0.0,0.0,0.0,0.9485292434692384,0.0064760418608784,24.56711769104004,227.4780683517456,202.9109506607056,562.9541206359863,0,0,1,0,0,Create
258,0.9169988632202148,0.9169988632202148,0.9169988632202148,0.0,0.0,0.0,0.0,0.0,0.0,0.0,0.0,48.10840606689453,432.1442565917969,384.0358505249024,328.20611572265625,0,0,0,0,1,Create
259,0.9547950625419616,0.9651320576667786,0.9458786845207214,0.0079240929335355,0.0192533731460571,0.0,0.0,0.0,0.0,0.959865152835846,0.0127763031050562,18.80708885192871,94.62517261505128,75.81808376312256,118.18268966674805,0,0,0,0,1,Create
260,0.8012697100639343,0.8245717287063599,0.771201491355896,0.0223074052482843,0.0533702373504638,0.0784313725490196,0.1109187107743604,0.0,0.0,0.7619452476501465,0.0123866125941276,27.693605422973636,40.18869638442993,12.4950909614563,49.52911949157715,0,0,0,0,0,Understand
261,0.8790924549102783,0.8878558278083801,0.8688212633132935,0.007843630388379,0.0190345644950866,0.1106521739130434,0.0168792367315646,0.0,0.0,0.9016432166099548,0.0137091390788555,40.51642227172852,27.798545837402344,12.717876434326172,11.178237915039062,0,0,1,0,0,Apply
262,0.9554031491279602,0.9643751978874208,0.9395864009857178,0.0112177999690175,0.0247887969017028,0.0,0.0,0.0,0.0,0.9356255531311036,0.0113977389410138,22.53455924987793,227.4780683517456,204.94350910186768,562.9541206359863,0,0,1,0,1,Analyze
264,0.9806125164031982,0.989038586616516,0.9715278148651124,0.0071638985536992,0.0175107717514038,0.0,0.0,0.0,0.0,0.9695126414299012,0.0072188572958111,20.143911361694336,89.50900650024414,69.3650951385498,42.439109802246094,0,0,1,0,1,Create
265,0.9203009009361268,0.9356338381767272,0.8930337429046631,0.0193306282162666,0.0426000952720642,0.1272727272727273,0.051425947722658,0.0,0.0,0.9079788327217102,0.0271603967994451,18.128978729248047,69.04773616790771,50.91875743865967,71.50153350830078,0,0,0,0,1,Analyze
266,0.8762612342834473,0.8934808969497681,0.8436828851699829,0.0230489093810319,0.0497980117797851,0.218013468013468,0.0279937527749425,0.0,0.0,0.8792276978492737,0.0396727994084358,15.543815612792969,91.3603858947754,75.81657028198242,72.62187194824219,0,0,0,0,1,Create
267,0.7848381996154785,0.8148097991943359,0.7352520227432251,0.0353167317807674,0.0795577764511108,0.0074074074074074,0.0104756560175784,0.0,0.0,0.760215699672699,0.0168848522007465,66.07662200927734,28.50691509246826,37.56970691680908,19.272018432617188,0,0,0,0,0,Understand
269,0.7918064594268799,0.8107566237449646,0.7638470530509949,0.0201825387775897,0.0469095706939697,0.0052083333333333,0.0073656956373598,0.0,0.0,0.7565069198608398,0.049521580338478,60.58317565917969,31.87128210067749,28.7118935585022,24.143064498901367,0,0,0,0,1,Understand
270,0.7607855796813965,0.771201491355896,0.7451611757278442,0.0112508293241262,0.0260403156280517,0.0,0.0,0.0,0.0,0.8024293780326843,0.0207502506673336,27.693605422973636,40.18869638442993,12.4950909614563,49.52911949157715,0,0,0,0,0,Understand
271,0.9212763905525208,0.932994306087494,0.9054392576217652,0.0116202877834439,0.0275550484657287,0.0,0.0,0.0,0.0,0.9485292434692384,0.0064760418608784,24.56711769104004,227.4780683517456,202.9109506607056,562.9541206359863,0,0,1,0,0,Create
272,0.9169988632202148,0.9169988632202148,0.9169988632202148,0.0,0.0,0.0,0.0,0.0,0.0,0.0,0.0,48.10840606689453,432.1442565917969,384.0358505249024,328.20611572265625,0,0,0,0,1,Create
273,0.9167714715003968,0.932938516139984,0.8873597383499146,0.0208314154297113,0.0455787777900695,0.1636363636363636,0.051425947722658,0.0,0.0,0.9101045727729796,0.0219026431441307,18.92763900756836,79.08426284790039,60.15662384033203,73.973388671875,0,0,0,0,1,Remember
274,0.8404226303100586,0.8679085969924927,0.819617748260498,0.0202728044241666,0.0482908487319946,0.218013468013468,0.0279937527749425,0.0,0.0,0.804600715637207,0.0289947427809238,43.08143997192383,91.3603858947754,48.27894592285156,72.62187194824219,0,0,0,0,0,Understand
275,0.8864696025848389,0.907980978488922,0.8688212633132935,0.0162185728549957,0.0391597151756286,0.2703703703703703,0.2414928422685463,0.0,0.0,0.8942660689353943,0.0145016089081764,40.51642227172852,27.798545837402344,12.717876434326172,11.178237915039062,0,0,1,0,0,Apply
276,0.9887263178825378,0.9915801286697388,0.9858767986297609,0.002328376751393,0.005703330039978,0.25,0.0,0.0,0.0,0.987243354320526,0.0035658467095345,19.43153953552246,947.1290893554688,927.6975498199464,406.28228759765625,0,0,0,0,1,Create
277,0.9347162842750548,0.945703148841858,0.9239006042480468,0.0089016743004322,0.021802544593811,0.2080808080808081,0.0991340941122044,0.0,0.0,0.9306669235229492,0.0230884570628404,15.73465061187744,77.88663005828857,62.15197944641113,73.68537521362305,0,0,0,0,0,Analyze
279,0.8831890225410461,0.9017858505249025,0.8682497143745422,0.0139332069084048,0.0335361361503601,0.2525252525252525,0.1142798838281288,0.0,0.0,0.8682782053947449,0.0051456033252179,13.041604042053224,241.74942588806152,228.7078218460083,314.35335540771484,0,0,0,0,0,Remember
281,0.794367790222168,0.8274290561676025,0.7481767535209656,0.0336603224277496,0.0792523026466369,0.0074074074074074,0.0104756560175784,0.0,0.0,0.7540061473846436,0.0328687205910682,66.07662200927734,28.54801893234253,37.528603076934814,20.14142799377441,0,0,0,0,0,Understand
283,0.9941990971565248,0.9953019022941588,0.992493748664856,0.0012230750871822,0.0028081536293029,0.25,0.0,0.0,0.0,0.9936498999595642,0.000632666866295,18.71731185913086,935.2073516845704,916.4900398254396,298.7476806640625,0,0,0,0,1,Create
284,0.9854375720024108,0.9854375720024108,0.9854375720024108,0.0,0.0,0.0,0.0,0.0,0.0,0.0,0.0,20.949493408203125,1902.5765075683596,1881.627014160156,3230.844055175781,0,0,0,0,1,Apply
285,0.8569645881652832,0.883532702922821,0.8238503932952881,0.024800980463624,0.0596823096275329,0.2703703703703703,0.2414928422685463,0.0,0.0,0.8565558791160583,0.0238160975277423,30.31155776977539,27.75885343551636,2.552704334259033,11.093088150024414,0,0,1,0,0,Understand
286,0.8372161984443665,0.8744262456893921,0.8133100271224976,0.0266650896519422,0.0611162185668945,0.2048484848484848,0.0488170437953994,0.0,0.0,0.8241376876831055,0.0120071657001972,95.35885620117188,63.29573202133179,32.06312417984009,71.72430229187012,0,0,0,0,0,Understand
289,0.794367790222168,0.8274290561676025,0.7481767535209656,0.0336603224277496,0.0792523026466369,0.0074074074074074,0.0104756560175784,0.0,0.0,0.7540061473846436,0.0328687205910682,66.07662200927734,28.54801893234253,37.528603076934814,20.14142799377441,0,0,0,0,0,Understand
291,0.9854375720024108,0.9854375720024108,0.9854375720024108,0.0,0.0,0.0,0.0,0.0,0.0,0.0,0.0,20.949493408203125,1902.5765075683596,1881.627014160156,3230.844055175781,0,0,0,0,1,Apply
292,0.8141014575958252,0.8423953056335449,0.7917051315307617,0.0211101714521646,0.0506901741027832,0.0598901098901099,0.0393487416749302,0.0,0.0,0.7915194630622864,0.0242115892469882,32.18302536010742,32.36339902877808,0.1803736686706543,20.29282569885254,0,0,0,0,0,Remember
293,0.8118628859519958,0.8309787511825562,0.7817186117172241,0.0215694084763526,0.049260139465332,0.1212121212121212,0.0857099128710966,0.0,0.0,0.8358895182609558,0.0249795503914356,24.77410697937012,82.35705661773682,57.5829496383667,158.75379180908203,0,0,0,0,0,Remember
294,0.864887535572052,0.8791564106941223,0.8459042310714722,0.0139784654602408,0.0332521796226501,0.2173896863370547,0.1536125903047781,0.0,0.0,0.8461382985115051,0.009269849397242,19.56376838684082,23.36371946334839,3.799951076507568,11.803775787353516,0,0,0,0,1,Remember
295,0.8500385284423828,0.8527202010154724,0.8467528820037842,0.002473299158737,0.0059673190116882,0.171579532814238,0.0602702405690313,0.0,0.0,0.8650044798851013,0.0130997728556394,33.36357879638672,31.6195125579834,1.7440662384033203,12.870683670043944,0,0,0,0,1,Remember
296,0.8332712650299072,0.875037670135498,0.8086478114128113,0.0296907946467399,0.0663898587226867,0.0,0.0,0.0,0.0,0.8392369747161865,0.0168850012123584,37.11283493041992,30.73242139816284,6.38041353225708,18.35497283935547,0,0,0,0,0,Create
297,0.993570864200592,0.9962527751922609,0.9919462203979492,0.0019104800885543,0.0043065547943115,0.0,0.0,0.0,0.0,0.9946715831756592,0.0010046944953501,17.84634017944336,89.40379667282104,71.55745649337769,190.00649452209475,0,0,1,0,1,Remember
298,0.8178730607032776,0.8535377979278564,0.7667495012283325,0.0370790548622608,0.0867882966995239,0.0128205128205128,0.0181309431073473,0.0,0.0,0.8149592280387878,0.0271688867360353,27.921571731567383,34.65220832824707,6.730636596679688,26.417356491088867,0,0,0,0,0,Understand
299,0.8302071690559387,0.8413999080657959,0.8185281753540039,0.0093436772003769,0.0228717327117919,0.0669871794871794,0.0253225413014149,0.0,0.0,0.830409049987793,0.0215768981724977,25.08481216430664,26.54388189315796,1.4590697288513184,6.771743774414063,0,0,0,0,0,Understand
300,0.786213219165802,0.8357001543045044,0.7421276569366455,0.0383912660181522,0.0935724973678588,0.0595238095238095,0.0841793787126842,0.0,0.0,0.7830185890197754,0.0479701422154903,37.637088775634766,35.743027687072754,1.894061088562012,6.171260833740234,0,0,0,0,1,Understand
301,0.7888802886009216,0.8518118858337402,0.7349660396575928,0.0481263846158981,0.1168458461761474,0.0,0.0,0.0,0.0,0.7766607403755188,0.0105858733877539,30.378427505493164,50.362915992736816,19.98448848724365,67.18130493164062,0,0,0,0,0,Remember
302,0.8324111104011536,0.8407120704650879,0.8256641626358032,0.0062407702207565,0.0150479078292846,0.0,0.0,0.0,0.0,0.8825788497924805,0.0085404384881258,27.00480461120605,249.18030834198,222.17550373077395,638.4918479919434,0,0,0,0,0,Analyze
303,0.829474151134491,0.8492878079414368,0.8181324005126953,0.0140592977404594,0.0311554074287414,0.1820182501341921,0.0657128925022633,0.0,0.0,0.8425962924957275,0.0337172485888004,23.946508407592773,25.526916980743408,1.5804085731506348,8.226282119750977,0,0,0,0,0,Understand
304,0.8740740418434143,0.9063897728919984,0.8571066856384277,0.022860188037157,0.0492830872535705,0.1179453262786596,0.0639230972108864,0.0,0.0,0.8472560048103333,0.0166738666594028,33.61484909057617,120.37496280670166,86.76011371612549,149.4010887145996,0,0,0,0,1,Remember
305,0.7675702571868896,0.790291428565979,0.7382876873016357,0.0217314809560775,0.0520037412643432,0.0,0.0,0.0,0.0,0.820749819278717,0.0146045042201876,38.01119995117188,37.24207019805908,0.769129753112793,26.6728630065918,0,0,0,0,0,Understand
306,0.8441774845123291,0.8708380460739136,0.8269100785255432,0.0191239845007658,0.0439279675483703,0.1805555555555555,0.0519674637051936,0.0,0.0,0.8441333770751953,0.0281667727977037,63.90507125854492,45.74698257446289,18.15808868408203,16.624652862548828,0,0,0,0,0,Evaluate
307,0.8252214789390564,0.8723344206809998,0.7893208265304565,0.0348051786422729,0.0830135941505432,0.3777777777777777,0.0314269680527354,0.0,0.0,0.8231121897697449,0.017687190324068,45.130516052246094,47.68418216705322,2.553666114807129,27.77635955810547,0,0,0,0,1,Understand
308,0.9664709568023682,0.9711381793022156,0.9638429880142212,0.0033089767675846,0.0072951912879943,0.2,2.775557561562892e-17,0.0,0.0,0.9612278342247008,0.0026828104164451,41.36998748779297,134.23333168029785,92.86334419250488,32.953697204589844,0,0,0,0,0,Understand
309,0.931109607219696,0.9434555768966676,0.9210594296455384,0.0092862006276845,0.0223961472511291,0.0,0.0,0.0,0.0,0.9328174591064452,0.017213650047779,35.52805709838867,248.0281581878662,212.50010108947757,235.65576934814453,0,0,1,0,0,Understand
311,0.8293247222900391,0.8335117101669312,0.8229124546051025,0.0046043428592383,0.0105992555618286,0.1111111111111111,0.0785674201318386,0.0,0.0,0.8217328190803528,0.0156467482447624,26.094621658325195,60.52090311050415,34.426281452178955,75.22159767150879,0,0,0,0,0,Understand
312,0.9074808955192566,0.9223888516426086,0.8888046741485596,0.0139672085642814,0.033584177494049,0.4000000000000001,5.551115123125783e-17,0.0,0.0,0.9066035151481628,0.0223311129957437,22.774274826049805,28.56381893157959,5.789544105529785,22.132862091064453,0,0,0,0,0,Understand
313,0.8300569653511047,0.851093053817749,0.808516800403595,0.0173853375017642,0.042576253414154,0.0,0.0,0.0,0.0,0.846020519733429,0.0190963149070739,38.38121032714844,109.06954956054688,70.68833923339844,198.62570190429688,0,0,0,0,0,Understand
314,0.8658367991447449,0.8686994314193726,0.8621885776519775,0.0027154644485563,0.006510853767395,0.5037037037037037,0.0733295921230493,0.0,0.0,0.9120607376098632,0.0253001656383276,18.83428192138672,63.08599090576172,44.251708984375,10.265522003173828,0,0,0,0,0,Understand
315,0.8846235871315002,0.9090352058410645,0.87183678150177,0.0172681249678134,0.0371984243392944,0.0,0.0,0.0,0.0,0.9050745964050292,0.0202939175069332,26.05230140686035,243.06796836853027,217.01566696166992,363.77274322509766,0,0,0,0,0,Remember
316,0.8780531287193298,0.8957558274269104,0.862535834312439,0.0136497607454657,0.0332199931144714,0.0,0.0,0.0,0.0,0.8834645748138428,0.0419385805726051,23.814088821411133,207.02759075164795,183.2135019302368,554.2320137023926,0,0,0,0,0,Remember
317,0.8586673140525818,0.882819652557373,0.8429709076881409,0.0173322185873985,0.0398487448692321,0.0,0.0,0.0,0.0,0.8522244095802307,0.0119951898232102,25.309858322143555,33.81224250793457,8.502384185791016,24.893329620361328,0,0,0,0,0,Understand
318,0.8028919100761414,0.8379340171813965,0.7441582679748535,0.0417886786162853,0.0937757492065429,0.175438596491228,0.1240538212607978,0.0,0.0,0.8133714199066162,0.0625426024198532,38.800880432128906,28.82634162902832,9.974538803100586,18.434547424316406,0,0,0,0,0,Create
319,0.7374762892723083,0.8187117576599121,0.6477966904640198,0.0700307860970497,0.1709150671958923,0.0087719298245614,0.0124053821260797,0.0,0.0,0.7050168514251709,0.0601787529885768,37.2271728515625,41.70244455337525,4.475271701812744,50.83936309814453,0,0,0,0,0,Understand
320,0.6867098212242126,0.7764487862586975,0.5270600914955139,0.1131792590022087,0.2493886947631836,0.0438003220611916,0.0355027730229196,0.0,0.0,0.6158642768859863,0.1144936755299568,23.95335960388184,39.74659729003906,15.793237686157228,48.01465034484863,0,0,0,0,0,Understand
321,0.76902836561203,0.8020787835121155,0.704919695854187,0.0453389398753643,0.0971590876579284,0.0316063864450961,0.0263547184801449,0.0,0.0,0.8008237481117249,0.0246086120605468,33.46733093261719,37.54688358306885,4.07955265045166,50.24951362609863,0,0,0,0,0,Understand
322,0.8592661023139954,0.8734825849533081,0.8516958355903625,0.0100596472620964,0.0217867493629455,0.257070707070707,0.158429762977035,0.0,0.0,0.8942915797233582,0.0221816599369049,14.402376174926758,70.47501373291016,56.0726375579834,75.04420471191406,0,0,0,0,0,Understand
323,0.8358585238456726,0.847345232963562,0.8204027414321899,0.011351647786796,0.026942491531372,0.4776556776556777,0.0709072740369984,0.0,0.0,0.865307629108429,0.0159188769757747,13.418014526367188,25.35577392578125,11.937759399414062,5.454446792602539,0,0,0,0,0,Understand
324,0.8153530955314636,0.8232442140579224,0.8007517457008362,0.0103359362110495,0.0224924683570861,0.0774193548387096,0.0876723316586645,0.0,0.0,0.8110769391059875,0.0372987501323223,23.595094680786133,37.82964849472046,14.234553813934326,13.141042709350586,0,0,0,0,1,Understand
325,0.8378682136535645,0.8543614745140076,0.8178691864013672,0.0151027357205748,0.0364922881126403,0.0528985507246376,0.0444221220985336,0.0,0.0,0.8488022685050964,0.0366830974817276,17.79601287841797,26.00186443328857,8.205851554870605,11.903406143188477,0,0,0,0,0,Understand
326,0.8829701542854309,0.9367910623550416,0.8484582901000977,0.0385598689317703,0.0883327722549438,0.1851851851851852,0.2618914004394621,0.0,0.0,0.8539175987243652,0.0058835297822952,23.396812438964844,54.08722114562988,30.69040870666504,74.82897567749023,0,0,0,0,0,Understand
327,0.9277912974357604,0.9446911811828612,0.9166088104248048,0.0121565349400043,0.0280823707580566,0.0,0.0,0.0,0.0,0.9038102030754088,0.0172032825648784,14.292173385620115,234.0828161239624,219.79064273834229,594.3728294372559,0,0,0,0,0,Understand
328,0.8467450141906738,0.8619797229766846,0.8382222652435303,0.0107979141175746,0.0237574577331542,0.0256410256410256,0.0362618862146947,0.0,0.0,0.8995146751403809,0.0123918876051902,14.607909202575684,70.89800262451172,56.29009342193604,152.0406379699707,0,0,0,0,0,Understand
329,0.9317131042480468,0.9754836559295654,0.8848304152488708,0.0370743982493877,0.0906532406806945,0.0,0.0,0.0,0.0,0.9070098996162416,0.0303175672888755,15.234606742858888,1146.4292812347412,1131.1946744918823,1969.1644668579104,0,0,0,0,0,Remember
330,0.8396921157836914,0.843428373336792,0.8366774320602417,0.002802891889587,0.0067509412765502,0.0,0.0,0.0,0.0,0.9051361083984376,0.0303823053836822,11.32069206237793,110.85408210754396,99.53339004516602,97.91931915283205,0,0,0,0,0,Understand
331,0.8602960705757141,0.87727952003479,0.8492029905319214,0.0121954968199133,0.0280765295028686,0.0809523809523809,0.0598562147141739,0.0,0.0,0.8704013824462891,0.0389903895556926,15.44970703125,42.96257448196411,27.51286745071411,30.32615089416504,0,0,0,0,0,Remember
332,0.9395313262939452,0.9723583459854126,0.8886368274688721,0.0364888161420822,0.0837215185165405,0.0,0.0,0.0,0.0,0.9054834246635436,0.0394614487886428,18.47456932067871,78.18085670471191,59.7062873840332,57.02137756347656,0,0,0,0,1,Understand
333,0.9320559501647948,0.9450804591178894,0.9177818298339844,0.0111795905977487,0.027298629283905,0.0537037037037037,0.045436459801427,0.0,0.0,0.9246811270713806,0.0203708633780479,18.47456932067871,31.96611738204956,13.49154806137085,14.626680374145508,0,0,0,0,1,Remember
334,0.9143574833869934,0.9263808727264404,0.9043518304824828,0.0091057773679494,0.0220290422439575,0.0,0.0,0.0,0.0,0.9462113380432128,0.0271614082157611,18.47456932067871,118.25626945495604,99.78170013427734,200.1102523803711,0,0,0,0,1,Understand
335,0.9520599246025084,0.966177225112915,0.937566339969635,0.0116833755746483,0.02861088514328,0.0,0.0,0.0,0.0,0.9508702754974364,0.0117908520624041,18.47456932067871,231.14184284210205,212.6672735214233,453.3583564758301,0,0,0,0,1,Create
336,0.9694356322288512,0.9812568426132202,0.9485785961151124,0.0147919002920389,0.0326782464981079,0.202020202020202,0.144976768630377,0.0,0.0,0.9560742378234864,0.0177996456623077,18.47456932067871,38.63497447967529,20.160405158996586,13.51117706298828,0,0,0,0,1,Remember
337,0.9815190434455872,0.9816362857818604,0.981414258480072,9.106387005886064e-05,0.0002220273017883,0.0,0.0,0.0,0.0,0.9842777848243712,0.0037185491528362,17.64910888671875,300.5445337295532,282.8954248428345,993.3550796508788,0,0,0,0,1,Understand
338,0.627467691898346,0.948546290397644,0.0,0.4437271952629089,0.948546290397644,0.0,0.0,0.0,0.0,0.3130984604358673,0.4427880644798279,17.64910888671875,116.62932014465332,98.98021125793456,134.1177978515625,0,0,0,0,1,Understand
339,0.9625234007835388,0.963845670223236,0.9605956673622132,0.0013941710349172,0.0032500028610229,0.0,0.0,0.0,0.0,0.9751575589179992,0.0036389199085533,17.64910888671875,34.6523118019104,17.00320291519165,19.981618881225582,0,0,0,0,1,Remember
341,0.9894561171531676,0.9928195476531982,0.9872968792915344,0.0024100521113723,0.0055226683616638,0.0,0.0,0.0,0.0,0.9869257807731628,0.0006806825986132,17.64910888671875,52.444095611572266,34.79498672485352,78.24372863769531,0,0,0,0,1,Remember
342,0.9664709568023682,0.9711381793022156,0.9638429880142212,0.0033089767675846,0.0072951912879943,0.2,2.775557561562892e-17,0.0,0.0,0.9612278342247008,0.0026828104164451,41.36998748779297,134.23333168029785,92.86334419250488,32.953697204589844,0,0,0,0,0,Understand
343,0.6617147326469421,0.7070112228393555,0.6303362846374512,0.0328130610287189,0.0766749382019043,0.0,0.0,0.0,0.0,0.7807784080505371,0.0297964457422494,37.2271728515625,41.70244455337525,4.475271701812744,50.83936309814453,0,0,0,0,0,Understand
344,0.6983528137207031,0.7189021110534668,0.6866430044174194,0.0145777082070708,0.0322591066360473,0.0,0.0,0.0,0.0,0.814694881439209,0.0078560672700405,22.58788108825684,39.74659729003906,17.158716201782227,48.01465034484863,0,0,0,0,0,Understand
345,0.7610613703727722,0.8114545345306396,0.704919695854187,0.0436821952462196,0.1065348386764526,0.0,0.0,0.0,0.0,0.8087908625602722,0.0109312878921628,33.46733093261719,37.54688358306885,4.07955265045166,50.24951362609863,0,0,0,0,0,Understand
346,0.9608049988746644,0.9608049988746644,0.9608049988746644,0.0,0.0,0.0,0.0,0.0,0.0,0.0,0.0,29.71951675415039,1902.5765075683596,1872.856990814209,3230.844055175781,0,0,0,0,1,Apply
347,0.916208565235138,0.9362919330596924,0.9010847210884094,0.0147949028760194,0.0352072119712829,0.4000000000000001,5.551115123125783e-17,0.0,0.0,0.8978757858276367,0.0175274182111024,22.774274826049805,28.56381893157959,5.789544105529785,22.132862091064453,0,0,0,0,0,Understand
348,0.838987410068512,0.891337513923645,0.8039066791534424,0.0377245284616947,0.0874308347702026,0.4164021164021164,0.1204421554655641,0.0,0.0,0.8148191571235657,0.0103142587468028,26.600584030151367,25.35577392578125,1.2448101043701172,5.454446792602539,0,0,0,0,0,Understand
349,0.7519710063934326,0.7810090780258179,0.6941978931427002,0.0408519469201564,0.0868111848831176,0.0,0.0,0.0,0.0,0.7696492075920105,0.0296806916594505,30.36982536315918,39.06259679794312,8.692771434783936,42.5003547668457,0,0,0,0,0,Understand
350,0.8436251282691956,0.8941184282302856,0.8157814145088196,0.0357670672237873,0.078337013721466,0.0144927536231884,0.0204958487300448,0.0,0.0,0.8161125183105469,0.0173965860158205,22.10184669494629,45.46257781982422,23.36073112487793,65.12607383728027,0,0,0,0,0,Create
351,0.7855276465415955,0.8032561540603638,0.7727270126342773,0.0129414163529872,0.0305291414260864,0.0656246489158521,0.0305199596285987,0.0,0.0,0.8394836783409119,0.026093490421772,21.667888641357425,26.00186443328857,4.333975791931152,11.903406143188477,0,0,0,0,0,Understand
352,0.8277474045753479,0.8553106784820557,0.808516800403595,0.0199915282428264,0.0467938780784606,0.0,0.0,0.0,0.0,0.8483300805091858,0.0135222841054201,38.38121032714844,109.06954956054688,70.68833923339844,198.62570190429688,0,0,0,0,0,Understand
353,0.904189109802246,0.9475275874137878,0.8666223287582397,0.0332806222140789,0.0809052586555481,0.5555555555555556,0.0,0.0,0.0,0.8737084865570068,0.0119861811399459,18.83428192138672,63.08599090576172,44.251708984375,10.265522003173828,0,0,0,0,0,Understand
354,0.7806370854377747,0.8806538581848145,0.6939725875854492,0.0767949000000953,0.1866812705993652,0.0,0.0,0.0,0.0,0.7218800187110901,0.0476252920925617,35.19174575805664,41.20562696456909,6.013881206512451,41.37808418273926,0,0,0,0,1,Understand
355,0.9188374876976012,0.9530710577964784,0.8918561339378357,0.0255116075277328,0.0612149238586425,0.4000000000000001,5.551115123125783e-17,0.0,0.0,0.9006839394569397,0.0108802923932671,26.57750129699707,48.61992359161377,22.0424222946167,28.31010055541992,0,0,0,0,1,Evaluate
356,0.8100787997245789,0.8370826244354248,0.7903997302055359,0.0197494830936193,0.0466828942298889,0.14375,0.0795495128834866,0.0,0.0,0.8677802085876465,0.0305386055260896,47.90684509277344,40.19298315048218,7.71386194229126,48.431108474731445,0,0,0,0,0,Remember
357,0.7665007710456848,0.7771819829940796,0.760536789894104,0.0075699128210544,0.0166451930999755,0.2914121510673235,0.0717346517553138,0.0,0.0,0.7680070996284485,0.0324937477707862,51.07426071166992,32.17755651473999,18.89670419692993,42.92467880249024,0,0,0,0,0,Understand
358,0.8125295639038086,0.8320682048797607,0.8020402789115906,0.013828432187438,0.0300279259681701,0.5557312252964427,0.0327658209898224,0.0,0.0,0.8756482005119324,0.0186753291636705,37.417625427246094,34.80000734329224,2.6176180839538574,9.023263931274414,0,0,1,0,0,Understand
359,0.7816532254219055,0.8077711462974548,0.7512711882591248,0.0232622530311346,0.05649995803833,0.0185185185185185,0.0261891400439462,0.0,0.0,0.7450401186943054,0.0449055135250091,34.91527557373047,37.28167390823364,2.366398334503174,44.06873512268066,0,0,0,0,1,Understand
360,0.9401788711547852,0.9401788711547852,0.9401788711547852,0.0,0.0,0.0,0.0,0.0,0.0,0.0,0.0,41.2222900390625,432.1442565917969,390.9219665527344,328.20611572265625,0,0,0,0,1,Understand
361,0.8532779812812805,0.8848121166229248,0.833361029624939,0.0225539878010749,0.0514510869979858,0.1387654320987654,0.061919703548609,0.0,0.0,0.8436282277107239,0.0117340739816427,32.06093215942383,37.14059257507324,5.079660415649414,22.162437438964844,0,0,0,0,1,Understand
362,0.8073372840881348,0.8458825349807739,0.7804571390151978,0.0279544629156589,0.0654253959655761,0.0196078431372549,0.0277296776935901,0.0,0.0,0.8392383456230164,0.0137233212590217,49.125755310058594,56.41699028015137,7.291234970092773,37.73689270019531,0,0,0,0,0,Understand
363,0.7953314781188965,0.8090751767158508,0.7815877199172974,0.0137437283992767,0.0274874567985534,0.5625,0.1875,0.0,0.0,0.780878484249115,0.0,54.3898811340332,60.64115651448568,6.251275380452476,32.501129150390625,0,0,0,0,0,Understand
364,0.864207923412323,0.8762153387069702,0.8543696999549866,0.0090493839234113,0.0218456387519836,0.0,0.0,0.0,0.0,0.8947113156318665,0.0182027984410524,28.946683883666992,242.0415573120117,213.09487342834475,244.3344268798828,0,0,0,0,1,Understand
365,0.7876179814338684,0.842501163482666,0.7596314549446106,0.0388108193874359,0.0828697085380554,0.0,0.0,0.0,0.0,0.7692087292671204,0.0035834435839205,29.053396224975582,60.506948471069336,31.45355224609375,100.41533279418944,0,0,0,0,1,Understand
366,0.8224514126777649,0.8774505853652954,0.7826646566390991,0.0401634760200977,0.0947859287261962,0.1,1.3877787807814457e-17,0.0,0.0,0.8257491588592529,0.0248111467808485,59.48274230957031,63.7310791015625,4.248336791992188,40.08126068115234,0,0,0,0,0,Understand
367,0.8267731666564941,0.8304011821746826,0.8227463960647583,0.0031377528794109,0.0076547861099243,0.0894373074900458,0.0172268472210996,0.0,0.0,0.8603426814079285,0.0296861361712217,27.287355422973636,32.838369846343994,5.551014423370361,26.88799285888672,0,0,0,0,1,Understand
368,0.8335587978363037,0.85454261302948,0.8020507097244263,0.0226850938051939,0.0524919033050537,0.0,0.0,0.0,0.0,0.8594584465026855,0.0367268957197666,33.10612106323242,240.5349006652832,207.4287796020508,254.35134887695312,0,0,0,0,1,Understand
370,0.942131757736206,0.9540607929229736,0.9252969026565552,0.0122444722801446,0.0287638902664184,0.25,0.0,0.0,0.0,0.9319467544555664,0.0167118068784475,25.09766960144043,65.550856590271,40.453186988830566,65.72200775146484,0,0,0,0,1,Understand
371,0.7435198426246643,0.7795935869216919,0.6803463101387024,0.0448204390704631,0.0992472767829895,0.0,0.0,0.0,0.0,0.7344239354133606,0.0318852737545967,40.54166030883789,37.28167390823364,3.259986400604248,44.06873512268066,0,0,0,0,1,Understand
372,0.9539902806282043,0.9753850698471068,0.9151405692100524,0.0275179669260978,0.0602445006370544,0.25,0.0,0.0,0.0,0.9259787201881408,0.036823995411396,32.353477478027344,65.550856590271,33.19737911224365,65.72200775146484,0,0,0,0,1,Understand
373,0.9409582018852234,0.9609901309013368,0.9104282855987548,0.0219359621405601,0.0505618453025817,0.25,0.0,0.0,0.0,0.9238505959510804,0.0308226235210895,15.858497619628906,65.550856590271,49.69235897064209,65.72200775146484,0,0,0,0,1,Understand
375,0.8371062874794006,0.8378965854644775,0.835686445236206,0.0010061475913971,0.0022101402282714,0.155011655011655,0.0787727051222181,0.0,0.0,0.8673131465911865,0.0137853315100073,31.64640045166016,47.043317794799805,15.396917343139648,51.39276885986328,0,0,0,0,0,Evaluate
376,0.9579899907112122,0.961289882659912,0.9556207656860352,0.0024061487056314,0.0056691169738769,0.0,0.0,0.0,0.0,0.9675044417381288,0.0034667227882891,33.559444427490234,96.80446720123292,63.24502277374268,87.67288589477539,0,0,0,0,0,Understand
377,0.7632444500923157,0.7795935869216919,0.7393777370452881,0.0172571633011102,0.0402158498764038,0.0185185185185185,0.0261891400439462,0.0,0.0,0.7146994471549988,0.0398846939206123,40.54166030883789,37.28167390823364,3.259986400604248,44.06873512268066,0,0,0,0,1,Understand
378,0.919941782951355,0.919941782951355,0.919941782951355,0.0,0.0,0.0,0.0,0.0,0.0,0.0,0.0,37.924713134765625,1902.5765075683596,1864.6517944335935,3230.844055175781,0,0,0,0,1,Apply
379,0.8103049397468567,0.819007158279419,0.7971929907798767,0.0094357039779424,0.0218141674995422,0.0912755427841634,0.0172946036775029,0.0,0.0,0.8392894268035889,0.0391226969659328,27.94961166381836,31.979881286621094,4.030269622802734,26.88799285888672,0,0,0,0,1,Understand
380,0.9028990864753724,0.9489842057228088,0.8308402299880981,0.0516105741262435,0.1181439757347107,0.3095238095238095,0.0841793787126842,0.0,0.0,0.8806397318840027,0.0302853174507617,25.005687713623047,62.03819179534912,37.03250408172608,63.45125961303711,0,0,0,0,1,Apply
381,0.9312664866447448,0.9738481044769288,0.8542749285697937,0.0545433722436428,0.119573175907135,0.3095238095238095,0.0841793787126842,0.0,0.0,0.9042329788208008,0.0427721142768859,17.698837280273438,62.03819179534912,44.33935451507568,63.45125961303711,0,0,1,0,1,Understand
382,0.9488487243652344,0.9793258905410768,0.8943073749542236,0.0386553592979908,0.085018515586853,0.3095238095238095,0.0841793787126842,0.0,0.0,0.928472340106964,0.0329705737531185,15.60671329498291,62.03819179534912,46.43147850036621,63.45125961303711,0,0,0,0,1,Understand
383,0.9438350796699524,0.9545519351959229,0.936336636543274,0.0077767907641828,0.0182152986526489,0.25,0.0,0.0,0.0,0.9219927191734314,0.014001932926476,23.201169967651367,57.00617504119873,33.80500507354736,43.32319259643555,0,0,0,0,1,Understand
384,0.9293761253356934,0.9359537363052368,0.9175010323524476,0.0084132188931107,0.0184527039527893,0.3095238095238095,0.0841793787126842,0.0,0.0,0.9430656433105468,0.012206663377583,32.83222579956055,57.00617504119873,24.173949241638184,43.32319259643555,0,0,0,0,1,Understand
385,0.9080623984336852,0.920003354549408,0.8962644934654236,0.009691878221929,0.0237388610839843,0.25,0.0,0.0,0.0,0.9315174221992492,0.0133063569664955,20.890329360961918,65.45731544494629,44.566986083984375,52.34865188598633,0,0,1,0,1,Understand
386,0.7994542717933655,0.8361809253692627,0.7341418266296387,0.0463023036718368,0.102039098739624,0.0,0.0,0.0,0.0,0.8150947690010071,0.022407779470086,29.101551055908203,53.112956047058105,24.011404991149902,40.00624465942383,0,0,0,0,0,Understand
387,0.8978548049926758,0.903862237930298,0.8930758237838745,0.0044884039089083,0.0107864141464233,0.1666666666666666,0.1360827634879543,0.0,0.0,0.91193288564682,0.0054756239987909,27.76738929748535,191.4745922088623,163.70720291137695,179.7879867553711,0,0,0,0,0,Create
388,0.7705124616622925,0.7853248119354248,0.7557001113891602,0.0148123502731323,0.0296247005462646,0.0,0.0,0.0,0.0,0.8549140691757202,0.0,66.03526306152344,70.74689483642578,4.711631774902344,112.78103256225586,0,0,0,0,0,Understand
389,0.8733215928077698,0.9540135264396667,0.8067183494567871,0.0609526261687278,0.1472951769828796,0.2047930283224401,0.2491864292537293,0.0,0.0,0.8269675374031067,0.0269861035048961,27.094318389892575,73.95788097381592,46.86356258392334,60.16105270385742,0,0,0,0,0,Understand
390,0.8110935091972351,0.8839077949523926,0.7132276296615601,0.0718962922692298,0.1706801652908325,0.0388888888888888,0.0283278861866265,0.0,0.0,0.7531915307044983,0.0515092499554157,41.381160736083984,73.32382011413574,31.94265937805176,103.24171447753906,0,0,0,0,1,Understand
391,0.7842607498168945,0.8077195286750793,0.7570168972015381,0.0208715833723545,0.0507026314735412,0.0804843304843304,0.0374321462776949,0.0,0.0,0.779396116733551,0.0043776258826255,64.4298095703125,31.100770473480225,33.329039096832275,12.193044662475586,0,0,0,0,0,Remember
392,0.8318546414375305,0.857291579246521,0.7923564910888672,0.0283128805458545,0.0649350881576538,0.1029411764705882,0.0311958874052888,0.0,0.0,0.8031458854675293,0.0265347491949796,37.57751083374024,80.52755928039551,42.95004844665527,130.06552124023438,0,0,0,0,0,Remember
393,0.8665199279785156,0.8815351724624634,0.8439003825187683,0.0162780992686748,0.037634789943695,0.0555555555555555,0.0785674201318386,0.0,0.0,0.8927039504051208,0.0190595481544733,15.84804344177246,51.60237789154053,35.754334449768066,54.6421127319336,0,0,0,0,1,Understand
394,0.8810012936592102,0.9116552472114564,0.8370658755302429,0.031866293400526,0.0745893716812133,0.2,2.775557561562892e-17,0.0,0.0,0.8814137578010559,0.0354111641645431,24.59244537353516,37.789599895477295,13.19715452194214,41.25851440429688,0,0,0,0,0,Apply
395,0.8410040736198425,0.8687785863876343,0.7896713018417358,0.0363385267555713,0.0791072845458984,0.0547619047619047,0.0084738716285962,0.0,0.0,0.8396465182304382,0.0293287616223096,40.54478454589844,87.71853065490723,47.17374610900879,111.6753387451172,0,0,0,0,1,Understand
396,0.9106226563453674,0.9253315925598145,0.8987216949462891,0.0110434051603078,0.0266098976135253,0.2,2.775557561562892e-17,0.0,0.0,0.8707921504974365,0.0181856416165828,41.5877685546875,412.0468053817749,370.4590368270874,506.94260025024414,0,0,0,0,0,Understand
397,0.9819672107696532,0.9835754632949828,0.9809104204177856,0.0011557671241462,0.0026650428771972,0.4074074074074074,0.1047565601757848,0.0,0.0,0.9934913516044616,0.0016319917049258,26.792510986328125,421.5810966491699,394.7885856628418,1162.6436462402344,0,0,0,0,1,Understand
398,0.7709271907806396,0.8446024656295776,0.6895889043807983,0.0635155737400055,0.1550135612487793,0.0712250712250712,0.05048445910732,0.0,0.0,0.7091314196586609,0.0421078577637672,66.83026885986328,39.44309091567993,27.38717794418335,45.562326431274414,0,0,0,0,0,Understand
399,0.8213912844657898,0.8463321924209595,0.7948575019836426,0.0210446193814277,0.0514746904373168,0.1666666666666666,0.1178511301977579,0.0,0.0,0.7798803448677063,0.0475306883454322,29.101551055908203,62.52884483337402,33.42729377746582,36.10590362548828,0,0,0,0,0,Understand
400,0.8275930881500244,0.8425171375274658,0.8057901859283447,0.0157629568129777,0.036726951599121,0.0,0.0,0.0,0.0,0.836750328540802,0.0258955843746662,39.17951202392578,96.19644117355348,57.016929149627686,245.19605827331543,0,0,0,0,0,Evaluate
401,0.9110239148139954,0.9241554737091064,0.8855644464492798,0.0180055648088455,0.0385910272598266,0.2,2.775557561562892e-17,0.0,0.0,0.9114763736724854,0.0247154645621776,41.0518684387207,412.0468053817749,370.9949369430542,506.94260025024414,0,0,0,0,0,Understand
402,0.8302094340324402,0.8514629602432251,0.7934603691101074,0.026091631501913,0.0580025911331176,0.0388888888888888,0.0283278861866265,0.0,0.0,0.8292714953422546,0.0183562412858009,43.81662368774414,75.50786590576172,31.691242218017575,112.51684188842772,0,0,0,0,1,Understand
403,0.8661165833473206,0.94560706615448,0.8092297911643982,0.0579245723783969,0.1363772749900818,0.1851851851851852,0.2618914004394621,0.0,0.0,0.8050420880317688,0.0294280350208282,33.6096076965332,69.0073013305664,35.3976936340332,64.42991256713867,0,0,0,0,0,Understand
404,0.849590539932251,0.867961049079895,0.8270161151885986,0.0169779527932405,0.0409449338912963,0.3474747474747475,0.1514208460722707,0.0,0.0,0.8489861488342285,0.039844986051321,27.3663330078125,39.08949375152588,11.72316074371338,44.09191703796387,0,0,0,0,0,Apply
405,0.9624972343444824,0.9714409112930298,0.948140025138855,0.0102538429200649,0.0233008861541748,0.1666666666666666,0.0,0.0,0.0,0.9528243541717528,0.0127392569556832,17.094850540161133,608.233512878418,591.1386623382568,656.8999633789062,0,0,0,0,1,Remember
406,0.7926594614982605,0.8050922155380249,0.7854591608047485,0.0088279619812965,0.0196330547332763,0.0,0.0,0.0,0.0,0.8070173859596252,0.0193235035985708,49.11712265014648,42.99848175048828,6.118640899658203,28.37397003173828,0,0,0,0,0,Understand
407,0.9126362800598145,0.9271629452705384,0.8864929676055908,0.0185242611914873,0.0406699776649475,0.0520282186948853,0.0221426446728213,0.0,0.0,0.8861199021339417,0.0249135196208953,18.50427627563477,91.85993194580078,73.35565567016602,169.10643005371094,0,0,0,0,1,Evaluate
408,0.7709271907806396,0.8446024656295776,0.6895889043807983,0.0635155737400055,0.1550135612487793,0.0712250712250712,0.05048445910732,0.0,0.0,0.7091314196586609,0.0421078577637672,66.83026885986328,39.44309091567993,27.38717794418335,45.562326431274414,0,0,0,0,0,Understand
409,0.786176860332489,0.8229842185974121,0.7134684920310974,0.0514139123260974,0.1095157265663147,0.0,0.0,0.0,0.0,0.8150947690010071,0.022407779470086,29.101551055908203,62.52884483337402,33.42729377746582,36.10590362548828,0,0,0,0,0,Understand
410,0.9259936213493348,0.9401105642318726,0.9145184755325316,0.0106136053800582,0.0255920886993408,0.2,2.775557561562892e-17,0.0,0.0,0.8965066075325012,0.0196917969733476,41.0518684387207,412.0468053817749,370.9949369430542,506.94260025024414,0,0,0,0,0,Understand
411,0.8302094340324402,0.8514629602432251,0.7934603691101074,0.026091631501913,0.0580025911331176,0.0388888888888888,0.0283278861866265,0.0,0.0,0.8292714953422546,0.0183562412858009,43.81662368774414,75.50786590576172,31.691242218017575,112.51684188842772,0,0,0,0,1,Understand
412,0.862315833568573,0.9534912109375,0.7885963916778564,0.068440280854702,0.1648948192596435,0.1851851851851852,0.2618914004394621,0.0,0.0,0.7951173782348633,0.037637859582901,36.20045852661133,69.0073013305664,32.80684280395508,64.42991256713867,0,0,0,0,0,Understand
413,0.8608866333961487,0.9039498567581176,0.8107490539550781,0.0383764915168285,0.0932008028030395,0.1333333333333333,0.0,0.0,0.0,0.8376899361610413,0.0115869846194982,27.3663330078125,39.08949375152588,11.72316074371338,44.09191703796387,0,0,0,0,0,Apply
414,0.8318546414375305,0.857291579246521,0.7923564910888672,0.0283128805458545,0.0649350881576538,0.1029411764705882,0.0311958874052888,0.0,0.0,0.8031458854675293,0.0265347491949796,37.57751083374024,80.52755928039551,42.95004844665527,130.06552124023438,0,0,0,0,0,Remember
415,0.8665199279785156,0.8815351724624634,0.8439003825187683,0.0162780992686748,0.037634789943695,0.0555555555555555,0.0785674201318386,0.0,0.0,0.8927039504051208,0.0190595481544733,15.84804344177246,51.60237789154053,35.754334449768066,54.6421127319336,0,0,0,0,1,Understand
416,0.9612800478935242,0.967448353767395,0.952845335006714,0.0061733019538223,0.0146030187606811,0.3181818181818182,0.1338145585807249,0.0,0.0,0.9661833643913268,0.0038012959994375,26.792510986328125,3168.1985759735107,3141.4060649871826,12085.80005645752,0,0,0,0,1,Understand
417,0.9254181981086732,0.9326087832450868,0.9213998913764954,0.0050961920060217,0.0112088918685913,0.1809523809523809,0.1655061637807882,0.0,0.0,0.91193288564682,0.0054756239987909,27.76738929748535,190.6924724578857,162.9250831604004,179.7879867553711,0,0,0,0,0,Create
418,0.8243489265441895,0.9343336820602416,0.7564691305160522,0.0784795582294464,0.1778645515441894,0.1851851851851852,0.2618914004394621,0.0,0.0,0.7975632548332214,0.0428411662578582,66.03526306152344,58.288804054260254,7.746459007263184,70.11986923217773,0,0,0,0,0,Understand
419,0.9582854509353638,0.9582854509353638,0.9582854509353638,0.0,0.0,0.0,0.0,0.0,0.0,0.0,0.0,43.36123275756836,1902.5765075683596,1859.215274810791,3230.844055175781,0,0,0,0,1,Apply
420,0.9256578087806702,0.9256578087806702,0.9256578087806702,0.0,0.0,0.0,0.0,0.0,0.0,0.0,0.0,43.203731536865234,1902.5765075683596,1859.372776031494,3230.844055175781,0,0,0,0,1,Apply
421,0.8038174510002136,0.8775273561477661,0.7515623569488525,0.0536160990595817,0.1259649991989135,0.0175438596491228,0.0248107642521595,0.0,0.0,0.7466666102409363,0.0606904774904251,33.216644287109375,51.43812084197998,18.221476554870605,26.524139404296875,0,0,1,0,1,Evaluate
422,0.824804961681366,0.861485481262207,0.7971893548965454,0.0270201042294502,0.0642961263656616,0.0231283960969033,0.0010860562100953,0.0,0.0,0.8000125885009766,0.017338715493679,27.40418815612793,28.84037399291992,1.4361858367919922,6.198848724365234,0,0,0,0,0,Understand
423,0.8640561103820801,0.8977754712104797,0.8455756902694702,0.0238798968493938,0.0521997809410095,0.0,0.0,0.0,0.0,0.8568258285522461,0.0197604969143867,42.50682067871094,129.1776909828186,86.67087030410767,188.4163646697998,0,0,0,0,0,Understand
424,0.6730214953422546,0.7347526550292969,0.5711060762405396,0.0725999772548675,0.1636465787887573,0.0,0.0,0.0,0.0,0.8013667464256287,0.0445869788527488,34.69672775268555,33.40228605270386,1.2944416999816897,32.68003463745117,0,0,0,0,0,Evaluate
425,0.7076725959777832,0.789440393447876,0.5928099155426025,0.0836155489087104,0.1966304779052734,0.0318181818181818,0.0225752491299262,0.0,0.0,0.6986619830131531,0.09621262550354,46.75129699707031,390.0705223083496,343.3192253112793,1334.4856796264648,0,0,0,0,0,Understand
426,0.7900736927986145,0.8172000646591187,0.7651128768920898,0.0213195625692605,0.0520871877670288,0.0,0.0,0.0,0.0,0.8098956942558289,0.0208363365381956,36.93267822265625,66.6441068649292,29.71142864227295,45.98656845092773,0,0,0,0,0,Understand
427,0.7752389907836914,0.7995929718017578,0.7484723925590515,0.0209394954144954,0.0511205792427063,0.0,0.0,0.0,0.0,0.7779138088226318,0.0189925655722618,56.58574295043945,53.58361530303955,3.0021276473999023,48.58398818969727,0,0,0,0,0,Understand
428,0.7808640599250793,0.8281677961349487,0.7485108375549316,0.034194990992546,0.079656958580017,0.0367676767676767,0.0329782124079383,0.0,0.0,0.7789957523345947,0.0045148115605115,47.45153045654297,35.73104667663574,11.720483779907228,9.086517333984377,0,0,0,0,0,Understand
429,0.7468655705451965,0.7625472545623779,0.72505784034729,0.0159062147140502,0.0374894142150878,0.0,0.0,0.0,0.0,0.8810423016548157,0.0035620084963738,42.40380859375,41.16214895248413,1.2416596412658691,49.87181854248047,0,0,0,0,0,Understand
430,0.9507606029510498,0.9637628197669984,0.9394208192825316,0.01000686455518,0.0243420004844665,0.2,2.775557561562892e-17,0.0,0.0,0.9492881894111632,0.0074641765095293,50.83829498291016,30.217994689941406,20.62030029296875,22.609437942504883,0,0,0,0,0,Remember
431,0.826815664768219,0.8397884368896484,0.8041102886199951,0.0161095261573791,0.0356781482696533,0.0,0.0,0.0,0.0,0.8030045032501221,0.0432893820106983,48.61236953735352,257.026650428772,208.41428089141849,519.6594047546387,0,0,0,0,0,Remember
432,0.7606523036956787,0.7760006189346313,0.7461459636688232,0.0122026447206735,0.0298546552658081,0.15359477124183,0.1002921956042655,0.0,0.0,0.7977682948112488,0.0253719724714756,72.31548309326172,31.97381162643433,40.34167146682739,30.033849716186523,0,0,0,0,0,Remember
433,0.8340227007865906,0.9265893697738647,0.6542618870735168,0.1271289885044098,0.2723274827003479,0.010752688172043,0.0152065974448719,0.0,0.0,0.7505658268928528,0.123918317258358,21.927244186401367,32.06118106842041,10.133936882019045,16.8100643157959,0,0,0,0,1,Create
434,0.674187421798706,0.7123101353645325,0.6207607388496399,0.0389099940657615,0.0915493965148925,0.0,0.0,0.0,0.0,0.8216956257820129,0.0152270160615444,34.69672775268555,33.51826333999634,1.178464412689209,31.9857234954834,0,0,0,0,0,Evaluate
435,0.9105051159858704,0.9210480451583862,0.8910261988639832,0.0137892626225948,0.030021846294403,0.1861471861471861,0.0612213663364976,0.0,0.0,0.910911500453949,0.0285762157291173,21.416492462158203,27.264724731445312,5.848232269287109,10.91385269165039,0,0,0,0,0,Understand
436,0.8317887187004089,0.8750320672988892,0.7864214181900024,0.036206305027008,0.0886106491088867,0.2123931623931624,0.1357454937294962,0.0,0.0,0.8478904366493225,0.0162925869226455,35.19839096069336,48.655266761779785,13.456875801086426,12.149215698242188,0,0,0,0,0,Understand
437,0.7965839505195618,0.8346954584121704,0.7748371362686157,0.0270383208990097,0.0598583221435546,0.0548443989304204,0.0286292120119339,0.0,0.0,0.7996775507926941,0.0243249610066413,24.79301643371582,40.33428049087525,15.541264057159424,19.343381881713867,0,0,1,0,1,Understand
438,0.9300796389579772,0.9352203011512756,0.9253132939338684,0.004053168464452,0.0099070072174072,0.0,0.0,0.0,0.0,0.9276385307312012,0.007986563257873,46.62185287475586,107.0325527191162,60.41069984436035,162.12570190429688,0,0,0,0,0,Understand
439,0.9123992919921876,0.9196571707725524,0.9008647799491882,0.0082464413717389,0.0187923908233642,0.0,0.0,0.0,0.0,0.9023935794830322,0.0131079191341996,46.32373809814453,918.501132965088,872.1773948669434,1764.793975830078,0,0,0,0,0,Understand
440,0.8079137206077576,0.8279817700386047,0.7955756187438965,0.0143144261091947,0.0324061512947082,0.0,0.0,0.0,0.0,0.8304561972618103,0.0153928063809871,30.311527252197266,49.935120582580566,19.6235933303833,26.007064819335938,0,0,0,0,0,Understand
441,0.8265917301177979,0.8951530456542969,0.7694966197013855,0.051935788244009,0.1256564259529113,0.375398022456846,0.2882490324534532,0.0,0.0,0.8120360374450684,0.0265439786016941,47.406864166259766,58.66309356689453,11.256229400634766,68.98489761352539,0,0,0,0,0,Understand
442,0.832812488079071,0.8521093726158142,0.8002616167068481,0.023148737847805,0.051847755908966,0.0,0.0,0.0,0.0,0.8135576248168945,0.0653179511427879,46.01059722900391,145.76001167297363,99.74941444396973,358.85779571533203,0,0,0,0,0,Understand
444,0.8751838207244873,0.8838576078414917,0.8694679141044617,0.0062357992865145,0.01438969373703,0.4583333333333333,0.0589255650988789,0.0,0.0,0.9310689568519592,0.0004019986954517,34.66300964355469,52.95578861236572,18.292778968811035,28.427173614501957,0,0,0,0,0,Understand
445,0.9099793434143066,0.9165744185447692,0.8984936475753784,0.0081513794139027,0.0180807709693908,0.0476190476190476,0.0673435029701473,0.0,0.0,0.9077240824699402,0.0041175596415996,29.282207489013672,161.65976905822754,132.37756156921387,369.8273086547852,0,0,0,0,0,Understand
446,0.9160425066947936,0.9275192022323608,0.9034632444381714,0.0098517006263136,0.0240559577941894,0.0,0.0,0.0,0.0,0.907507598400116,0.0125072402879595,37.58710479736328,345.63455963134766,308.0474548339844,1025.2995910644531,0,0,0,0,0,Understand
447,0.8621298670768738,0.8796208500862122,0.837282657623291,0.0180502049624919,0.0423381924629211,0.1587301587301587,0.0112239171616912,0.0,0.0,0.8683086037635803,0.0178113430738449,35.676849365234375,225.52042388916016,189.84357452392575,336.52105712890625,0,0,0,0,0,Create
448,0.9514586329460144,0.9637628197669984,0.9393056631088256,0.0099851647391915,0.0244571566581726,0.2,2.775557561562892e-17,0.0,0.0,0.948590099811554,0.0072881747037172,50.83829498291016,30.217994689941406,20.62030029296875,22.609437942504883,0,0,0,0,0,Remember
449,0.8949928283691406,0.9129623174667358,0.8825697898864746,0.0130127575248479,0.0303925275802612,0.0,0.0,0.0,0.0,0.8988260626792908,0.0257389806210994,40.06330871582031,918.501132965088,878.4378242492676,1764.793975830078,0,0,0,0,0,Create
450,0.8258214592933655,0.8640134930610657,0.7769026756286621,0.0363627225160598,0.0871108174324035,0.0,0.0,0.0,0.0,0.8039987087249756,0.0292678736150264,48.61236953735352,257.026650428772,208.41428089141849,519.6594047546387,0,0,0,0,0,Remember
451,0.7606523036956787,0.7760006189346313,0.7461459636688232,0.0122026447206735,0.0298546552658081,0.15359477124183,0.1002921956042655,0.0,0.0,0.7977682948112488,0.0253719724714756,72.31548309326172,31.97381162643433,40.34167146682739,30.033849716186523,0,0,0,0,0,Remember
452,0.8517007827758789,0.8743182420730591,0.8377557992935181,0.0161371603608131,0.036562442779541,0.3170995670995671,0.134921599490344,0.0,0.0,0.8820497989654541,0.021789452061057,39.13259506225586,32.3959436416626,6.736651420593262,16.65908432006836,0,0,0,0,0,Understand
453,0.904611110687256,0.908759355545044,0.8981395959854126,0.0046363268047571,0.0106197595596313,0.2414141414141414,0.1072896560668785,0.0,0.0,0.9087665677070618,0.019100122153759,61.63037109375,675.4952945709229,613.8649234771729,2162.533317565918,0,0,0,0,0,Remember
456,0.8259778022766113,0.8547461628913879,0.8005937933921814,0.0222367588430643,0.0541523694992065,0.0,0.0,0.0,0.0,0.8098494410514832,0.0160418432205915,52.03741455078125,72.07594299316406,20.03852844238281,112.05413818359376,0,0,0,0,0,Remember
457,0.91307133436203,0.9304746389389038,0.8876470923423767,0.0183811727911233,0.0428275465965271,0.0666666666666666,0.0942809041582063,0.0,0.0,0.8934982419013977,0.0051803570240736,30.22157859802246,286.2285957336426,256.0070171356201,600.4453582763672,0,0,0,0,0,Understand
458,0.7651007771492004,0.8111120462417603,0.7332741022109985,0.0333225652575492,0.0778379440307617,0.0,0.0,0.0,0.0,0.7422178387641907,0.0602256543934345,38.64820098876953,49.94300842285156,11.294807434082031,30.298213958740234,0,0,0,0,0,Understand
459,0.7828080058097839,0.8047140836715698,0.7660583853721619,0.0161968618631362,0.0386556982994079,0.0144927536231884,0.0204958487300448,0.0,0.0,0.7703447937965393,0.0215117018669843,56.58574295043945,53.58361530303955,3.0021276473999023,48.58398818969727,0,0,0,0,0,Understand
460,0.7697997093200684,0.7853717803955078,0.7485108375549316,0.0155819049105048,0.0368609428405761,0.0101010101010101,0.0142849854785161,0.0,0.0,0.7900600433349609,0.0272651631385087,47.45153045654297,35.73104667663574,11.720483779907228,9.086517333984377,0,0,0,0,0,Understand
461,0.8105958104133606,0.8239479064941406,0.7924567461013794,0.0132943419739604,0.0314911603927612,0.0283816425120772,0.0200824748168066,0.0,0.0,0.8530144095420837,0.0059021390043199,27.176300048828125,52.274641036987305,25.09834098815918,58.67206573486328,0,0,0,0,0,Understand
462,0.7948891520500183,0.826125979423523,0.7791146636009216,0.0220881272107362,0.0470113158226013,0.0185185185185185,0.0261891400439462,0.0,0.0,0.809066116809845,0.0266744084656238,26.92451477050781,40.58164310455322,13.65712833404541,43.77165985107422,0,0,0,0,0,Understand
463,0.8038174510002136,0.8775273561477661,0.7515623569488525,0.0536160990595817,0.1259649991989135,0.0175438596491228,0.0248107642521595,0.0,0.0,0.7466666102409363,0.0606904774904251,33.216644287109375,51.43812084197998,18.221476554870605,26.524139404296875,0,0,1,0,1,Evaluate
464,0.8089445233345032,0.824495792388916,0.7865979075431824,0.0162007194012403,0.0378978848457336,0.0616023035230352,0.028541545998961,0.0,0.0,0.8158729672431946,0.0324280969798564,27.40418815612793,28.84037399291992,1.4361858367919922,6.198848724365234,0,0,0,0,0,Understand
465,0.8089445233345032,0.824495792388916,0.7865979075431824,0.0162007194012403,0.0378978848457336,0.0616023035230352,0.028541545998961,0.0,0.0,0.8158729672431946,0.0324280969798564,27.40418815612793,28.84037399291992,1.4361858367919922,6.198848724365234,0,0,0,0,0,Understand
466,0.8640561103820801,0.8977754712104797,0.8455756902694702,0.0238798968493938,0.0521997809410095,0.0,0.0,0.0,0.0,0.8568258285522461,0.0197604969143867,42.50682067871094,129.1776909828186,86.67087030410767,188.4163646697998,0,0,0,0,0,Understand
467,0.7077064514160156,0.789440393447876,0.5626891851425171,0.1028189957141876,0.2267512083053589,0.0407925407925407,0.0315762638325036,0.0,0.0,0.6986281275749207,0.0753396973013877,46.75129699707031,390.0705223083496,343.3192253112793,1334.4856796264648,0,0,0,0,0,Understand
468,0.7823989391326904,0.8644214868545532,0.7132058143615723,0.0623965263366699,0.1512156724929809,0.167824074074074,0.1210915893486163,0.0,0.0,0.6919892430305481,0.0866875126957893,34.69672775268555,33.40228605270386,1.2944416999816897,32.68003463745117,0,0,0,0,0,Evaluate
469,0.7877047657966614,0.8452037572860718,0.6959453821182251,0.0655735880136489,0.1492583751678466,0.0499999999999999,0.0707106781186547,0.0,0.0,0.7403448224067688,0.0737440735101699,69.51041412353516,44.6096887588501,24.90072536468506,45.36212921142578,0,0,0,0,0,Evaluate
470,0.8331758379936218,0.8521047830581665,0.8172817230224609,0.014377505518496,0.0348230600357055,0.0630252100840336,0.0059420737914835,0.0,0.0,0.8406277298927307,0.0119291581213474,36.399696350097656,305.59164905548096,269.1919527053833,1035.2933101654053,0,0,0,0,0,Understand
471,0.8640212416648865,0.9006284475326538,0.8179206848144531,0.0344261117279529,0.0827077627182006,0.0809523809523809,0.0598562147141739,0.0,0.0,0.8462977409362793,0.0242427885532379,27.62989044189453,41.557050704956055,13.927160263061523,7.435943603515625,0,0,0,0,0,Understand
472,0.8108830451965332,0.828099250793457,0.7991317510604858,0.0124412570148706,0.0289674997329711,0.0342105263157894,0.0242143398979688,0.0,0.0,0.8308698534965515,0.0213444419205188,34.42853164672852,66.6441068649292,32.215575218200684,45.98656845092773,0,0,0,0,0,Understand
473,0.8267779350280762,0.8586724996566772,0.8042970895767212,0.0231752004474401,0.054375410079956,0.0350877192982456,0.0248107642521595,0.0,0.0,0.8178026676177979,0.0160470157861709,37.091915130615234,55.477569580078125,18.38565444946289,30.40756607055664,0,0,0,0,0,Understand
474,0.8766048550605774,0.8837246894836426,0.8633829355239868,0.0093585243448615,0.0203417539596557,0.0256410256410256,0.0362618862146947,0.0,0.0,0.924548327922821,0.0396268479526042,21.55030059814453,89.05408763885498,67.50378704071045,126.19451904296876,0,0,0,0,0,Understand
475,0.927949845790863,0.9374061226844788,0.9127965569496156,0.0108243338763713,0.0246095657348632,0.1333333333333333,0.1885618083164127,0.0,0.0,0.9326640963554382,0.0306587871164083,21.446741104125977,661.9992618560791,640.5525207519531,2327.5824966430664,0,0,0,0,0,Create
476,0.9243731498718262,0.9420943260192872,0.8895076513290405,0.024654783308506,0.0525866746902465,0.0,0.0,0.0,0.0,0.9142473340034484,0.0271680057048797,20.68340492248535,118.25626945495604,97.5728645324707,200.1102523803711,0,0,0,0,0,Understand
477,0.961167335510254,0.9627763032913208,0.9591343402862548,0.0015167670790106,0.0036419630050659,0.0,0.0,0.0,0.0,0.9828505516052246,0.0020701827015727,21.3075008392334,110.85408210754396,89.54658126831055,97.91931915283205,0,0,0,0,0,Understand
478,0.9718539714813232,0.9852136373519896,0.9589728713035583,0.0107180904597043,0.0262407660484313,0.0,0.0,0.0,0.0,0.9594343304634094,0.0064299837686121,21.058305740356445,183.87162971496585,162.81332397460938,261.7847213745117,0,0,0,0,0,Understand
479,0.9752695560455322,0.9916402101516724,0.9638505578041076,0.0118730971589684,0.0277896523475646,0.2,2.775557561562892e-17,0.0,0.0,0.9602763056755066,0.0053667398169636,19.180879592895508,26.02184796333313,6.840968370437622,24.830008506774902,0,0,1,0,1,Remember
480,0.9483726620674132,0.9575074911117554,0.9428085088729858,0.0065103340893983,0.0146989822387695,0.0588235294117647,0.0831890330807703,0.0,0.0,0.9340012669563292,0.0052588311955332,18.990217208862305,59.11964130401611,40.12942409515381,68.05499649047852,0,0,1,0,1,Understand
481,0.8442270159721375,0.877429187297821,0.7953956127166748,0.0352664291858673,0.0820335745811462,0.0,0.0,0.0,0.0,0.8650808334350586,0.0427864715456962,20.0732536315918,118.25626945495604,98.18301582336426,200.1102523803711,0,0,1,0,1,Understand
482,0.8995054364204407,0.9135665893554688,0.8923693895339966,0.0099430680274963,0.0211971998214721,0.4166666666666667,0.1178511301977579,0.0,0.0,0.9049273133277892,0.0173907484859228,20.28265953063965,87.76796436309814,67.4853048324585,58.23235702514648,0,0,1,0,1,Understand
483,0.9501906037330629,0.984555959701538,0.9174349308013916,0.0274256747215986,0.0671210289001464,0.1673202614379084,0.1190045142665729,0.0,0.0,0.9329587817192078,0.0159509386867284,19.034543991088867,40.864041328430176,21.82949733734131,20.739044189453125,0,0,1,0,1,Understand
484,0.9086511135101318,0.9449531435966492,0.8770837783813477,0.0279090888798236,0.0678693652153015,0.0,0.0,0.0,0.0,0.8810362219810486,0.0079999305307865,18.352375030517575,57.819350242614746,39.46697521209717,31.620689392089844,0,0,0,0,1,Understand
485,0.9027965664863586,0.9675796031951904,0.8185704946517944,0.0623669475317001,0.149009108543396,0.0,0.0,0.0,0.0,0.8709742426872253,0.0365006886422634,18.07020568847656,155.20703125,137.13682556152344,114.47470092773438,0,0,0,0,1,Create
486,0.9278526902198792,0.9503058195114136,0.8886698484420776,0.0278048049658536,0.0616359710693359,0.4107142857142857,0.0252538136138052,0.0,0.0,0.8963391184806824,0.0327355414628982,19.66173553466797,95.59255790710448,75.93082237243652,7.9626922607421875,0,0,0,0,1,Analyze
487,0.8944986462593079,0.9223353862762452,0.8706484436988831,0.0212885476648807,0.051686942577362,0.0476190476190476,0.0673435029701473,0.0,0.0,0.8867306113243103,0.0179515816271305,17.56348991394043,124.90608215332033,107.34259223937988,235.3046875,0,0,0,0,1,Understand
488,0.8669589161872864,0.8768935203552246,0.8524492979049683,0.0104905609041452,0.0244442224502563,0.0,0.0,0.0,0.0,0.9417425990104676,0.0131313446909189,18.31112098693848,139.61147117614746,121.30035018920898,239.7873687744141,0,0,0,0,1,Understand
489,0.8921248316764832,0.9285820722579956,0.8548076152801514,0.0301244333386421,0.0737744569778442,0.0640522875816993,0.054558527463292,0.0,0.0,0.8663256764411926,0.0199524760246276,30.90997314453125,84.07837200164795,53.1683988571167,125.86842727661131,0,0,0,0,0,Understand
490,0.8573306202888489,0.9078323841094972,0.8129738569259644,0.0389688424766063,0.0948585271835327,0.0303030303030303,0.0428549564355483,0.0,0.0,0.8052986264228821,0.0322009585797786,29.547502517700195,97.80522727966309,68.25772476196289,92.31688690185548,0,0,0,0,0,Remember
492,0.9505309462547302,0.9614065885543824,0.9360440969467164,0.010664414614439,0.025362491607666,0.0,0.0,0.0,0.0,0.937987506389618,0.0180423315614461,25.7078800201416,539.8022270202637,514.0943470001221,1645.7795867919922,0,0,0,0,1,Understand
493,0.8893170356750488,0.9153099060058594,0.8499366044998169,0.0283177066594362,0.0653733015060424,0.0,0.0,0.0,0.0,0.8786128163337708,0.0493600852787494,26.96438789367676,49.52808570861816,22.563697814941406,55.20476531982422,0,0,0,0,0,Understand
494,0.9507606029510498,0.9637628197669984,0.9394208192825316,0.01000686455518,0.0243420004844665,0.2,2.775557561562892e-17,0.0,0.0,0.9492881894111632,0.0074641765095293,50.83829498291016,30.217994689941406,20.62030029296875,22.609437942504883,0,0,0,0,0,Remember
495,0.826815664768219,0.8397884368896484,0.8041102886199951,0.0161095261573791,0.0356781482696533,0.0,0.0,0.0,0.0,0.8030045032501221,0.0432893820106983,48.61236953735352,257.026650428772,208.41428089141849,519.6594047546387,0,0,0,0,0,Remember
496,0.7606523036956787,0.7760006189346313,0.7461459636688232,0.0122026447206735,0.0298546552658081,0.15359477124183,0.1002921956042655,0.0,0.0,0.7977682948112488,0.0253719724714756,72.31548309326172,31.97381162643433,40.34167146682739,30.033849716186523,0,0,0,0,0,Remember
497,0.7389172911643982,0.8154952526092529,0.6679824590682983,0.0603539012372493,0.1475127935409546,0.0,0.0,0.0,0.0,0.7684013843536377,0.0303658675402402,38.64820098876953,49.94300842285156,11.294807434082031,30.298213958740234,0,0,0,0,0,Understand
498,0.7076725959777832,0.789440393447876,0.5928099155426025,0.0836155489087104,0.1966304779052734,0.0318181818181818,0.0225752491299262,0.0,0.0,0.6986619830131531,0.09621262550354,46.75129699707031,390.0705223083496,343.3192253112793,1334.4856796264648,0,0,0,0,0,Understand
499,0.7900736927986145,0.8172000646591187,0.7651128768920898,0.0213195625692605,0.0520871877670288,0.0,0.0,0.0,0.0,0.8098956942558289,0.0208363365381956,36.93267822265625,66.6441068649292,29.71142864227295,45.98656845092773,0,0,0,0,0,Understand
500,0.7752389907836914,0.7995929718017578,0.7484723925590515,0.0209394954144954,0.0511205792427063,0.0,0.0,0.0,0.0,0.7779138088226318,0.0189925655722618,56.58574295043945,53.58361530303955,3.0021276473999023,48.58398818969727,0,0,0,0,0,Understand
501,0.7808640599250793,0.8281677961349487,0.7485108375549316,0.034194990992546,0.079656958580017,0.0367676767676767,0.0329782124079383,0.0,0.0,0.7789957523345947,0.0045148115605115,47.45153045654297,35.73104667663574,11.720483779907228,9.086517333984377,0,0,0,0,0,Understand
502,0.7468655705451965,0.7625472545623779,0.72505784034729,0.0159062147140502,0.0374894142150878,0.0,0.0,0.0,0.0,0.8810423016548157,0.0035620084963738,42.40380859375,41.16214895248413,1.2416596412658691,49.87181854248047,0,0,0,0,0,Understand
503,0.9582854509353638,0.9582854509353638,0.9582854509353638,0.0,0.0,0.0,0.0,0.0,0.0,0.0,0.0,43.36123275756836,1902.5765075683596,1859.215274810791,3230.844055175781,0,0,0,0,1,Apply
504,0.9256578087806702,0.9256578087806702,0.9256578087806702,0.0,0.0,0.0,0.0,0.0,0.0,0.0,0.0,43.203731536865234,1902.5765075683596,1859.372776031494,3230.844055175781,0,0,0,0,1,Apply
505,0.8038174510002136,0.8775273561477661,0.7515623569488525,0.0536160990595817,0.1259649991989135,0.0175438596491228,0.0248107642521595,0.0,0.0,0.7466666102409363,0.0606904774904251,33.216644287109375,51.43812084197998,18.221476554870605,26.524139404296875,0,0,1,0,1,Evaluate
506,0.824804961681366,0.861485481262207,0.7971893548965454,0.0270201042294502,0.0642961263656616,0.0231283960969033,0.0010860562100953,0.0,0.0,0.8000125885009766,0.017338715493679,27.40418815612793,28.84037399291992,1.4361858367919922,6.198848724365234,0,0,0,0,0,Understand
507,0.8640561103820801,0.8977754712104797,0.8455756902694702,0.0238798968493938,0.0521997809410095,0.0,0.0,0.0,0.0,0.8568258285522461,0.0197604969143867,42.50682067871094,129.1776909828186,86.67087030410767,188.4163646697998,0,0,0,0,0,Understand
508,0.6730214953422546,0.7347526550292969,0.5711060762405396,0.0725999772548675,0.1636465787887573,0.0,0.0,0.0,0.0,0.8013667464256287,0.0445869788527488,34.69672775268555,33.40228605270386,1.2944416999816897,32.68003463745117,0,0,0,0,0,Evaluate
509,0.8992015719413757,0.8992015719413757,0.8992015719413757,0.0,0.0,0.0,0.0,0.0,0.0,0.0,0.0,25.328493118286133,1902.5765075683596,1877.2480144500728,3230.844055175781,0,0,0,0,1,Apply
510,0.8088634014129639,0.8088634014129639,0.8088634014129639,0.0,0.0,0.2,0.0,0.0,0.0,0.0,0.0,25.184553146362305,372.905158996582,347.7206058502197,557.4863128662109,0,0,0,0,0,Understand
511,0.8626449704170227,0.9124515056610109,0.8075084686279297,0.0430082716047763,0.104943037033081,0.1851851851851852,0.2618914004394621,0.0,0.0,0.8127416968345642,0.0268772430717945,20.062429428100582,65.56265449523926,45.50022506713867,69.34247589111328,0,0,0,0,0,Understand
512,0.8773537874221802,0.8798614144325256,0.8748461008071899,0.0025076568126678,0.0050153136253356,0.25,0.0,0.0,0.0,0.910375952720642,0.0,25.086727142333984,52.47157414754232,27.384847005208336,51.55020904541016,0,0,0,0,0,Understand
513,0.8044570088386536,0.8244051933288574,0.7902714610099792,0.0145185831934213,0.0341337323188781,0.6047062099693679,0.0249704358579359,0.0,0.0,0.7903324961662292,0.0207890011370182,41.61322784423828,51.59890937805176,9.985681533813477,26.75477600097656,0,0,0,0,0,Understand
514,0.9429687857627868,0.9580764770507812,0.9340606331825256,0.010739829391241,0.0240158438682556,0.6407685881370092,0.0307180890741023,0.0,0.0,0.9751043319702148,0.0050218249671161,49.99326705932617,49.41725254058838,0.576014518737793,14.24445343017578,0,0,0,0,0,Understand
515,0.9528387188911438,0.9614270925521852,0.9474623203277588,0.0061368243768811,0.0139647722244262,0.6398809523809524,0.062001984095237,0.0,0.0,0.9374592900276184,0.0100236674770712,49.9080810546875,78.09134578704834,28.18326473236084,25.15653610229492,0,0,0,0,0,Understand
516,0.7605709433555603,0.8354780077934265,0.6909676194190979,0.0591152049601078,0.1445103883743286,0.3815295815295815,0.1444142406070292,0.0,0.0,0.7363085746765137,0.0152857797220349,49.81915664672852,32.23268461227417,17.586472034454346,21.382568359375,0,0,0,0,0,Remember
517,0.8255195617675781,0.8550478219985962,0.7835328578948975,0.0304959956556558,0.0715149641036987,0.1584656084656084,0.0941523947724805,0.0,0.0,0.8416339755058289,0.0092902081087231,52.75096893310547,36.12562704086304,16.62534189224243,20.454614639282227,0,0,0,0,1,Evaluate
518,0.9060440063476562,0.9111166000366212,0.8981893062591553,0.0056322868913412,0.0129272937774658,0.0,0.0,0.0,0.0,0.8799998164176941,0.0407103858888149,34.38373565673828,964.096185684204,929.7124500274658,2985.540454864502,0,0,0,0,0,Understand
519,0.8199197053909302,0.8395107984542847,0.8003286123275757,0.0195910930633544,0.0391821861267089,0.4871323529411764,0.0753676470588235,0.0,0.0,0.8179174661636353,0.0,21.663509368896484,25.478349049886067,3.814839680989582,9.264898300170898,0,0,0,0,1,Understand
520,0.7993559241294861,0.7993559241294861,0.7993559241294861,0.0,0.0,0.2,0.0,0.0,0.0,0.0,0.0,24.209096908569336,372.905158996582,348.6960620880127,557.4863128662109,0,0,0,0,0,Understand
521,0.9948103427886964,0.9951838254928588,0.994129717350006,0.0004820236354134,0.0010541081428527,0.5416666666666666,0.0589255650988789,0.0,0.0,0.994915008544922,0.000864649482537,16.846620559692383,560.6748580932617,543.8282375335693,504.2113952636719,0,0,0,0,1,Create
522,0.8466352224349976,0.8558886051177979,0.8373817801475525,0.0092534124851226,0.0185068249702453,0.4615384615384615,0.0,0.0,0.0,0.8066915273666382,0.0,32.596378326416016,31.09702809651693,1.4993502298990895,17.175464630126953,0,0,0,0,0,Understand
523,0.8638820052146912,0.9492080211639404,0.7424530982971191,0.0881833806633949,0.2067549228668213,0.0,0.0,0.0,0.0,0.8089632987976074,0.0639411658048629,39.99683380126953,1233.5751810073853,1193.5783472061155,4071.5965690612793,0,0,0,0,0,Understand
524,0.7133021950721741,0.7552670240402222,0.6539886593818665,0.0431281812489032,0.1012783646583557,0.1514285714285714,0.1075895450500727,0.0,0.0,0.6512532830238342,0.036646232008934,49.81915664672852,43.29858732223511,6.520569324493408,47.48138427734375,0,0,0,0,0,Remember
527,0.8777880072593689,0.930513858795166,0.8276222944259644,0.0420442968606948,0.1028915643692016,0.1851851851851852,0.2618914004394621,0.0,0.0,0.8371885418891907,0.0377336926758289,21.391206741333008,65.8163480758667,44.42514133453369,73.37299346923828,0,0,0,0,0,Understand
528,0.9858906269073486,0.988787829875946,0.984050452709198,0.0020734400022774,0.004737377166748,0.0,0.0,0.0,0.0,0.9856380820274352,0.0010509405983611,22.05926322937012,84.41681385040283,62.35755062103272,49.77835464477539,0,0,0,0,1,Create
529,0.9752497673034668,0.9848047494888306,0.9676473140716552,0.0071392548270523,0.0171574354171752,0.1851851851851852,0.2618914004394621,0.0,0.0,0.9692376255989076,0.0017941086553037,21.798568725585938,257.52924060821533,235.7306718826294,686.465503692627,0,0,0,0,1,Understand
530,0.9774782657623292,0.978193998336792,0.9766463041305542,0.0006371698691509,0.0015476942062377,0.0,0.0,0.0,0.0,0.9819698929786682,0.0030348172876983,22.48109436035156,264.79942512512207,242.3183307647705,594.1769256591797,0,0,0,0,1,Create
531,0.9452803134918212,0.98477303981781,0.8754869103431702,0.0494938306510448,0.1092861294746398,0.0,0.0,0.0,0.0,0.9097372889518738,0.0468791797757148,18.0008544921875,925.4617500305176,907.46089553833,2822.9802169799805,0,0,1,0,1,Create
532,0.7021555304527283,0.7552670240402222,0.6602317690849304,0.0395963042974472,0.0950352549552917,0.1926406926406926,0.1492408153760883,0.0,0.0,0.6624000072479248,0.0526298806071281,49.81915664672852,43.29858732223511,6.520569324493408,47.48138427734375,0,0,0,0,0,Remember
533,0.8992015719413757,0.8992015719413757,0.8992015719413757,0.0,0.0,0.0,0.0,0.0,0.0,0.0,0.0,25.328493118286133,1902.5765075683596,1877.2480144500728,3230.844055175781,0,0,0,0,1,Apply
534,0.8088634014129639,0.8088634014129639,0.8088634014129639,0.0,0.0,0.2,0.0,0.0,0.0,0.0,0.0,25.184553146362305,372.905158996582,347.7206058502197,557.4863128662109,0,0,0,0,0,Understand
535,0.8777880072593689,0.930513858795166,0.8276222944259644,0.0420442968606948,0.1028915643692016,0.1851851851851852,0.2618914004394621,0.0,0.0,0.8371885418891907,0.0377336926758289,21.391206741333008,65.8163480758667,44.42514133453369,73.37299346923828,0,0,0,0,0,Understand
536,0.8255195617675781,0.8550478219985962,0.7835328578948975,0.0304959956556558,0.0715149641036987,0.1584656084656084,0.0941523947724805,0.0,0.0,0.8416339755058289,0.0092902081087231,52.75096893310547,36.12562704086304,16.62534189224243,20.454614639282227,0,0,0,0,1,Evaluate
537,0.9060440063476562,0.9111166000366212,0.8981893062591553,0.0056322868913412,0.0129272937774658,0.0,0.0,0.0,0.0,0.8799998164176941,0.0407103858888149,34.38373565673828,964.096185684204,929.7124500274658,2985.540454864502,0,0,0,0,0,Understand
538,0.8152837157249451,0.8395107984542847,0.8003286123275757,0.0172875542193651,0.0391821861267089,0.3247549019607843,0.237738780995518,0.0,0.0,0.8075690269470215,0.0308048352599143,21.663509368896484,33.277414321899414,11.61390495300293,36.5734748840332,0,0,0,0,1,Understand
539,0.9946025013923644,0.9949432611465454,0.9941036701202391,0.0003605344682,0.0008395910263061,0.5416666666666666,0.0589255650988789,0.0,0.0,0.995110034942627,0.0007944370154291,16.846620559692383,560.6748580932617,543.8282375335693,504.2113952636719,0,0,0,0,1,Create
540,0.8343973159790039,0.8558886051177979,0.8099215030670166,0.0188842788338661,0.0459671020507812,0.3076923076923077,0.2175713172881684,0.0,0.0,0.789503276348114,0.0503575354814529,32.596378326416016,37.49142360687256,4.895045280456543,35.48671340942383,0,0,0,0,0,Understand
541,0.8992015719413757,0.8992015719413757,0.8992015719413757,0.0,0.0,0.0,0.0,0.0,0.0,0.0,0.0,25.328493118286133,1902.5765075683596,1877.2480144500728,3230.844055175781,0,0,0,0,1,Apply
542,0.8485105633735657,0.8798614144325256,0.7908240556716919,0.0408418476581573,0.0890373587608337,0.1666666666666666,0.1178511301977579,0.0,0.0,0.8711240291595459,0.0297582037746906,25.086727142333984,56.79774188995361,31.71101474761963,51.55020904541016,0,0,0,0,0,Understand
543,0.8044570088386536,0.8244051933288574,0.7902714610099792,0.0145185831934213,0.0341337323188781,0.6047062099693679,0.0249704358579359,0.0,0.0,0.7903324961662292,0.0207890011370182,41.61322784423828,51.59890937805176,9.985681533813477,26.75477600097656,0,0,0,0,0,Understand
544,0.9429687857627868,0.9580764770507812,0.9340606331825256,0.010739829391241,0.0240158438682556,0.6407685881370092,0.0307180890741023,0.0,0.0,0.9751043319702148,0.0050218249671161,49.99326705932617,49.41725254058838,0.576014518737793,14.24445343017578,0,0,0,0,0,Understand
545,0.9528387188911438,0.9614270925521852,0.9474623203277588,0.0061368243768811,0.0139647722244262,0.6398809523809524,0.062001984095237,0.0,0.0,0.9374592900276184,0.0100236674770712,49.9080810546875,78.09134578704834,28.18326473236084,25.15653610229492,0,0,0,0,0,Understand
546,0.9444460868835448,0.967069149017334,0.9239715337753296,0.0176599957048892,0.0430976152420043,0.0,0.0,0.0,0.0,0.9397621154785156,0.0079730683937668,24.166549682617188,136.0182409286499,111.85169124603271,225.92297744750977,0,0,1,0,1,Remember
547,0.7801231145858765,0.792007327079773,0.7682389616966248,0.011884182691574,0.0237683653831481,0.0,0.0,0.0,0.0,0.7477720975875854,0.0,29.936861038208008,228.1297289530436,198.1928679148356,510.01770401000977,0,0,0,0,0,Understand
548,0.8588158488273621,0.918253779411316,0.8182504773139954,0.04295190051198,0.1000033020973205,0.2,2.775557561562892e-17,0.0,0.0,0.834449052810669,0.0248461496084928,32.84834671020508,199.92964935302732,167.0813026428223,469.67408752441406,0,0,0,0,0,Understand
549,0.7936699986457825,0.8401311635971069,0.7237845659255981,0.0503034554421901,0.1163465976715087,0.0,0.0,0.0,0.0,0.792750358581543,0.0209406912326812,29.61690330505371,37.71581840515137,8.098915100097656,6.1048736572265625,0,0,0,0,0,Create
550,0.7928884029388428,0.8196665048599243,0.777624249458313,0.0189967844635248,0.0420422554016113,0.0166666666666666,0.0235702260395515,0.0,0.0,0.8041892647743225,0.0147084519267082,21.63721466064453,46.640469551086426,25.00325489044189,39.95964050292969,0,0,0,0,0,Understand
551,0.8699358105659485,0.8844449520111084,0.8422795534133911,0.0195638164877891,0.0421653985977172,0.0,0.0,0.0,0.0,0.8764743804931641,0.0414389446377754,39.58936309814453,2521.1795291900635,2481.590166091919,9330.117115020752,0,0,0,0,0,Understand
552,0.7699599266052246,0.8188369870185852,0.7408558130264282,0.0347705967724323,0.0779811739921569,0.035108024691358,0.0303634141511589,0.0,0.0,0.7911708950996399,0.0390549562871456,58.719482421875,36.832343101501465,21.88713932037353,34.4373664855957,0,0,0,0,0,Remember
553,0.8122546672821045,0.861400842666626,0.7735791802406311,0.0366095453500747,0.0878216624259948,0.2324074074074074,0.1124990473972776,0.0,0.0,0.8471889495849609,0.0091360239312052,45.88859939575195,284.0248851776123,238.13628578186035,278.24149322509766,0,0,0,0,0,Understand
554,0.7765552401542664,0.7796626091003418,0.7711267471313477,0.0038519094232469,0.0085358619689941,0.0476190476190476,0.0388807895679869,0.0,0.0,0.8210347294807434,0.0388543680310249,33.25071334838867,37.953619956970215,4.702906608581543,29.650766372680664,0,0,0,0,0,Create
555,0.8734779357910156,0.8798812031745911,0.8696179389953613,0.0045596030540764,0.0102632641792297,0.1555555555555555,0.0157134840263677,0.0,0.0,0.8738531470298767,0.0305015984922647,47.13394927978516,54.03961563110352,6.905666351318359,23.32011032104492,0,0,0,0,0,Understand
556,0.8754262924194336,0.8926173448562622,0.8447046279907227,0.0217748489230871,0.0479127168655395,0.0,0.0,0.0,0.0,0.8737549781799316,0.0354342795908451,45.45903396606445,63.37156867980957,17.912534713745117,90.43888092041016,0,0,0,0,0,Understand
557,0.7883616089820862,0.8232395648956299,0.7534836530685425,0.0348779559135437,0.0697559118270874,0.2986111111111111,0.0763888888888889,0.0,0.0,0.8081210851669312,0.0,22.246442794799805,64.87906138102214,42.632618586222335,77.52594757080078,0,0,0,0,0,Create
558,0.8140152096748352,0.8234457969665527,0.7953344583511353,0.0132095329463481,0.0281113386154174,0.0,0.0,0.0,0.0,0.8556559681892395,0.0298839658498764,14.878168106079102,164.71398448944092,149.83581638336182,231.07243728637692,0,0,0,0,1,Understand
559,0.8007300496101379,0.8131822347640991,0.7842627167701721,0.0121429180726408,0.028919517993927,0.2074074074074074,0.0104756560175784,0.0,0.0,0.8229439854621887,0.0439046211540699,56.85908508300781,173.0488624572754,116.18977737426758,135.76992797851562,0,0,0,0,0,Understand
560,0.8174066543579102,0.841122567653656,0.7960295677185059,0.0184832736849784,0.0450929999351501,0.4151186790505676,0.2653209931532448,0.0,0.0,0.7878552079200745,0.0248908605426549,63.160675048828125,14.89806842803955,48.262606620788574,2.7109289169311523,0,0,0,0,0,Remember
561,0.828543484210968,0.838330864906311,0.8115221261978149,0.0120810102671384,0.026808738708496,0.4151186790505676,0.2653209931532448,0.0,0.0,0.820385754108429,0.0249376613646745,76.05716705322266,14.553962469100952,61.5032045841217,1.3345050811767578,0,0,0,0,0,Remember
562,0.7624552249908447,0.8449665904045105,0.6726646423339844,0.0705300420522689,0.1723019480705261,0.0476190476190476,0.0336717514850736,0.0,0.0,0.73613041639328,0.0315939635038375,41.77325820922852,68.56731033325195,26.79405212402344,36.40099334716797,0,0,0,0,0,Apply
563,0.9202879071235656,0.9229947328567504,0.9186165928840636,0.0019315348472446,0.0043781399726867,0.0,0.0,0.0,0.0,0.9378631711006165,0.0076551791280508,29.365278244018555,132.67032527923584,103.30504703521729,178.30830764770508,0,0,0,0,0,Remember
564,0.9873154759407043,0.9904837608337402,0.9826698303222656,0.0033567082136869,0.0078139305114746,0.2698412698412698,0.0897913372935298,0.0,0.0,0.9860666394233704,0.0021715485490858,17.84037208557129,1660.4413146972656,1642.6009426116943,355.823974609375,0,0,0,0,0,Apply
565,0.8419721722602844,0.8721767663955688,0.8214783668518066,0.0218068342655897,0.0506983995437622,0.0833333333333333,0.0589255650988789,0.0,0.0,0.9297990798950196,0.0097049679607152,16.772966384887695,220.26336097717285,203.4903945922852,517.8202133178711,0,0,0,0,0,Understand
566,0.7711545825004578,0.788332462310791,0.7425877451896667,0.0203375853598117,0.0457447171211242,0.0357142857142857,0.0,0.0,0.0,0.7583500742912292,0.0408626273274421,49.41299819946289,44.99351119995117,4.419486999511719,15.605545043945312,0,0,0,0,0,Remember
567,0.8122546672821045,0.861400842666626,0.7735791802406311,0.0366095453500747,0.0878216624259948,0.2324074074074074,0.1124990473972776,0.0,0.0,0.8471889495849609,0.0091360239312052,45.88859939575195,284.0248851776123,238.13628578186035,278.24149322509766,0,0,0,0,0,Understand
568,0.7765552401542664,0.7796626091003418,0.7711267471313477,0.0038519094232469,0.0085358619689941,0.0476190476190476,0.0388807895679869,0.0,0.0,0.8210347294807434,0.0388543680310249,33.25071334838867,37.953619956970215,4.702906608581543,29.650766372680664,0,0,0,0,0,Create
569,0.8616487383842468,0.8701953291893005,0.8553441762924194,0.0062668086029589,0.0148511528968811,0.1555555555555555,0.0157134840263677,0.0,0.0,0.8566158413887024,0.0315943919122219,47.03802108764648,54.03961563110352,7.001594543457031,23.32011032104492,0,0,0,0,0,Understand
570,0.8754262924194336,0.8926173448562622,0.8447046279907227,0.0217748489230871,0.0479127168655395,0.0,0.0,0.0,0.0,0.8737549781799316,0.0354342795908451,45.45903396606445,63.37156867980957,17.912534713745117,90.43888092041016,0,0,0,0,0,Understand
571,0.8076040148735046,0.8460888862609863,0.7534836530685425,0.0393893793225288,0.0926052331924438,0.199074074074074,0.1539656402621841,0.0,0.0,0.7959691882133484,0.0131004406139254,22.246442794799805,59.176133155822754,36.92969036102295,77.52594757080078,0,0,0,0,0,Create
572,0.9444460868835448,0.967069149017334,0.9239715337753296,0.0176599957048892,0.0430976152420043,0.0,0.0,0.0,0.0,0.9397621154785156,0.0079730683937668,24.166549682617188,136.0182409286499,111.85169124603271,225.92297744750977,0,0,1,0,1,Remember
573,0.8254186511039734,0.9535048007965088,0.749214768409729,0.0911132469773292,0.2042900323867797,0.1666666666666666,0.2357022603955158,0.0,0.0,0.7402716279029846,0.0242079049348831,29.936861038208008,129.42335414886475,99.48649311065674,207.79205703735352,0,0,0,0,0,Understand
574,0.8448893427848816,0.9072734117507936,0.8029285073280334,0.0449800007045269,0.10434490442276,0.2,2.775557561562892e-17,0.0,0.0,0.8241875171661377,0.024648169055581,32.137847900390625,199.92964935302732,167.79180145263672,469.67408752441406,0,0,0,0,0,Understand
575,0.7936699986457825,0.8401311635971069,0.7237845659255981,0.0503034554421901,0.1163465976715087,0.0,0.0,0.0,0.0,0.792750358581543,0.0209406912326812,29.61690330505371,37.71581840515137,8.098915100097656,6.1048736572265625,0,0,0,0,0,Create
576,0.7928884029388428,0.8196665048599243,0.777624249458313,0.0189967844635248,0.0420422554016113,0.0166666666666666,0.0235702260395515,0.0,0.0,0.8041892647743225,0.0147084519267082,21.63721466064453,46.640469551086426,25.00325489044189,39.95964050292969,0,0,0,0,0,Understand
577,0.8699358105659485,0.8844449520111084,0.8422795534133911,0.0195638164877891,0.0421653985977172,0.0,0.0,0.0,0.0,0.8764743804931641,0.0414389446377754,39.58936309814453,2521.1795291900635,2481.590166091919,9330.117115020752,0,0,0,0,0,Understand
578,0.7990002632141113,0.8354960083961487,0.7734792828559875,0.0264808274805545,0.0620167255401611,0.0209150326797385,0.0148755642833216,0.0,0.0,0.7961416244506836,0.0407413244247436,59.36727142333984,39.2025260925293,20.164745330810547,34.4373664855957,0,0,0,0,0,Remember
579,0.838631808757782,0.8589314222335815,0.8220001459121704,0.0152985928580164,0.0369312763214111,0.1067821067821067,0.04183460032994,0.0,0.0,0.8645224571228027,0.0010680285049602,33.458988189697266,27.94779109954834,5.511197090148926,4.870763778686523,0,0,0,0,1,Understand
580,0.7631547451019287,0.8013080954551697,0.7125322222709656,0.037299670279026,0.0887758731842041,0.0,0.0,0.0,0.0,0.7629607319831848,0.0438435338437557,28.094757080078125,46.93913412094116,18.84437704086304,63.9858455657959,0,0,0,0,0,Understand
581,0.9831126928329468,0.9831126928329468,0.9831126928329468,0.0,0.0,0.0,0.0,0.0,0.0,0.0,0.0,17.765989303588867,1902.5765075683596,1884.8105182647705,3230.844055175781,0,0,0,0,1,Remember
582,0.991093635559082,0.991730570793152,0.9900752305984496,0.0007276445394381,0.0016553401947021,0.611111111111111,0.0785674201318386,0.0,0.0,0.9926187992095948,0.0011186107294633,12.280051231384276,109.1949691772461,96.91491794586182,69.76347351074219,0,0,0,0,0,Understand
583,0.692094087600708,0.725346565246582,0.6741855144500732,0.0235363654792308,0.0511610507965087,0.060671423040761,0.0104387595707352,0.0,0.0,0.7757663726806641,0.0266700983047485,52.35126495361328,39.061978340148926,13.289286613464355,16.98914337158203,0,0,0,0,0,Create
584,0.838631808757782,0.8589314222335815,0.8220001459121704,0.0152985928580164,0.0369312763214111,0.1067821067821067,0.04183460032994,0.0,0.0,0.8645224571228027,0.0010680285049602,33.458988189697266,27.94779109954834,5.511197090148926,4.870763778686523,0,0,0,0,1,Understand
585,0.7631547451019287,0.8013080954551697,0.7125322222709656,0.037299670279026,0.0887758731842041,0.0,0.0,0.0,0.0,0.7629607319831848,0.0438435338437557,28.094757080078125,46.93913412094116,18.84437704086304,63.9858455657959,0,0,0,0,0,Understand
586,0.9831126928329468,0.9831126928329468,0.9831126928329468,0.0,0.0,0.0,0.0,0.0,0.0,0.0,0.0,17.765989303588867,1902.5765075683596,1884.8105182647705,3230.844055175781,0,0,0,0,1,Remember
587,0.9927951693534852,0.9941539764404296,0.991927683353424,0.0009730368037708,0.0022262930870056,0.6666666666666666,0.0,0.0,0.0,0.9919771552085876,0.0013210481265559,11.938546180725098,117.49945640563963,105.56091022491456,69.76347351074219,0,0,0,0,0,Understand
588,0.6963198781013489,0.725346565246582,0.676750123500824,0.0209360644221305,0.048596441745758,0.0594940290062241,0.0105089418974651,0.0,0.0,0.7768709063529968,0.0269656479358673,52.35126495361328,38.098509788513184,14.252755165100098,16.98914337158203,0,0,0,0,0,Create
589,0.8774144053459167,0.899434506893158,0.8627874851226807,0.0158481784164905,0.0366470217704772,0.2595238095238095,0.1343076645349566,0.0,0.0,0.8671426773071289,0.019849594682455,60.22995376586914,95.20757293701172,34.97761917114258,69.44976806640625,0,0,0,0,1,Remember
590,0.8475707173347473,0.9020673036575316,0.7668614387512207,0.0582265071570873,0.135205864906311,0.0303030303030303,0.0428549564355483,0.0,0.0,0.812812089920044,0.0289344489574432,26.53111457824707,80.49434995651245,53.96323537826538,109.8575382232666,0,0,0,0,0,Remember
591,0.7418022751808167,0.7944295406341553,0.6831823587417603,0.0456137284636497,0.111247181892395,0.0,0.0,0.0,0.0,0.7711388468742371,0.0104651991277933,34.95962142944336,43.73540449142456,8.775783061981201,45.377004623413086,0,0,0,0,0,Understand
592,0.8216086030006409,0.8514646291732788,0.7888509035110474,0.0256441626697778,0.0626137256622314,0.149044289044289,0.0622009616806251,0.0,0.0,0.8008143305778503,0.019668536260724,30.754207611083984,24.11722421646118,6.636983394622803,7.649684906005859,0,0,0,0,0,Remember
593,0.8341534733772278,0.8732224702835083,0.802979052066803,0.0292150154709815,0.0702434182167053,0.0303030303030303,0.0428549564355483,0.0,0.0,0.8262994885444641,0.0065494664013385,51.34839630126953,82.08862447738647,30.740228176116943,110.48108863830566,0,0,0,0,0,Evaluate
594,0.8148937821388245,0.8583002686500549,0.7347877025604248,0.0567097142338752,0.1235125660896301,0.0,0.0,0.0,0.0,0.7796249389648438,0.0372146852314472,24.76959991455078,48.05779552459717,23.288195610046387,46.22527694702149,0,0,0,0,0,Understand
595,0.8566586971282959,0.8952299356460571,0.8352828025817871,0.0273273307830095,0.05994713306427,0.1309523809523809,0.0084179378712684,0.0,0.0,0.8445019721984863,0.0129152713343501,28.43613052368164,338.0965270996094,309.66039657592773,639.1284637451172,0,0,0,0,1,Analyze
596,0.8204825520515442,0.8542308807373047,0.7782155275344849,0.0316123403608799,0.0760153532028198,0.0,0.0,0.0,0.0,0.8079395294189453,0.0281948372721672,49.67990493774414,53.16536235809326,3.485457420349121,32.47468948364258,0,0,0,0,0,Understand
597,0.8217446208000183,0.8610076904296875,0.7918325066566467,0.0290043875575065,0.0691751837730407,0.1442307692307692,0.0642626206915494,0.0,0.0,0.8126984238624573,0.0090206442400813,31.47804450988769,23.71291208267212,7.765132427215576,8.045661926269531,0,0,0,0,0,Understand
598,0.815010130405426,0.8768986463546753,0.7254917621612549,0.0648257583379745,0.1514068841934204,0.1785714285714285,0.1271080744289441,0.0,0.0,0.750271737575531,0.0575471594929695,41.98320388793945,42.89321422576904,0.9100103378295898,45.70574188232422,0,0,0,0,0,Remember
599,0.8112814426422119,0.8439518213272095,0.7683067321777344,0.0317298993468284,0.0756450891494751,0.0,0.0,0.0,0.0,0.8268521428108215,0.0231235809624195,41.88375854492188,42.41595363616944,0.5321950912475586,23.776111602783203,0,0,0,0,0,Understand
600,0.8962413668632507,0.9140706062316896,0.8774222731590271,0.0149779794737696,0.0366483330726623,0.0,0.0,0.0,0.0,0.9408600926399232,0.0106610693037509,55.66573715209961,65.48788452148438,9.822147369384766,161.41312980651855,0,0,0,0,0,Remember
601,0.8360595703125,0.8641881942749023,0.787198543548584,0.0346816815435886,0.0769896507263183,0.1222222222222222,0.087488976377909,0.0,0.0,0.7903658747673035,0.0401672199368476,65.43560028076172,135.2528419494629,69.81724166870117,256.41561126708984,0,0,0,0,0,Create
602,0.826946496963501,0.8497343063354492,0.8110621571540833,0.0165252685546875,0.0386721491813659,0.0,0.0,0.0,0.0,0.8254842162132263,0.0414797738194465,50.08171463012695,100.55470848083496,50.47299385070801,130.17881774902344,0,0,0,0,0,Remember
603,0.9281908869743348,0.941663146018982,0.9034900665283204,0.0174901206046342,0.0381730794906616,0.0476190476190476,0.0673435029701473,0.0,0.0,0.93002587556839,0.009338729083538,29.219623565673828,51.71487522125244,22.495251655578613,88.73663902282715,0,0,0,0,0,Remember
604,0.8203933238983154,0.8357359766960144,0.8042430877685547,0.012869594618678,0.0314928889274597,0.0,0.0,0.0,0.0,0.8260720372200012,0.0077679264359176,30.872779846191406,42.13446521759033,11.261685371398926,40.20899963378906,0,0,0,0,0,Understand
605,0.7900927066802979,0.815125584602356,0.7694966197013855,0.018890282139182,0.0456289649009704,0.167420814479638,0.0471689163532787,0.0,0.0,0.84722900390625,0.0180728714913129,47.406864166259766,79.72604465484619,32.319180488586426,85.5562629699707,0,0,0,0,0,Understand
606,0.8488922119140625,0.8838430047035217,0.8001047372817993,0.0355585403740406,0.0837382674217224,0.0,0.0,0.0,0.0,0.8382408022880554,0.0506952852010726,36.56657791137695,57.67384910583496,21.107271194458008,45.94990539550781,0,0,0,0,0,Create
609,0.8476362228393555,0.8649245500564575,0.8228595852851868,0.0179707352072,0.0420649647712707,0.0,0.0,0.0,0.0,0.8379892706871033,0.0280279871076345,41.28873062133789,2039.376220703125,1998.087490081787,7669.372245788574,0,0,0,0,0,Understand
610,0.9153759479522704,0.939095973968506,0.8880447149276733,0.0209974348545074,0.0510512590408325,0.0,0.0,0.0,0.0,0.937728226184845,0.0192890148609876,56.07828521728516,96.35285949707033,40.27457427978516,284.8730297088623,0,0,0,0,0,Remember
611,0.826946496963501,0.8497343063354492,0.8110621571540833,0.0165252685546875,0.0386721491813659,0.0,0.0,0.0,0.0,0.8254842162132263,0.0414797738194465,50.08171463012695,100.55470848083496,50.47299385070801,130.17881774902344,0,0,0,0,0,Remember
612,0.8194899559020996,0.820945680141449,0.8170283436775208,0.0017503064591437,0.0039173364639282,0.0,0.0,0.0,0.0,0.8252546191215515,0.0219769235700368,43.55743789672852,125.0913543701172,81.53391647338867,256.74727630615234,0,0,0,0,0,Remember
613,0.8122301697731018,0.8583002686500549,0.7393569350242615,0.052126046270132,0.1189433336257934,0.0,0.0,0.0,0.0,0.7845048308372498,0.040647454559803,24.76959991455078,47.14775371551514,22.378153800964355,42.58510971069336,0,0,0,0,0,Understand
614,0.853572428226471,0.8683334589004517,0.8406995534896851,0.0113602206110954,0.0276339054107666,0.1666666666666666,0.0,0.0,0.0,0.9286559224128724,0.0086370417848229,36.224727630615234,79.99027633666992,43.76554870605469,62.35963439941406,0,0,0,0,0,Understand
615,0.8241860270500183,0.855165958404541,0.8009396195411682,0.0228032171726226,0.0542263388633728,0.0,0.0,0.0,0.0,0.8276336193084717,0.064182125031948,40.84926986694336,118.28444290161131,77.43517303466797,289.7878952026367,0,0,0,0,0,Understand
616,0.8287441730499268,0.8421416282653809,0.8211820125579834,0.0094996392726898,0.0209596157073974,0.2113617376775271,0.0864651564440141,0.0,0.0,0.8239462375640869,0.0216168314218521,46.85691452026367,41.78774166107178,5.069172859191895,18.032337188720703,0,0,0,0,0,Create
617,0.7704374194145203,0.8095022439956665,0.7422106862068176,0.0285206250846385,0.0672915577888488,0.0555555555555555,0.0785674201318386,0.0,0.0,0.7419779300689697,0.0386771112680435,38.080345153808594,79.87161540985107,41.79127025604248,168.6663360595703,0,0,0,0,0,Understand
618,0.797987699508667,0.8424050807952881,0.773342490196228,0.031470775604248,0.06906259059906,0.0344827586206896,0.048765984909417,0.0,0.0,0.8304345011711121,0.0188718400895595,49.67990493774414,53.16536235809326,3.485457420349121,32.47468948364258,0,0,0,0,0,Understand
619,0.8008467555046082,0.8426400423049927,0.7317308187484741,0.0492280945181846,0.1109092235565185,0.1986863711001642,0.1408518641314111,0.0,0.0,0.7644351124763489,0.0807668194174766,41.98320388793945,42.89321422576904,0.9100103378295898,45.70574188232422,0,0,0,0,0,Remember
620,0.7977705597877502,0.8260787129402161,0.7683067321777344,0.0235994681715965,0.0577719807624816,0.0,0.0,0.0,0.0,0.8403630256652832,0.0140967080369591,41.88375854492188,42.41595363616944,0.5321950912475586,23.776111602783203,0,0,0,0,0,Understand
621,0.7510455250740051,0.7677720189094543,0.7411020398139954,0.0118975983932614,0.0266699790954589,0.03,0.0216024689946928,0.0,0.0,0.8080354332923889,0.0410145819187164,26.18171119689941,42.91738843917847,16.735677242279053,42.10494041442871,0,0,0,0,0,Understand
622,0.8255438804626465,0.8367795944213867,0.8101035952568054,0.0112889418378472,0.0266759991645813,0.0303030303030303,0.0428549564355483,0.0,0.0,0.8256967067718506,0.0400205627083778,44.33779525756836,82.08862447738647,37.75082921981812,110.48108863830566,0,0,0,0,0,Remember
623,0.8136072158813477,0.8302876949310303,0.8046880960464478,0.0118043730035424,0.0255995988845825,0.0,0.0,0.0,0.0,0.8185304999351501,0.0200421530753374,36.96618270874024,142.46170616149902,105.4955234527588,274.77769470214844,0,0,0,0,0,Remember
624,0.9016425013542176,0.9300752878189088,0.8796840310096741,0.021075390279293,0.0503912568092346,0.0,0.0,0.0,0.0,0.8784980773925781,0.0182044319808483,56.167293548583984,54.09797430038452,2.069319248199463,39.20171928405762,0,0,0,0,0,Evaluate
625,0.8937482833862305,0.9050894379615784,0.8844327926635742,0.0085538234561681,0.0206566452980041,0.0256410256410256,0.0362618862146947,0.0,0.0,0.9256417751312256,0.0350247025489807,22.30678939819336,89.05408763885498,66.74729824066162,126.19451904296876,0,0,0,0,1,Understand
626,0.9062116742134094,0.9142531752586364,0.8968890905380249,0.0071465093642473,0.0173640847206115,0.0371517027863777,0.0263915621311546,0.0,0.0,0.9230963587760924,0.0156347583979368,22.30678939819336,54.52090358734131,32.21411418914795,54.69857406616211,0,0,0,0,1,Understand
627,0.865403950214386,0.9080836176872252,0.8387846946716309,0.0304853823035955,0.0692989230155944,0.0,0.0,0.0,0.0,0.8654085993766785,0.029985100030899,22.30678939819336,118.25626945495604,95.9494800567627,200.1102523803711,0,0,0,0,1,Understand
628,0.954205334186554,0.9841246008872986,0.8980627655982971,0.0397274419665336,0.0860618352890014,0.0,0.0,0.0,0.0,0.9209477305412292,0.0401772521436214,22.30678939819336,419.5174894332886,397.2107000350952,989.7295875549316,0,0,0,0,1,Understand
629,0.9512989521026612,0.957232654094696,0.9402774572372437,0.0078010344877839,0.0169551968574523,0.1206349206349206,0.0179582674587059,0.0,0.0,0.9488218426704408,0.0132313454523682,22.30678939819336,59.54544496536255,37.23865556716919,66.54414176940918,0,0,0,0,1,Understand
630,0.924132764339447,0.93317711353302,0.9175018668174744,0.0066230287775397,0.0156752467155456,0.0,0.0,0.0,0.0,0.931452751159668,0.0078499363735318,21.67063331604004,249.24628162384036,227.5756483078003,637.454273223877,0,0,0,0,1,Analyze
631,0.9235718846321106,0.9314157962799072,0.9160662889480592,0.00627097254619,0.0153495073318481,0.0333333333333333,0.0235702260395515,0.0,0.0,0.9110001921653748,0.0162847843021154,21.67063331604004,74.94219827651978,53.271564960479736,147.92097282409668,0,0,0,0,1,Remember
632,0.9533550143241882,0.9659238457679749,0.9346359372138976,0.0134932594373822,0.0312879085540771,0.0,0.0,0.0,0.0,0.9320502281188964,0.0150986118242144,21.67063331604004,171.20789527893066,149.53726196289062,327.7013702392578,0,0,0,0,1,Understand
633,0.9197344183921814,0.9567041397094728,0.8746861219406128,0.0339674949645996,0.0820180177688598,0.0,0.0,0.0,0.0,0.8945553302764893,0.0310793574899435,21.67063331604004,258.6058716773987,236.93523836135864,651.7209987640381,0,0,0,0,1,Understand
634,0.8843795657157898,0.8931573629379272,0.8792977333068848,0.0062325964681804,0.0138596296310424,0.0,0.0,0.0,0.0,0.9165267944335938,0.0153441708534955,21.67063331604004,271.3838405609131,249.71320724487305,570.6025466918945,0,0,0,0,1,Create
635,0.9754691123962402,0.9806361198425292,0.9682541489601136,0.0052582719363272,0.0123819708824157,0.0,0.0,0.0,0.0,0.9713470935821532,0.0076472000218927,23.467025756835938,31.471184730529785,8.004158973693848,19.31595230102539,0,0,1,0,0,Remember
636,0.9292677044868468,0.9379685521125792,0.9143261313438416,0.0106129283085465,0.0236424207687377,0.0371517027863777,0.0263915621311546,0.0,0.0,0.9202799797058104,0.0180028304457664,23.467025756835938,54.52090358734131,31.05387783050537,54.69857406616211,0,0,1,0,0,Understand
637,0.957495927810669,0.9720197916030884,0.9368250370025636,0.0150112574920058,0.0351947546005249,0.0,0.0,0.0,0.0,0.945171356201172,0.0144771775230765,23.467025756835938,172.15285873413086,148.68583297729492,346.79154205322266,0,0,1,0,0,Remember
638,0.9679533839225768,0.9814412593841552,0.9447712898254396,0.0164652187377214,0.0366699695587158,0.0,0.0,0.0,0.0,0.9511798024177552,0.0165200643241405,23.467025756835938,419.5174894332886,396.05046367645264,989.7295875549316,0,0,1,0,0,Understand
639,0.964997947216034,0.9699645042419434,0.9586628675460817,0.0047142379917204,0.0113016366958618,0.0588235294117647,0.0831890330807703,0.0,0.0,0.9666374325752258,0.0026602242141962,23.467025756835938,44.96753787994385,21.50051212310791,13.27145767211914,0,0,1,0,0,Remember
640,0.7427770495414734,0.8407347202301025,0.5886878371238708,0.1102874130010604,0.2520468831062317,0.1931161931161931,0.1366955455943085,0.0,0.0,0.6988928914070129,0.1192624941468238,39.33770751953125,42.222923278808594,2.885215759277344,47.43181228637695,0,0,0,0,0,Remember
641,0.826946496963501,0.8497343063354492,0.8110621571540833,0.0165252685546875,0.0386721491813659,0.0,0.0,0.0,0.0,0.8254842162132263,0.0414797738194465,50.08171463012695,100.55470848083496,50.47299385070801,130.17881774902344,0,0,0,0,0,Remember
642,0.8204825520515442,0.8542308807373047,0.7782155275344849,0.0316123403608799,0.0760153532028198,0.0,0.0,0.0,0.0,0.8079395294189453,0.0281948372721672,49.67990493774414,53.16536235809326,3.485457420349121,32.47468948364258,0,0,0,0,0,Understand
643,0.8156585693359375,0.8768986463546753,0.7254917621612549,0.0651080012321472,0.1514068841934204,0.1944444444444444,0.1416394309331329,0.0,0.0,0.7460948824882507,0.0593860447406768,41.98320388793945,42.90870094299317,0.9254970550537108,45.70574188232422,0,0,0,0,0,Remember
644,0.8106715083122253,0.8439518213272095,0.7664768695831299,0.0325569659471511,0.0774749517440795,0.0,0.0,0.0,0.0,0.822068989276886,0.0262965876609087,41.88375854492188,42.078980445861816,0.1952219009399414,23.776111602783203,0,0,0,0,0,Understand
645,0.8563508987426758,0.8627874851226807,0.8516615629196167,0.0047071645967662,0.0111259222030639,0.2595238095238095,0.1343076645349566,0.0,0.0,0.8882061839103699,0.012976536527276,60.22995376586914,95.20757293701172,34.97761917114258,69.44976806640625,0,0,0,0,1,Remember
646,0.7418022751808167,0.7944295406341553,0.6831823587417603,0.0456137284636497,0.111247181892395,0.0,0.0,0.0,0.0,0.7711388468742371,0.0104651991277933,34.95962142944336,43.73540449142456,8.775783061981201,45.377004623413086,0,0,0,0,0,Understand
647,0.8216086030006409,0.8514646291732788,0.7888509035110474,0.0256441626697778,0.0626137256622314,0.149044289044289,0.0622009616806251,0.0,0.0,0.8008143305778503,0.019668536260724,30.754207611083984,24.11722421646118,6.636983394622803,7.649684906005859,0,0,0,0,0,Remember
648,0.8341534733772278,0.8732224702835083,0.802979052066803,0.0292150154709815,0.0702434182167053,0.0303030303030303,0.0428549564355483,0.0,0.0,0.8262994885444641,0.0065494664013385,51.34839630126953,82.08862447738647,30.740228176116943,110.48108863830566,0,0,0,0,0,Evaluate
649,0.8091469407081604,0.8583002686500549,0.7347877025604248,0.0534811206161975,0.1235125660896301,0.0,0.0,0.0,0.0,0.7875880599021912,0.0407561585307121,24.76959991455078,47.14775371551514,22.378153800964355,42.58510971069336,0,0,0,0,0,Understand
650,0.9026872515678406,0.9191296696662904,0.876739501953125,0.0185651015490293,0.0423901677131652,0.0,0.0,0.0,0.0,0.9121823310852052,0.0258030854165554,31.331588745117188,223.25220489501956,191.92061614990237,536.3894577026367,0,0,0,0,0,Understand
651,0.8950161933898926,0.90562641620636,0.887932538986206,0.0076418169774115,0.0176938772201538,0.3667929292929293,0.0626305900264439,0.0,0.0,0.88791424036026,0.0116301691159605,57.19627380371094,94.1996364593506,37.00336265563965,65.14495849609375,0,0,0,0,0,Understand
652,0.7899505496025085,0.807787299156189,0.7740365266799927,0.0138456085696816,0.0337507724761962,0.0688541844455822,0.0251993852038426,0.0,0.0,0.8239218592643738,0.004606528673321,55.34324264526367,57.0872859954834,1.7440433502197266,57.4481086730957,0,0,0,0,0,Understand
653,0.7768991589546204,0.8151760101318359,0.7151684761047363,0.044067695736885,0.1000075340270996,0.0,0.0,0.0,0.0,0.8250712752342224,0.0364025719463825,43.10299301147461,45.10758829116821,2.0045952796936035,42.112749099731445,0,0,0,0,0,Understand
654,0.7895243763923645,0.8296782970428467,0.7551213502883911,0.0307081826031208,0.0745569467544555,0.0,0.0,0.0,0.0,0.8358840346336365,0.0017625103937461,45.60767364501953,60.96738529205322,15.359711647033691,50.35885620117188,0,0,0,0,0,Understand
655,0.8634746074676514,0.9002406001091003,0.8419380187988281,0.0261246860027313,0.0583025813102722,0.0952380952380952,0.0673435029701473,0.0,0.0,0.8265005946159363,0.0277343951165676,28.679487228393555,56.946242332458496,28.26675510406494,11.073062896728516,0,0,0,0,0,Remember
656,0.906921684741974,0.9112305045127868,0.9020606279373168,0.0037638915237039,0.0091698765754699,0.5123931623931625,0.0637798142745049,0.0,0.0,0.924375593662262,0.0058630849234759,46.51897048950195,22.801286220550537,23.717684268951416,5.910440444946289,0,0,0,0,0,Remember
657,0.904119908809662,0.9174144268035888,0.8931154012680054,0.0100513314828276,0.0242990255355834,0.3227513227513227,0.1496522288225497,0.0,0.0,0.8827725052833557,0.0089039793238043,39.94026947021485,343.87049865722656,303.9302291870117,122.02069091796876,0,0,0,0,0,Understand
658,0.8412175178527832,0.8525032997131348,0.8355039358139038,0.0079804612323641,0.0169993638992309,0.1347222222222222,0.0605083914188665,0.0,0.0,0.8522975444793701,0.0139926010742783,62.52936935424805,40.896612882614136,21.63275647163391,52.41830921173096,0,0,0,0,0,Remember
659,0.8611971735954285,0.8678537607192993,0.8570521473884583,0.0047539435327053,0.010801613330841,0.0833333333333333,0.0589255650988789,0.0,0.0,0.8509983420372009,0.0048407991416752,93.8319854736328,129.11267709732056,35.280691623687744,273.13009452819824,0,0,0,0,0,Understand
660,0.9421400427818298,0.9443619847297668,0.9403715133666992,0.0016603573458269,0.0039904713630676,0.3333333333333333,0.0,0.0,0.0,0.9574201703071594,0.0027847848832607,48.45949172973633,95.17048263549805,46.71099090576172,12.349502563476562,0,0,0,0,0,Understand
661,0.7761380076408386,0.7792462110519409,0.7708837985992432,0.0037359725683927,0.0083624124526977,0.196969696969697,0.0853878957794264,0.0,0.0,0.8113408088684082,0.029800422489643,62.38028335571289,34.64816904067993,27.73211431503296,21.56248664855957,0,0,0,0,0,Evaluate
662,0.8171008229255676,0.8235832452774048,0.8047624230384827,0.008728340268135,0.0188208222389221,0.0560780215952629,0.0182256711277619,0.0,0.0,0.8599700927734375,0.0372718684375286,39.1884994506836,31.84591770172119,7.342581748962402,12.244659423828123,0,0,0,0,0,Remember
663,0.9038144946098328,0.9217730164527892,0.8886991739273071,0.0136511931195855,0.0330738425254821,0.2,2.775557561562892e-17,0.0,0.0,0.8845848441123962,0.0057982220314443,31.184104919433597,343.4492988586426,312.265193939209,174.33897399902344,0,0,0,0,0,Understand
664,0.7990002632141113,0.8356666564941406,0.7710861563682556,0.0270815026015043,0.064580500125885,0.0,0.0,0.0,0.0,0.7973241806030273,0.0309005342423915,68.01582336425781,50.15488815307617,17.86093521118164,26.198261260986328,0,0,0,0,0,Understand
665,0.8405031561851501,0.8644227981567383,0.817566454410553,0.0191416461020708,0.0468563437461853,0.4779296066252588,0.0618978786758843,0.0,0.0,0.8321697115898132,0.0144086955115199,34.66300964355469,25.09584188461304,9.56716775894165,5.900548934936523,0,0,0,0,0,Understand
666,0.8208735585212708,0.8261312246322632,0.8123172521591187,0.0061028320342302,0.0138139724731445,0.2736842105263158,0.0893187513077744,0.0,0.0,0.8853134512901306,0.0392883382737636,103.69572448730467,36.64574718475342,67.04997730255127,38.28923416137695,0,0,0,0,0,Remember
667,0.9240708351135254,0.9341586828231812,0.9136765003204346,0.0083646243438124,0.0204821825027465,0.0,0.0,0.0,0.0,0.9307570457458496,0.0111346310004591,50.53108978271485,96.8134903907776,46.28240060806274,134.4839153289795,0,0,0,0,0,Remember
668,0.8988346457481384,0.9039233922958374,0.8889939785003662,0.0069597475230693,0.0149294137954711,0.2717171717171717,0.0650084562008245,0.0,0.0,0.921701729297638,0.0038740749005228,47.242862701416016,96.16086959838869,48.918006896972656,63.13752746582031,0,0,0,0,0,Understand
669,0.9248252511024476,0.9304800033569336,0.916300654411316,0.006134103052318,0.0141793489456176,0.0,0.0,0.0,0.0,0.9400351643562316,0.0102535439655184,69.65819549560547,175.45957565307617,105.8013801574707,91.47840881347656,0,0,0,0,0,Remember
670,0.9474847912788392,0.9496546387672424,0.9461054801940918,0.0015530377859249,0.0035491585731506,0.0,0.0,0.0,0.0,0.9436867237091064,0.0093260426074266,48.84480667114258,104.24178218841551,55.39697551727295,85.07876968383789,0,0,0,0,0,Remember
671,0.9009260535240172,0.9054234623908995,0.8985294103622437,0.0031824414618313,0.006894052028656,0.2828282828282828,0.0714249273925805,0.0,0.0,0.8944891095161438,0.0232369285076856,58.85271453857422,104.47700881958008,45.62429428100586,60.30542755126953,0,0,0,0,0,Remember
672,0.8513055443763733,0.8570521473884583,0.8445084095001221,0.0051745646633207,0.0125437378883361,0.0,0.0,0.0,0.0,0.8608898520469666,0.0050335056148469,93.8319854736328,129.11267709732056,35.280691623687744,273.13009452819824,0,0,0,0,0,Understand
673,0.8023504614830017,0.8264676928520203,0.790184736251831,0.0170536823570728,0.0362829566001892,0.0,0.0,0.0,0.0,0.7950158715248108,0.0147650353610515,52.246673583984375,124.05832195281982,71.81164836883545,174.97877883911133,0,0,0,0,0,Remember
674,0.8215211033821106,0.8433700799942017,0.7972341179847717,0.0189136583358049,0.0461359620094299,0.1666666666666666,0.0,0.0,0.0,0.8687565922737122,0.022672789171338,53.44844436645508,337.8598442077637,284.4113998413086,774.1893310546875,0,0,0,0,0,Create
675,0.9505870938301086,0.957338809967041,0.9403715133666992,0.0073471656069159,0.0169672966003417,0.3333333333333333,0.0,0.0,0.0,0.9489731788635254,0.0084835654124617,48.45949172973633,95.17048263549805,46.71099090576172,12.349502563476562,0,0,0,0,0,Understand
676,0.8705808520317078,0.900971293449402,0.8343324661254883,0.0275187250226736,0.0666388273239135,0.1492063492063492,0.0718330698348238,0.0,0.0,0.8426907658576965,0.0399772152304649,31.184104919433597,244.9938535690308,213.8097486495972,365.0052833557129,0,0,0,0,0,Understand
678,0.83476322889328,0.8493449091911316,0.8187606334686279,0.0125263296067714,0.0305842757225036,0.0476190476190476,0.0673435029701473,0.0,0.0,0.8372185826301575,0.016374621540308,33.00382614135742,44.38612174987793,11.382295608520508,36.48939895629883,0,0,0,0,0,Remember
679,0.7604878544807434,0.801030158996582,0.696433961391449,0.0458235032856464,0.104596197605133,0.0,0.0,0.0,0.0,0.7832221984863281,0.0242574140429496,34.332542419433594,34.06809711456299,0.2644453048706054,29.315746307373047,0,0,0,0,0,Remember
680,0.8853163719177246,0.9281878471374512,0.8220160007476807,0.0456882007420063,0.1061718463897705,0.1686868686868687,0.0841360178705405,0.0,0.0,0.884530246257782,0.0257452316582202,32.15713882446289,98.83049201965332,66.67335319519043,80.25675964355469,0,0,0,0,0,Create
681,0.8820298314094543,0.8931154012680054,0.8758558034896851,0.0078556202352046,0.0172595977783203,0.3227513227513227,0.1496522288225497,0.0,0.0,0.9048625826835632,0.0092620812356472,39.94026947021485,343.87049865722656,303.9302291870117,122.02069091796876,0,0,0,0,0,Understand
682,0.8336494565010071,0.8591634631156921,0.8003531694412231,0.0246317815035581,0.0588102936744689,0.0317460317460317,0.0448956686467649,0.0,0.0,0.7683209776878357,0.0410700216889381,43.10299301147461,45.10758829116821,2.0045952796936035,42.112749099731445,0,0,0,0,0,Understand
683,0.7992844581604004,0.8399462103843689,0.7676592469215393,0.0301948618143796,0.0722869634628295,0.1018518518518518,0.0916619901538117,0.0,0.0,0.7970399856567383,0.0278461258858442,68.01582336425781,50.15488815307617,17.86093521118164,26.198261260986328,0,0,0,0,0,Understand
684,0.8902505040168762,0.914548635482788,0.876739501953125,0.0172172840684652,0.037809133529663,0.0,0.0,0.0,0.0,0.9246190190315248,0.0129811456426978,31.331588745117188,223.25220489501956,191.92061614990237,536.3894577026367,0,0,0,0,0,Understand
685,0.8375339508056641,0.891489565372467,0.7331798672676086,0.0738037973642349,0.1583096981048584,0.2152777777777777,0.1524617944451399,0.0,0.0,0.7779406905174255,0.0682792067527771,57.19627380371094,82.13787078857422,24.94159698486328,53.51934814453125,0,0,0,0,0,Understand
686,0.8086981773376465,0.8375325202941895,0.7551213502883911,0.0379213504493236,0.0824111700057983,0.0888888888888888,0.1257078722109417,0.0,0.0,0.8167102336883545,0.0234644599258899,45.60767364501953,60.96738529205322,15.359711647033691,50.35885620117188,0,0,0,0,0,Understand
687,0.8524786829948425,0.8862708210945129,0.8232258558273315,0.0259373858571052,0.0630449652671814,0.0769230769230769,0.0628074293021327,0.0,0.0,0.8336006999015808,0.0347174108028411,36.72146987915039,52.277305126190186,15.555835247039797,38.47419548034668,0,0,0,0,0,Remember
688,0.83477783203125,0.8641766309738159,0.7982189655303955,0.027398956939578,0.0659576654434204,0.0,0.0,0.0,0.0,0.8551972508430481,0.0342936739325523,28.679487228393555,56.946242332458496,28.26675510406494,11.073062896728516,0,0,0,0,0,Remember
690,0.8479032516479492,0.8600319623947144,0.8398944735527039,0.008721993304789,0.0201374888420104,0.0256410256410256,0.0362618862146947,0.0,0.0,0.9018742442131042,0.0371317006647586,17.847320556640625,89.05408763885498,71.20676708221436,126.19451904296876,0,0,0,0,1,Understand
691,0.9317889213562012,0.950201451778412,0.9015394449234008,0.021557418629527,0.0486620068550109,0.1213675213675213,0.094590327058167,0.0,0.0,0.906297206878662,0.0174538604915142,17.882429122924805,96.65690803527832,78.77447891235352,182.3206214904785,0,0,0,0,1,Remember
692,0.9308761954307556,0.9585663080215454,0.8792297840118408,0.0365513153374195,0.0793365240097045,0.0666666666666666,0.0942809041582063,0.0,0.0,0.9099671840667723,0.0425476618111133,16.492265701293945,140.1823344230652,123.69006872177124,258.0636463165283,0,0,0,0,1,Understand
693,0.9209365844726562,0.9625069499015808,0.8434944748878479,0.0548092350363731,0.1190124750137329,0.0,0.0,0.0,0.0,0.8755262494087219,0.0569317154586315,10.328076362609863,419.5174894332886,409.1894130706787,989.7295875549316,0,0,0,0,1,Understand
694,0.8569336533546448,0.8743534684181213,0.8409279584884644,0.0136824939399957,0.0334255099296569,0.0256410256410256,0.0362618862146947,0.0,0.0,0.8502745628356934,0.0165319722145795,17.30246353149414,54.93942642211914,37.636962890625,26.78821563720703,0,0,0,0,1,Understand
695,0.9571097493171692,0.9767708778381348,0.9372042417526244,0.0161539372056722,0.0395666360855102,0.0,0.0,0.0,0.0,0.9362419247627258,0.0110491141676902,17.614748001098633,96.01140975952148,78.39666175842285,275.1382293701172,0,0,1,0,1,Remember
696,0.927517592906952,0.933960258960724,0.9204425811767578,0.0055366465821862,0.013517677783966,0.0343915343915343,0.0245333822632161,0.0,0.0,0.9334706664085388,0.0033291578292846,17.614748001098633,81.82971572875977,64.21496772766113,143.90907669067383,0,0,1,0,1,Understand
697,0.948859691619873,0.9540418386459352,0.9427890777587892,0.0046366713941097,0.0112527608871459,0.0,0.0,0.0,0.0,0.952465832233429,0.0066793388687074,17.614748001098633,102.62251091003418,85.00776290893555,158.8914909362793,0,0,1,0,1,Understand
698,0.9238617420196532,0.948821187019348,0.8857532739639282,0.0273747220635414,0.0630679130554199,0.0,0.0,0.0,0.0,0.904883623123169,0.0311229992657899,17.614748001098633,275.2491121292114,257.6343641281128,686.9375877380371,0,0,1,0,1,Understand
700,0.934848964214325,0.9763512015342712,0.8914341926574707,0.0346935875713825,0.0849170088768005,0.0,0.0,0.0,0.0,0.9268661141395568,0.0208134576678276,23.88915252685547,117.70316410064696,93.8140115737915,200.85062789916992,0,0,0,0,1,Remember
701,0.8534087538719177,0.8860766887664795,0.8336324691772461,0.0232701040804386,0.0524442195892334,0.0818181818181818,0.0856027084353062,0.0,0.0,0.8461186289787292,0.0235923770815134,23.816843032836918,40.11833763122559,16.301494598388672,34.8681755065918,0,0,0,0,1,Apply
702,0.9010469317436218,0.914476215839386,0.8793636560440063,0.0154772894456982,0.0351125597953796,0.114024864024864,0.0480084943864495,0.0,0.0,0.8830413222312927,0.0150295998901128,21.53533363342285,58.99591112136841,37.46057748794556,88.72870826721191,0,0,0,0,1,Understand
703,0.881310760974884,0.8924180269241333,0.8621649742126465,0.0135959945619106,0.0302530527114868,0.0461538461538461,0.0411855856518179,0.0,0.0,0.8746188282966614,0.0265002194792032,16.005441665649414,33.63233661651611,17.6268949508667,50.13156318664551,0,0,0,0,1,Understand
704,0.891918420791626,0.9044129848480223,0.8804063200950623,0.0098252687603235,0.0240066647529602,0.0,0.0,0.0,0.0,0.8846800327301025,0.0140717104077339,13.20266056060791,56.48333835601807,43.28067779541016,12.984710693359377,0,0,0,0,1,Apply
705,0.8611971735954285,0.8678537607192993,0.8570521473884583,0.0047539435327053,0.010801613330841,0.0833333333333333,0.0589255650988789,0.0,0.0,0.8509983420372009,0.0048407991416752,93.8319854736328,129.11267709732056,35.280691623687744,273.13009452819824,0,0,0,0,0,Understand
706,0.9421400427818298,0.9443619847297668,0.9403715133666992,0.0016603573458269,0.0039904713630676,0.3333333333333333,0.0,0.0,0.0,0.9574201703071594,0.0027847848832607,48.45949172973633,95.17048263549805,46.71099090576172,12.349502563476562,0,0,0,0,0,Understand
707,0.9038144946098328,0.9217730164527892,0.8886991739273071,0.0136511931195855,0.0330738425254821,0.2,2.775557561562892e-17,0.0,0.0,0.8845848441123962,0.0057982220314443,31.184104919433597,343.4492988586426,312.265193939209,174.33897399902344,0,0,0,0,0,Understand
708,0.9287328124046326,0.9287328124046326,0.9287328124046326,0.0,0.0,0.0,0.0,0.0,0.0,0.0,0.0,28.91563606262207,1902.5765075683596,1873.6608715057373,3230.844055175781,0,0,0,0,1,Apply
709,0.904119908809662,0.9174144268035888,0.8931154012680054,0.0100513314828276,0.0242990255355834,0.3227513227513227,0.1496522288225497,0.0,0.0,0.8827725052833557,0.0089039793238043,39.94026947021485,343.87049865722656,303.9302291870117,122.02069091796876,0,0,0,0,0,Understand
710,0.7990002632141113,0.8356666564941406,0.7710861563682556,0.0270815026015043,0.064580500125885,0.0,0.0,0.0,0.0,0.7973241806030273,0.0309005342423915,68.01582336425781,50.15488815307617,17.86093521118164,26.198261260986328,0,0,0,0,0,Understand
711,0.9026872515678406,0.9191296696662904,0.876739501953125,0.0185651015490293,0.0423901677131652,0.0,0.0,0.0,0.0,0.9121823310852052,0.0258030854165554,31.331588745117188,223.25220489501956,191.92061614990237,536.3894577026367,0,0,0,0,0,Understand
712,0.8375339508056641,0.891489565372467,0.7331798672676086,0.0738037973642349,0.1583096981048584,0.2152777777777777,0.1524617944451399,0.0,0.0,0.7779406905174255,0.0682792067527771,57.19627380371094,82.13787078857422,24.94159698486328,53.51934814453125,0,0,0,0,0,Understand
713,0.7768991589546204,0.8151760101318359,0.7151684761047363,0.044067695736885,0.1000075340270996,0.0,0.0,0.0,0.0,0.8250712752342224,0.0364025719463825,43.10299301147461,45.10758829116821,2.0045952796936035,42.112749099731445,0,0,0,0,0,Understand
714,0.7895243763923645,0.8296782970428467,0.7551213502883911,0.0307081826031208,0.0745569467544555,0.0,0.0,0.0,0.0,0.8358840346336365,0.0017625103937461,45.60767364501953,60.96738529205322,15.359711647033691,50.35885620117188,0,0,0,0,0,Understand
715,0.844275951385498,0.8540081977844238,0.8361839056015015,0.0073685748502612,0.0178242921829223,0.0,0.0,0.0,0.0,0.8277058005332947,0.0153775569051504,33.00382614135742,44.38612174987793,11.382295608520508,36.48939895629883,0,0,0,0,0,Remember
716,0.7995665073394775,0.8211835622787476,0.767436146736145,0.023167410865426,0.0537474155426025,0.0,0.0,0.0,0.0,0.8094949722290039,0.0204090401530265,23.847599029541016,53.79897212982178,29.95137310028076,31.742271423339844,0,0,0,0,0,Understand
717,0.7459909319877625,0.7904796600341797,0.675829291343689,0.0502029173076152,0.1146503686904907,0.0,0.0,0.0,0.0,0.7097790837287903,0.0524829775094985,28.8528995513916,36.98392152786255,8.131021976470947,29.125368118286133,0,0,0,0,0,Create
718,0.8423943519592285,0.8808431029319763,0.79840087890625,0.0338844954967498,0.0824422240257263,0.0,0.0,0.0,0.0,0.84368497133255,0.0301204677671194,36.72146987915039,52.277305126190186,15.555835247039797,38.47419548034668,0,0,0,0,0,Remember
719,0.8634746074676514,0.9002406001091003,0.8419380187988281,0.0261246860027313,0.0583025813102722,0.0952380952380952,0.0673435029701473,0.0,0.0,0.8265005946159363,0.0277343951165676,28.679487228393555,56.946242332458496,28.26675510406494,11.073062896728516,0,0,0,0,0,Remember
720,0.9319854378700256,0.9479408264160156,0.9186165928840636,0.0121104680001735,0.0293242335319519,0.0,0.0,0.0,0.0,0.9261655807495116,0.0072923824191093,29.365278244018555,132.67032527923584,103.30504703521729,178.30830764770508,0,0,0,0,0,Remember
721,0.893805980682373,0.9128857254981996,0.8720963597297668,0.0167557075619697,0.0407893657684326,0.0,0.0,0.0,0.0,0.8792481422424316,0.0194015428423881,32.68659973144531,874.0575160980225,841.3709163665771,2630.393035888672,0,0,0,0,0,Understand
722,0.7948142886161804,0.8505245447158813,0.7516595125198364,0.0413263663649559,0.0988650321960449,0.0166666666666666,0.0235702260395515,0.0,0.0,0.8063833713531494,0.0270297639071941,21.63721466064453,47.69343900680542,26.05622434616089,35.6805362701416,0,0,0,0,0,Understand
723,0.8258751034736633,0.8441216349601746,0.8163262605667114,0.0129068978130817,0.0277953743934631,0.0,0.0,0.0,0.0,0.8045867085456848,0.0113089699298143,36.86676025390625,45.35584592819214,8.489085674285889,31.06373786926269,0,0,0,0,0,Create
724,0.8768453001976013,0.9132124781608582,0.8575455546379089,0.0257316604256629,0.0556669235229492,0.2,2.775557561562892e-17,0.0,0.0,0.8488453030586243,0.0063523626886308,26.220680236816406,71.39823818206787,45.177557945251465,70.41396713256836,0,0,0,0,0,Understand
725,0.7643754482269287,0.7697343826293945,0.7592802047729492,0.004271971527487,0.0104541778564453,0.0904761904761904,0.0827530818903941,0.0,0.0,0.8153834342956543,0.0478243231773376,41.77325820922852,59.15142154693604,17.37816333770752,48.510440826416016,0,0,0,0,0,Apply
726,0.8592497706413269,0.9017375707626344,0.8372864723205566,0.0300491396337747,0.0644510984420776,0.0,0.0,0.0,0.0,0.8897687792778015,0.0069654262624681,44.64963912963867,428.9822883605957,384.332649230957,1054.628562927246,0,0,0,0,0,Understand
727,0.806056797504425,0.8454456925392151,0.7683449983596802,0.0314985550940036,0.0771006941795349,0.0669944090996722,0.0104008193634038,0.0,0.0,0.8155725598335266,0.0033218348398804,49.65873336791992,41.59482717514038,8.063906192779541,33.49700355529785,0,0,0,0,1,Understand
728,0.7548198699951172,0.8140157461166382,0.7118469476699829,0.0432589650154113,0.1021687984466552,0.3066361556064073,0.3455453346040569,0.0,0.0,0.7876160740852356,0.0512173436582088,26.66303062438965,38.29072666168213,11.62769603729248,10.91020965576172,0,0,0,0,0,Understand
729,0.8477848172187805,0.8477848172187805,0.8477848172187805,0.0,0.0,0.0,0.0,0.0,0.0,0.0,0.0,39.70292663574219,432.1442565917969,392.4413299560547,328.20611572265625,0,0,0,0,1,Understand
730,0.8890601992607117,0.9070733785629272,0.8654656410217285,0.0174387395381927,0.0416077375411987,0.0,0.0,0.0,0.0,0.8815915584564209,0.0205588098615407,23.630939483642575,874.0575160980225,850.4265766143799,2630.393035888672,0,0,0,0,0,Understand
731,0.7582356333732605,0.8452697396278381,0.624604344367981,0.0959228128194809,0.2206653952598571,0.0694444444444444,0.0519674637051936,0.0,0.0,0.6451236605644226,0.0788101777434349,67.04357147216797,47.4779372215271,19.56563425064087,45.02041053771973,0,0,0,0,0,Understand
732,0.7807767987251282,0.8223490715026855,0.7516595125198364,0.0301728341728448,0.0706895589828491,0.0518518518518518,0.0026189140043946,0.0,0.0,0.8204209208488464,0.0284458994865417,21.63721466064453,47.69343900680542,26.05622434616089,35.6805362701416,0,0,0,0,0,Understand
733,0.8135700821876526,0.8178650140762329,0.8056678175926208,0.0055948169901967,0.012197196483612,0.0634920634920634,0.0897913372935298,0.0,0.0,0.8168916702270508,0.0220059528946876,36.86676025390625,45.35584592819214,8.489085674285889,31.06373786926269,0,0,0,0,0,Create
734,0.850747287273407,0.8597776889801025,0.8399041891098022,0.0082139428704977,0.0198734998703002,0.2,2.775557561562892e-17,0.0,0.0,0.8749432563781738,0.0270975641906261,26.220680236816406,71.39823818206787,45.177557945251465,70.41396713256836,0,0,0,0,0,Understand
735,0.7624552249908447,0.8449665904045105,0.6726646423339844,0.0705300420522689,0.1723019480705261,0.0476190476190476,0.0336717514850736,0.0,0.0,0.73613041639328,0.0315939635038375,41.77325820922852,68.56731033325195,26.79405212402344,36.40099334716797,0,0,0,0,0,Apply
736,0.9202879071235656,0.9229947328567504,0.9186165928840636,0.0019315348472446,0.0043781399726867,0.0,0.0,0.0,0.0,0.9378631711006165,0.0076551791280508,29.365278244018555,132.67032527923584,103.30504703521729,178.30830764770508,0,0,0,0,0,Remember
737,0.8956329822540283,0.910559058189392,0.8692665100097656,0.0186981409788131,0.0412925481796264,0.0,0.0,0.0,0.0,0.8750187754631042,0.0138769913464784,23.630939483642575,874.0575160980225,850.4265766143799,2630.393035888672,0,0,0,0,0,Understand
739,0.678765594959259,0.6934140920639038,0.6601511836051941,0.0138660762459039,0.0332629084587097,0.0196078431372549,0.0277296776935901,0.0,0.0,0.7952089309692383,0.0021542010363191,62.34882354736328,47.4779372215271,14.870886325836182,45.02041053771973,0,0,0,0,0,Remember
740,0.7419396042823792,0.7697343826293945,0.6919726729393005,0.0354064404964447,0.077761709690094,0.0904761904761904,0.0827530818903941,0.0,0.0,0.7566459774971008,0.0704088658094406,41.77325820922852,68.56731033325195,26.79405212402344,36.40099334716797,0,0,0,0,0,Apply
741,0.9319854378700256,0.9479408264160156,0.9186165928840636,0.0121104680001735,0.0293242335319519,0.0,0.0,0.0,0.0,0.9261655807495116,0.0072923824191093,29.365278244018555,132.67032527923584,103.30504703521729,178.30830764770508,0,0,0,0,0,Remember
742,0.8477848172187805,0.8477848172187805,0.8477848172187805,0.0,0.0,0.0,0.0,0.0,0.0,0.0,0.0,39.70292663574219,432.1442565917969,392.4413299560547,328.20611572265625,0,0,0,0,1,Understand
743,0.8890601992607117,0.9070733785629272,0.8654656410217285,0.0174387395381927,0.0416077375411987,0.0,0.0,0.0,0.0,0.8815915584564209,0.0205588098615407,23.630939483642575,874.0575160980225,850.4265766143799,2630.393035888672,0,0,0,0,0,Understand
744,0.7948142886161804,0.8505245447158813,0.7516595125198364,0.0413263663649559,0.0988650321960449,0.0166666666666666,0.0235702260395515,0.0,0.0,0.8063833713531494,0.0270297639071941,21.63721466064453,47.69343900680542,26.05622434616089,35.6805362701416,0,0,0,0,0,Understand
745,0.8258751034736633,0.8441216349601746,0.8163262605667114,0.0129068978130817,0.0277953743934631,0.0,0.0,0.0,0.0,0.8045867085456848,0.0113089699298143,36.86676025390625,45.35584592819214,8.489085674285889,31.06373786926269,0,0,0,0,0,Create
746,0.8768453001976013,0.9132124781608582,0.8575455546379089,0.0257316604256629,0.0556669235229492,0.2,2.775557561562892e-17,0.0,0.0,0.8488453030586243,0.0063523626886308,26.220680236816406,71.39823818206787,45.177557945251465,70.41396713256836,0,0,0,0,0,Understand
747,0.8676524758338928,0.926945686340332,0.8372864723205566,0.0419307313859462,0.0896592140197753,0.0666666666666666,0.0942809041582063,0.0,0.0,0.884589672088623,0.0036392586771398,44.64963912963867,362.1562232971192,317.50658416748047,787.3243026733398,0,0,0,0,0,Understand
748,0.806056797504425,0.8454456925392151,0.7683449983596802,0.0314985550940036,0.0771006941795349,0.0669944090996722,0.0104008193634038,0.0,0.0,0.8155725598335266,0.0033218348398804,49.65873336791992,41.59482717514038,8.063906192779541,33.49700355529785,0,0,0,0,1,Understand
749,0.7548198699951172,0.8140157461166382,0.7118469476699829,0.0432589650154113,0.1021687984466552,0.3066361556064073,0.3455453346040569,0.0,0.0,0.7876160740852356,0.0512173436582088,26.66303062438965,38.29072666168213,11.62769603729248,10.91020965576172,0,0,0,0,0,Understand
750,0.8123508095741272,0.8606711030006409,0.7491798400878906,0.0467117577791214,0.1114912629127502,0.0,0.0,0.0,0.0,0.7969322800636292,0.0361857451498508,48.81070709228516,340.85516262054443,292.0444555282593,1005.7735328674316,0,0,0,0,0,Understand
751,0.7595179677009583,0.8093089461326599,0.6987751722335815,0.0457849018275737,0.1105337738990783,0.0683760683760683,0.0232792136324024,0.0,0.0,0.7491717338562012,0.0650144144892692,49.410003662109375,85.27496862411499,35.864964962005615,205.2411289215088,0,0,0,0,0,Understand
752,0.7392899394035339,0.7723744511604309,0.7084155678749084,0.0261578317731618,0.0639588832855224,0.0,0.0,0.0,0.0,0.7706572413444519,0.0235667396336793,49.63259506225586,62.60299110412598,12.970396041870115,164.95796966552734,0,0,0,0,0,Understand
753,0.6445973515510559,0.6851657629013062,0.6166307330131531,0.0293639786541461,0.068535029888153,0.0,0.0,0.0,0.0,0.791895866394043,0.0101112490519881,49.79546737670898,51.007625102996826,1.2121577262878418,46.5326099395752,0,0,0,0,0,Remember
754,0.8003997802734375,0.8203131556510925,0.7737362384796143,0.0196048468351364,0.0465769171714782,0.0,0.0,0.0,0.0,0.8297435641288757,0.0090797170996665,32.40471267700195,31.15819931030273,1.2465133666992188,44.21391677856445,0,0,0,0,0,Remember
755,0.8519288897514343,0.8861598372459412,0.81606125831604,0.0286410115659236,0.0700985789299011,0.7156177156177156,0.1846059661839005,0.0,0.0,0.8360728621482849,0.0260201916098594,39.44699096679688,41.09614658355713,1.649155616760254,6.083343505859375,0,0,0,0,0,Understand
756,0.8436252474784851,0.8569482564926147,0.8288254737854004,0.0115284705534577,0.0281227827072143,0.1203703703703703,0.1022718612702524,0.0,0.0,0.841851532459259,0.0260108653455972,49.839054107666016,142.48868322372437,92.64962911605836,225.37960243225095,0,0,0,0,0,Understand
757,0.8851561546325684,0.9118924140930176,0.844623327255249,0.0291437990963459,0.0672690868377685,0.0,0.0,0.0,0.0,0.9026010036468506,0.018720319494605,64.00830078125,495.9264335632324,431.9181327819824,1209.9818267822266,0,0,0,0,0,Understand
758,0.8441182971000671,0.8761175870895386,0.7805196642875671,0.0449713468551635,0.0955979228019714,0.037037037037037,0.0523782800878924,0.0,0.0,0.8059702515602112,0.0286532882601022,20.727651596069336,121.44127750396729,100.71362590789796,124.55397415161131,0,0,0,0,0,Understand
759,0.8592538237571716,0.885735034942627,0.8390366435050964,0.0195723176002502,0.0466983914375305,0.0,0.0,0.0,0.0,0.8269991874694824,0.0063118198886513,52.74928283691406,171.5206880569458,118.77140522003174,393.4314689636231,0,0,0,0,0,Understand
760,0.7794329524040222,0.7957730293273926,0.7642884254455566,0.0128813060000538,0.0314846038818359,0.0,0.0,0.0,0.0,0.7907461524009705,0.0207063797861337,56.67704391479492,34.62653398513794,22.050509929656982,9.287721633911133,0,0,0,0,1,Understand
761,0.9536578059196472,0.9598846435546876,0.9491053819656372,0.0045571313239634,0.0107792615890502,0.0,0.0,0.0,0.0,0.954885184764862,0.0031644778791815,51.09723281860352,93.15589904785156,42.05866622924805,62.57228088378906,0,0,0,0,0,Understand
762,0.8227658271789551,0.870100736618042,0.7783600091934204,0.0375102199614048,0.0917407274246215,0.2117424242424242,0.1061160569330891,0.0,0.0,0.7880662083625793,0.015751414000988,72.4449462890625,37.9111704826355,34.533775806427,31.74270820617676,0,0,0,0,0,Remember
763,0.8215810656547546,0.8315389752388,0.8095353841781616,0.0091034276410937,0.0220035910606384,0.6999999999999998,1.1102230246251563e-16,0.0,0.0,0.8855642676353455,0.0044390331022441,46.8443603515625,71.99447441101074,25.15011405944824,40.08197021484375,0,0,0,0,0,Understand
764,0.9227075576782228,0.965340256690979,0.8584764003753662,0.0462229736149311,0.1068638563156127,0.1333333333333333,0.0942809041582063,0.0,0.0,0.8776780962944031,0.0490820109844207,71.7825927734375,305.2340087890625,233.451416015625,520.4310455322266,0,0,0,0,0,Remember
765,0.8262340426445007,0.8374555110931396,0.8124212026596069,0.0103831831365823,0.0250343084335327,0.0833333333333333,0.1178511301977579,0.0,0.0,0.8592427372932434,0.0125875482335686,49.839054107666016,142.48868322372437,92.64962911605836,225.37960243225095,0,0,0,0,0,Understand
766,0.8625473380088806,0.8719349503517151,0.8545621037483215,0.0071614179760217,0.0173728466033935,0.0,0.0,0.0,0.0,0.892765462398529,0.0145585173740983,63.86236190795898,260.7543134689331,196.8919515609741,332.2316474914551,0,0,0,0,0,Understand
767,0.8191471099853516,0.8373289108276367,0.7966786623001099,0.0168699268251657,0.0406502485275268,0.0,0.0,0.0,0.0,0.8783776164054871,0.0088297929614782,39.61297607421875,88.99129676818848,49.37832069396973,177.35271072387695,0,0,0,0,0,Understand
768,0.7625862956047058,0.7815408110618591,0.7341524362564087,0.020474512130022,0.0473883748054504,0.0,0.0,0.0,0.0,0.779504120349884,0.0140340877696871,52.81663513183594,62.81823348999024,10.001598358154297,109.94469451904295,0,0,0,0,0,Understand
769,0.8242936134338379,0.8423915505409241,0.7981377840042114,0.0189437177032232,0.0442537665367126,0.058080808080808,0.0411856222987376,0.0,0.0,0.8115505576133728,0.029112646356225,41.08065414428711,42.00523138046265,0.9245772361755372,23.70392799377441,0,0,0,0,0,Evaluate
773,0.8441182971000671,0.8761175870895386,0.7805196642875671,0.0449713468551635,0.0955979228019714,0.037037037037037,0.0523782800878924,0.0,0.0,0.8059702515602112,0.0286532882601022,20.727651596069336,121.44127750396729,100.71362590789796,124.55397415161131,0,0,0,0,0,Understand
774,0.7342789769172668,0.7371899485588074,0.7320187091827393,0.0021607023663818,0.0051712393760681,0.1666666666666666,0.0,0.0,0.0,0.9728807806968688,0.0067522539757192,42.6362419128418,337.8598442077637,295.2236022949219,774.1893310546875,0,0,0,0,0,Create
775,0.8030900955200195,0.8269892930984497,0.7747774124145508,0.0215426459908485,0.0522118806838989,0.0,0.0,0.0,0.0,0.7835044264793396,0.0309593454003334,51.80498504638672,113.11609268188477,61.31110763549805,130.17881774902344,0,0,0,0,0,Remember
776,0.8592538237571716,0.885735034942627,0.8390366435050964,0.0195723176002502,0.0466983914375305,0.0,0.0,0.0,0.0,0.8269991874694824,0.0063118198886513,52.74928283691406,171.5206880569458,118.77140522003174,393.4314689636231,0,0,0,0,0,Understand
777,0.8508893847465515,0.8666080236434937,0.8358193635940552,0.0125777842476964,0.0307886600494384,0.0952380952380952,0.0673435029701473,0.0,0.0,0.8349649310112,0.0294638369232416,45.00416564941406,76.05122470855713,31.047059059143063,68.07304000854492,0,0,0,0,0,Create
778,0.953869640827179,0.9593206644058228,0.9491053819656372,0.0041985535062849,0.0102152824401855,0.0,0.0,0.0,0.0,0.9546732902526855,0.0036856278311461,51.09723281860352,93.15589904785156,42.05866622924805,62.57228088378906,0,0,0,0,0,Understand
779,0.7956134676933289,0.8198367357254028,0.7659046649932861,0.0223567392677068,0.0539320707321167,0.0208333333333333,0.0294627825494394,0.0,0.0,0.8152185082435608,0.0395620204508304,72.4449462890625,37.9111704826355,34.533775806427,31.74270820617676,0,0,0,0,0,Remember
780,0.7380222678184509,0.8024237155914307,0.6166307330131531,0.0858900621533393,0.1857929825782776,0.0608333333333333,0.0490039680932971,0.0,0.0,0.6984710693359375,0.0604454278945922,49.79546737670898,51.007625102996826,1.2121577262878418,46.5326099395752,0,0,0,0,0,Remember
781,0.8266159892082214,0.8408876657485962,0.8186471462249756,0.0101144928485155,0.0222405195236206,0.0,0.0,0.0,0.0,0.803527295589447,0.0229885596781969,32.40471267700195,31.15819931030273,1.2465133666992188,44.21391677856445,0,0,0,0,0,Remember
782,0.916078805923462,0.9449067115783693,0.8590235710144043,0.0403449013829231,0.0858831405639648,0.1333333333333333,0.0942809041582063,0.0,0.0,0.8843069076538086,0.0585405603051185,71.7825927734375,305.2340087890625,233.451416015625,520.4310455322266,0,0,0,0,0,Remember
783,0.8436252474784851,0.8569482564926147,0.8288254737854004,0.0115284705534577,0.0281227827072143,0.1203703703703703,0.1022718612702524,0.0,0.0,0.841851532459259,0.0260108653455972,49.839054107666016,142.48868322372437,92.64962911605836,225.37960243225095,0,0,0,0,0,Understand
784,0.945045292377472,0.9592249989509584,0.9242987632751464,0.014995627105236,0.0349262356758117,0.0,0.0,0.0,0.0,0.9228951334953308,0.0283806510269641,36.39136505126953,203.55485916137692,167.16349411010742,140.38217163085938,0,0,0,0,0,Understand
785,0.9167122840881348,0.9167122840881348,0.9167122840881348,0.0,0.0,0.0,0.0,0.0,0.0,0.0,0.0,43.3402099609375,1902.5765075683596,1859.2362976074216,3230.844055175781,0,0,0,0,1,Apply
786,0.8441182971000671,0.8761175870895386,0.7805196642875671,0.0449713468551635,0.0955979228019714,0.037037037037037,0.0523782800878924,0.0,0.0,0.8059702515602112,0.0286532882601022,20.727651596069336,121.44127750396729,100.71362590789796,124.55397415161131,0,0,0,0,0,Understand
787,0.7759266495704651,0.7957998514175415,0.7598738074302673,0.0149134406819939,0.0359260439872741,0.8461538461538461,0.0,0.0,0.0,0.8556292057037354,0.0034158972557634,32.486427307128906,40.10861396789551,7.622186660766602,3.2154769897460938,0,0,0,0,0,Understand
788,0.9536578059196472,0.9598846435546876,0.9491053819656372,0.0045571313239634,0.0107792615890502,0.0,0.0,0.0,0.0,0.954885184764862,0.0031644778791815,51.09723281860352,93.15589904785156,42.05866622924805,62.57228088378906,0,0,0,0,0,Understand
789,0.8227658271789551,0.870100736618042,0.7783600091934204,0.0375102199614048,0.0917407274246215,0.2117424242424242,0.1061160569330891,0.0,0.0,0.7880662083625793,0.015751414000988,72.4449462890625,37.9111704826355,34.533775806427,31.74270820617676,0,0,0,0,0,Remember
790,0.6445973515510559,0.6851657629013062,0.6166307330131531,0.0293639786541461,0.068535029888153,0.0,0.0,0.0,0.0,0.791895866394043,0.0101112490519881,49.79546737670898,51.007625102996826,1.2121577262878418,46.5326099395752,0,0,0,0,0,Remember
791,0.8003997802734375,0.8203131556510925,0.7737362384796143,0.0196048468351364,0.0465769171714782,0.0,0.0,0.0,0.0,0.8297435641288757,0.0090797170996665,32.40471267700195,31.15819931030273,1.2465133666992188,44.21391677856445,0,0,0,0,0,Remember
792,0.8584492206573486,0.8865043520927429,0.8174965381622314,0.0296117160469293,0.0690078139305114,0.0,0.0,0.0,0.0,0.8233566880226135,0.031739305704832,43.27005386352539,587.4956302642822,544.2255764007568,2063.6183700561523,0,0,0,0,0,Understand
793,0.8726869225502014,0.8820692896842957,0.8607732653617859,0.0088764065876603,0.0212960243225097,0.0252380952380952,0.0179315908416787,0.0,0.0,0.89560866355896,0.0085471076890826,29.100440979003903,41.63898468017578,12.538543701171877,31.881446838378903,0,0,0,0,0,Remember
794,0.8475029468536377,0.8861566781997681,0.7776607275009155,0.0494798421859741,0.1084959506988525,0.0,0.0,0.0,0.0,0.8273399472236633,0.0406680591404438,52.05704498291016,450.0335731506348,397.9765281677246,916.802978515625,0,0,0,0,1,Remember
795,0.8978736996650696,0.9096376299858092,0.8867464065551758,0.0093561382964253,0.0228912234306335,0.1634920634920635,0.0361263704023525,0.0,0.0,0.9126251339912416,0.0089403381571173,64.55937957763672,59.59513378143311,4.964245796203613,32.984169006347656,0,0,0,0,0,Understand
796,0.9178164601325988,0.950758159160614,0.8742432594299316,0.0321289375424385,0.0765148997306823,0.0,0.0,0.0,0.0,0.90874046087265,0.029181994497776,31.531930923461918,218.3131256103516,186.78119468688965,543.8030471801758,0,0,0,0,0,Understand
797,0.7677326202392578,0.8121997714042664,0.701336681842804,0.047842152416706,0.1108630895614624,0.0303030303030303,0.0428549564355483,0.0,0.0,0.7120068669319153,0.0934366062283515,80.8445053100586,61.93632984161377,18.908175468444824,56.94601058959961,0,0,0,0,0,Understand
798,0.8688337206840515,0.8768623471260071,0.8612924814224243,0.0063657131977379,0.0155698657035827,0.1518379281537176,0.0827326061085596,0.0,0.0,0.8701286911964417,0.0116007048636674,40.45082473754883,55.11919069290161,14.668365955352783,49.7127742767334,0,0,0,0,0,Remember
799,0.8137145042419434,0.8217218518257141,0.800749659538269,0.0092516625300049,0.020972192287445,0.0,0.0,0.0,0.0,0.869453489780426,0.0165291298180818,45.272090911865234,137.05298042297363,91.7808895111084,166.42536163330078,0,0,0,0,0,Understand
800,0.850182056427002,0.8637804388999939,0.8244426250457764,0.0182102341204881,0.0393378138542175,0.3485838779956426,0.0893511836793458,0.0,0.0,0.8732431530952454,0.0148691637441515,62.632320404052734,61.10937976837158,1.5229406356811523,38.26274871826172,0,0,0,0,0,Evaluate
801,0.8022750020027161,0.8321524858474731,0.7605211138725281,0.0304253436625003,0.071631371974945,0.0423280423280423,0.0306239071502386,0.0,0.0,0.8089373707771301,0.0427843630313873,34.022438049316406,104.97036170959473,70.94792366027832,131.8298225402832,0,0,0,0,0,Understand
802,0.8577508926391602,0.8687738180160522,0.8480474948883057,0.0085127800703048,0.0207263231277465,0.1847319347319347,0.0767949416647687,0.0,0.0,0.8168194890022278,0.0147210415452718,63.56565856933594,45.21398448944092,18.35167407989502,27.739864349365234,0,0,0,0,0,Understand
803,0.7900550365447998,0.7954941987991333,0.7828462719917297,0.005312948487699,0.0126479268074035,0.0,0.0,0.0,0.0,0.8860438466072083,0.0128581197932362,35.55849838256836,45.4245719909668,9.866073608398438,62.58933639526367,0,0,0,0,0,Remember
804,0.8588916659355164,0.8743894696235657,0.8484047055244446,0.0111843254417181,0.025984764099121,0.1888888888888888,0.0157134840263677,0.0,0.0,0.8931920528411865,0.0310314409434795,46.26100158691406,70.93009662628174,24.66909503936768,98.99940490722656,0,0,0,0,0,Remember
805,0.8283129334449768,0.8583036065101624,0.8092567920684814,0.0214642323553562,0.0490468144416809,0.037037037037037,0.0523782800878924,0.0,0.0,0.8300139307975769,0.0105278780683875,23.202857971191406,54.76678657531738,31.563928604125977,27.268768310546875,0,0,0,0,0,Create
806,0.8127079010009766,0.8181816339492798,0.8076357245445251,0.00431469688192,0.0105459094047546,0.0151515151515151,0.0214274782177741,0.0,0.0,0.8251748085021973,0.0214330777525901,42.583770751953125,69.47095537185669,26.887184619903564,144.19562530517578,0,0,0,0,0,Understand
807,0.9419549107551576,0.9471002221107484,0.9337512254714966,0.005863135214895,0.0133489966392517,0.0476190476190476,0.0673435029701473,0.0,0.0,0.961155116558075,0.0079199327155947,92.22836303710938,26.524721145629883,65.70364189147949,22.12447738647461,0,0,0,0,0,Remember
808,0.9176457524299622,0.9287519454956056,0.8969863653182983,0.0146221304312348,0.0317655801773071,0.0476190476190476,0.0673435029701473,0.0,0.0,0.9118296504020692,0.0125211691483855,63.38061141967773,92.13350486755373,28.752893447875977,66.59017181396484,0,0,0,0,0,Create
809,0.954772174358368,0.9706740379333496,0.9259982109069824,0.0203838143497705,0.0446758270263671,0.1333333333333333,0.0942809041582063,0.0,0.0,0.9590072631835938,0.0141945946961641,32.94862747192383,119.68309211730956,86.73446464538574,66.74300384521484,0,0,0,0,0,Understand
810,0.6715149879455566,0.7189518213272095,0.5942566394805908,0.0551012381911277,0.1246951818466186,0.0,0.0,0.0,0.0,0.8082244396209717,0.0138226877897977,80.8445053100586,61.93632984161377,18.908175468444824,56.94601058959961,0,0,0,0,0,Understand
811,0.7875359058380127,0.79166179895401,0.7793161869049072,0.0058122617192566,0.0123456120491027,0.107720281094894,0.0455637838307311,0.0,0.0,0.8083496689796448,0.0277511198073625,67.95789337158203,57.38470363616944,10.573189735412598,60.49888229370117,0,0,0,0,0,Remember
812,0.8406557440757751,0.856304407119751,0.8147735595703125,0.0184344947338104,0.0415308475494384,0.0,0.0,0.0,0.0,0.8556900024414062,0.025367222726345,53.4643783569336,33.5461220741272,19.9182562828064,45.071794509887695,0,0,0,0,1,Understand
813,0.8474963307380676,0.8909645080566406,0.800749659538269,0.0369029454886913,0.0902148485183715,0.1587301587301587,0.1365448455086131,0.0,0.0,0.835671603679657,0.0219200197607278,45.272090911865234,137.05298042297363,91.7808895111084,166.42536163330078,0,0,0,0,0,Understand
814,0.8945460915565491,0.933645725250244,0.8448596000671387,0.03701176866889,0.0887861251831054,0.0666666666666666,0.0942809041582063,0.0,0.0,0.8565419316291809,0.0363366976380348,27.98055648803711,266.7891454696655,238.8085889816284,508.7817726135254,0,0,0,0,0,Understand
818,0.8050215244293213,0.8558621406555176,0.717022180557251,0.0624751262366771,0.1388399600982666,0.1568627450980392,0.146731662226429,0.0,0.0,0.7517922520637512,0.0379978194832801,71.33026123046875,50.3652925491333,20.96496868133545,37.19474411010742,0,0,0,0,0,Remember
819,0.8545224070549011,0.8640316128730774,0.8460041284561157,0.0073929750360548,0.0180274844169616,0.1888888888888888,0.0157134840263677,0.0,0.0,0.8915732502937317,0.035620130598545,46.21109771728516,70.93009662628174,24.718998908996586,98.99940490722656,0,0,0,0,0,Remember
821,0.8290644288063049,0.8445256948471069,0.8066449165344238,0.0162286087870597,0.0378807783126831,0.0448275862068965,0.0414749851785487,0.0,0.0,0.8056170344352722,0.0064461305737495,42.583770751953125,73.25167798995972,30.667907238006592,137.44929695129397,0,0,0,0,0,Understand
822,0.8693802356719971,0.8736000061035156,0.865994393825531,0.0031604811083525,0.0076056122779846,0.0876623376623376,0.099790357638381,0.0,0.0,0.8533692359924316,0.0193481836467981,29.100440979003903,50.86361312866211,21.763172149658203,39.88907623291016,0,0,0,0,0,Remember
823,0.9147469401359558,0.9455889463424684,0.8804270029067993,0.0267156772315502,0.0651619434356689,0.0732600732600732,0.002590134729621,0.0,0.0,0.8990675806999207,0.0220992863178253,30.30415725708008,84.57268714904785,54.26852989196777,14.103790283203123,0,0,0,0,0,Understand
824,0.8999528884887695,0.9096218347549438,0.8867464065551758,0.009668068960309,0.022875428199768,0.1433455433455433,0.008381441905607,0.0,0.0,0.9105458855628968,0.0112557411193847,64.55937957763672,59.59513378143311,4.964245796203613,32.984169006347656,0,0,0,0,0,Understand
825,0.8332281708717346,0.8633376359939575,0.7743737697601318,0.0416200868785381,0.0889638662338256,0.0636363636363636,0.0451504982598525,0.0,0.0,0.8137638568878174,0.0291779730468988,21.420225143432617,221.29456329345703,199.8743381500244,341.4088287353516,0,0,0,0,0,Understand
826,0.8973409533500671,0.9082626104354858,0.8757530450820923,0.0152652710676193,0.0325095653533935,0.0,0.0,0.0,0.0,0.8706863522529602,0.0528679937124252,28.682788848876957,77.98679542541504,49.304006576538086,102.37029266357422,0,0,0,0,0,Understand
827,0.8730723261833191,0.8939582109451294,0.8455183506011963,0.0203298293054103,0.0484398603439331,0.4141414141414141,0.0571399419140644,0.0,0.0,0.8765063881874084,0.0274467915296554,27.152538299560547,65.98596286773682,38.83342456817627,31.736446380615234,0,0,0,0,0,Understand
828,0.8987340927124023,0.9525913000106812,0.8653119802474976,0.0384500958025455,0.0872793197631836,0.2750793650793651,0.1449822536294456,0.0,0.0,0.8565269112586975,0.0198563504964113,19.67681312561035,34.14875411987305,14.471940994262695,16.996688842773438,0,0,0,0,0,Remember
829,0.8440173268318176,0.8630350828170776,0.8220095634460449,0.0168815199285745,0.0410255193710327,0.0,0.0,0.0,0.0,0.8804895281791687,0.0249429699033498,27.479698181152344,130.20642709732056,102.7267289161682,304.75571632385254,0,0,0,0,0,Create
830,0.9610468745231628,0.97662091255188,0.9392584562301636,0.0158735122531652,0.0373624563217163,0.0,0.0,0.0,0.0,0.9459729194641112,0.0152584575116634,24.97652816772461,96.01140975952148,71.03488159179688,275.1382293701172,0,0,0,0,0,Remember
831,0.926849365234375,0.9344140291213988,0.9129526019096376,0.0098393708467483,0.0214614272117614,0.0555555555555555,0.0392837100659193,0.0,0.0,0.9381959438323976,0.0102133741602301,27.277982711791992,86.25787544250488,58.97989273071289,146.3255386352539,0,0,0,0,0,Understand
832,0.895012378692627,0.915408968925476,0.8776742219924927,0.0155562097206711,0.0377347469329834,0.1809523809523809,0.1121493443343218,0.0,0.0,0.8945325016975403,0.0226768087595701,26.49675750732422,68.23173999786377,41.73498249053955,31.736446380615234,0,0,0,0,0,Understand
833,0.943291187286377,0.9559342861175536,0.9336236715316772,0.0093481224030256,0.0223106145858764,0.0,0.0,0.0,0.0,0.9402806758880616,0.0126474648714065,23.377269744873047,273.15223693847656,249.77496719360352,381.92942810058594,0,0,0,0,0,Remember
834,0.8886767029762268,0.8977190256118774,0.8750662803649902,0.0097958380356431,0.0226527452468872,0.0,0.0,0.0,0.0,0.8818636536598206,0.0358228608965873,23.30486488342285,52.75882911682129,29.45396423339844,63.74763488769531,0,0,0,0,0,Remember
835,0.9227457046508788,0.9372916221618652,0.9068820476531982,0.0124495709314942,0.0304095745086669,0.0476190476190476,0.0673435029701473,0.0,0.0,0.8905184864997864,0.0113920895382761,31.42341041564941,64.32938575744629,32.905975341796875,27.467323303222656,0,0,0,0,0,Understand
836,0.8818365931510925,0.9177875518798828,0.8502698540687561,0.0277377720922231,0.0675176978111267,0.1809523809523809,0.1121493443343218,0.0,0.0,0.8718984723091125,0.0263240672647953,30.35505104064941,68.23173999786377,37.87668895721436,31.736446380615234,0,0,0,0,0,Understand
837,0.8568291068077087,0.8726200461387634,0.8306629061698914,0.0186338946223258,0.041957139968872,0.0,0.0,0.0,0.0,0.8220629692077637,0.0304062943905591,22.83801651000977,52.75882911682129,29.920812606811523,63.74763488769531,0,0,0,0,0,Remember
838,0.956038773059845,0.9753772616386414,0.9203680753707886,0.0252528339624404,0.0550091862678527,0.0,0.0,0.0,0.0,0.9432103037834167,0.021567178890109,26.208253860473636,780.7694625854492,754.5612087249756,1779.5101013183594,0,0,0,0,1,Understand
839,0.8659725189208984,0.8789960145950317,0.8530797958374023,0.0105806561186909,0.0259162187576293,0.0,0.0,0.0,0.0,0.9426705241203308,0.0131429256871342,27.476224899291992,296.05525398254395,268.57902908325195,725.3027954101562,0,0,0,0,0,Understand
840,0.9636564254760742,0.9789156913757324,0.9444094896316528,0.0143665364012122,0.0345062017440795,0.1333333333333333,0.0942809041582063,0.0,0.0,0.9457554817199708,0.0189873855561018,32.94862747192383,118.33246421813963,85.38383674621582,72.14551544189453,0,0,0,0,0,Understand
841,0.7677326202392578,0.8121997714042664,0.701336681842804,0.047842152416706,0.1108630895614624,0.0303030303030303,0.0428549564355483,0.0,0.0,0.7120068669319153,0.0934366062283515,80.8445053100586,61.93632984161377,18.908175468444824,56.94601058959961,0,0,0,0,0,Understand
842,0.8137145042419434,0.8217218518257141,0.800749659538269,0.0092516625300049,0.020972192287445,0.0,0.0,0.0,0.0,0.869453489780426,0.0165291298180818,45.272090911865234,137.05298042297363,91.7808895111084,166.42536163330078,0,0,0,0,0,Understand
843,0.7332892417907715,0.7700625061988831,0.7081162929534912,0.0265864208340644,0.0619462132453918,0.0,0.0,0.0,0.0,0.830871045589447,0.0260635837912559,77.91451263427734,50.3652925491333,27.549220085144043,37.19474411010742,0,0,0,0,0,Remember
844,0.8588916659355164,0.8743894696235657,0.8484047055244446,0.0111843254417181,0.025984764099121,0.1888888888888888,0.0157134840263677,0.0,0.0,0.8931920528411865,0.0310314409434795,46.26100158691406,70.93009662628174,24.66909503936768,98.99940490722656,0,0,0,0,0,Remember
845,0.8283129334449768,0.8583036065101624,0.8092567920684814,0.0214642323553562,0.0490468144416809,0.037037037037037,0.0523782800878924,0.0,0.0,0.8300139307975769,0.0105278780683875,23.202857971191406,54.76678657531738,31.563928604125977,27.268768310546875,0,0,0,0,0,Create
846,0.8127079010009766,0.8181816339492798,0.8076357245445251,0.00431469688192,0.0105459094047546,0.0151515151515151,0.0214274782177741,0.0,0.0,0.8251748085021973,0.0214330777525901,42.583770751953125,69.47095537185669,26.887184619903564,144.19562530517578,0,0,0,0,0,Understand
847,0.8652500510215759,0.8806553483009338,0.8414946794509888,0.0170427169650793,0.039160668849945,0.0252380952380952,0.0179315908416787,0.0,0.0,0.8574994206428528,0.0138573832809925,29.100440979003903,50.86361312866211,21.763172149658203,39.88907623291016,0,0,0,0,0,Remember
848,0.944927453994751,0.944927453994751,0.944927453994751,0.0,0.0,0.0,0.0,0.0,0.0,0.0,0.0,27.124256134033203,1902.5765075683596,1875.4522514343264,3230.844055175781,0,0,0,0,1,Remember
849,0.9499870538711548,0.9499870538711548,0.9499870538711548,0.0,0.0,0.0,0.0,0.0,0.0,0.0,0.0,22.998794555664062,1902.5765075683596,1879.5777130126955,3230.844055175781,0,0,0,0,1,Apply
850,0.8475029468536377,0.8861566781997681,0.7776607275009155,0.0494798421859741,0.1084959506988525,0.0,0.0,0.0,0.0,0.8273399472236633,0.0406680591404438,52.05704498291016,450.0335731506348,397.9765281677246,916.802978515625,0,0,0,0,1,Remember
851,0.8115600943565369,0.8911632299423218,0.6990134119987488,0.0818304941058158,0.192149817943573,0.0,0.0,0.0,0.0,0.7620584964752197,0.07789146900177,36.79513931274414,193.1943702697754,156.39923095703125,415.5856552124024,0,0,0,0,0,Analyze
852,0.9147469401359558,0.9455889463424684,0.8804270029067993,0.0267156772315502,0.0651619434356689,0.0732600732600732,0.002590134729621,0.0,0.0,0.8990675806999207,0.0220992863178253,30.30415725708008,84.57268714904785,54.26852989196777,14.103790283203123,0,0,0,0,0,Understand
853,0.8191772699356079,0.8191772699356079,0.8191772699356079,0.0,0.0,0.2,0.0,0.0,0.0,0.0,0.0,35.70973205566406,222.77842712402344,187.06869506835935,57.9278564453125,0,0,0,0,0,Remember
854,0.8978736996650696,0.9096376299858092,0.8867464065551758,0.0093561382964253,0.0228912234306335,0.1634920634920635,0.0361263704023525,0.0,0.0,0.9126251339912416,0.0089403381571173,64.55937957763672,59.59513378143311,4.964245796203613,32.984169006347656,0,0,0,0,0,Understand
855,0.9441620707511902,0.9441620707511902,0.9441620707511902,0.0,0.0,0.0,0.0,0.0,0.0,0.0,0.0,51.7463493347168,1902.5765075683596,1850.8301582336424,3230.844055175781,0,0,0,0,1,Apply
856,0.7718586921691895,0.7874826192855835,0.7572774887084961,0.0123532135039567,0.0302051305770874,0.0595238095238095,0.0607026132570569,0.0,0.0,0.8225156664848328,0.0106170149520039,24.472564697265625,35.230185985565186,10.75762128829956,22.60809898376465,0,0,0,0,0,Understand
857,0.8505709767341614,0.910865068435669,0.816879391670227,0.0427324622869491,0.0939856767654419,0.0222222222222222,0.0314269680527354,0.0,0.0,0.7995488047599792,0.0048229368403553,24.55729103088379,33.54293251037598,8.985641479492188,13.748943328857422,0,0,0,0,0,Understand
858,0.783888041973114,0.797287106513977,0.7648386359214783,0.0138364220038056,0.0324484705924987,0.0252401837928153,0.003249330717137,0.0,0.0,0.8263441920280457,0.016349172219634,33.98853302001953,27.933740615844727,6.054792404174805,10.500930786132812,0,0,0,0,0,Understand
859,0.7654607892036438,0.7861924171447754,0.751738429069519,0.0149134639650583,0.0344539880752563,0.1126651126651126,0.1384588350654404,0.0,0.0,0.8195877075195312,0.0286711174994707,31.003154754638672,28.57765769958496,2.425497055053711,38.45802688598633,0,0,0,0,0,Understand
860,0.8034746646881104,0.8153873682022095,0.783997654914856,0.0138862654566764,0.0313897132873535,0.2555555555555555,0.109994388184574,0.0,0.0,0.8936875462532043,0.0109017742797732,34.79894256591797,72.36309337615967,37.5641508102417,54.83693313598633,0,0,0,0,0,Understand
861,0.8135648369789124,0.846123993396759,0.7944605350494385,0.0231380015611648,0.0516634583473205,0.2784313725490197,0.0871612187093838,0.0,0.0,0.8432729840278625,0.0157335381954908,57.46089172363281,31.7642822265625,25.696609497070312,19.61981010437012,0,0,0,0,0,Remember
862,0.8605263233184814,0.8729645013809204,0.8435649275779724,0.0124211814254522,0.0293995738029479,0.0666666666666666,0.0942809041582063,0.0,0.0,0.8600425720214844,0.0200965292751789,30.086206436157227,325.0360145568848,294.94980812072754,416.812744140625,0,0,0,0,0,Analyze
863,0.7572004199028015,0.7681043148040771,0.7381945848464966,0.0134877376258373,0.0299097299575805,0.0968234981392876,0.0476338551441452,0.0,0.0,0.7824278473854065,0.021743755787611,43.72129821777344,41.83116865158081,1.890129566192627,58.16446113586426,0,0,0,0,0,Analyze
864,0.8607778549194336,0.8656666874885559,0.8524686098098755,0.0059059923514723,0.0131980776786804,0.0995981318561963,0.0084857282435645,0.0,0.0,0.857908308506012,0.0032158473040908,45.85383224487305,47.2436842918396,1.3898520469665527,48.16657829284668,0,0,0,0,0,Understand
865,0.7324120402336121,0.749215841293335,0.7238120436668396,0.0118832364678382,0.0254037976264953,0.0,0.0,0.0,0.0,0.806297779083252,0.0165913514792919,29.05501747131348,164.90771532058716,135.85269784927368,555.4945335388184,0,0,0,0,0,Understand
866,0.858697235584259,0.871070384979248,0.8424129486083984,0.0120217772200703,0.0286574363708496,0.0,0.0,0.0,0.0,0.886918842792511,0.0175724271684885,35.22323989868164,72.20166110992432,36.97842121124268,58.84418869018555,0,0,0,0,0,Understand
867,0.7368786931037903,0.7648119926452637,0.7185839414596558,0.0200654566287994,0.0462280511856079,0.1414141414141414,0.1406907906786274,0.0,0.0,0.7770336270332336,0.048016432672739,40.79331588745117,52.53683090209961,11.743515014648438,28.45709991455078,0,0,0,0,0,Understand
868,0.8762995004653931,0.9162647724151612,0.8351043462753296,0.0290945693850517,0.0811604261398315,0.1,0.1,0.0,0.0,0.8458802103996277,0.0302273575216531,22.95100212097168,455.3858818054199,432.4348796844482,1156.7798805236816,0,0,0,0,0,Understand
869,0.7497418522834778,0.7908183336257935,0.6981756687164307,0.0385416895151138,0.0926426649093627,0.0,0.0,0.0,0.0,0.7655213475227356,0.0396249815821647,51.32260513305664,48.72644853591919,2.596156597137451,52.582448959350586,0,0,0,0,0,Understand
870,0.9651191830635072,0.9723427891731262,0.958135426044464,0.005802609026432,0.0142073631286621,0.2,2.775557561562892e-17,0.0,0.0,0.9599410891532898,0.004823911935091,46.2495002746582,134.23333168029785,87.98383140563965,32.953697204589844,0,0,0,0,0,Understand
871,0.7803854942321777,0.7975298166275024,0.7675836086273193,0.0126051818951964,0.0299462080001831,0.0685045948203842,0.066130384050671,0.0,0.0,0.8015415072441101,0.0172250065952539,57.46089172363281,57.46011257171631,0.0007791519165039,60.49888229370117,0,0,0,0,0,Remember
872,0.7293424010276794,0.7572625279426575,0.6951723694801331,0.0257305540144443,0.0620901584625244,0.0119047619047619,0.0168358757425368,0.0,0.0,0.7732108235359192,0.0400819741189479,44.473880767822266,38.469380378723145,6.004500389099121,48.91580772399902,0,0,0,0,0,Understand
873,0.79134202003479,0.8170210123062134,0.7515797019004822,0.0285119339823722,0.0654413104057312,0.0202020202020202,0.0285699709570322,0.0,0.0,0.7710220813751221,0.0168019998818635,26.260581970214844,43.1816725730896,16.921090602874756,41.59001541137695,0,0,0,0,0,Understand
874,0.8172975182533264,0.8408341407775879,0.7906322479248047,0.0206138957291841,0.0502018928527832,0.0817860300618921,0.0898491493491788,0.0,0.0,0.7859017252922058,0.0160215310752391,37.219383239746094,40.31684589385986,3.097462654113769,45.05973815917969,0,0,0,0,0,Understand
875,0.8756654858589172,0.876807689666748,0.8741626739501953,0.0011095275403931,0.0026450157165527,0.0909090909090909,0.0742269619025205,0.0,0.0,0.8441985249519348,0.0251881312578916,37.482643127441406,55.64556550979614,18.162922382354736,62.97970008850098,0,0,0,0,0,Understand
876,0.7059548497200012,0.7539327144622803,0.6598953008651733,0.0384145677089691,0.0940374135971069,0.03125,0.0441941738241592,0.0,0.0,0.81041020154953,0.0443154647946357,23.56149101257324,36.85070753097534,13.2892165184021,51.92181587219238,0,0,0,0,0,Understand
877,0.8269097208976746,0.8516857624053955,0.7782925367355347,0.0343796722590923,0.0733932256698608,0.0303030303030303,0.0428549564355483,0.0,0.0,0.7959122657775879,0.0112290363758802,41.81600570678711,46.64408206939697,4.828076362609863,38.11664962768555,0,0,0,0,0,Understand
878,0.8682934641838074,0.8832497596740723,0.8422631025314331,0.0184743199497461,0.0409866571426391,0.0,0.0,0.0,0.0,0.8621747493743896,0.0119381649419665,30.086206436157227,333.7026195526123,303.6164131164551,426.6228561401367,0,0,0,0,0,Analyze
879,0.8435237407684326,0.8657050132751465,0.8218557834625244,0.0179050527513027,0.043849229812622,0.0,0.0,0.0,0.0,0.9120076298713684,0.0184881258755922,37.571048736572266,65.7516508102417,28.180602073669437,76.5553092956543,0,0,0,0,0,Understand
880,0.8254048228263855,0.8404533863067627,0.8147393465042114,0.0109456628561019,0.0257140398025512,0.0,0.0,0.0,0.0,0.8307612538337708,0.0320511497557163,30.57564163208008,128.6977481842041,98.12210655212402,173.89179229736328,0,0,0,0,0,Understand
881,0.8960506916046143,0.9074199199676514,0.8734005689620972,0.0160160828381776,0.0340193510055542,0.2037037037037037,0.0654728501098655,0.0,0.0,0.8389927744865417,0.0460431799292564,29.450851440429688,79.92492580413818,50.474074363708496,53.92254638671875,0,0,0,0,0,Analyze
882,0.8522467017173767,0.8798185586929321,0.8350893259048462,0.0196896493434906,0.0447292327880859,0.0,0.0,0.0,0.0,0.8639866709709167,0.020095344632864,27.51601791381836,124.37516069412231,96.85914278030396,282.07528495788574,0,0,0,0,0,Understand
883,0.8820924758911133,0.8868775963783264,0.8732984066009521,0.0062264269217848,0.0135791897773742,0.3501683501683502,0.1466870095002826,0.0,0.0,0.8664925694465637,0.0170156192034482,21.765390396118164,65.0080509185791,43.24266052246094,19.548328399658203,0,0,0,0,0,Understand
884,0.9083508849143982,0.9180824756622314,0.8904193043708801,0.0126949371770024,0.0276631712913513,0.0,0.0,0.0,0.0,0.8758847713470459,0.0166992619633674,29.053693771362305,958.9547386169434,929.901044845581,3157.278778076172,0,0,0,0,1,Remember
885,0.9409636855125428,0.9528905153274536,0.9295456409454346,0.0095372954383492,0.023344874382019,0.0,0.0,0.0,0.0,0.9315727353096008,0.0149706844240427,26.14024543762207,96.01140975952148,69.87116432189941,275.1382293701172,0,0,0,0,0,Remember
886,0.9029958844184875,0.9387453198432922,0.8490737676620483,0.0387980379164218,0.0896715521812439,0.0,0.0,0.0,0.0,0.8808394074440002,0.0399684719741344,25.70563125610352,136.2599983215332,110.55436706542967,49.841156005859375,0,0,0,0,0,Remember
887,0.9236438870429992,0.924736499786377,0.9216024875640868,0.0014447072753682,0.00313401222229,0.0,0.0,0.0,0.0,0.9096764922142028,0.0072638145647943,27.661094665527344,64.5146131515503,36.85351848602295,54.88282775878906,0,0,0,0,0,Understand
888,0.8750296235084534,0.8952620625495911,0.8521223068237305,0.0177130121737718,0.0431397557258605,0.0,0.0,0.0,0.0,0.8988544940948486,0.0046600317582488,24.821168899536133,44.282827854156494,19.46165895462036,37.50869178771973,0,0,0,0,0,Understand
889,0.9296273589134216,0.9498322606086732,0.9015250205993652,0.0204967390745878,0.0483072400093078,0.0,0.0,0.0,0.0,0.9137845039367676,0.027858231216669,20.9084415435791,419.5174894332886,398.6090478897095,989.7295875549316,0,0,0,0,0,Remember
890,0.9464171528816224,0.9529293179512024,0.9386099576950072,0.0059171332977712,0.014319360256195,0.0888888888888888,0.0078567420131838,0.0,0.0,0.9580194354057312,0.006231493782252,33.49333190917969,58.58551502227783,25.092183113098145,22.25983047485352,0,0,0,0,0,Understand
891,0.8721963763237,0.8798377513885498,0.8631526231765747,0.006883468478918,0.016685128211975,0.2,2.775557561562892e-17,0.0,0.0,0.8698329329490662,0.019857257604599,28.606273651123047,166.41389274597168,137.80761909484863,162.81681060791016,0,0,0,0,0,Understand
892,0.8636406064033508,0.8833338022232056,0.8442874550819397,0.0159424170851707,0.0390463471412658,0.0,0.0,0.0,0.0,0.9128530621528624,0.0237196199595928,30.23383903503418,293.2056350708008,262.9717960357666,420.8760528564453,0,0,0,0,1,Understand
893,0.912189245223999,0.9357145428657532,0.8736627101898193,0.027463749051094,0.0620518326759338,0.1428571428571428,0.0,0.0,0.0,0.8840964436531067,0.0244226809591054,24.87283706665039,121.00870037078856,96.13586330413818,141.3103370666504,0,0,0,0,0,Remember
894,0.8837526440620422,0.8967886567115784,0.8744275569915771,0.0094985235482454,0.0223610997200012,0.0,0.0,0.0,0.0,0.9036374092102052,0.0168085414916276,29.386520385742188,40.65163612365723,11.26511573791504,63.804059982299805,0,0,0,0,0,Understand
895,0.7845216393470764,0.8449338674545288,0.7438191175460815,0.0435691140592098,0.1011147499084472,0.0606060606060606,0.0428549564355483,0.0,0.0,0.7293907999992371,0.0098201194778084,40.79331588745117,52.53683090209961,11.743515014648438,28.45709991455078,0,0,0,0,0,Understand
896,0.9531661868095398,0.953981339931488,0.9526001811027528,0.0005907456506974,0.0013811588287353,0.2,2.775557561562892e-17,0.0,0.0,0.9564432501792908,0.0062498608604073,47.74123001098633,134.23333168029785,86.49210166931152,32.953697204589844,0,0,0,0,0,Understand
897,0.757523238658905,0.7700345516204834,0.7509554624557495,0.0088505046442151,0.0190790891647338,0.0144927536231884,0.0204958487300448,0.0,0.0,0.8048408627510071,0.0101920468732714,26.260581970214844,43.1816725730896,16.921090602874756,41.59001541137695,0,0,0,0,0,Understand
898,0.783892810344696,0.7977926731109619,0.7632533311843872,0.0148841561749577,0.0345393419265747,0.0,0.0,0.0,0.0,0.8193065524101257,0.0180517025291919,37.219383239746094,40.31684589385986,3.097462654113769,45.05973815917969,0,0,0,0,0,Understand
899,0.8319240212440491,0.8531774282455444,0.7991952896118164,0.0234844740480184,0.053982138633728,0.0,0.0,0.0,0.0,0.8640382885932922,0.0162242408841848,37.482643127441406,50.08962106704712,12.606977939605711,40.75592231750488,0,0,0,0,0,Understand
900,0.7703290581703186,0.8758399486541748,0.6423009037971497,0.0966622754931449,0.2335390448570251,0.0,0.0,0.0,0.0,0.7470449805259705,0.0451780222356319,20.44312286376953,36.85070753097534,16.40758466720581,51.92181587219238,0,0,0,0,0,Understand
901,0.730485200881958,0.7710425853729248,0.6951723694801331,0.0311950985342264,0.0758702158927917,0.0,0.0,0.0,0.0,0.7720679640769958,0.0373249351978302,44.473880767822266,38.469380378723145,6.004500389099121,48.91580772399902,0,0,0,0,0,Understand
902,0.8152338862419128,0.8516857624053955,0.783386766910553,0.0280724223703145,0.0682989954948425,0.0303030303030303,0.0428549564355483,0.0,0.0,0.8075881600379944,0.0311638340353965,41.81600570678711,46.64408206939697,4.828076362609863,38.11664962768555,0,0,0,0,0,Understand
903,0.8682934641838074,0.8832497596740723,0.8422631025314331,0.0184743199497461,0.0409866571426391,0.0,0.0,0.0,0.0,0.8621747493743896,0.0119381649419665,30.086206436157227,333.7026195526123,303.6164131164551,426.6228561401367,0,0,0,0,0,Analyze
905,0.7718586921691895,0.7874826192855835,0.7572774887084961,0.0123532135039567,0.0302051305770874,0.0595238095238095,0.0607026132570569,0.0,0.0,0.8225156664848328,0.0106170149520039,24.472564697265625,35.230185985565186,10.75762128829956,22.60809898376465,0,0,0,0,0,Understand
906,0.783888041973114,0.797287106513977,0.7648386359214783,0.0138364220038056,0.0324484705924987,0.0252401837928153,0.003249330717137,0.0,0.0,0.8263441920280457,0.016349172219634,33.98853302001953,27.933740615844727,6.054792404174805,10.500930786132812,0,0,0,0,0,Understand
907,0.7654607892036438,0.7861924171447754,0.751738429069519,0.0149134639650583,0.0344539880752563,0.1126651126651126,0.1384588350654404,0.0,0.0,0.8195877075195312,0.0286711174994707,31.003154754638672,28.57765769958496,2.425497055053711,38.45802688598633,0,0,0,0,0,Understand
908,0.8717570304870605,0.8717570304870605,0.8717570304870605,0.0,0.0,0.0,0.0,0.0,0.0,0.0,0.0,17.930265426635742,1902.5765075683596,1884.646242141724,3230.844055175781,0,0,0,0,1,Apply
909,0.8803653717041016,0.8992763757705688,0.8525682687759399,0.0200770646333694,0.0467081069946289,0.1222222222222222,0.087488976377909,0.0,0.0,0.8348196148872375,0.0217433311045169,79.23094177246094,251.63510513305664,172.4041633605957,276.5283966064453,0,0,0,0,0,Understand
910,0.7705888152122498,0.819148600101471,0.7179640531539917,0.0414082966744899,0.1011845469474792,0.052755376344086,0.0391663299518371,0.0,0.0,0.7765021920204163,0.0018002568976953,62.30896759033203,22.617549896240234,39.6914176940918,16.851722717285156,0,0,0,0,1,Understand
911,0.8267116546630859,0.8695173859596252,0.7508974075317383,0.053757756948471,0.1186199784278869,0.3801169590643274,0.2800919301714162,0.0,0.0,0.8152970671653748,0.0450244843959808,80.09725952148438,27.41506576538086,52.68219375610352,25.02802848815918,0,0,0,0,0,Remember
912,0.8924964070320129,0.9310494661331176,0.8383933901786804,0.0393923670053482,0.0926560759544372,0.0666666666666666,0.0942809041582063,0.0,0.0,0.8627093434333801,0.0278745964169502,43.37613296508789,169.67734909057617,126.30121612548828,368.0617370605469,0,0,0,0,0,Understand
913,0.9327163696289062,0.9327163696289062,0.9327163696289062,0.0,0.0,0.0,0.0,0.0,0.0,0.0,0.0,40.221282958984375,1902.5765075683596,1862.355224609375,3230.844055175781,0,0,0,0,1,Apply
914,0.8858447670936584,0.9248584508895874,0.8483748435974121,0.0312433764338493,0.0764836072921752,0.1222222222222222,0.087488976377909,0.0,0.0,0.8507773280143738,0.0329095311462879,45.24422836303711,221.2387962341309,175.99456787109375,154.9431610107422,0,0,0,0,0,Understand
915,0.8171241283416748,0.8611855506896973,0.7604971528053284,0.0420551933348178,0.1006883978843689,0.0388888888888888,0.0103934927410387,0.0,0.0,0.7777056097984314,0.0459527857601642,62.30896759033203,24.941504955291748,37.36746263504028,29.553186416625977,0,0,0,0,1,Understand
916,0.9390177130699158,0.9390177130699158,0.9390177130699158,0.0,0.0,0.0,0.0,0.0,0.0,0.0,0.0,56.043212890625,1902.5765075683596,1846.5332946777344,3230.844055175781,0,0,0,0,1,Apply
917,0.8268365263938904,0.8695173859596252,0.7530305981636047,0.0524014793336391,0.1164867877960205,0.3526570048309179,0.2735340611959819,0.0,0.0,0.8151721358299255,0.0465650334954261,80.09725952148438,27.41506576538086,52.68219375610352,25.02802848815918,0,0,0,0,0,Remember
921,0.8419814109802246,0.853262186050415,0.8342885971069336,0.0081508522853255,0.0189735889434814,0.0,0.0,0.0,0.0,0.9132243990898132,0.0129677932709455,43.37613296508789,169.67734909057617,126.30121612548828,368.0617370605469,0,0,0,0,0,Understand
922,0.8322413563728333,0.8525682687759399,0.8071746230125427,0.0188325140625238,0.0453936457633972,0.1111111111111111,0.0785674201318386,0.0,0.0,0.8829435706138611,0.0165241993963718,79.23094177246094,251.63510513305664,172.4041633605957,276.5283966064453,0,0,0,0,0,Understand
923,0.8142746090888977,0.8454012870788574,0.7659539580345154,0.0346380695700645,0.079447329044342,0.0,0.0,0.0,0.0,0.8289838433265686,0.0424038581550121,58.06529998779297,538.478796005249,480.41349601745605,1395.1895751953125,0,0,0,0,0,Understand
924,0.8267116546630859,0.8695173859596252,0.7508974075317383,0.053757756948471,0.1186199784278869,0.3801169590643274,0.2800919301714162,0.0,0.0,0.8152970671653748,0.0450244843959808,80.09725952148438,27.41506576538086,52.68219375610352,25.02802848815918,0,0,0,0,0,Remember
925,0.8924964070320129,0.9310494661331176,0.8383933901786804,0.0393923670053482,0.0926560759544372,0.0666666666666666,0.0942809041582063,0.0,0.0,0.8627093434333801,0.0278745964169502,43.37613296508789,169.67734909057617,126.30121612548828,368.0617370605469,0,0,0,0,0,Understand
926,0.8717570304870605,0.8717570304870605,0.8717570304870605,0.0,0.0,0.0,0.0,0.0,0.0,0.0,0.0,17.930265426635742,1902.5765075683596,1884.646242141724,3230.844055175781,0,0,0,0,1,Apply
927,0.8876240849494934,0.9145398139953612,0.8603582382202148,0.0221209228038787,0.0541815757751464,0.1222222222222222,0.087488976377909,0.0,0.0,0.8443577885627747,0.0243255533277988,72.33473205566406,251.63510513305664,179.30037307739258,276.5283966064453,0,0,0,0,0,Understand
928,0.9390177130699158,0.9390177130699158,0.9390177130699158,0.0,0.0,0.0,0.0,0.0,0.0,0.0,0.0,56.043212890625,1902.5765075683596,1846.5332946777344,3230.844055175781,0,0,0,0,1,Apply
929,0.7705888152122498,0.819148600101471,0.7179640531539917,0.0414082966744899,0.1011845469474792,0.052755376344086,0.0391663299518371,0.0,0.0,0.7765021920204163,0.0018002568976953,62.30896759033203,22.617549896240234,39.6914176940918,16.851722717285156,0,0,0,0,1,Understand
930,0.8858447670936584,0.9248584508895874,0.8483748435974121,0.0312433764338493,0.0764836072921752,0.1222222222222222,0.087488976377909,0.0,0.0,0.8507773280143738,0.0329095311462879,45.24422836303711,221.2387962341309,175.99456787109375,154.9431610107422,0,0,0,0,0,Understand
931,0.8102967143058777,0.8519508242607117,0.7491225004196167,0.0441904328763484,0.1028283238410949,0.0418418418418418,0.0111861581939531,0.0,0.0,0.7777056097984314,0.0459527857601642,62.30896759033203,25.095078945159912,37.21388864517212,29.553186416625977,0,0,0,0,1,Understand
932,0.9618284702301024,0.9618284702301024,0.9618284702301024,0.0,0.0,0.0,0.0,0.0,0.0,0.0,0.0,53.57590103149414,1902.5765075683596,1849.0006065368648,3230.844055175781,0,0,0,0,1,Apply
933,0.946506917476654,0.946506917476654,0.946506917476654,0.0,0.0,0.0,0.0,0.0,0.0,0.0,0.0,23.77166175842285,432.1442565917969,408.372594833374,328.20611572265625,0,0,0,0,1,Understand
934,0.8535592555999756,0.8696315288543701,0.8246790170669556,0.0204648487269878,0.0449525117874145,0.1111111111111111,0.0785674201318386,0.0,0.0,0.8612332940101624,0.0250510275363922,26.445951461791992,97.67061233520508,71.22466087341309,122.50129699707033,0,0,0,0,0,Understand
935,0.844139814376831,0.902484893798828,0.7618376016616821,0.0598658137023448,0.140647292137146,0.0,0.0,0.0,0.0,0.8385408520698547,0.0353373624384403,22.48919486999512,239.84167289733887,217.35247802734372,547.1255340576172,0,0,0,0,0,Understand
936,0.7788907885551453,0.803037166595459,0.7582229375839233,0.0184599328786134,0.0448142290115356,0.0476190476190476,0.0673435029701473,0.0,0.0,0.8566562533378601,0.0023784365039318,24.4836483001709,64.77810382843018,40.29445552825928,91.29208374023438,0,0,0,0,0,Understand
937,0.8483278155326843,0.8731675148010254,0.8266750574111938,0.0191137846559286,0.0464924573898315,0.4515669515669516,0.1228875032831321,0.0,0.0,0.8455018401145935,0.0409358851611614,29.824827194213867,26.939013481140137,2.8858137130737305,4.681142807006836,0,0,0,0,0,Evaluate
939,0.9968054294586182,0.9978504180908204,0.9959688186645508,0.000782168994192,0.0018815994262695,0.2,2.775557561562892e-17,0.0,0.0,0.9955220222473145,0.0002212194231105,16.40909194946289,1052.655776977539,1036.2466850280762,425.248779296875,0,0,0,0,1,Understand
940,0.9536324143409728,0.9596930742263794,0.9428948760032654,0.0076135983690619,0.016798198223114,0.0555555555555555,0.0785674201318386,0.0,0.0,0.9485344886779784,0.0136516168713569,21.756046295166016,558.3060760498047,536.5500297546387,994.5512847900392,0,0,1,0,1,Create
941,0.8807032108306885,0.8986558318138123,0.8640186190605164,0.014168981462717,0.0346372127532959,0.0721247563352826,0.0510557538156288,0.0,0.0,0.8773090243339539,0.0173263438045978,36.244102478027344,39.95908832550049,3.714985847473145,11.21689224243164,0,0,0,0,0,Create
942,0.844139814376831,0.902484893798828,0.7618376016616821,0.0598658137023448,0.140647292137146,0.0,0.0,0.0,0.0,0.8385408520698547,0.0353373624384403,22.48919486999512,239.84167289733887,217.35247802734372,547.1255340576172,0,0,0,0,0,Understand
943,0.7788907885551453,0.803037166595459,0.7582229375839233,0.0184599328786134,0.0448142290115356,0.0476190476190476,0.0673435029701473,0.0,0.0,0.8566562533378601,0.0023784365039318,24.4836483001709,64.77810382843018,40.29445552825928,91.29208374023438,0,0,0,0,0,Understand
944,0.9618284702301024,0.9618284702301024,0.9618284702301024,0.0,0.0,0.0,0.0,0.0,0.0,0.0,0.0,53.57590103149414,1902.5765075683596,1849.0006065368648,3230.844055175781,0,0,0,0,1,Apply
945,0.946506917476654,0.946506917476654,0.946506917476654,0.0,0.0,0.0,0.0,0.0,0.0,0.0,0.0,23.77166175842285,432.1442565917969,408.372594833374,328.20611572265625,0,0,0,0,1,Understand
946,0.9011270403862,0.9775779247283936,0.8430029153823853,0.0564476959407329,0.1345750093460083,0.2916666666666667,0.4124789556921527,0.0,0.0,0.8612332940101624,0.0250510275363922,26.445951461791992,116.76739692687988,90.32144546508788,56.57957458496094,0,0,0,0,0,Understand
947,0.8119257092475891,0.8420712947845459,0.7947707772254944,0.021383810788393,0.0473005175590515,0.0,0.0,0.0,0.0,0.7801483273506165,0.0121567863970994,35.95262908935547,29.62443733215332,6.328191757202148,28.95873641967773,0,0,0,0,0,Remember
948,0.8282048106193542,0.841245174407959,0.8040353059768677,0.0171082094311714,0.0372098684310913,0.1033536356117001,0.0247084576619699,0.0,0.0,0.825242280960083,0.0287196356803178,28.30399703979492,35.033812046051025,6.729815006256104,22.504100799560547,0,0,0,0,0,Understand
949,0.8138089179992676,0.8391612768173218,0.7663366794586182,0.033593900501728,0.0728245973587036,0.0,0.0,0.0,0.0,0.8111963868141174,0.0335887633264064,38.143287658691406,39.250078201293945,1.106790542602539,45.91403198242188,0,0,0,0,0,Analyze
950,0.717139720916748,0.7509426474571228,0.6743460893630981,0.0319101177155971,0.0765965580940246,0.0,0.0,0.0,0.0,0.7477626204490662,0.0568153113126754,73.11679077148438,34.69289493560791,38.42389583587647,52.38641929626465,0,0,0,0,0,Remember
951,0.8053267598152161,0.8405618667602539,0.7745521068572998,0.027132311835885,0.0660097599029541,0.2154512154512154,0.0541143471615634,0.0,0.0,0.8003266453742981,0.0177923999726772,38.18901443481445,62.8308687210083,24.641854286193848,85.26456451416016,0,0,0,0,0,Remember
952,0.7554073333740234,0.786190390586853,0.7246243357658386,0.0307830274105072,0.0615660548210144,0.0454545454545454,0.0454545454545454,0.0,0.0,0.7442176342010498,0.0,36.13080596923828,73.16283543904622,37.03202946980794,24.28586196899414,0,0,0,0,0,Understand
953,0.7396586537361145,0.8004924654960632,0.6456800699234009,0.0674075037240982,0.1548123955726623,0.065079365079365,0.0460591051699901,0.0,0.0,0.7105967402458191,0.0627855062484741,100.686279296875,80.16766929626465,20.51861000061035,30.500083923339844,0,0,0,0,0,Remember
954,0.933442771434784,0.9532839059829712,0.915251851081848,0.0155703136697411,0.038032054901123,0.2,2.775557561562892e-17,0.0,0.0,0.9279192090034484,0.00434047030285,26.42452812194824,310.53649520874023,284.111967086792,496.7837066650391,0,0,0,0,0,Remember
955,0.958363711833954,0.960370659828186,0.954513669013977,0.0027231727726757,0.0058569908142089,0.2,2.775557561562892e-17,0.0,0.0,0.9633286595344543,0.0080499872565269,33.39964294433594,134.23333168029785,100.83368873596191,32.953697204589844,0,0,0,0,0,Understand
956,0.9363279342651368,0.9608848690986632,0.9161041378974916,0.0185366403311491,0.0447807312011718,0.0,0.0,0.0,0.0,0.9191009998321532,0.0192377027124166,32.267093658447266,482.9789791107178,450.7118854522705,1168.147819519043,0,0,0,0,0,Understand
957,0.7769411206245422,0.8315039873123169,0.7182632684707642,0.0463218092918396,0.1132407188415527,0.0,0.0,0.0,0.0,0.7977385520935059,0.0261323284357786,51.17754364013672,52.95712089538574,1.7795772552490234,33.751129150390625,0,0,0,0,0,Understand
958,0.7458863258361816,0.7737178802490234,0.7100071907043457,0.026624983176589,0.0637106895446777,0.1782828282828282,0.0512520514544338,0.0,0.0,0.8319966793060303,0.032955627888441,21.00522994995117,34.00745630264282,13.00222635269165,30.422521591186523,0,0,0,0,0,Understand
959,0.7984545826911926,0.8136804699897766,0.7802231311798096,0.013823252171278,0.033457338809967,0.0476190476190476,0.0673435029701473,0.0,0.0,0.8058096766471863,0.0195928588509559,43.07268905639648,94.9666519165039,51.89396286010742,91.2437515258789,0,0,0,0,0,Remember
960,0.8554964065551758,0.8889313340187073,0.8134695291519165,0.0314005054533481,0.0754618048667907,0.0,0.0,0.0,0.0,0.8315017223358154,0.0286427810788154,47.962833404541016,128.25304794311523,80.29021453857422,95.46339416503906,0,0,0,0,0,Remember
961,0.9647167325019836,0.9745813012123108,0.9591984152793884,0.0069916592910885,0.0153828859329223,0.2,2.775557561562892e-17,0.0,0.0,0.9569756388664246,0.0023869262076914,33.39964294433594,134.23333168029785,100.83368873596191,32.953697204589844,0,0,0,0,0,Understand
962,0.7621500492095947,0.817608118057251,0.7246243357658386,0.0400222763419151,0.0929837822914123,0.0,0.0,0.0,0.0,0.7913589477539062,0.0161274671554565,36.13080596923828,65.06078815460205,28.92998218536377,46.4267807006836,0,0,0,0,0,Understand
963,0.7664089202880859,0.799293041229248,0.7388652563095093,0.0249568913131952,0.0604277849197387,0.0,0.0,0.0,0.0,0.8776519894599915,0.021943187341094,35.737728118896484,238.9790449142456,203.24131679534912,594.3728294372559,0,0,0,0,0,Analyze
964,0.7530762553215027,0.7860339879989624,0.6897327899932861,0.0448028594255447,0.0963011980056762,0.0476190476190476,0.0673435029701473,0.0,0.0,0.7656679153442383,0.020757732912898,54.5018310546875,44.55951118469238,9.942319869995115,27.00155639648437,0,0,0,0,0,Understand
965,0.8364995121955872,0.8610347509384155,0.8232513666152954,0.0173674579709768,0.0377833843231201,0.0277777777777777,0.0392837100659193,0.0,0.0,0.825495719909668,0.0218076594173908,37.646583557128906,39.02289390563965,1.3763103485107422,20.7878532409668,0,0,0,0,0,Understand
966,0.8689863085746765,0.8885337114334106,0.8465456962585449,0.0172631777822971,0.0419880151748657,0.1816849816849816,0.0581506878925918,0.0,0.0,0.8948016166687012,0.0119732227176427,55.99593353271485,83.60694408416748,27.61101055145264,93.53940200805664,0,0,0,0,0,Understand
967,0.8212841153144836,0.8315039873123169,0.8139994144439697,0.0074414946138858,0.0175045728683471,0.0719696969696969,0.0527590465044853,0.0,0.0,0.7533955574035645,0.0261738859117031,51.17754364013672,52.95712089538574,1.7795772552490234,33.751129150390625,0,0,0,0,0,Understand
968,0.8272628784179688,0.8556270599365234,0.7964743375778198,0.0242097694426774,0.0591527223587036,0.1331521739130435,0.131693055270782,0.0,0.0,0.7821783423423767,0.0300484150648117,77.88427734375,77.80596542358398,0.0783119201660156,33.63468933105469,0,0,0,0,0,Remember
969,0.882142961025238,0.904510259628296,0.8510522842407227,0.0226790830492973,0.0534579753875732,0.0,0.0,0.0,0.0,0.8803074955940247,0.0364207699894905,30.954923629760746,482.9789791107178,452.024055480957,1168.147819519043,0,0,0,0,0,Understand
970,0.8045995831489563,0.8546850681304932,0.7737178802490234,0.0357352420687675,0.0809671878814697,0.1623627580149319,0.0389307193849747,0.0,0.0,0.7732834219932556,0.0611155033111572,21.00522994995117,34.00745630264282,13.00222635269165,30.422521591186523,0,0,0,0,0,Understand
971,0.8307128548622131,0.8548303842544556,0.8137514591217041,0.0175171680748462,0.0410789251327514,0.0,0.0,0.0,0.0,0.8622136116027832,0.034182783216238,36.853515625,76.2353982925415,39.381882667541504,158.04048919677734,0,0,0,0,0,Analyze
972,0.7724608778953552,0.8333724141120911,0.7372250556945801,0.0432474538683891,0.0961473584175109,0.0144927536231884,0.0204958487300448,0.0,0.0,0.7735705375671387,0.0171904135495424,58.90628433227539,34.69289493560791,24.21338939666748,52.38641929626465,0,0,0,0,0,Remember
974,0.878631055355072,0.892488956451416,0.8589050769805908,0.0143246715888381,0.0335838794708251,0.0888888888888888,0.0078567420131838,0.0,0.0,0.8826826214790344,0.0227665714919567,25.829002380371094,58.58551502227783,32.75651264190674,22.25983047485352,0,0,0,0,0,Understand
975,0.8352911472320557,0.8523438572883606,0.8266159296035767,0.0120586715638637,0.0257279276847839,0.0,0.0,0.0,0.0,0.8793362975120544,0.0268756169825792,28.82497787475586,129.52947330474854,100.70449542999268,231.87387084960935,0,0,0,0,0,Remember
976,0.8275749087333679,0.8486433029174805,0.8044278025627136,0.0181106440722942,0.0442155003547668,0.0196078431372549,0.0277296776935901,0.0,0.0,0.857022762298584,0.0335990972816944,26.258790969848636,50.00470018386841,23.745909214019772,26.443159103393555,0,0,0,0,0,Remember
977,0.892661988735199,0.917236328125,0.8528752326965332,0.0283918883651494,0.0643610954284668,0.0,0.0,0.0,0.0,0.8853864073753357,0.0321795232594013,27.271324157714844,78.82716274261475,51.5558385848999,108.22650527954102,0,0,0,0,0,Understand
978,0.8588358759880066,0.8678520917892456,0.8453292846679688,0.0097276773303747,0.0225228071212768,0.0,0.0,0.0,0.0,0.9280279278755188,0.0381195433437824,25.49824333190918,92.63351249694824,67.13526916503906,56.81813049316406,0,0,0,0,0,Understand
979,0.9743056297302246,0.9766422510147096,0.9721835851669312,0.0018265602411702,0.0044586658477783,0.2,2.775557561562892e-17,0.0,0.0,0.9707067608833312,0.0074577056802809,22.35855865478516,28.73211908340454,6.373560428619385,22.609437942504883,0,0,0,0,0,Remember
980,0.8681612610816956,0.8848369121551514,0.8435702323913574,0.0177524667233228,0.0412666797637939,0.3333333333333333,0.0,0.0,0.0,0.8473226428031921,0.0397356152534484,24.243389129638672,241.86168479919436,217.6182956695557,346.70836639404297,0,0,0,0,0,Understand
981,0.8797525763511658,0.898204505443573,0.8610686659812927,0.0151615301147103,0.0371358394622802,0.1296296296296296,0.0944262872887552,0.0,0.0,0.8957605957984924,0.0230094399303197,24.18032455444336,53.61762762069702,29.437303066253666,44.71286201477051,0,0,0,0,0,Understand
982,0.8880268931388855,0.896591305732727,0.872620701789856,0.0109164863824844,0.023970603942871,0.0,0.0,0.0,0.0,0.8846802115440369,0.0267377309501171,22.901975631713867,40.65163612365723,17.74966049194336,63.804059982299805,0,0,0,0,0,Understand
983,0.868874728679657,0.8945637345314026,0.8427044153213501,0.0211742129176855,0.0518593192100524,0.2644688644688645,0.0464609816724041,0.0,0.0,0.8616199493408203,0.030792286619544,22.69345474243164,50.651010036468506,27.957555294036865,55.54301261901856,0,0,0,0,0,Understand
984,0.9245178699493408,0.9553651809692384,0.8714215159416199,0.0377085171639919,0.0839436650276184,0.0,0.0,0.0,0.0,0.8769357204437256,0.0462950952351093,22.860679626464844,242.68077039718628,219.82009077072144,439.81994819641113,0,0,0,0,0,Remember
985,0.8990138173103333,0.9147599935531616,0.8886153697967529,0.0113235544413328,0.0261446237564086,0.3095238095238095,0.1467717619754518,0.0,0.0,0.913421392440796,0.0209799408912658,23.93012237548828,46.64227437973023,22.712152004241943,42.431745529174805,0,0,0,0,0,Understand
986,0.8968472480773926,0.9070183634757996,0.8786076307296753,0.0129259284585714,0.0284107327461242,0.1717171717171717,0.1142798838281288,0.0,0.0,0.8812099099159241,0.030679665505886,23.02940559387207,70.53840827941895,47.50900268554688,65.29202651977539,0,0,0,0,0,Analyze
987,0.8764045238494873,0.8829493522644043,0.8661141991615295,0.0073655671440064,0.0168351531028747,0.0,0.0,0.0,0.0,0.8739832043647766,0.0212446711957454,23.56913185119629,40.65163612365723,17.082504272460938,63.804059982299805,0,0,0,0,0,Understand
988,0.8302012085914612,0.8516470193862915,0.8066393733024597,0.0184351187199354,0.0450076460838317,0.037037037037037,0.0523782800878924,0.0,0.0,0.8357548713684082,0.0398055873811244,22.15520668029785,171.47813606262207,149.32292938232422,410.6553268432617,0,0,0,0,0,Analyze
989,0.7747385501861572,0.7953765988349915,0.735891580581665,0.027486864477396,0.0594850182533264,0.0303030303030303,0.0428549564355483,0.0,0.0,0.8189056515693665,0.0348976626992225,36.16350173950195,65.06078815460205,28.897286415100098,46.4267807006836,0,0,0,0,0,Understand
990,0.7662155032157898,0.8436874151229858,0.6994436383247375,0.0593713410198688,0.1442437767982483,0.0592885375494071,0.0419543697709898,0.0,0.0,0.712318480014801,0.0725499540567398,100.686279296875,77.80596542358398,22.880313873291016,33.63468933105469,0,0,0,0,0,Remember
991,0.958363711833954,0.960370659828186,0.954513669013977,0.0027231727726757,0.0058569908142089,0.2,2.775557561562892e-17,0.0,0.0,0.9633286595344543,0.0080499872565269,33.39964294433594,134.23333168029785,100.83368873596191,32.953697204589844,0,0,0,0,0,Understand
992,0.9081586003303528,0.9331406354904176,0.8838732838630676,0.0201193429529666,0.0492673516273498,0.0,0.0,0.0,0.0,0.8721253871917725,0.0201265830546617,30.007061004638672,482.9789791107178,452.9719181060791,1168.147819519043,0,0,0,0,0,Understand
993,0.7769411206245422,0.8315039873123169,0.7182632684707642,0.0463218092918396,0.1132407188415527,0.0,0.0,0.0,0.0,0.7977385520935059,0.0261323284357786,51.17754364013672,52.95712089538574,1.7795772552490234,33.751129150390625,0,0,0,0,0,Understand
994,0.7339990735054016,0.760063648223877,0.7056334018707275,0.0222805459052324,0.0544302463531494,0.1782828282828282,0.0512520514544338,0.0,0.0,0.8317776322364807,0.0328593179583549,21.399642944335938,34.00745630264282,12.607813358306885,30.422521591186523,0,0,0,0,0,Understand
995,0.8223133087158203,0.8391612768173218,0.7918498516082764,0.0215813275426626,0.0473114252090454,0.0,0.0,0.0,0.0,0.8246440887451172,0.0470818802714347,38.143287658691406,76.2353982925415,38.0921106338501,158.04048919677734,0,0,0,0,0,Analyze
996,0.717139720916748,0.7509426474571228,0.6743460893630981,0.0319101177155971,0.0765965580940246,0.0,0.0,0.0,0.0,0.7477626204490662,0.0568153113126754,73.11679077148438,34.69289493560791,38.42389583587647,52.38641929626465,0,0,0,0,0,Remember
997,0.938212752342224,0.938212752342224,0.938212752342224,0.0,0.0,0.0,0.0,0.0,0.0,0.0,0.0,35.68833541870117,1902.5765075683596,1866.8881721496584,3230.844055175781,0,0,0,0,1,Apply
998,0.938456892967224,0.938456892967224,0.938456892967224,0.0,0.0,0.0,0.0,0.0,0.0,0.0,0.0,34.40531539916992,1902.5765075683596,1868.1711921691892,3230.844055175781,0,0,0,0,1,Apply
999,0.8119257092475891,0.8420712947845459,0.7947707772254944,0.021383810788393,0.0473005175590515,0.0,0.0,0.0,0.0,0.7801483273506165,0.0121567863970994,35.95262908935547,29.62443733215332,6.328191757202148,28.95873641967773,0,0,0,0,0,Remember
1000,0.8362208008766174,0.841245174407959,0.8280833959579468,0.0058066919445991,0.0131617784500122,0.1033536356117001,0.0247084576619699,0.0,0.0,0.8357226252555847,0.0182138625532388,28.30399703979492,34.0499587059021,5.745961666107178,18.568687438964844,0,0,0,0,0,Understand
1001,0.8264105916023254,0.8966585993766785,0.7849818468093872,0.0499388612806797,0.1116767525672912,0.0,0.0,0.0,0.0,0.7934696078300476,0.0123000768944621,45.39263153076172,45.95074272155762,0.5581111907958984,35.94260787963867,0,0,0,0,0,Understand
1002,0.8640416264533997,0.8857923150062561,0.8417263031005859,0.0179943051189184,0.0440660119056701,0.1977238447826683,0.1326023264698655,0.0,0.0,0.8459362983703613,0.0134954517707228,75.44337463378906,45.72205924987793,29.721315383911133,28.10980987548828,0,0,0,0,0,Evaluate
1003,0.7999534606933594,0.8382955193519592,0.7655571103096008,0.0298261120915412,0.0727384090423584,0.0,0.0,0.0,0.0,0.7995846271514893,0.0297119468450546,30.874435424804688,58.99433135986328,28.119895935058597,46.3291130065918,0,0,0,0,0,Understand
1004,0.8826999664306641,0.8952449560165405,0.8724846839904785,0.0094367321580648,0.022760272026062,0.2638888888888889,0.0196418550329596,0.0,0.0,0.890186607837677,0.0283674094825983,28.24559783935547,54.763508796691895,26.517910957336422,42.98129653930664,0,0,0,0,0,Understand
1005,0.8020637035369873,0.8242904543876648,0.7670407295227051,0.0250624492764472,0.0572497248649597,0.1792592592592592,0.0649490673089865,0.0,0.0,0.7503083348274231,0.0117393443360924,67.26898193359375,39.70806074142456,27.56092119216919,17.283559799194336,0,0,0,0,0,Understand
1006,0.8600538372993469,0.8847402334213257,0.8382713794708252,0.0190816242247819,0.0464688539505004,0.0809523809523809,0.0598562147141739,0.0,0.0,0.8802065253257751,0.0351120382547378,39.70820617675781,54.568854331970215,14.860648155212402,71.8746166229248,0,0,0,0,0,Remember
1007,0.957098662853241,0.9640657305717468,0.9480915665626526,0.0066790422424674,0.0159741640090942,0.2,2.775557561562892e-17,0.0,0.0,0.9592806696891784,0.0092443106696009,69.21891784667969,134.23333168029785,65.01441383361816,32.953697204589844,0,0,0,0,0,Understand
1008,0.7814226746559143,0.8718438148498535,0.6927480697631836,0.0731259584426879,0.1790957450866699,0.0,0.0,0.0,0.0,0.7903324961662292,0.0376761890947818,48.79861831665039,129.01460075378418,80.21598243713379,327.6079559326172,0,0,0,0,0,Understand
1009,0.745535135269165,0.7807729244232178,0.701259970664978,0.0330840647220611,0.0795129537582397,0.0,0.0,0.0,0.0,0.7875499129295349,0.0243021417409181,37.49586486816406,65.05807733535767,27.562212467193604,165.04783058166504,0,0,0,0,0,Understand
1010,0.7852930426597595,0.7903299331665039,0.7795008420944214,0.0044530984014272,0.0108290910720825,0.0,0.0,0.0,0.0,0.7946768403053284,0.0243656728416681,27.20088768005371,28.78678131103516,1.585893630981445,11.114404678344728,0,0,0,0,0,Remember
1011,0.742087185382843,0.7755395770072937,0.7077153921127319,0.0276967398822307,0.0678241848945617,0.2803418803418803,0.0193396726478372,0.0,0.0,0.7920851707458496,0.0454385392367839,85.1275634765625,39.73890829086304,45.38865518569946,18.80442237854004,0,0,0,0,0,Understand
1012,0.7899673581123352,0.7926127910614014,0.7883901000022888,0.0018820911645889,0.0042226910591125,0.0546955624355005,0.0430725216815463,0.0,0.0,0.8483745455741882,0.026428984478116,135.7823486328125,86.6722412109375,49.110107421875,113.06393432617188,0,0,0,0,0,Understand
1013,0.7422402501106262,0.7569741010665894,0.7130782008171082,0.020621059462428,0.0438959002494812,0.0,0.0,0.0,0.0,0.7362306714057922,0.0266784820705652,48.61306381225586,56.011664390563965,7.3986005783081055,81.2508430480957,0,0,0,0,0,Remember
1015,0.8077189326286316,0.8254522085189819,0.7886200547218323,0.0150676369667053,0.0368321537971496,0.0,0.0,0.0,0.0,0.8572196960449219,0.032214879989624,29.253402709960938,629.7673254013062,600.5139226913452,1340.5303993225098,0,0,0,0,0,Understand
1016,0.8163506388664246,0.8605970144271851,0.7897249460220337,0.0315021909773349,0.0708720684051513,0.1777777777777777,0.136986977843755,0.0,0.0,0.8176639080047607,0.0254876688122749,79.07061767578125,85.7785701751709,6.707952499389648,120.30302047729492,0,0,0,0,0,Understand
1017,0.7532132267951965,0.776188313961029,0.7331528067588806,0.0176896322518587,0.0430355072021484,0.0166666666666666,0.0235702260395515,0.0,0.0,0.7968602180480957,0.0389335304498672,68.1116943359375,61.14357089996338,6.968123435974121,143.24926948547363,0,0,0,0,0,Understand
1018,0.7425727844238281,0.7702993750572205,0.6919743418693542,0.0358333438634872,0.0783250331878662,0.017139090309822,0.0121668804218036,0.0,0.0,0.8135039210319519,0.0220988653600215,42.5524787902832,65.05807733535767,22.505598545074463,165.04783058166504,0,0,0,0,0,Understand
1019,0.7944366335868835,0.8153887391090393,0.7597508430480957,0.0247029718011617,0.0556378960609436,0.0123456790123456,0.0174594266959641,0.0,0.0,0.7597218155860901,0.0111970100551843,27.20088768005371,38.202670097351074,11.001782417297363,48.7779598236084,0,0,0,0,0,Remember
1020,0.8689804673194885,0.8904238343238831,0.8530707955360413,0.0157433096319437,0.0373530387878418,0.0,0.0,0.0,0.0,0.8712997436523438,0.0271854680031538,52.04773712158203,2152.1507778167725,2100.1030406951904,7778.887138366699,0,0,0,0,0,Understand
1021,0.8763136267662048,0.9005857706069946,0.8348395824432373,0.0294682811945676,0.0657461881637573,0.0,0.0,0.0,0.0,0.8126853108406067,0.0294132530689239,23.01308250427246,418.2760953903198,395.26301288604736,1361.7261390686035,0,0,0,0,0,Remember
1022,0.8636322021484375,0.8720798492431641,0.8532677888870239,0.0077986801043152,0.0188120603561401,0.0,0.0,0.0,0.0,0.8640198707580566,0.0180405471473932,36.19013595581055,59.32597541809082,23.135839462280277,38.11139678955078,0,0,0,0,0,Understand
1024,0.9635093808174132,0.965885043144226,0.9615649580955504,0.001789815025404,0.0043200850486755,0.0,0.0,0.0,0.0,0.9554333686828612,0.006885542999953,24.487144470214844,234.0828161239624,209.5956716537476,594.3728294372559,0,0,0,0,0,Analyze
1025,0.9337973594665528,0.9524959921836852,0.9157939553260804,0.0149916056543588,0.0367020368576049,0.1421911421911421,0.0923029830919502,0.0,0.0,0.9068105816841124,0.0154391294345259,24.72150039672852,110.18035697937012,85.4588565826416,198.3699989318848,0,0,0,0,0,Understand
1026,0.9319567680358888,0.9366415739059448,0.9244047403335572,0.0053913970477879,0.0122368335723876,0.1507936507936507,0.0112239171616912,0.0,0.0,0.9273216724395752,0.0169302932918071,25.411359786987305,45.25943756103516,19.84807777404785,37.60152816772461,0,0,0,0,0,Remember
1027,0.9531508088111876,0.9719085693359376,0.9217987060546876,0.0223116427659988,0.05010986328125,0.2444444444444444,0.109994388184574,0.0,0.0,0.9266693592071532,0.0239667873829603,26.616106033325195,51.23288917541504,24.616783142089844,57.38880157470703,0,0,0,0,0,Understand
1028,0.9173307418823242,0.9343125224113464,0.8944331407546997,0.0168095007538795,0.0398793816566467,0.0,0.0,0.0,0.0,0.8955418467521667,0.0473061129450798,25.320880889892575,164.06486988067627,138.7439889907837,445.2689933776856,0,0,0,0,0,Understand
1029,0.915593922138214,0.949621319770813,0.8704484701156616,0.0332645513117313,0.0791728496551513,0.0,0.0,0.0,0.0,0.8893348574638367,0.0231828726828098,26.37325859069824,91.3304204940796,64.95716190338135,82.9376106262207,0,0,0,0,0,Understand
1030,0.9283575415611268,0.9425551891326904,0.905792474746704,0.0161324627697467,0.0367627143859863,0.25,0.0,0.0,0.0,0.9161462783813475,0.0250410940498113,26.881237030029297,70.25524425506592,43.37400722503662,34.65743637084961,0,0,0,0,1,Understand
1031,0.9399774670600892,0.9499940872192384,0.9291176795959472,0.0085435844957828,0.020876407623291,0.0,0.0,0.0,0.0,0.930458128452301,0.0071335132233798,28.19135093688965,269.4384479522705,241.2470970153809,626.2674331665039,0,0,0,0,1,Understand
1032,0.9132273197174072,0.9605365991592408,0.8893107175827026,0.0334533974528312,0.071225881576538,0.0666666666666666,0.0942809041582063,0.0,0.0,0.8982192873954773,0.0271974932402372,23.34417533874512,249.85372734069824,226.50955200195312,507.9994888305664,0,0,0,0,0,Understand
1033,0.9666348099708556,0.9791463613510132,0.9462745189666748,0.0145222032442688,0.0328718423843383,0.0,0.0,0.0,0.0,0.9606600403785706,0.0128936534747481,27.88027572631836,276.4279193878174,248.54764366149905,450.9130783081055,0,0,0,0,0,Remember
1034,0.9370717406272888,0.9567273855209352,0.922008216381073,0.0145412376150488,0.034719169139862,0.0892857142857142,0.063554037214472,0.0,0.0,0.920542538166046,0.0073769460432231,27.29124641418457,95.0603847503662,67.76913833618164,96.9563980102539,0,0,0,0,0,Understand
1035,0.940650463104248,0.9741410613059998,0.8977539539337158,0.0318862721323967,0.0763871073722839,0.0,0.0,0.0,0.0,0.9065983891487122,0.0388932973146438,27.08289909362793,42.46373462677002,15.38083553314209,49.23998832702637,0,0,0,0,0,Understand
1036,0.9644249081611632,0.976889967918396,0.9398435950279236,0.0173822380602359,0.0370463728904724,0.0476190476190476,0.0673435029701473,0.0,0.0,0.9478062987327576,0.017020758241415,21.210857391357425,537.732343673706,516.5214862823486,928.2751541137696,0,0,0,0,0,Understand
1037,0.9068586230278016,0.9101976752281188,0.902970552444458,0.0029758838936686,0.0072271227836608,0.0,0.0,0.0,0.0,0.9229855537414552,0.030034277588129,25.63888931274414,50.7144193649292,25.07553005218506,84.99690246582031,0,0,0,0,0,Understand
1038,0.9140005111694336,0.9245307445526124,0.8987941741943359,0.0110148889943957,0.0257365703582763,0.0725490196078431,0.0518033129945996,0.0,0.0,0.9340928196907043,0.0158181246370077,27.739652633666992,55.43820762634277,27.69855499267578,47.98580932617188,0,0,0,0,0,Remember
1039,0.8245561718940735,0.853685200214386,0.7987651824951172,0.0225448999553918,0.0549200177192688,0.1556060606060606,0.0234030834696228,0.0,0.0,0.8037003874778748,0.0287678688764572,94.75244140625,40.07538843154907,54.67705297470093,18.80442237854004,0,0,0,0,0,Understand
1040,0.7889317870140076,0.8718438148498535,0.7275197505950928,0.0608497932553291,0.1443240642547607,0.0,0.0,0.0,0.0,0.7954680323600769,0.0230497177690267,48.79861831665039,141.5598659515381,92.7612476348877,381.2034149169922,0,0,0,0,0,Understand
1041,0.7981202006340027,0.8401763439178467,0.7480695247650146,0.0380249880254268,0.092106819152832,0.0,0.0,0.0,0.0,0.7531046271324158,0.0177082009613513,68.1116943359375,36.742873191833496,31.368821144104004,45.6464786529541,0,0,0,0,0,Understand
1042,0.7605075836181641,0.8220570087432861,0.6791191697120667,0.0600166469812393,0.1429378390312194,0.0,0.0,0.0,0.0,0.7892038822174072,0.0302328784018754,42.5524787902832,37.12109041213989,5.431388378143311,53.299882888793945,0,0,0,0,0,Understand
1043,0.7594816088676453,0.7730450630187988,0.7456488609313965,0.0111860735341906,0.0273962020874023,0.0,0.0,0.0,0.0,0.7946768403053284,0.0243656728416681,27.20088768005371,38.202670097351074,11.001782417297363,48.7779598236084,0,0,0,0,0,Remember
1044,0.903293788433075,0.903293788433075,0.903293788433075,0.0,0.0,0.0,0.0,0.0,0.0,0.0,0.0,27.53382873535156,1902.5765075683596,1875.042678833008,3230.844055175781,0,0,0,0,1,Apply
1045,0.8179921507835388,0.8701369166374207,0.7795675992965698,0.0382263660430908,0.0905693173408508,0.0,0.0,0.0,0.0,0.7934696078300476,0.0123000768944621,45.39263153076172,50.7548770904541,5.362245559692383,35.94260787963867,0,0,0,0,0,Understand
1047,0.8705925941467285,0.8857923150062561,0.8613789677619934,0.0108283031731843,0.0244133472442626,0.1955451955451955,0.1339469613972597,0.0,0.0,0.8606355786323547,0.0049933441914618,75.44337463378906,42.84515285491944,32.59822177886963,28.10980987548828,0,0,0,0,0,Evaluate
1048,0.7999534606933594,0.8382955193519592,0.7655571103096008,0.0298261120915412,0.0727384090423584,0.0,0.0,0.0,0.0,0.7995846271514893,0.0297119468450546,30.874435424804688,58.99433135986328,28.119895935058597,46.3291130065918,0,0,0,0,0,Understand
1049,0.8826999664306641,0.8952449560165405,0.8724846839904785,0.0094367321580648,0.022760272026062,0.2638888888888889,0.0196418550329596,0.0,0.0,0.890186607837677,0.0283674094825983,28.24559783935547,54.763508796691895,26.517910957336422,42.98129653930664,0,0,0,0,0,Understand
1050,0.8270524144172668,0.856926679611206,0.7892781496047974,0.0281766913831233,0.0676485300064086,0.0,0.0,0.0,0.0,0.8588004112243652,0.0122995339334011,82.5031967163086,912.5841665267944,830.0809698104858,2849.869342803955,0,0,0,0,0,Remember
1051,0.8881392478942871,0.9264835119247437,0.8648838996887207,0.0273176729679107,0.0615996122360229,0.369047619047619,0.0841793787126842,0.0,0.0,0.8868808150291443,0.0071839592419564,31.096088409423828,34.484570026397705,3.388481616973877,28.4931583404541,0,0,0,0,0,Understand
1052,0.776646077632904,0.7912784814834595,0.7682451009750366,0.0103845251724123,0.0230333805084228,0.0765993265993266,0.0151982071424813,0.0,0.0,0.7892709374427795,0.0259606540203094,54.499244689941406,42.40943384170532,12.089810848236084,33.35377311706543,0,0,0,0,1,Understand
1053,0.7880818843841553,0.816589891910553,0.7514693140983582,0.0271960161626338,0.0651205778121948,0.1612797007533849,0.0548885042478084,0.0,0.0,0.7833258509635925,0.0157389696687459,58.988555908203125,15.62338137626648,43.365174531936646,7.138043403625488,0,0,0,0,0,Remember
1054,0.9132719039916992,0.940492570400238,0.8974062204360962,0.0193358175456523,0.0430863499641418,0.3888888888888888,0.0785674201318386,0.0,0.0,0.8979201316833496,0.0039657885208725,38.76820373535156,30.4830904006958,8.285113334655762,21.17171859741211,0,0,0,0,0,Understand
1055,0.8822067379951477,0.9284093379974364,0.8443809151649475,0.0348120741546154,0.084028422832489,0.1333333333333333,0.0942809041582063,0.0,0.0,0.8572015762329102,0.0135164642706513,51.21209716796875,70.78247451782227,19.57037734985352,30.376022338867188,0,0,0,0,0,Remember
1056,0.736212432384491,0.7508977651596069,0.7279092073440552,0.0104137230664491,0.0229885578155517,0.024314765694076,0.0172696949466176,0.0,0.0,0.773810088634491,0.0363622643053531,24.74388885498047,37.65145111083984,12.907562255859377,28.86150360107422,0,0,0,0,0,Understand
1057,0.8111477494239807,0.8746968507766724,0.740552544593811,0.0549903623759746,0.1341443061828613,0.2804232804232804,0.045514948502871,0.0,0.0,0.7708754539489746,0.0479293428361415,41.82500076293945,57.42529058456421,15.600289821624756,51.83856773376465,0,0,0,0,0,Understand
1058,0.9155094027519226,0.9441509246826172,0.8735799193382263,0.0303039327263832,0.0705710053443908,0.0666666666666666,0.0942809041582063,0.0,0.0,0.9029132723808287,0.015990313142538,35.505619049072266,382.0290155410767,346.5233964920044,978.509838104248,0,0,0,0,0,Remember
1059,0.8913693428039551,0.905603051185608,0.8726937770843506,0.0137974070385098,0.0329092741012573,0.1333333333333333,0.0942809041582063,0.0,0.0,0.868586003780365,0.0160534232854843,47.1184196472168,80.75980949401855,33.64138984680176,107.64309692382812,0,0,0,1,0,Understand
1060,0.8740949630737305,0.902063250541687,0.8369925618171692,0.0273388866335153,0.0650706887245178,0.0666666666666666,0.0942809041582063,0.0,0.0,0.8269268870353699,0.0205576512962579,21.70559310913086,179.08411026000977,157.3785171508789,377.5945739746094,0,0,0,0,0,Understand
1061,0.8745949864387512,0.941487193107605,0.8136406540870667,0.0523617453873157,0.1278465390205383,0.4518518518518519,0.0733295921230493,0.0,0.0,0.8450919985771179,0.0299800299108028,24.01035499572754,25.68287849426269,1.6725234985351562,13.997161865234377,0,0,0,0,0,Understand
1062,0.7755538821220398,0.8251548409461975,0.7506089806556702,0.035073384642601,0.0745458602905273,0.1114942528735632,0.1340350145429551,0.0,0.0,0.7344686388969421,0.0079567963257431,24.74388885498047,37.65145111083984,12.907562255859377,28.86150360107422,0,0,0,0,0,Understand
1063,0.819878876209259,0.851012647151947,0.7904301881790161,0.0247613675892353,0.0605824589729309,0.3015873015873015,0.0224478343233824,0.0,0.0,0.7971829771995544,0.0692767351865768,41.82500076293945,92.57459545135498,50.74959468841553,111.30359649658205,0,0,0,0,0,Understand
1064,0.8918425440788269,0.8978354930877686,0.8799190521240234,0.0084311785176396,0.0179164409637451,0.2,2.775557561562892e-17,0.0,0.0,0.8946126103401184,0.0166162513196468,81.50542449951172,59.53876686096192,21.966657638549805,48.517276763916016,0,0,0,0,0,Understand
1065,0.8215975761413574,0.8541867136955261,0.7792184352874756,0.0313788093626499,0.0749682784080505,0.0666666666666666,0.0942809041582063,0.0,0.0,0.8639256954193115,0.0310674328356981,36.64970397949219,75.72650527954102,39.07680130004883,50.15214538574219,0,0,0,0,0,Remember
1066,0.8606657385826111,0.8867222666740417,0.8173204660415649,0.0308580175042152,0.0694018006324768,0.4000000000000001,5.551115123125783e-17,0.0,0.0,0.8662688136100769,0.0501982234418392,24.01035499572754,26.344974040985107,2.3346190452575684,13.997161865234377,0,0,0,0,0,Understand
1067,0.787620484828949,0.8256499767303467,0.7667967677116394,0.026931470260024,0.0588532090187072,0.0726107226107226,0.0169771558186979,0.0,0.0,0.7782965302467346,0.0096289413049817,54.499244689941406,42.40943384170532,12.089810848236084,33.35377311706543,0,0,0,0,1,Understand
1068,0.7926468253135681,0.805037260055542,0.7767167687416077,0.0118295969441533,0.0283204913139343,0.0890373131752442,0.0237514852745113,0.0,0.0,0.7787609100341797,0.0276097785681486,58.988555908203125,15.62338137626648,43.365174531936646,7.138043403625488,0,0,0,0,0,Remember
1069,0.9233654141426086,0.9355285167694092,0.9147158861160278,0.0088524911552667,0.0208126306533813,0.4444444444444444,0.0785674201318386,0.0,0.0,0.9393354058265686,0.0103743188083171,25.76643180847168,30.4830904006958,4.716658592224121,21.17171859741211,0,0,0,0,0,Understand
1070,0.736212432384491,0.7508977651596069,0.7279092073440552,0.0104137230664491,0.0229885578155517,0.024314765694076,0.0172696949466176,0.0,0.0,0.773810088634491,0.0363622643053531,24.74388885498047,37.65145111083984,12.907562255859377,28.86150360107422,0,0,0,0,0,Understand
1071,0.8178269267082214,0.8947343230247498,0.740552544593811,0.0629449859261512,0.1541817784309387,0.3015873015873015,0.0224478343233824,0.0,0.0,0.799234926700592,0.0391796194016933,41.82500076293945,92.57459545135498,50.74959468841553,111.30359649658205,0,0,0,0,0,Understand
1072,0.8379830718040466,0.8811343312263489,0.8058700561523438,0.0317023657262325,0.0752642750740051,0.0,0.0,0.0,0.0,0.86907559633255,0.0167616549879312,55.63829803466797,87.84155559539795,32.20325756072998,111.1616096496582,0,0,0,0,1,Understand
1073,0.8997567296028137,0.9181036949157716,0.8833935260772705,0.0142396297305822,0.0347101688385009,0.2,2.775557561562892e-17,0.0,0.0,0.8866984248161316,0.0079369228333234,81.50542449951172,59.53876686096192,21.966657638549805,48.517276763916016,0,0,0,0,0,Understand
1074,0.8399588465690613,0.8611472845077515,0.8273413777351379,0.015073332004249,0.0338059067726135,0.0,0.0,0.0,0.0,0.8455645442008972,0.0510169751942157,36.64970397949219,75.72650527954102,39.07680130004883,50.15214538574219,0,0,0,0,0,Remember
1075,0.8745949864387512,0.941487193107605,0.8136406540870667,0.0523617453873157,0.1278465390205383,0.4518518518518519,0.0733295921230493,0.0,0.0,0.8450919985771179,0.0299800299108028,24.01035499572754,25.68287849426269,1.6725234985351562,13.997161865234377,0,0,0,0,0,Understand
1076,0.8881392478942871,0.9264835119247437,0.8648838996887207,0.0273176729679107,0.0615996122360229,0.369047619047619,0.0841793787126842,0.0,0.0,0.8868808150291443,0.0071839592419564,31.096088409423828,34.484570026397705,3.388481616973877,28.4931583404541,0,0,0,0,0,Understand
1077,0.776646077632904,0.7912784814834595,0.7682451009750366,0.0103845251724123,0.0230333805084228,0.0765993265993266,0.0151982071424813,0.0,0.0,0.7892709374427795,0.0259606540203094,54.499244689941406,42.40943384170532,12.089810848236084,33.35377311706543,0,0,0,0,1,Understand
1078,0.7880818843841553,0.816589891910553,0.7514693140983582,0.0271960161626338,0.0651205778121948,0.1612797007533849,0.0548885042478084,0.0,0.0,0.7833258509635925,0.0157389696687459,58.988555908203125,15.62338137626648,43.365174531936646,7.138043403625488,0,0,0,0,0,Remember
1079,0.9294756054878236,0.9488133192062378,0.9147158861160278,0.0142916524782776,0.0340974330902099,0.3888888888888888,0.0785674201318386,0.0,0.0,0.9332252144813538,0.0101109789684414,25.76643180847168,30.4830904006958,4.716658592224121,21.17171859741211,0,0,0,0,0,Understand
1080,0.7717844843864441,0.7833447456359863,0.7568169832229614,0.0110946623608469,0.0265277624130249,0.0,0.0,0.0,0.0,0.7522889971733093,0.0118965534493327,36.9796142578125,62.17672729492188,25.19711303710937,76.69152450561523,0,0,0,0,0,Understand
1081,0.9143980145454408,0.9213733673095704,0.9054242372512816,0.0066627864725887,0.0159491300582885,0.0,0.0,0.0,0.0,0.9108126759529114,0.0039576394483447,39.93443298339844,90.83014106750488,50.895708084106445,73.05194854736328,0,0,0,0,0,Evaluate
1082,0.7944329380989075,0.8014121055603027,0.7870383262634277,0.0058754202909767,0.014373779296875,0.0599647266313932,0.06053263598494,0.0,0.0,0.8421366810798645,0.0140220094472169,42.17461013793945,79.1650218963623,36.99041175842285,81.02301025390625,0,0,0,0,0,Understand
1083,0.7833848595619202,0.8020433187484741,0.7708480358123779,0.0134509447962045,0.0311952829360961,0.0,0.0,0.0,0.0,0.829292356967926,0.0148670691996812,52.54806900024414,37.82858753204346,14.719481468200684,8.999267578125,0,0,0,0,0,Remember
1084,0.6863266825675964,0.721545934677124,0.6506870985031128,0.0289295259863138,0.0708588361740112,0.0,0.0,0.0,0.0,0.7792325615882874,0.0524462312459945,47.91077423095703,52.47879219055176,4.568017959594727,31.622901916503903,0,0,0,0,0,Understand
1085,0.8463625907897949,0.9110274314880372,0.7959581613540649,0.0480468682944774,0.1150692701339721,0.1282051282051282,0.1813094310734737,0.0,0.0,0.8211209177970886,0.0296776629984378,51.46437454223633,45.41100215911865,6.053372383117676,21.976612091064453,0,0,0,0,0,Understand
1086,0.7089509963989258,0.7527033686637878,0.6686356067657471,0.0344064608216285,0.0840677618980407,0.0889377289377289,0.0190253462340751,0.0,0.0,0.7176601886749268,0.0350817143917083,25.095006942749023,43.08662271499634,17.991615772247314,34.0143985748291,0,0,0,0,0,Remember
1087,0.8052589297294617,0.8626999855041504,0.7294176816940308,0.0559462085366249,0.1332823038101196,0.0467105263157894,0.0158714974760721,0.0,0.0,0.7761215567588806,0.0328484363853931,72.6468276977539,48.00012397766113,24.646703720092773,18.726226806640625,0,0,0,0,0,Understand
1088,0.8548467755317688,0.8691787719726562,0.8298580050468445,0.0177333168685436,0.0393207669258117,0.0,0.0,0.0,0.0,0.8506448864936829,0.015385971404612,42.95823669433594,43.15747833251953,0.1992416381835937,19.7092399597168,0,0,0,0,0,Understand
1089,0.8272640109062195,0.8343219757080078,0.816450834274292,0.007764047011733,0.0178711414337158,0.066077441077441,0.0318811395023663,0.0,0.0,0.8093047738075256,0.0071560465730726,33.599857330322266,45.2485990524292,11.648741722106934,61.9208984375,0,0,0,0,1,Understand
1090,0.78077632188797,0.8473398685455322,0.7051687240600586,0.058392371982336,0.1421711444854736,0.0166666666666666,0.0235702260395515,0.0,0.0,0.7814733982086182,0.0301191601902246,36.58616638183594,66.06970930099487,29.483542919158936,161.99542045593262,0,0,0,0,0,Understand
1091,0.795497715473175,0.8099900484085083,0.7756831645965576,0.0145025458186864,0.0343068838119506,0.0476190476190476,0.0673435029701473,0.0,0.0,0.8312088847160339,0.0127041563391685,42.91632461547852,94.9666519165039,52.05032730102539,91.2437515258789,0,0,0,0,0,Remember
1092,0.8998036980628967,0.9111150503158568,0.8792513608932495,0.0145572684705257,0.0318636894226074,0.1322751322751322,0.0149652228822549,0.0,0.0,0.8688374161720276,0.0187393743544816,55.81173324584961,231.3665809631348,175.55484771728516,561.4837265014648,0,0,0,0,0,Create
1093,0.7634363174438477,0.8143837451934814,0.7252825498580933,0.0374834425747394,0.0891011953353881,0.0,0.0,0.0,0.0,0.7874247431755066,0.0182373169809579,40.843563079833984,65.06078815460205,24.217225074768063,46.4267807006836,0,0,0,0,0,Understand
1094,0.7664089202880859,0.799293041229248,0.7388652563095093,0.0249568913131952,0.0604277849197387,0.0,0.0,0.0,0.0,0.8776519894599915,0.021943187341094,35.737728118896484,238.9790449142456,203.24131679534912,594.3728294372559,0,0,0,0,0,Analyze
1095,0.8308994770050049,0.849833607673645,0.8196348547935486,0.0134686483070254,0.0301987528800964,0.1481481481481481,0.0377705149155021,0.0,0.0,0.8390547633171082,0.025017075240612,54.5018310546875,42.44253540039063,12.059295654296877,33.32491683959961,0,0,0,0,0,Understand
1096,0.7782487273216248,0.8153162598609924,0.748025119304657,0.0278945043683052,0.0672911405563354,0.0,0.0,0.0,0.0,0.7686155438423157,0.0337997376918792,43.20206069946289,87.03875637054443,43.83669567108154,98.66434478759766,0,0,0,0,0,Understand
1097,0.7827669978141785,0.7998421788215637,0.7647059559822083,0.014361229725182,0.0351362228393554,0.116559829059829,0.039132618873358,0.0,0.0,0.8300667405128479,0.0090161189436912,38.080345153808594,31.418466567993164,6.66187858581543,22.891605377197266,0,0,0,0,0,Understand
1098,0.9208534359931946,0.9231897592544556,0.9181888103485109,0.0020547877065837,0.0050009489059448,0.0,0.0,0.0,0.0,0.912635087966919,0.0085011553019285,106.78916931152344,302.6478452682495,195.85867595672607,853.0247077941895,0,0,0,0,0,Understand
1099,0.8936826586723328,0.9003156423568726,0.8894033432006836,0.0047556455247104,0.0109122991561889,0.0,0.0,0.0,0.0,0.9003100991249084,0.0118913343176245,29.82242202758789,302.6478452682495,272.8254232406616,853.0247077941895,0,0,0,0,0,Understand
1102,0.8303706049919128,0.8657695055007935,0.7906338572502136,0.030826985836029,0.0751356482505798,0.0999999999999999,0.0353553390593273,0.0,0.0,0.8137949109077454,0.035236906260252,42.95823669433594,49.12692594528198,6.168689250946045,42.822526931762695,0,0,0,0,0,Understand
1103,0.8098575472831726,0.8992993831634521,0.7046037912368774,0.0802666544914245,0.1946955919265747,0.1326754385964912,0.0942854948539722,0.0,0.0,0.7386631369590759,0.0712769851088523,47.91077423095703,56.82068824768066,8.909914016723633,28.02828598022461,0,0,0,0,0,Understand
1104,0.8652145266532898,0.8965958952903748,0.8362209796905518,0.0247057229280471,0.060374915599823,0.0,0.0,0.0,0.0,0.8543978333473206,0.0340226888656616,40.28858947753906,352.396164894104,312.10757541656494,732.943172454834,0,0,0,0,0,Understand
1105,0.6879191398620605,0.7227432727813721,0.6686356067657471,0.024671733379364,0.054107666015625,0.1377777777777777,0.0452444996858917,0.0,0.0,0.738692045211792,0.0235545858740806,25.095006942749023,43.08662271499634,17.991615772247314,34.0143985748291,0,0,0,0,0,Remember
1106,0.9133976101875304,0.9284830689430236,0.8993209600448608,0.0119267310947179,0.0291621088981628,0.2498834498834499,0.1328810363641177,0.0,0.0,0.8979610800743103,0.0326717011630535,27.04271507263184,51.99418926239014,24.9514741897583,45.9384994506836,0,0,0,0,1,Remember
1107,0.9636203646659852,0.9813792705535888,0.9467748403549194,0.0141419591382145,0.0346044301986694,0.0666666666666666,0.0942809041582063,0.0,0.0,0.9499232769012452,0.0106984050944447,20.598190307617188,573.2046165466309,552.6064262390137,897.5189361572266,0,0,0,0,1,Remember
1108,0.947908103466034,0.9616888165473938,0.924720823764801,0.0164928417652845,0.0369679927825927,0.0,0.0,0.0,0.0,0.9318222403526306,0.0299790613353252,29.15823554992676,580.0291366577148,550.8709011077881,1062.4040222167969,0,0,0,0,1,Remember
1109,0.9625787734985352,0.9725847244262696,0.9461988806724548,0.0116768581792712,0.0263858437538146,0.2525252525252525,0.1142798838281288,0.0,0.0,0.95472651720047,0.0172152090817689,27.1817626953125,206.91704750061035,179.73528480529785,375.045166015625,0,0,0,0,1,Remember
1110,0.9207596778869628,0.9358095526695251,0.902633011341095,0.0137178972363471,0.0331765413284301,0.0,0.0,0.0,0.0,0.937474012374878,0.0208027772605419,29.4462947845459,169.77016925811768,140.32387447357178,355.011417388916,0,0,0,0,1,Remember
1111,0.910986602306366,0.949309468269348,0.8711252212524414,0.0319371148943901,0.0781842470169067,0.0,0.0,0.0,0.0,0.8916451334953308,0.0184964016079902,23.49085998535156,91.3304204940796,67.83956050872803,82.9376106262207,0,0,0,0,0,Understand
1112,0.9394477009773254,0.9438281059265136,0.9321444034576416,0.0051983669400215,0.011683702468872,0.0,0.0,0.0,0.0,0.9486886858940125,0.0098527539521455,24.963764190673828,543.698000907898,518.7342367172241,1401.8829231262207,0,0,0,0,0,Remember
1113,0.8859522938728333,0.89818274974823,0.8663808703422546,0.0139823453500866,0.0318018794059753,0.0,0.0,0.0,0.0,0.9036939740180968,0.0266365315765142,23.61725425720215,90.42933177947998,66.81207752227783,112.69618606567384,0,0,0,0,0,Understand
1114,0.924437701702118,0.9420735836029052,0.8980087041854858,0.0190336219966411,0.0440648794174194,0.174017094017094,0.0511388313475222,0.0,0.0,0.911634922027588,0.0201766081154346,20.68118095397949,28.458479404449463,7.777298450469971,18.48600578308105,0,0,0,0,0,Remember
1115,0.8778348565101624,0.9022296667099,0.8540138006210327,0.0196882244199514,0.0482158660888671,0.1929824561403509,0.0248107642521595,0.0,0.0,0.8920339941978455,0.024131080135703,24.71976089477539,35.77470684051514,11.054945945739746,16.63649559020996,0,0,0,0,0,Understand
1116,0.9760770201683044,0.982711911201477,0.963062047958374,0.0092035494744777,0.019649863243103,0.1888888888888888,0.0157134840263677,0.0,0.0,0.9699771404266356,0.0149650443345308,27.48895072937012,26.30816078186035,1.1807899475097656,22.12447738647461,0,0,0,0,1,Remember
1117,0.9694619178771972,0.9785976409912108,0.9536436796188354,0.0112299202010035,0.0249539613723754,0.3333333333333333,0.0,0.0,0.0,0.956435203552246,0.0180125497281551,28.628877639770508,250.38140296936035,221.75252532958984,433.2350082397461,0,0,0,0,1,Remember
1118,0.9565153121948242,0.9640217423439026,0.9514999389648438,0.0054069561883807,0.0125218033790588,0.0,0.0,0.0,0.0,0.9470193982124328,0.0145806632936,26.87716293334961,234.0828161239624,207.2056531906128,594.3728294372559,0,0,0,0,1,Analyze
1119,0.93119877576828,0.9451791644096376,0.9094446897506714,0.0155897801741957,0.035734474658966,0.0,0.0,0.0,0.0,0.9276941418647766,0.0227963402867317,26.334177017211918,140.2341375350952,113.8999605178833,325.5393867492676,0,0,0,0,1,Create
1120,0.9432199597358704,0.9551159143447876,0.9277933835983276,0.01143036223948,0.0273225307464599,0.0,0.0,0.0,0.0,0.9324934482574464,0.0179368946701288,26.92286491394043,58.850029945373535,31.927165031433105,99.273099899292,0,0,0,0,1,Create
1121,0.7901595234870911,0.8226354122161865,0.7285749912261963,0.0435685589909553,0.0940604209899902,0.0,0.0,0.0,0.0,0.796143114566803,0.0145173268392682,52.54806900024414,37.65526390075684,14.892805099487305,8.722442626953125,0,0,0,0,0,Remember
1122,0.8188088536262512,0.853714644908905,0.7680034637451172,0.0367532446980476,0.0857111811637878,0.0166666666666666,0.0235702260395515,0.0,0.0,0.825356662273407,0.030936749652028,42.95823669433594,49.12692594528198,6.168689250946045,42.822526931762695,0,0,0,0,0,Understand
1123,0.7786256670951843,0.8531013131141663,0.695425271987915,0.0646659284830093,0.1576760411262512,0.0151515151515151,0.0214274782177741,0.0,0.0,0.7814733982086182,0.0301191601902246,36.58616638183594,37.16520833969116,0.5790419578552246,46.37741661071777,0,0,0,0,0,Understand
1124,0.6863266825675964,0.721545934677124,0.6506870985031128,0.0289295259863138,0.0708588361740112,0.0,0.0,0.0,0.0,0.7792325615882874,0.0524462312459945,47.91077423095703,52.47879219055176,4.568017959594727,31.622901916503903,0,0,0,0,0,Understand
1125,0.7089509963989258,0.7527033686637878,0.6686356067657471,0.0344064608216285,0.0840677618980407,0.0889377289377289,0.0190253462340751,0.0,0.0,0.7176601886749268,0.0350817143917083,25.095006942749023,43.08662271499634,17.991615772247314,34.0143985748291,0,0,0,0,0,Remember
1126,0.7105801105499268,0.7382622957229614,0.6904669404029846,0.0202330835163593,0.0477953553199768,0.0,0.0,0.0,0.0,0.7889143824577332,0.0181111972779035,48.89126968383789,41.835816860198975,7.055452823638916,50.23295974731445,0,0,0,0,0,Understand
1127,0.7717844843864441,0.7833447456359863,0.7568169832229614,0.0110946623608469,0.0265277624130249,0.0,0.0,0.0,0.0,0.7522889971733093,0.0118965534493327,36.9796142578125,62.17672729492188,25.19711303710937,76.69152450561523,0,0,0,0,0,Understand
1128,0.7175294756889343,0.7529642581939697,0.6791369915008545,0.0302123259752988,0.0738272666931152,0.0789272030651341,0.0571279657306231,0.0,0.0,0.770918071269989,0.0134990289807319,34.897605895996094,44.31519842147827,9.417592525482178,52.69128227233887,0,0,0,0,0,Understand
1129,0.8083682060241699,0.8617682456970215,0.7625320553779602,0.0408645197749137,0.0992361903190612,0.0599647266313932,0.06053263598494,0.0,0.0,0.825272262096405,0.0227208323776721,42.17461013793945,77.19202709197998,35.01741695404053,73.68505096435547,0,0,0,0,0,Understand
1130,0.9057365655899048,0.9057365655899048,0.9057365655899048,0.0,0.0,0.0,0.0,0.0,0.0,0.0,0.0,36.64398956298828,1902.5765075683596,1865.932518005371,3230.844055175781,0,0,0,0,1,Apply
1132,0.9165184497833252,0.9251499772071838,0.9041165709495544,0.0089912069961428,0.0210334062576293,0.0,0.0,0.0,0.0,0.9136695265769958,0.0083885490894317,44.327056884765625,512.063045501709,467.73598861694336,897.5189361572266,0,0,0,0,0,Analyze
1133,0.8003576397895813,0.8323423862457275,0.7636336088180542,0.0282497256994247,0.0687087774276733,0.1809523809523809,0.0269374011880589,0.0,0.0,0.8246445655822754,0.0276251435279846,43.10566711425781,30.270797729492188,12.834869384765623,19.288249969482425,0,0,0,0,0,Remember
1134,0.8815481066703796,0.892511248588562,0.8743494749069214,0.007877885363996,0.0181617736816406,0.1888888888888888,0.0157134840263677,0.0,0.0,0.8989397883415222,0.0116256913170218,30.96942138671875,120.06546306610107,89.09604167938232,133.1793556213379,0,0,0,0,0,Understand
1135,0.9238805770874025,0.9582655429840088,0.8799042701721191,0.0327018722891807,0.0783612728118896,0.1888888888888888,0.0157134840263677,0.0,0.0,0.8996464610099792,0.0495542995631694,36.5183219909668,196.62983322143555,160.11151123046875,222.10939025878903,0,0,0,0,0,Create
1136,0.8386502265930176,0.8639568090438843,0.8067953586578369,0.0237910170108079,0.0571614503860473,0.0459236326109391,0.0334960420373941,0.0,0.0,0.80499267578125,0.0157931130379438,43.74530029296875,35.27625322341919,8.46904706954956,14.521242141723633,0,0,0,0,0,Understand
1137,0.8137295842170715,0.8301643133163452,0.78371262550354,0.0212571304291486,0.0464516878128051,0.1574176548089591,0.0210565082352958,0.0,0.0,0.8977446556091309,0.0151990000158548,31.596046447753903,41.733694076538086,10.13764762878418,14.823505401611328,0,0,0,0,0,Understand
1138,0.813737690448761,0.8463295698165894,0.7597215175628662,0.0384663753211498,0.0866080522537231,0.0968975468975468,0.0426966302447587,0.0,0.0,0.7688798904418945,0.0239215288311243,39.402042388916016,86.48880290985107,47.08676052093506,65.86218643188477,0,0,0,0,0,Remember
1139,0.8271715044975281,0.8294080495834351,0.8238512277603149,0.0023944790009409,0.0055568218231201,0.3095238095238095,0.0841793787126842,0.0,0.0,0.8581438064575195,0.0121308397501707,34.87926483154297,44.59748935699463,9.71822452545166,26.518367767333984,0,0,0,0,0,Understand
1140,0.8755037188529968,0.8815871477127075,0.8644335269927979,0.0078405877575278,0.0171536207199096,0.6346978557504873,0.1055501106448914,0.0,0.0,0.8693151473999023,0.0370093286037445,38.982818603515625,40.13901233673096,1.156193733215332,12.973522186279297,0,0,0,0,0,Understand
1141,0.8457269072532654,0.8797853589057922,0.8244692087173462,0.0243291817605495,0.055316150188446,0.0,0.0,0.0,0.0,0.830693244934082,0.0370539315044879,27.761625289916992,75.95044612884521,48.18882083892822,94.46224594116212,0,0,0,0,0,Understand
1142,0.8190960884094238,0.8509923219680786,0.7720140814781189,0.0339837931096553,0.0789782404899597,0.0,0.0,0.0,0.0,0.8275184631347656,0.0324679687619209,48.14717864990234,131.36428785324097,83.21710920333862,378.4782428741455,0,0,0,0,0,Understand
1143,0.9397562146186828,0.9551160335540771,0.923164129257202,0.0130733856931328,0.031951904296875,0.2,2.775557561562892e-17,0.0,0.0,0.9339303970336914,0.0134295001626014,19.75324249267578,85.9838342666626,66.23059177398682,167.89815521240234,0,0,0,0,0,Remember
1144,0.9321410655975342,0.9329960942268372,0.9307491779327391,0.0009927581995725,0.0022469162940979,0.0,0.0,0.0,0.0,0.9338749051094056,0.002497874200344,51.80393600463867,234.4925045967102,182.68856859207156,593.8419933319092,0,0,0,0,0,Understand
1145,0.9164976477622986,0.923721194267273,0.909632682800293,0.005757198203355,0.0140885114669799,0.0,0.0,0.0,0.0,0.910574197769165,0.0141298798844218,39.46824264526367,474.6050491333008,435.1368064880371,1098.8665161132812,0,0,0,0,0,Understand
1149,0.8386030793190002,0.8669369220733643,0.8105636239051819,0.0230152439326047,0.0563732981681823,0.0666666666666666,0.0942809041582063,0.0,0.0,0.8456066250801086,0.027676947414875,26.684309005737305,218.4574680328369,191.7731590270996,313.85205841064453,0,0,0,0,0,Understand
1150,0.8722271919250488,0.8852872252464294,0.8651478290557861,0.0092457123100757,0.0201393961906433,0.0666666666666666,0.0942809041582063,0.0,0.0,0.9120424389839172,0.0156553834676742,29.62589263916016,153.2909803390503,123.66508769989014,240.65056228637692,0,0,0,0,0,Understand
1151,0.854541540145874,0.8847472667694092,0.8035775423049927,0.0362428091466426,0.0811697244644165,0.0,0.0,0.0,0.0,0.8477919697761536,0.0390456654131412,40.1771354675293,47.16638660430908,6.989251136779785,33.21225357055664,0,0,0,0,1,Understand
1152,0.9042425155639648,0.9197545647621156,0.8964834213256836,0.0109686609357595,0.0232711434364318,0.0,0.0,0.0,0.0,0.9020330905914308,0.0064553190022706,28.95738220214844,413.9851760864258,385.0277938842773,1335.584129333496,0,0,0,0,0,Understand
1153,0.8186412453651428,0.8428969383239746,0.7857400178909302,0.0241217464208602,0.0571569204330444,0.0476190476190476,0.0673435029701473,0.0,0.0,0.8575081825256348,0.0032597761601209,39.82135009765625,94.9666519165039,55.145301818847656,91.2437515258789,0,0,0,0,0,Remember
1154,0.8304535746574402,0.8349533081054688,0.8273980617523193,0.0032490871381014,0.0075552463531494,0.0666666666666666,0.0942809041582063,0.0,0.0,0.8310489654541016,0.0446162857115268,53.49428939819336,134.00379371643066,80.5095043182373,112.4823760986328,0,0,0,0,0,Remember
1155,0.8938431739807129,0.9126983880996704,0.8811910152435303,0.0135901477187871,0.0315073728561401,0.1322751322751322,0.0149652228822549,0.0,0.0,0.8893194198608398,0.0271543394774198,46.68901824951172,231.3665809631348,184.67756271362305,561.4837265014648,0,0,0,0,0,Create
1156,0.830319344997406,0.8689016699790955,0.7938594818115234,0.030672587454319,0.075042188167572,0.1666666666666666,0.0,0.0,0.0,0.9416090846061708,0.0070493873208761,49.38949966430664,337.8598442077637,288.47034454345703,774.1893310546875,0,0,0,0,0,Create
1158,0.8249359726905823,0.8464493751525879,0.7983320355415344,0.0199709013104438,0.0481173396110534,0.0721153846153846,0.0631743696936763,0.0,0.0,0.8342604637145996,0.0069143981672823,33.79108047485352,30.70380401611328,3.0872764587402344,22.791492462158203,0,0,0,0,0,Understand
1159,0.8951318860054016,0.9083197116851808,0.8777954578399658,0.0128021212294697,0.0305242538452148,0.0,0.0,0.0,0.0,0.920234441757202,0.0149896861985325,33.05728912353516,234.0828161239624,201.02552700042725,594.3728294372559,0,0,0,0,0,Analyze
1160,0.8609707355499268,0.8756923675537109,0.8371438980102539,0.0170034132897853,0.038548469543457,0.344988344988345,0.0263722808834143,0.0,0.0,0.8801519274711609,0.0176446791738271,54.5018310546875,35.1276650428772,19.374166011810303,14.950183868408203,0,0,0,0,0,Understand
1161,0.9412136673927308,0.9582655429840088,0.9254898428916932,0.0134135363623499,0.0327757000923156,0.1888888888888888,0.0157134840263677,0.0,0.0,0.942959487438202,0.0214743446558713,36.5183219909668,194.94246864318848,158.42414665222168,214.23308563232425,0,0,0,0,0,Create
1162,0.8993115425109863,0.9352726340293884,0.8679060935974121,0.0276902858167886,0.0673665404319763,0.1888888888888888,0.0157134840263677,0.0,0.0,0.8983659744262695,0.0197395216673612,32.39290237426758,118.43523502349854,86.04233264923096,130.53439712524414,0,0,0,0,0,Understand
1164,0.8391063809394836,0.8702244162559509,0.8056701421737671,0.0264051016420125,0.0645542740821838,0.0673400673400673,0.048325589543459,0.0,0.0,0.8111935257911682,0.0417470373213291,29.287017822265625,151.82704830169678,122.54003047943117,190.63454818725583,0,0,0,0,0,Understand
1165,0.911151885986328,0.9166038036346436,0.9027157425880432,0.006049744784832,0.0138880610466003,0.0,0.0,0.0,0.0,0.9164800643920898,0.0057456269860267,44.327056884765625,609.7778663635254,565.4508094787598,1268.9449615478516,0,0,0,0,0,Analyze
1166,0.8562006950378418,0.8652439117431641,0.8472230434417725,0.0073571344837546,0.0180208683013916,0.0,0.0,0.0,0.0,0.8889414668083191,0.0072899153456091,41.177879333496094,97.30204343795776,56.12416410446167,214.66117668151853,0,0,0,0,0,Understand
1167,0.7881772518157959,0.8131458759307861,0.7499134540557861,0.0274730902165174,0.063232421875,0.0,0.0,0.0,0.0,0.8488157391548157,0.0672733262181282,46.25393295288086,48.655710220336914,2.4017772674560547,13.90396499633789,0,0,0,0,0,Understand
1168,0.8833153247833252,0.902470588684082,0.86247318983078,0.0163723770529031,0.039997398853302,0.2087542087542087,0.1824406354766877,0.0,0.0,0.8697393536567688,0.0382517799735069,30.524023056030277,67.4780797958374,36.95405673980713,55.20109558105469,0,0,0,0,0,Understand
1169,0.8169417381286621,0.824458122253418,0.807462215423584,0.0070760576054453,0.0169959068298339,0.0566358024691358,0.0171414429290887,0.0,0.0,0.8337900638580322,0.0325127132236957,44.26539993286133,33.19543170928955,11.069968223571776,9.93881607055664,0,0,0,0,0,Understand
1170,0.8702114224433899,0.9114983081817628,0.8467251062393188,0.0292863436043262,0.0647732019424438,0.0,0.0,0.0,0.0,0.8683093190193176,0.0199361573904752,27.69146728515625,69.53040790557861,41.83894062042236,25.713062286376957,0,0,0,0,0,Understand
1171,0.848609209060669,0.8890286087989807,0.8205628395080566,0.0292883198708295,0.068465769290924,0.0833333333333333,0.0589255650988789,0.0,0.0,0.8857867121696472,0.0147909093648195,26.32076835632324,223.87373208999637,197.5529637336731,619.9174709320068,0,0,0,0,0,Understand
1172,0.9151090979576112,0.9503167867660522,0.8718250393867493,0.0325490236282348,0.0784917473793029,0.0,0.0,0.0,0.0,0.8887470364570618,0.0263607874512672,25.760744094848636,273.48789978027344,247.7271556854248,682.6429290771484,0,0,0,0,0,Remember
1173,0.952247142791748,0.9591909646987916,0.9466469287872314,0.0052084703929722,0.01254403591156,0.0,0.0,0.0,0.0,0.9533687233924866,0.0030698219779878,25.50076675415039,282.7038230895996,257.2030563354492,657.5684509277344,0,0,0,0,0,Understand
1174,0.9300527572631836,0.9475021958351136,0.8988416194915771,0.0221209228038787,0.0486605763435363,0.22,0.0424264068711928,0.0,0.0,0.9189209342002868,0.0294454786926507,17.506061553955078,45.59317493438721,28.08711338043213,18.728931427001957,0,0,0,0,0,Understand
1175,0.968879222869873,0.9793921709060668,0.9575822353363036,0.008921111933887,0.0218099355697631,0.3484848484848484,0.1071373910888708,0.0,0.0,0.9659423828125,0.0071875527501106,22.28555679321289,50.26939868927002,27.98384189605713,21.579734802246094,0,0,0,0,0,Understand
1176,0.9377465844154358,0.946404755115509,0.9316404461860656,0.0062918309122323,0.0147643089294433,0.1435881370091896,0.0488670480493083,0.0,0.0,0.933983325958252,0.0087468959391117,22.85111618041992,63.68886947631836,40.83775329589844,63.02996444702149,0,0,0,0,0,Understand
1177,0.9465413689613342,0.9690871238708496,0.9210045337677002,0.01974325068295,0.0480825901031494,0.1656746031746031,0.0509924495075253,0.0,0.0,0.9295265674591064,0.0145779130980372,22.03243064880371,35.090510845184326,13.058080196380615,20.510107040405277,0,0,0,0,0,Understand
1178,0.9762082099914552,0.9869377613067628,0.9665457010269164,0.008359145373106,0.0203920602798461,0.0,0.0,0.0,0.0,0.9691171050071716,0.002712502144277,20.1497859954834,626.709114074707,606.5593280792236,638.5232238769531,0,0,0,0,0,Remember
1179,0.941740334033966,0.9461883902549744,0.9383814930915833,0.0032788857351988,0.0078068971633911,0.0,0.0,0.0,0.0,0.9488341212272644,0.0080091636627912,22.03739547729492,101.1512246131897,79.11382913589478,147.7130184173584,0,0,0,0,0,Understand
1180,0.9776248931884766,0.980276107788086,0.973595142364502,0.0028964362572878,0.0066809654235839,0.1888888888888888,0.0157134840263677,0.0,0.0,0.9762724041938782,0.0110096102580428,22.622217178344727,26.30816078186035,3.685943603515625,22.12447738647461,0,0,0,0,1,Remember
1181,0.9705466628074646,0.9830050468444824,0.9638016223907472,0.0088194971904158,0.0192034244537353,0.2801864801864802,0.144493568119974,0.0,0.0,0.9570951461791992,0.0063316086307168,22.622217178344727,85.84498405456543,63.2227668762207,55.82362365722656,0,0,0,0,1,Remember
1182,0.9212819933891296,0.9289387464523317,0.9093530178070068,0.0085474895313382,0.0195857286453247,0.058080808080808,0.0411856222987376,0.0,0.0,0.9292084574699402,0.0105684241279959,22.622217178344727,80.28232288360596,57.66010570526123,81.54145431518555,0,0,0,0,1,Remember
1183,0.9248406887054444,0.9312675595283508,0.914668083190918,0.0072759315371513,0.0165994763374328,0.037037037037037,0.0523782800878924,0.0,0.0,0.933398425579071,0.012587109580636,22.622217178344727,145.29052734375,122.66831016540527,305.31382751464844,0,0,0,0,1,Understand
1184,0.9495620131492616,0.959087610244751,0.9323123693466188,0.0122194932773709,0.0267752408981323,0.0,0.0,0.0,0.0,0.9448730945587158,0.0164452344179153,22.622217178344727,57.72614669799805,35.10392951965332,57.4746322631836,0,0,0,0,1,Understand
1185,0.9412136673927308,0.9582655429840088,0.9254898428916932,0.0134135363623499,0.0327757000923156,0.1888888888888888,0.0157134840263677,0.0,0.0,0.942959487438202,0.0214743446558713,36.5183219909668,194.94246864318848,158.42414665222168,214.23308563232425,0,0,0,0,0,Create
1186,0.8949203491210938,0.9325119256973268,0.864877462387085,0.0281228628009557,0.0676344633102417,0.1888888888888888,0.0157134840263677,0.0,0.0,0.903487741947174,0.0168387126177549,30.96942138671875,118.43523502349854,87.46581363677979,130.53439712524414,0,0,0,0,0,Understand
1187,0.8301189541816711,0.870136022567749,0.7787963151931763,0.0381365790963172,0.0913397073745727,0.0,0.0,0.0,0.0,0.8201808929443359,0.0364119075238704,29.287017822265625,151.82704830169678,122.54003047943117,190.63454818725583,0,0,0,0,0,Understand
1188,0.911151885986328,0.9166038036346436,0.9027157425880432,0.006049744784832,0.0138880610466003,0.0,0.0,0.0,0.0,0.9164800643920898,0.0057456269860267,44.327056884765625,609.7778663635254,565.4508094787598,1268.9449615478516,0,0,0,0,0,Analyze
1189,0.8371729850769043,0.8795996904373169,0.807461142539978,0.0307922437787055,0.0721385478973388,0.0379273504273504,0.027206905081724,0.0,0.0,0.8135588765144348,0.004701544996351,44.26539993286133,33.19543170928955,11.069968223571776,9.93881607055664,0,0,0,0,0,Understand
1190,0.8271715044975281,0.8294080495834351,0.8238512277603149,0.0023944790009409,0.0055568218231201,0.3095238095238095,0.0841793787126842,0.0,0.0,0.8581438064575195,0.0121308397501707,34.87926483154297,44.59748935699463,9.71822452545166,26.518367767333984,0,0,0,0,0,Understand
1191,0.8776294589042664,0.8815871477127075,0.8708106875419617,0.0048423153348267,0.0107764601707458,0.6346978557504873,0.1055501106448914,0.0,0.0,0.8741686940193176,0.0333413556218147,38.982818603515625,40.56335258483887,1.5805339813232422,12.973522186279297,0,0,0,0,0,Understand
1192,0.8614330887794495,0.88004469871521,0.8244692087173462,0.0261376239359378,0.0555754899978637,0.0,0.0,0.0,0.0,0.86823970079422,0.0186959784477949,27.761625289916992,77.58450984954834,49.82288455963135,94.46224594116212,0,0,0,0,0,Understand
1193,0.8124678134918213,0.8509923219680786,0.7720140814781189,0.0322715789079666,0.0789782404899597,0.0,0.0,0.0,0.0,0.802598774433136,0.0134110758081078,48.14717864990234,69.52181196212769,21.374633312225345,131.10833930969238,0,0,0,0,0,Understand
1194,0.8137295842170715,0.8301643133163452,0.78371262550354,0.0212571304291486,0.0464516878128051,0.1574176548089591,0.0210565082352958,0.0,0.0,0.8977446556091309,0.0151990000158548,31.596046447753903,41.733694076538086,10.13764762878418,14.823505401611328,0,0,0,0,0,Understand
1195,0.813737690448761,0.8463295698165894,0.7597215175628662,0.0384663753211498,0.0866080522537231,0.0968975468975468,0.0426966302447587,0.0,0.0,0.7688798904418945,0.0239215288311243,39.402042388916016,86.48880290985107,47.08676052093506,65.86218643188477,0,0,0,0,0,Remember
1196,0.8180955052375793,0.8693615794181824,0.7791419625282288,0.0378469862043857,0.0902196168899536,0.1809523809523809,0.0269374011880589,0.0,0.0,0.8166616559028625,0.0224715359508991,40.45662307739258,30.270797729492188,10.18582534790039,19.288249969482425,0,0,0,0,0,Remember
1197,0.8465397953987122,0.8653281927108765,0.8269613981246948,0.0156731382012367,0.0383667945861816,0.4444444444444444,0.0785674201318386,0.0,0.0,0.8713415265083313,0.0290485713630914,24.17131996154785,27.774681568145752,3.603361606597901,12.738393783569336,0,0,0,0,1,Analyze
1198,0.8012099266052246,0.8566998243331909,0.7580691576004028,0.0412017479538917,0.098630666732788,0.0,0.0,0.0,0.0,0.8186209797859192,0.0145102413371205,71.09375,214.27091217041016,143.17716217041016,650.5646629333496,0,0,0,0,0,Understand
1199,0.8182713389396667,0.8233942985534668,0.8144558072090149,0.0037644177209585,0.0089384913444519,0.4444444444444444,0.0785674201318386,0.0,0.0,0.8541147708892822,0.0242827199399471,26.203012466430664,27.774681568145752,1.571669101715088,12.738393783569336,0,0,0,0,0,Analyze
1200,0.875153124332428,0.8964489102363586,0.8448535203933716,0.0220048874616622,0.051595389842987,0.2962962962962963,0.0523782800878924,0.0,0.0,0.8734005093574524,0.0223245788365602,32.553436279296875,120.97598457336426,88.42254829406738,179.87290954589844,0,0,0,0,1,Understand
1201,0.7694500088691711,0.8123877048492432,0.7288987636566162,0.0341259613633155,0.0834889411926269,0.0,0.0,0.0,0.0,0.8302040696144104,0.0184818133711814,27.81180763244629,42.39389944076538,14.582091808319092,31.1754207611084,0,0,0,0,0,Understand
1202,0.8109824061393738,0.8409683704376221,0.775309681892395,0.0271049886941909,0.065658688545227,0.2444444444444444,0.174977952755818,0.0,0.0,0.8198397755622864,0.0202914662659168,22.49173164367676,49.78889751434326,27.297165870666504,61.46413040161133,0,0,0,0,0,Understand
1204,0.948878288269043,0.9623243808746338,0.941885471343994,0.0095103746280074,0.0204389095306396,0.0,0.0,0.0,0.0,0.9454634189605712,0.0079279839992523,50.62646484375,84.41681385040283,33.79034900665283,49.77835464477539,0,0,0,0,0,Understand
1205,0.875153124332428,0.8964489102363586,0.8448535203933716,0.0220048874616622,0.051595389842987,0.2962962962962963,0.0523782800878924,0.0,0.0,0.8734005093574524,0.0223245788365602,32.553436279296875,120.97598457336426,88.42254829406738,179.87290954589844,0,0,0,0,1,Understand
1206,0.846653938293457,0.8810957670211792,0.8269613981246948,0.0244374964386224,0.0541343688964843,0.2991452991452991,0.0483491816195929,0.0,0.0,0.8712274432182312,0.0223139282315969,24.17131996154785,27.774681568145752,3.603361606597901,12.738393783569336,0,0,0,0,1,Analyze
1207,0.8442928194999695,0.881940484046936,0.8236843943595886,0.0266607664525508,0.0582560896873474,0.2991452991452991,0.0483491816195929,0.0,0.0,0.835909903049469,0.0190519355237483,26.425146102905277,27.774681568145752,1.3495354652404783,12.738393783569336,0,0,0,0,0,Analyze
1208,0.875153124332428,0.8964489102363586,0.8448535203933716,0.0220048874616622,0.051595389842987,0.2962962962962963,0.0523782800878924,0.0,0.0,0.8734005093574524,0.0223245788365602,32.553436279296875,120.97598457336426,88.42254829406738,179.87290954589844,0,0,0,0,1,Understand
1209,0.7694500088691711,0.8123877048492432,0.7288987636566162,0.0341259613633155,0.0834889411926269,0.0,0.0,0.0,0.0,0.8302040696144104,0.0184818133711814,27.81180763244629,42.39389944076538,14.582091808319092,31.1754207611084,0,0,0,0,0,Understand
1210,0.8465397953987122,0.8653281927108765,0.8269613981246948,0.0156731382012367,0.0383667945861816,0.4444444444444444,0.0785674201318386,0.0,0.0,0.8713415265083313,0.0290485713630914,24.17131996154785,27.774681568145752,3.603361606597901,12.738393783569336,0,0,0,0,1,Analyze
1211,0.8012099266052246,0.8566998243331909,0.7580691576004028,0.0412017479538917,0.098630666732788,0.0,0.0,0.0,0.0,0.8186209797859192,0.0145102413371205,71.09375,214.27091217041016,143.17716217041016,650.5646629333496,0,0,0,0,0,Understand
1212,0.8182713389396667,0.8233942985534668,0.8144558072090149,0.0037644177209585,0.0089384913444519,0.4444444444444444,0.0785674201318386,0.0,0.0,0.8541147708892822,0.0242827199399471,26.203012466430664,27.774681568145752,1.571669101715088,12.738393783569336,0,0,0,0,0,Analyze
1213,0.8864226341247559,0.9103821516036988,0.8419643640518188,0.0314684882760047,0.0684177875518798,0.3333333333333333,0.0,0.0,0.0,0.8689318299293518,0.0370169878005981,26.11062812805176,94.95910358428956,68.8484754562378,100.4912109375,0,0,0,0,0,Understand
1214,0.8032629489898682,0.840592622756958,0.7781373858451843,0.0269180256873369,0.0624552369117736,0.0,0.0,0.0,0.0,0.805659294128418,0.0351173281669616,23.947376251220703,36.11562871932984,12.16825246810913,28.474462509155277,0,0,0,0,0,Remember
1215,0.8236782550811768,0.8453500270843506,0.7920623421669006,0.0228627696633338,0.0532876849174499,0.1071146245059288,0.0169023368695637,0.0,0.0,0.8109461665153503,0.0420670434832572,42.51323699951172,27.396174430847168,15.11706256866455,14.631477355957031,0,0,0,0,0,Understand
1216,0.8440445065498352,0.8491440415382385,0.840300440788269,0.0037354205269366,0.0088436007499694,0.1331738437001594,0.0216048120959235,0.0,0.0,0.877622663974762,0.032019518315792,36.63236618041992,38.757774353027344,2.125408172607422,17.049652099609375,0,0,0,0,0,Remember
1217,0.90364807844162,0.9149025678634644,0.8867028951644897,0.0121954558417201,0.0281996726989746,0.428042328042328,0.1043307894930178,0.0,0.0,0.8894875049591064,0.0112043526023626,34.54719924926758,29.899420261383057,4.6477789878845215,6.527320861816406,0,0,0,0,0,Understand
1218,0.8551070690155029,0.8822079300880432,0.8301665186882019,0.021300658583641,0.0520414113998413,0.0,0.0,0.0,0.0,0.8158462643623352,0.0156005751341581,41.57793426513672,48.651204109191895,7.073269844055176,58.00211334228516,0,0,0,0,0,Evaluate
1219,0.903045117855072,0.9103419184684752,0.8960689902305603,0.0058313100598752,0.014272928237915,0.0,0.0,0.0,0.0,0.8842706680297852,0.0580553598701953,36.14384841918945,219.8107252120972,183.6668767929077,636.2459297180176,0,0,0,0,0,Create
1220,0.8063516616821289,0.825727105140686,0.7809114456176758,0.0187917947769165,0.0448156595230102,0.0541218637992831,0.0301629460931458,0.0,0.0,0.828514039516449,0.0359355062246322,37.8621940612793,36.48032283782959,1.381871223449707,29.05036735534668,0,0,0,0,0,Understand
1221,0.8761661052703857,0.9291233420372008,0.8397625684738159,0.0328736640512943,0.089360773563385,0.2395833333333333,0.3684320663297373,0.0,0.0,0.8214602470397949,0.0238353256136178,29.764013290405277,28.630080795288087,1.133932495117186,13.704105377197266,0,0,0,0,0,Remember
1222,0.7355915904045105,0.7799490690231323,0.694270133972168,0.0350440926849842,0.0856789350509643,0.0,0.0,0.0,0.0,0.7770838737487793,0.0379244983196258,60.64653396606445,53.239219665527344,7.407314300537109,58.04768753051758,0,0,0,0,1,Understand
1223,0.8314564228057861,0.8439755439758301,0.8173771500587463,0.0109146442264318,0.0265983939170837,0.0,0.0,0.0,0.0,0.8343052268028259,0.0225569866597652,26.105268478393555,51.00526237487793,24.89999389648437,27.360916137695312,0,0,0,0,0,Understand
1224,0.8401412963867188,0.9629020690917968,0.7717912197113037,0.0869913101196289,0.1911108493804931,0.1851851851851852,0.2618914004394621,0.0,0.0,0.773099422454834,0.0115832705050706,31.30023002624512,90.42600631713869,59.12577629089356,26.51361083984375,0,0,0,0,0,Understand
1225,0.7954780459403992,0.8056893944740295,0.7798482179641724,0.0112238395959138,0.0258411765098571,0.0476190476190476,0.0673435029701473,0.0,0.0,0.8158920407295227,0.0216084849089384,38.83175659179688,94.9666519165039,56.13489532470703,91.2437515258789,0,0,0,0,0,Remember
1226,0.8304535746574402,0.8349533081054688,0.8273980617523193,0.0032490871381014,0.0075552463531494,0.0666666666666666,0.0942809041582063,0.0,0.0,0.8310489654541016,0.0446162857115268,53.49428939819336,134.00379371643066,80.5095043182373,112.4823760986328,0,0,0,0,0,Remember
1227,0.8938431739807129,0.9126983880996704,0.8811910152435303,0.0135901477187871,0.0315073728561401,0.1322751322751322,0.0149652228822549,0.0,0.0,0.8893194198608398,0.0271543394774198,46.68901824951172,231.3665809631348,184.67756271362305,561.4837265014648,0,0,0,0,0,Create
1228,0.830319344997406,0.8689016699790955,0.7938594818115234,0.030672587454319,0.075042188167572,0.1666666666666666,0.0,0.0,0.0,0.9416090846061708,0.0070493873208761,49.38949966430664,337.8598442077637,288.47034454345703,774.1893310546875,0,0,0,0,0,Create
1230,0.8296985626220703,0.8817358016967773,0.7982318997383118,0.0370637997984886,0.0835039019584655,0.0222222222222222,0.0314269680527354,0.0,0.0,0.8048443794250488,0.0332533046603202,38.080345153808594,37.16206932067871,0.9182758331298828,11.338123321533203,0,0,0,0,0,Understand
1231,0.7664089202880859,0.799293041229248,0.7388652563095093,0.0249568913131952,0.0604277849197387,0.0,0.0,0.0,0.0,0.8776519894599915,0.021943187341094,35.737728118896484,238.9790449142456,203.24131679534912,594.3728294372559,0,0,0,0,0,Analyze
1232,0.8609707355499268,0.8756923675537109,0.8371438980102539,0.0170034132897853,0.038548469543457,0.344988344988345,0.0263722808834143,0.0,0.0,0.8801519274711609,0.0176446791738271,54.5018310546875,35.1276650428772,19.374166011810303,14.950183868408203,0,0,0,0,0,Understand
1233,0.8063516616821289,0.825727105140686,0.7809114456176758,0.0187917947769165,0.0448156595230102,0.0541218637992831,0.0301629460931458,0.0,0.0,0.828514039516449,0.0359355062246322,37.8621940612793,36.48032283782959,1.381871223449707,29.05036735534668,0,0,0,0,0,Understand
1234,0.7929292321205139,0.8124873042106628,0.7635995745658875,0.0211205258965492,0.0488877296447753,0.0,0.0,0.0,0.0,0.8334429860115051,0.0174981094896793,29.764013290405277,30.24000883102417,0.4759955406188965,14.141864776611328,0,0,0,0,0,Remember
1235,0.8189722895622253,0.8354565501213074,0.8100082874298096,0.0116710634902119,0.0254482626914978,0.1052631578947368,0.0744322927564786,0.0,0.0,0.7867067456245422,0.0220107566565275,50.44023895263672,53.809452056884766,3.369213104248047,58.04768753051758,0,0,0,0,1,Understand
1236,0.8440587520599365,0.8575348854064941,0.833016574382782,0.0101564386859536,0.0245183110237121,0.2601010101010101,0.1851890112858495,0.0,0.0,0.8217028975486755,0.0167020577937364,26.105268478393555,51.00526237487793,24.89999389648437,27.360916137695312,0,0,0,0,0,Understand
1237,0.8373541831970215,0.929957628250122,0.7640252113342285,0.0690990537405014,0.1659324169158935,0.1851851851851852,0.2618914004394621,0.0,0.0,0.7717089653015137,0.0377422086894512,30.59911727905273,83.2976427078247,52.69852542877197,36.89749526977539,0,0,0,0,0,Understand
1238,0.8338031768798828,0.840592622756958,0.8269045352935791,0.0055886716581881,0.0136880874633789,0.1070853462157809,0.1219959546773873,0.0,0.0,0.7751190662384033,0.0144059471786022,23.947376251220703,36.11562871932984,12.16825246810913,28.474462509155277,0,0,0,0,0,Remember
1239,0.8236782550811768,0.8453500270843506,0.7920623421669006,0.0228627696633338,0.0532876849174499,0.1071146245059288,0.0169023368695637,0.0,0.0,0.8109461665153503,0.0420670434832572,42.51323699951172,27.396174430847168,15.11706256866455,14.631477355957031,0,0,0,0,0,Understand
1240,0.8980472683906555,0.9093388319015504,0.879641056060791,0.0131264217197895,0.0296977758407592,0.4814814814814814,0.1047565601757848,0.0,0.0,0.895088255405426,0.014065807685256,34.54719924926758,29.899420261383057,4.6477789878845215,6.527320861816406,0,0,0,0,0,Understand
1241,0.7288022637367249,0.7587442398071289,0.7025192379951477,0.0230991095304489,0.0562250018119812,0.0,0.0,0.0,0.0,0.829083263874054,0.0160584095865488,41.49712371826172,46.98059511184693,5.483471393585205,58.90923881530762,0,0,0,0,0,Understand
1242,0.9543099403381348,0.9651676416397096,0.933875322341919,0.0144589273259043,0.0312923192977905,0.3484848484848484,0.1071373910888708,0.0,0.0,0.9467291831970216,0.0159014370292425,24.664499282836918,50.26939868927002,25.604899406433105,21.579734802246094,0,0,0,0,0,Apply
1243,0.8644817471504211,0.8765363097190857,0.853569507598877,0.0094108842313289,0.0229668021202087,0.0151515151515151,0.0214274782177741,0.0,0.0,0.8816046714782715,0.0200571864843368,25.646867752075195,54.68489646911621,29.038028717041016,75.72810745239258,0,0,0,0,0,Apply
1244,0.9726293683052064,0.9837307929992676,0.9645822048187256,0.0081101972609758,0.0191485881805419,0.0,0.0,0.0,0.0,0.9588561058044434,0.0060129123739898,18.614486694335938,546.6344547271729,528.0199680328369,958.8218612670898,0,0,0,0,0,Apply
1245,0.9103679656982422,0.9506664276123048,0.8562159538269043,0.039784125983715,0.0944504737854003,0.0,0.0,0.0,0.0,0.8682182431221008,0.042271863669157,25.071910858154297,91.6390142440796,66.5671033859253,157.7452735900879,0,0,0,0,0,Apply
1246,0.9228093028068542,0.927926540374756,0.9177284836769104,0.0041634193621575,0.0101980566978454,0.0569696969696969,0.0405290993873951,0.0,0.0,0.9050967693328856,0.0049019958823919,26.244239807128903,73.18107414245605,46.93683433532715,146.17729949951172,0,0,0,0,0,Apply
1247,0.98024320602417,0.9863868355751038,0.970068335533142,0.0072461860254406,0.0163185000419616,0.1888888888888888,0.0157134840263677,0.0,0.0,0.9779998660087584,0.0100456671789288,24.935949325561523,26.30816078186035,1.372211456298828,22.12447738647461,0,0,0,0,1,Remember
1248,0.966747522354126,0.9746447801589966,0.9590710401535034,0.0063598686829209,0.0155737400054931,0.3545454545454545,0.0413278233241995,0.0,0.0,0.9604198336601256,0.0026963697746396,25.9263916015625,163.15167045593262,137.22527885437012,338.66597747802734,0,0,0,0,1,Remember
1249,0.9245569109916688,0.9395633935928344,0.9030022025108336,0.0156277287751436,0.0365611910820007,0.0,0.0,0.0,0.0,0.9219366908073424,0.0244495440274477,20.16754913330078,118.25626945495604,98.08872032165527,200.1102523803711,0,0,0,0,1,Understand
1250,0.9165961146354676,0.9264152646064758,0.9051189422607422,0.0087728714570403,0.0212963223457336,0.037037037037037,0.0523782800878924,0.0,0.0,0.9098051190376282,0.0105107398703694,24.378097534179688,134.43599605560303,110.05789852142334,309.716121673584,0,0,0,0,1,Understand
1251,0.8931681513786316,0.9076619148254396,0.8743032813072205,0.0139649203047156,0.0333586335182189,0.175995544416597,0.0573034190671878,0.0,0.0,0.8929038643836975,0.0148451765999197,25.052568435668945,37.89291858673096,12.840350151062012,26.63288116455078,0,0,0,0,1,Understand
1252,0.8862722516059875,0.9036473035812378,0.8518136739730835,0.0243661701679229,0.0518336296081543,0.0,0.0,0.0,0.0,0.8753914833068848,0.0161152780055999,30.18634414672852,69.53040790557861,39.3440637588501,25.713062286376957,0,0,0,0,0,Understand
1253,0.9448001980781556,0.9563190340995787,0.930471897125244,0.0107374349609017,0.0258471369743347,0.4404761904761904,0.0925973165839526,0.0,0.0,0.9319621920585632,0.0196517743170261,28.59839630126953,161.9519157409668,133.3535194396973,208.93458557128903,0,0,0,0,0,Understand
1254,0.9182153344154358,0.957962930202484,0.8414225578308105,0.0543118864297866,0.1165403723716735,0.0,0.0,0.0,0.0,0.8781466484069824,0.0515391789376735,22.39348602294922,202.7336082458496,180.3401222229004,554.0293884277344,0,0,0,0,0,Understand
1255,0.8997886180877686,0.9329351782798768,0.8391194343566895,0.042960986495018,0.0938157439231872,0.0,0.0,0.0,0.0,0.8735565543174744,0.0458984486758708,26.39039802551269,138.439471244812,112.04907321929932,310.5328178405762,0,0,0,0,0,Understand
1256,0.9149672389030457,0.9271669387817384,0.9029436111450196,0.0098899165168404,0.0242233276367187,0.0569696969696969,0.0405290993873951,0.0,0.0,0.889564573764801,0.0078044482506811,29.104623794555664,73.18107414245605,44.07645034790039,146.17729949951172,0,0,0,0,0,Understand
1257,0.7922167778015137,0.8188358545303345,0.7787377834320068,0.0188230257481336,0.0400980710983276,0.0541218637992831,0.0301629460931458,0.0,0.0,0.8149453997612,0.0327301807701587,38.697566986083984,36.48032283782959,2.2172441482543945,29.05036735534668,0,0,0,0,0,Remember
1258,0.8148548603057861,0.8581066727638245,0.7635995745658875,0.0389952100813388,0.094507098197937,0.0,0.0,0.0,0.0,0.8115172982215881,0.006837208289653,29.764013290405277,30.24000883102417,0.4759955406188965,14.141864776611328,0,0,0,0,0,Remember
1259,0.774921715259552,0.8069407939910889,0.7121992111206055,0.0443547740578651,0.0947415828704834,0.0,0.0,0.0,0.0,0.7770838737487793,0.0379244983196258,60.64653396606445,53.809452056884766,6.837081909179688,58.04768753051758,0,0,0,0,1,Understand
1260,0.8314564228057861,0.8439755439758301,0.8173771500587463,0.0109146442264318,0.0265983939170837,0.0,0.0,0.0,0.0,0.8343052268028259,0.0225569866597652,26.105268478393555,51.00526237487793,24.89999389648437,27.360916137695312,0,0,0,0,0,Understand
1261,0.8403617739677429,0.942906618118286,0.7684383392333984,0.0744448527693748,0.1744682788848877,0.1851851851851852,0.2618914004394621,0.0,0.0,0.7782257199287415,0.0269364118576049,31.30023002624512,83.2976427078247,51.99741268157959,36.89749526977539,0,0,0,0,0,Understand
1262,0.8032629489898682,0.840592622756958,0.7781373858451843,0.0269180256873369,0.0624552369117736,0.0,0.0,0.0,0.0,0.805659294128418,0.0351173281669616,23.947376251220703,36.11562871932984,12.16825246810913,28.474462509155277,0,0,0,0,0,Remember
1263,0.8236782550811768,0.8453500270843506,0.7920623421669006,0.0228627696633338,0.0532876849174499,0.1071146245059288,0.0169023368695637,0.0,0.0,0.8109461665153503,0.0420670434832572,42.51323699951172,27.396174430847168,15.11706256866455,14.631477355957031,0,0,0,0,0,Understand
1264,0.8440893292427063,0.849278450012207,0.840300440788269,0.0037966198287904,0.0089780092239379,0.1331738437001594,0.0216048120959235,0.0,0.0,0.8783372044563293,0.0317571572959423,36.63236618041992,38.69319248199463,2.060826301574707,17.049652099609375,0,0,0,0,0,Remember
1265,0.90364807844162,0.9149025678634644,0.8867028951644897,0.0121954558417201,0.0281996726989746,0.428042328042328,0.1043307894930178,0.0,0.0,0.8894875049591064,0.0112043526023626,34.54719924926758,29.899420261383057,4.6477789878845215,6.527320861816406,0,0,0,0,0,Understand
1266,0.8551070690155029,0.8822079300880432,0.8301665186882019,0.021300658583641,0.0520414113998413,0.0,0.0,0.0,0.0,0.8158462643623352,0.0156005751341581,41.57793426513672,48.651204109191895,7.073269844055176,58.00211334228516,0,0,0,0,0,Evaluate
1267,0.903045117855072,0.9103419184684752,0.8960689902305603,0.0058313100598752,0.014272928237915,0.0,0.0,0.0,0.0,0.8842706680297852,0.0580553598701953,36.14384841918945,219.8107252120972,183.6668767929077,636.2459297180176,0,0,0,0,0,Create
1268,0.9524614214897156,0.969125509262085,0.938980519771576,0.0125107849016785,0.030144989490509,0.1888888888888888,0.0157134840263677,0.0,0.0,0.9421997666358948,0.0072545325383543,55.11294555664063,29.60697650909424,25.505969047546387,25.43308448791504,0,0,0,0,0,Remember
1269,0.7851869463920593,0.7981877326965332,0.763698935508728,0.0153056420385837,0.0344887971878051,0.0,0.0,0.0,0.0,0.8346275687217712,0.0103922989219427,71.9351806640625,163.2204713821411,91.2852907180786,263.967586517334,0,0,0,0,0,Understand
1270,0.90364807844162,0.9149025678634644,0.8867028951644897,0.0121954558417201,0.0281996726989746,0.428042328042328,0.1043307894930178,0.0,0.0,0.8894875049591064,0.0112043526023626,34.54719924926758,29.899420261383057,4.6477789878845215,6.527320861816406,0,0,0,0,0,Understand
1271,0.9384401440620422,0.952627956867218,0.9172215461730956,0.0152856763452291,0.0354064106941223,0.0666666666666666,0.0942809041582063,0.0,0.0,0.906454861164093,0.0146089335903525,36.406341552734375,572.0398826599121,535.6335411071777,895.0184478759766,0,0,0,0,1,Remember
1272,0.9715702533721924,0.9734703898429872,0.9688155651092528,0.00199407315813,0.0046548247337341,0.0,0.0,0.0,0.0,0.9644991755485536,0.0056633981876075,45.22264862060547,159.8569107055664,114.63426208496094,111.72653198242188,0,0,0,0,0,Understand
1273,0.9256773591041564,0.9360759258270264,0.9052590131759644,0.0144387921318411,0.030816912651062,0.0,0.0,0.0,0.0,0.9212530255317688,0.0250386167317628,31.89822578430176,442.57115745544434,410.6729316711426,938.7472763061523,0,0,0,0,0,Remember
1274,0.8745954632759094,0.9204257130622864,0.7969968318939209,0.0551700331270694,0.1234288811683654,0.0,0.0,0.0,0.0,0.8214320540428162,0.0564232543110847,43.39326477050781,411.10833835601807,367.7150735855103,636.8735008239746,0,0,0,0,0,Understand
1275,0.8231751322746277,0.8380606174468994,0.7988288402557373,0.017357300966978,0.0392317771911621,0.0,0.0,0.0,0.0,0.8200938105583191,0.0192550513893365,17.993186950683594,216.0354347229004,198.0422477722168,643.0024909973145,0,0,0,0,1,Understand
1276,0.9384401440620422,0.952627956867218,0.9172215461730956,0.0152856763452291,0.0354064106941223,0.0666666666666666,0.0942809041582063,0.0,0.0,0.906454861164093,0.0146089335903525,36.406341552734375,572.0398826599121,535.6335411071777,895.0184478759766,0,0,0,0,1,Remember
1277,0.8619315028190613,0.8758103847503662,0.8516772985458374,0.0101802079007029,0.0241330862045288,0.0,0.0,0.0,0.0,0.9015581011772156,0.0099813500419259,28.95285415649414,362.0744419097901,333.1215877532959,1139.9977111816406,0,0,0,0,0,Understand
1278,0.8164032697677612,0.8164032697677612,0.8164032697677612,0.0,0.0,0.5,0.0,0.0,0.0,0.0,0.0,20.875995635986328,121.2881965637207,100.41220092773438,19.08129119873047,0,0,0,0,0,Understand
1279,0.8864021301269531,0.8998210430145264,0.8752806782722473,0.0101494304835796,0.024540364742279,0.0,0.0,0.0,0.0,0.8818850517272949,0.0118617909029126,38.96865463256836,3300.6105365753174,3261.641881942749,12086.894706726074,0,0,0,0,1,Remember
1280,0.8600005507469177,0.9047031402587892,0.8046363592147827,0.0415418818593025,0.1000667810440063,0.0,0.0,0.0,0.0,0.8243849873542786,0.0329184494912624,35.75483322143555,241.47961807250977,205.72478485107425,251.0522308349609,0,0,0,0,1,Remember
1281,0.9430138468742372,0.9771699905395508,0.9204052686691284,0.0245705805718898,0.0567647218704223,0.0666666666666666,0.0942809041582063,0.0,0.0,0.92157644033432,0.0112370671704411,21.638240814208984,163.38784503936768,141.7496042251587,280.5876121520996,0,0,1,0,0,Understand
1282,0.7640976309776306,0.8046811819076538,0.7332034111022949,0.0299742203205823,0.0714777708053588,0.0836767399267399,0.0458130080301723,0.0,0.0,0.7694327235221863,0.031556949019432,119.29933166503906,34.2726411819458,85.02669048309326,19.281517028808597,0,0,0,0,0,Remember
1283,0.8705717921257019,0.8861397504806519,0.8460227847099304,0.0175658222287893,0.0401169657707214,0.0,0.0,0.0,0.0,0.8656148314476013,0.0244516786187887,29.663379669189453,362.0744419097901,332.4110622406006,1139.9977111816406,0,0,0,0,0,Understand
1284,0.8823509216308594,0.8989957571029663,0.8559901714324951,0.0188532713800668,0.0430055856704711,0.037037037037037,0.0523782800878924,0.0,0.0,0.8667542934417725,0.0231600701808929,67.11893463134766,321.30183601379395,254.1829013824463,674.8369522094727,0,0,0,0,1,Understand
1285,0.7525690197944641,0.7981386184692383,0.7270156145095825,0.0323017314076423,0.0711230039596557,0.0,0.0,0.0,0.0,0.7796199917793274,0.0177576914429664,123.29736328125,47.21280002593994,76.08456325531006,30.5662841796875,0,0,0,0,0,Understand
1286,0.8497431874275208,0.8809579610824585,0.8121945858001709,0.0284275654703378,0.0687633752822876,0.0,0.0,0.0,0.0,0.8429797291755676,0.0303843226283788,34.953521728515625,2645.2791843414307,2610.325662612915,4092.4296493530273,0,0,0,0,1,Remember
1287,0.7597088813781738,0.7689610123634338,0.7485494017601013,0.0084414519369602,0.0204116106033325,0.0,0.0,0.0,0.0,0.814466655254364,0.0284633506089448,35.412742614746094,43.18322944641113,7.770486831665039,17.922786712646484,0,0,0,0,0,Remember
1288,0.7817513942718506,0.7954824566841125,0.7551997900009155,0.0187785122543573,0.040282666683197,0.0303030303030303,0.0428549564355483,0.0,0.0,0.8416736721992493,0.0261474251747131,64.54269409179688,140.39652347564697,75.8538293838501,362.4465827941895,0,0,0,0,0,Understand
1289,0.8166607022285461,0.8486849069595337,0.7945719957351685,0.0231817252933979,0.0541129112243652,0.0303030303030303,0.0428549564355483,0.0,0.0,0.8067644238471985,0.0473846122622489,64.54269409179688,140.39652347564697,75.8538293838501,362.4465827941895,0,0,0,0,0,Understand
1290,0.8865607380867004,0.8989957571029663,0.8645128011703491,0.0156327690929174,0.0344829559326171,0.0476190476190476,0.0673435029701473,0.0,0.0,0.8625443577766418,0.0219245627522468,67.11893463134766,321.30183601379395,254.1829013824463,674.8369522094727,0,0,0,0,1,Understand
1291,0.7082311511039734,0.7434817552566528,0.6779841184616089,0.0269723515957593,0.0654976367950439,0.0,0.0,0.0,0.0,0.7324929237365723,0.0327594466507434,58.02024459838867,47.21280002593994,10.80744457244873,30.5662841796875,0,0,0,0,1,Understand
1292,0.8497431874275208,0.8809579610824585,0.8121945858001709,0.0284275654703378,0.0687633752822876,0.0,0.0,0.0,0.0,0.8429797291755676,0.0303843226283788,34.953521728515625,2645.2791843414307,2610.325662612915,4092.4296493530273,0,0,0,0,1,Remember
1293,0.890786349773407,0.8998210430145264,0.8738836050033569,0.0119615187868475,0.0259374380111694,0.0,0.0,0.0,0.0,0.8775008320808411,0.0047523258253932,38.96865463256836,3300.6105365753174,3261.641881942749,12086.894706726074,0,0,0,0,1,Remember
1294,0.8324211239814758,0.8706620931625366,0.7778486013412476,0.0396116636693477,0.092813491821289,0.0,0.0,0.0,0.0,0.8519644737243652,0.0410308577120304,35.75483322143555,241.47961807250977,205.72478485107425,251.0522308349609,0,0,0,0,1,Remember
1295,0.7509453892707825,0.7946925759315491,0.724940299987793,0.0311172977089881,0.0697522759437561,0.0932980599647266,0.0434600253038881,0.0,0.0,0.7825848460197449,0.0209693405777215,119.29933166503906,34.2726411819458,85.02669048309326,19.281517028808597,0,0,0,0,0,Remember
1296,0.8705717921257019,0.8861397504806519,0.8460227847099304,0.0175658222287893,0.0401169657707214,0.0,0.0,0.0,0.0,0.8656148314476013,0.0244516786187887,29.663379669189453,362.0744419097901,332.4110622406006,1139.9977111816406,0,0,0,0,0,Understand
1297,0.8139435648918152,0.8491913080215454,0.782741129398346,0.0272785685956478,0.0664501786231994,0.0,0.0,0.0,0.0,0.7847618460655212,0.0249388143420219,40.41993713378906,1344.1373872756958,1303.7174501419067,5109.941806793213,0,0,0,0,0,Remember
1298,0.8823509216308594,0.8989957571029663,0.8559901714324951,0.0188532713800668,0.0430055856704711,0.037037037037037,0.0523782800878924,0.0,0.0,0.8667542934417725,0.0231600701808929,67.11893463134766,321.30183601379395,254.1829013824463,674.8369522094727,0,0,0,0,1,Understand
1299,0.7877881526947021,0.81865394115448,0.7657086849212646,0.0224899984896183,0.0529452562332153,0.0,0.0,0.0,0.0,0.8226461410522461,0.0153231276199221,110.91414642333984,47.21280002593994,63.7013463973999,30.5662841796875,0,0,0,0,0,Remember
1300,0.8497431874275208,0.8809579610824585,0.8121945858001709,0.0284275654703378,0.0687633752822876,0.0,0.0,0.0,0.0,0.8429797291755676,0.0303843226283788,34.953521728515625,2645.2791843414307,2610.325662612915,4092.4296493530273,0,0,0,0,1,Remember
1301,0.7579607963562012,0.7700631618499756,0.7434121370315552,0.0110168866813182,0.0266510248184204,0.0,0.0,0.0,0.0,0.8115002512931824,0.0270739253610372,37.42160415649414,43.18322944641113,5.761625289916992,17.922786712646484,0,0,0,0,0,Remember
1302,0.7817513942718506,0.7954824566841125,0.7551997900009155,0.0187785122543573,0.040282666683197,0.0303030303030303,0.0428549564355483,0.0,0.0,0.8416736721992493,0.0261474251747131,64.54269409179688,140.39652347564697,75.8538293838501,362.4465827941895,0,0,0,0,0,Understand
1303,0.7961313724517822,0.8164032697677612,0.7846937775611877,0.0143737411126494,0.0317094922065734,0.1666666666666666,0.2357022603955158,0.0,0.0,0.8512950539588928,0.0435184091329574,20.875995635986328,101.6563196182251,80.78032398223877,67.25314712524414,0,0,0,0,0,Understand
1304,0.8864021301269531,0.8998210430145264,0.8752806782722473,0.0101494304835796,0.024540364742279,0.0,0.0,0.0,0.0,0.8818850517272949,0.0118617909029126,38.96865463256836,3300.6105365753174,3261.641881942749,12086.894706726074,0,0,0,0,1,Remember
1305,0.8600005507469177,0.9047031402587892,0.8046363592147827,0.0415418818593025,0.1000667810440063,0.0,0.0,0.0,0.0,0.8243849873542786,0.0329184494912624,35.75483322143555,241.47961807250977,205.72478485107425,251.0522308349609,0,0,0,0,1,Remember
1306,0.9430138468742372,0.9771699905395508,0.9204052686691284,0.0245705805718898,0.0567647218704223,0.0666666666666666,0.0942809041582063,0.0,0.0,0.92157644033432,0.0112370671704411,21.638240814208984,163.38784503936768,141.7496042251587,280.5876121520996,0,0,1,0,0,Understand
1307,0.7640976309776306,0.8046811819076538,0.7332034111022949,0.0299742203205823,0.0714777708053588,0.0836767399267399,0.0458130080301723,0.0,0.0,0.7694327235221863,0.031556949019432,119.29933166503906,34.2726411819458,85.02669048309326,19.281517028808597,0,0,0,0,0,Remember
1308,0.8705717921257019,0.8861397504806519,0.8460227847099304,0.0175658222287893,0.0401169657707214,0.0,0.0,0.0,0.0,0.8656148314476013,0.0244516786187887,29.663379669189453,362.0744419097901,332.4110622406006,1139.9977111816406,0,0,0,0,0,Understand
1309,0.9256773591041564,0.9360759258270264,0.9052590131759644,0.0144387921318411,0.030816912651062,0.0,0.0,0.0,0.0,0.9212530255317688,0.0250386167317628,31.89822578430176,442.57115745544434,410.6729316711426,938.7472763061523,0,0,0,0,0,Remember
1310,0.8745954632759094,0.9204257130622864,0.7969968318939209,0.0551700331270694,0.1234288811683654,0.0,0.0,0.0,0.0,0.8214320540428162,0.0564232543110847,43.39326477050781,411.10833835601807,367.7150735855103,636.8735008239746,0,0,0,0,0,Understand
1311,0.8231751322746277,0.8380606174468994,0.7988288402557373,0.017357300966978,0.0392317771911621,0.0,0.0,0.0,0.0,0.8200938105583191,0.0192550513893365,17.993186950683594,216.0354347229004,198.0422477722168,643.0024909973145,0,0,0,0,1,Understand
1312,0.9384401440620422,0.952627956867218,0.9172215461730956,0.0152856763452291,0.0354064106941223,0.0666666666666666,0.0942809041582063,0.0,0.0,0.906454861164093,0.0146089335903525,36.406341552734375,572.0398826599121,535.6335411071777,895.0184478759766,0,0,0,0,1,Remember
1313,0.8619315028190613,0.8758103847503662,0.8516772985458374,0.0101802079007029,0.0241330862045288,0.0,0.0,0.0,0.0,0.9015581011772156,0.0099813500419259,28.95285415649414,362.0744419097901,333.1215877532959,1139.9977111816406,0,0,0,0,0,Understand
1314,0.8572556376457214,0.8618336319923401,0.8497623205184937,0.0053418981842696,0.0120713114738464,0.3663003663003663,0.0129506736481052,0.0,0.0,0.8966577649116516,0.0169025901705026,43.10171127319336,29.061001300811768,14.040709972381592,18.969736099243164,0,0,0,0,0,Understand
1315,0.7710404992103577,0.7959440350532532,0.7546769380569458,0.0178967546671628,0.0412670969963073,0.0576480990274093,0.029991335518219,0.0,0.0,0.7903239130973816,0.001576964277774,66.17121124267578,36.53861856460571,29.63259267807007,18.296186447143555,0,0,0,0,0,Remember
1316,0.8517532348632812,0.9196270704269408,0.7970485687255859,0.0509014800190925,0.1225785017013549,0.2444444444444444,0.0628539361054708,0.0,0.0,0.8423025608062744,0.0135487122461199,28.098876953125,64.34849834442139,36.24962139129639,58.44764709472656,0,0,0,0,0,Analyze
1317,0.8303303718566895,0.8385664224624634,0.8212475776672363,0.0070956950075924,0.017318844795227,0.3454545454545454,0.0299984695048838,0.0,0.0,0.8177664875984192,0.0223048646003007,37.86211395263672,31.39300775527954,6.469106197357178,11.842042922973633,0,0,0,0,0,Understand
1318,0.7905888557434082,0.8145391941070557,0.7697626352310181,0.0184129551053047,0.0447765588760376,0.4456885456885457,0.0669609343061233,0.0,0.0,0.8159866333007812,0.0246703568845987,32.9976806640625,31.87985324859619,1.1178274154663086,9.743526458740234,0,0,0,0,0,Understand
1319,0.8466376662254333,0.8651292324066162,0.8316125869750977,0.0139009403064847,0.0335166454315185,0.0,0.0,0.0,0.0,0.924095332622528,0.0092932535335421,56.32612609863281,167.83761596679688,111.51148986816406,314.97371673583984,0,0,0,0,0,Create
1320,0.8356027603149414,0.8486685752868652,0.8225368857383728,0.0130658447742462,0.0261316895484924,0.0,0.0,0.0,0.0,0.8374875783920288,0.0,53.72006607055664,83.27260208129883,29.552536010742188,46.893009185791016,0,0,0,0,0,Understand
1321,0.8087453842163086,0.8359346985816956,0.7868639230728149,0.020381623879075,0.0490707755088806,0.0718294051627384,0.0811037116280119,0.0,0.0,0.7946463227272034,0.0192550420761108,51.99682235717773,23.94100332260132,28.055819034576416,7.916116714477539,0,0,0,0,0,Understand
1322,0.8901634216308594,0.9150997400283812,0.8760976791381836,0.017680799588561,0.0390020608901977,0.1587301587301587,0.0112239171616912,0.0,0.0,0.8844729065895081,0.0059102247469127,81.98600006103516,334.54737854003906,252.5613784790039,828.7682342529297,0,0,0,0,0,Understand
1323,0.8413214683532715,0.8769927024841309,0.7935837507247925,0.0351042784750461,0.0834089517593383,0.2407407407407407,0.2045437225405048,0.0,0.0,0.8308369517326355,0.0300216749310493,42.60289001464844,153.71609115600586,111.11320114135742,226.89210510253903,0,0,0,0,0,Remember
1324,0.8184989094734192,0.8480598330497742,0.7865666151046753,0.0251604411751031,0.0614932179450988,0.0517676767676767,0.0151777970709233,0.0,0.0,0.7855352759361267,0.0096555678173899,57.57498550415039,23.933871746063232,33.64111375808716,8.471843719482422,0,0,0,0,0,Understand
1325,0.8613776564598083,0.8806629180908203,0.8493173718452454,0.0137788737192749,0.0313455462455749,0.1168831168831168,0.050515356606679,0.0,0.0,0.8411006927490234,0.0150199988856911,36.51964569091797,36.32801914215088,0.1916265487670898,19.913349151611328,0,0,0,0,0,Remember
1326,0.9513460993766784,0.9577138423919678,0.9442898631095886,0.0055018905550241,0.0134239792823791,0.0,0.0,0.0,0.0,0.9416306614875792,0.0024502191226929,132.27908325195312,846.6487731933594,714.3696899414062,454.5759887695313,0,0,1,0,0,Understand
1327,0.9396765828132628,0.9482226371765136,0.9305428266525269,0.0072297076694667,0.0176798105239868,0.0,0.0,0.0,0.0,0.9404426217079164,0.0042119468562304,86.49906158447266,479.3811798095703,392.88211822509766,362.9202880859375,0,0,1,0,0,Understand
1328,0.8422734141349792,0.8746669292449951,0.8194191455841064,0.0235418640077114,0.0552477836608886,0.1111111111111111,0.0785674201318386,0.0,0.0,0.8614204525947571,0.010672366246581,85.58683776855469,327.9522066116333,242.3653688430786,942.1000480651855,0,0,0,0,0,Understand
1329,0.7991085052490234,0.8228846192359924,0.7868554592132568,0.0168148782104253,0.0360291600227355,0.1794871794871795,0.145047544858779,0.0,0.0,0.8512730002403259,0.0475871860980987,62.0522575378418,191.4162578582764,129.36400032043457,308.9589309692383,0,0,1,0,0,Understand
1330,0.8298065066337585,0.8463191986083984,0.8061931729316711,0.0171335767954587,0.0401260256767272,0.0555555555555555,0.0785674201318386,0.0,0.0,0.8281489014625549,0.0220189522951841,35.24049377441406,796.5852870941162,761.3447933197021,2765.818519592285,0,0,0,0,0,Remember
1331,0.8688066601753235,0.8737186193466187,0.8610953092575073,0.0055205435492098,0.0126233100891113,0.0,0.0,0.0,0.0,0.8699355125427246,0.0232787169516086,58.598087310791016,299.3815975189209,240.78351020812988,621.4884414672852,0,0,0,0,0,Understand
1332,0.8441428542137146,0.9005948901176453,0.7871094942092896,0.0463320426642894,0.1134853959083557,0.0,0.0,0.0,0.0,0.7680830955505371,0.0809916257858276,92.5422821044922,56.43111324310303,36.11116886138916,52.92975616455078,0,0,0,0,0,Understand
1334,0.9513249397277832,0.9614050388336182,0.9362529516220092,0.0108580654487013,0.0251520872116088,0.6363636363636364,0.0,0.0,0.0,0.9667237401008606,0.0047331154346466,53.72006607055664,69.53484153747559,15.814775466918944,1.1863327026367188,0,0,0,0,0,Understand
1335,0.8896331191062927,0.9051154255867004,0.8760792016983032,0.011932167224586,0.0290362238883972,0.1428571428571428,0.0,0.0,0.0,0.9073620438575744,0.0093948114663362,42.47530364990234,116.4355411529541,73.96023750305176,262.6753921508789,0,0,0,0,0,Create
1336,0.8053964972496033,0.8509094715118408,0.7451115250587463,0.0444369167089462,0.1057979464530944,0.0512820512820512,0.0362618862146947,0.0,0.0,0.7765622138977051,0.045667540282011,37.14897155761719,59.753061294555664,22.60408973693848,26.76719665527344,0,0,0,0,0,Understand
1337,0.8185572624206543,0.8504782915115356,0.7743693590164185,0.0322593599557876,0.0761089324951171,0.0862470862470862,0.0745191951661808,0.0,0.0,0.7909658551216125,0.039762943983078,45.89346694946289,61.91279029846192,16.019323348999023,89.59724807739258,0,0,0,0,0,Understand
1338,0.8043351173400879,0.8193844556808472,0.7943851947784424,0.0108241643756628,0.0249992609024047,0.0430555555555555,0.0304923588890279,0.0,0.0,0.8034960627555847,0.0301353931427001,49.58318328857422,23.933871746063232,25.649311542510983,8.471843719482422,0,0,0,0,0,Understand
1339,0.8763092160224915,0.8908547163009644,0.8603553771972656,0.0124910669401288,0.0304993391036987,0.0,0.0,0.0,0.0,0.9042671322822572,0.0325449407100677,56.5048828125,291.6829805374145,235.17809772491452,592.1051445007324,0,0,0,0,0,Create
1340,0.8774290084838867,0.8906406760215759,0.8693354725837708,0.0094207003712654,0.0213052034378051,0.4312354312354312,0.0329653511042679,0.0,0.0,0.8799734115600586,0.0119428010657429,31.609827041625977,27.403042316436768,4.206784725189209,5.021343231201172,0,0,0,0,0,Understand
1341,0.8177520632743835,0.8495011329650879,0.7842732667922974,0.026657236739993,0.0652278661727905,0.0,0.0,0.0,0.0,0.8575723171234131,0.0019066003151237,28.203895568847656,443.0599880218506,414.8560924530029,799.5543441772461,0,0,0,0,0,Analyze
1342,0.8581045269966125,0.8737777471542358,0.8402565717697144,0.0137710999697446,0.0335211753845214,0.0371517027863777,0.0263915621311546,0.0,0.0,0.8451342582702637,0.0129494834691286,58.75292205810547,62.43853187561035,3.685609817504883,68.12826919555664,0,0,0,0,1,Evaluate
1343,0.8093938827514648,0.8582790493965149,0.7611340284347534,0.0396617539227008,0.0971450209617614,0.15,0.1080123449734643,0.0,0.0,0.7891685962677002,0.0418346859514713,52.93598175048828,33.09011793136597,19.845863819122314,16.632083892822266,0,0,0,0,0,Remember
1344,0.888308584690094,0.8978278636932373,0.8831316828727722,0.0067397756502032,0.014696180820465,0.2498834498834499,0.1328810363641177,0.0,0.0,0.8796114921569824,0.0237197931855916,24.15086555480957,51.99418926239014,27.843323707580566,45.9384994506836,0,0,0,0,1,Analyze
1345,0.9036536812782288,0.9197281002998352,0.8762069344520569,0.0195025075227022,0.0435211658477783,0.1111111111111111,0.0,0.0,0.0,0.8900704979896545,0.0208977274596691,21.071931838989254,305.91023445129395,284.8383026123047,419.22386932373047,0,0,0,0,1,Understand
1346,0.8665463328361511,0.8740541934967041,0.8567636013031006,0.0072398101910948,0.0172905921936035,0.0,0.0,0.0,0.0,0.8836600184440613,0.0199106037616729,25.724225997924805,109.1674575805664,83.4432315826416,147.72919464111328,0,0,0,0,1,Remember
1347,0.8829252123832703,0.8985015153884888,0.8573756217956543,0.0182104874402284,0.0411258935928344,0.0,0.0,0.0,0.0,0.8697344660758972,0.0336708799004554,25.77786064147949,103.8809928894043,78.1031322479248,129.0807113647461,0,0,0,0,1,Understand
1348,0.8903653025627136,0.9055961966514589,0.8726050853729248,0.013586794026196,0.0329911112785339,0.1254545454545454,0.0077138921583986,0.0,0.0,0.8671959042549133,0.0169584900140762,25.218711853027344,38.25607633590698,13.03736448287964,12.672178268432615,0,0,0,0,1,Understand
1349,0.9581919312477112,0.9697397351264954,0.9436386823654176,0.0108655653893947,0.0261010527610778,0.0666666666666666,0.0942809041582063,0.0,0.0,0.9602453708648682,0.0074985884130001,22.162006378173828,97.6056227684021,75.44361639022827,263.0298709869385,0,0,0,0,0,Remember
1350,0.8781156539916992,0.9047515988349916,0.8294284343719482,0.0344779416918754,0.0753231644630432,0.0,0.0,0.0,0.0,0.8602244853973389,0.0488227047026157,22.95137405395508,196.80103588104248,173.8496618270874,411.31985092163086,0,0,0,0,0,Understand
1351,0.8827263712882996,0.9122912287712096,0.8645601272583008,0.0210872907191514,0.0477311015129089,0.0,0.0,0.0,0.0,0.8802351951599121,0.0335135757923126,22.70778083801269,59.74656486511231,37.03878402709961,68.79832649230957,0,0,0,0,0,Understand
1352,0.832653284072876,0.8556875586509705,0.8011705279350281,0.0230443011969327,0.0545170307159423,0.0,0.0,0.0,0.0,0.8271663784980774,0.0580550543963909,22.2761287689209,103.8809928894043,81.6048641204834,129.0807113647461,0,0,0,0,0,Understand
1353,0.9555143713951112,0.9625896215438844,0.949238896369934,0.0054796743206679,0.0133507251739501,0.0666666666666666,0.0942809041582063,0.0,0.0,0.95151025056839,0.0110630569979548,23.55828285217285,336.1267957687378,312.56851291656494,793.1558418273926,0,0,0,0,0,Create
1354,0.8014407157897949,0.8214932680130005,0.7904258966445923,0.0142022240906953,0.0310673713684082,0.369047619047619,0.0841793787126842,0.0,0.0,0.8543794751167297,0.0137634398415684,30.945877075195312,68.39155006408691,37.4456729888916,68.34590148925781,0,0,0,0,0,Understand
1355,0.877210795879364,0.9057886600494384,0.8462977409362793,0.0243431311100721,0.0594909191131591,0.0,0.0,0.0,0.0,0.8723741173744202,0.0368266366422176,27.1711368560791,132.3220558166504,105.15091896057127,129.26557159423828,0,0,1,0,0,Understand
1356,0.9081835150718688,0.933802366256714,0.8875308036804199,0.01921390555799,0.0462715625762939,0.0,0.0,0.0,0.0,0.8881411552429199,0.0318949967622756,28.332529067993164,59.74656486511231,31.41403579711914,68.79832649230957,0,0,0,0,0,Understand
1357,0.9158418774604796,0.9247481822967528,0.9069464206695556,0.0072675426490604,0.0178017616271972,0.0666666666666666,0.0942809041582063,0.0,0.0,0.9046493172645568,0.018808851018548,29.389575958251957,336.1267957687378,306.73721981048584,793.1558418273926,0,0,0,0,0,Create
1358,0.8614854216575623,0.895455002784729,0.8177722096443176,0.0324536375701427,0.0776827931404113,0.0909090909090909,1.3877787807814457e-17,0.0,0.0,0.8781315684318542,0.013403688557446,30.363887786865234,84.23600006103516,53.87211227416992,119.44271469116212,0,0,0,0,0,Understand
1359,0.9675557613372804,0.9735538959503174,0.9571810960769652,0.0073658064939081,0.016372799873352,0.6363636363636364,0.0,0.0,0.0,0.9513493180274964,0.0118621001020073,53.72006607055664,77.73959922790527,24.019533157348636,1.655792236328125,0,0,0,0,0,Understand
1360,0.921763241291046,0.941924214363098,0.9053268432617188,0.0151711562648415,0.0365973711013793,0.3333333333333333,0.0,0.0,0.0,0.9070398211479188,0.0074707665480673,43.37490463256836,105.1576099395752,61.78270530700684,20.220359802246094,0,0,0,0,0,Understand
1361,0.6157951951026917,0.6450828313827515,0.5964305400848389,0.0210651364177465,0.0486522912979126,0.0,0.0,0.0,0.0,0.801213800907135,0.0333657227456569,42.08735275268555,46.49560260772705,4.408249855041504,38.773807525634766,0,0,0,0,0,Understand
1362,0.893321692943573,0.9199377298355104,0.8789372444152832,0.018840892240405,0.041000485420227,0.1587301587301587,0.0112239171616912,0.0,0.0,0.8862512707710266,0.001933459425345,81.98600006103516,318.8021850585937,236.8161849975586,760.5222015380859,0,0,0,0,0,Understand
1363,0.8585330843925476,0.8769927024841309,0.8311668634414673,0.0197399444878101,0.0458258390426635,0.2916666666666667,0.2124591463996993,0.0,0.0,0.8136253356933594,0.0281168315559625,42.60289001464844,153.71609115600586,111.11320114135742,226.89210510253903,0,0,0,0,0,Remember
1364,0.7847552299499512,0.7953089475631714,0.7723900079727173,0.0094438837841153,0.0229189395904541,0.0718294051627384,0.0811037116280119,0.0,0.0,0.8192790150642395,0.0241753216832876,57.57498550415039,23.933871746063232,33.64111375808716,8.471843719482422,0,0,0,0,0,Understand
1365,0.8613776564598083,0.8806629180908203,0.8493173718452454,0.0137788737192749,0.0313455462455749,0.1168831168831168,0.050515356606679,0.0,0.0,0.8411006927490234,0.0150199988856911,36.51964569091797,36.32801914215088,0.1916265487670898,19.913349151611328,0,0,0,0,0,Remember
1366,0.8193299174308777,0.859024167060852,0.7979624271392822,0.0280954986810684,0.0610617399215698,0.0175438596491228,0.0248107642521595,0.0,0.0,0.8195247054100037,0.0146233979612588,34.588470458984375,37.82424211502075,3.235771656036377,44.84898376464844,0,0,0,0,1,Understand
1367,0.8386051058769226,0.8615579009056091,0.8252312541007996,0.0163038652390241,0.0363266468048095,0.2428419533682691,0.0150296327387888,0.0,0.0,0.8222965598106384,0.0113152470439672,44.9887809753418,37.00549840927124,7.983282566070557,16.986032485961914,0,0,0,0,0,Remember
1368,0.7710404992103577,0.7959440350532532,0.7546769380569458,0.0178967546671628,0.0412670969963073,0.0576480990274093,0.029991335518219,0.0,0.0,0.7903239130973816,0.001576964277774,66.17121124267578,36.53861856460571,29.63259267807007,18.296186447143555,0,0,0,0,0,Remember
1369,0.8937392234802246,0.9173753261566162,0.8732368350028992,0.0181552022695541,0.044138491153717,0.2444444444444444,0.0628539361054708,0.0,0.0,0.8754928708076477,0.0397367887198925,28.098876953125,64.51787948608398,36.41900253295898,59.58553695678711,0,0,0,0,0,Analyze
1370,0.8032474517822266,0.8160433769226074,0.7890248894691467,0.0110762827098369,0.0270184874534606,0.074074074074074,0.0523782800878924,0.0,0.0,0.7619836926460266,0.0230174921452999,62.29598617553711,55.30317163467407,6.992814540863037,56.60220909118652,0,0,0,0,0,Evaluate
1371,0.8737022280693054,0.8972961902618408,0.8566264510154724,0.017231211066246,0.0406697392463684,0.3484848484848484,0.0214274782177741,0.0,0.0,0.8749281764030457,0.0051107625477015,25.174293518066406,25.4431676864624,0.2688741683959961,11.90399169921875,0,0,0,0,0,Understand
1372,0.8105931878089905,0.8175686597824097,0.804531991481781,0.0053613116033375,0.0130366683006286,0.5238095238095238,0.0336717514850736,0.0,0.0,0.8453137278556824,0.0288910679519176,24.22997093200684,19.76350879669189,4.466462135314941,5.990989685058594,0,0,0,0,0,Remember
1373,0.8485026359558105,0.8759084939956665,0.832021951675415,0.0195111148059368,0.0438865423202514,0.0,0.0,0.0,0.0,0.8479499816894531,0.0079526947811245,45.78705978393555,45.03874206542969,0.7483177185058594,71.1048469543457,0,0,0,0,0,Remember
1374,0.8255465626716614,0.8313543200492859,0.8175808787345886,0.0058263498358428,0.0137734413146972,0.3575757575757576,0.0599969390097676,0.0,0.0,0.8836598992347717,0.0103893429040908,32.0265998840332,63.17801094055176,31.151411056518555,52.37467575073242,0,0,0,0,0,Analyze
1375,0.8835461735725403,0.9227008819580078,0.8497954607009888,0.0300077944993972,0.072905421257019,0.7127715951245364,0.0120612683378283,0.0,0.0,0.8462693691253662,0.0238936524838209,26.10570526123047,35.38886833190918,9.283163070678713,10.08486557006836,0,0,0,0,0,Understand
1376,0.907329559326172,0.9111086130142212,0.9032776951789856,0.0032027787528932,0.0078309178352355,0.1666666666666666,0.2357022603955158,0.0,0.0,0.8814880847930908,0.0079055670648813,51.71091842651367,95.46769905090332,43.75678062438965,26.318145751953125,0,0,0,0,1,Understand
1377,0.8246678709983826,0.9040545225143432,0.7526911497116089,0.0620155818760395,0.1513633728027343,0.1148459383753501,0.0396138252765572,0.0,0.0,0.7837219834327698,0.0323468521237373,35.908966064453125,51.11131238937378,15.202346324920654,75.88707733154297,0,0,0,0,1,Understand
1378,0.8082556128501892,0.8228773474693298,0.7926410436630249,0.0123638631775975,0.0302363038063049,0.1514592933947772,0.0702895491225747,0.0,0.0,0.8459464907646179,0.0162626896053552,30.369672775268555,28.972625732421875,1.3970470428466797,11.811290740966797,0,0,0,0,1,Remember
1379,0.8714776635169983,0.8841429352760315,0.8617986440658569,0.0093632172793149,0.0223442912101745,0.0,0.0,0.0,0.0,0.8799643516540527,0.0100026503205299,31.792787551879883,508.93248748779297,477.1396999359131,893.073486328125,0,0,0,0,0,Remember
1380,0.8293752670288086,0.8703503608703613,0.7788130044937134,0.0379798784852027,0.0915373563766479,0.0,0.0,0.0,0.0,0.82435542345047,0.0059710028581321,27.27371025085449,52.31242847442627,25.038718223571777,46.58536148071289,0,0,0,0,0,Understand
1381,0.8740474581718445,0.8754998445510864,0.8721883296966553,0.0013821809552609,0.0033115148544311,0.2012820512820513,0.039265109823368,0.0,0.0,0.9147777557373048,0.0061655747704207,30.56064987182617,30.046523571014404,0.5141263008117676,16.020750045776367,0,0,0,0,0,Understand
1382,0.8391531109809875,0.8605419397354126,0.812896728515625,0.019753249362111,0.0476452112197876,0.2857142857142857,0.2020305089104421,0.0,0.0,0.8664056658744812,0.007781152613461,45.96413040161133,309.7009563446045,263.7368259429932,933.8997116088868,0,0,0,0,0,Understand
1383,0.8574267029762268,0.8681279420852661,0.8487064838409424,0.0080515667796134,0.0194214582443237,0.0,0.0,0.0,0.0,0.9028175473213196,0.0202164500951766,41.43450164794922,35.316707134246826,6.117794513702393,27.24025154113769,0,0,0,0,0,Understand
1387,0.8143947720527649,0.8375474214553833,0.7955722212791443,0.0174076836556196,0.041975200176239,0.0277777777777777,0.0392837100659193,0.0,0.0,0.8333465456962585,0.0071940994821488,38.42050552368164,800.506669998169,762.0861644744873,2777.4565048217773,0,0,0,0,0,Understand
1388,0.8701378703117371,0.8786827921867371,0.8654873371124268,0.0060500781983137,0.0131954550743103,0.0,0.0,0.0,0.0,0.9094693064689636,0.0093008624389767,44.11251068115234,80.18903255462646,36.07652187347412,102.81929397583008,0,0,0,0,1,Understand
1389,0.9359567165374756,0.9396297335624696,0.9298192262649536,0.0043678055517375,0.0098105072975158,0.3333333333333333,0.0,0.0,0.0,0.9335319995880128,0.0103332577273249,42.63046646118164,105.1576099395752,62.52714347839356,20.220359802246094,0,0,0,0,1,Understand
1390,0.8541381359100342,0.8614052534103394,0.8487293720245361,0.005339138675481,0.0126758813858032,0.1666666666666666,0.2357022603955158,0.0,0.0,0.8597335815429688,0.0183092653751373,59.866172790527344,95.36637878417967,35.500205993652344,26.318145751953125,0,0,0,0,1,Understand
1391,0.837925910949707,0.8607178926467896,0.7953912019729614,0.0301023311913013,0.0653266906738281,0.0256410256410256,0.0362618862146947,0.0,0.0,0.8237906098365784,0.0210924241691827,29.92733383178711,58.78641414642334,28.85908031463623,89.59724807739258,0,0,0,0,0,Understand
1392,0.8767122626304626,0.8999142646789551,0.8551252484321594,0.0183206647634506,0.0447890162467956,0.0,0.0,0.0,0.0,0.9092456698417664,0.023158710449934,40.77256774902344,291.6829805374145,250.9104127883911,592.1051445007324,0,0,0,0,1,Create
1393,0.8492610454559326,0.8673049211502075,0.8399763107299805,0.0127607649192214,0.027328610420227,0.0,0.0,0.0,0.0,0.8162505030632019,0.0236173905432224,76.75402069091797,58.98918056488037,17.764840126037598,80.75769805908203,0,0,0,0,1,Evaluate
1394,0.8261359333992004,0.8556315898895264,0.7895240187644958,0.0274534039199352,0.0661075711250305,0.1528822055137844,0.1291152568660777,0.0,0.0,0.839986264705658,0.0294563453644514,55.08102416992188,27.69168186187744,27.389342308044437,16.1279296875,0,0,0,0,1,Remember
1395,0.8638439178466797,0.8862300515174866,0.8289761543273926,0.0249845925718545,0.0572538971900939,0.2727272727272727,0.0,0.0,0.0,0.8550298810005188,0.03505415096879,31.488191604614254,63.17801094055176,31.6898193359375,52.37467575073242,0,0,0,0,1,Analyze
1397,0.8750439286231995,0.9010990858078004,0.8350399136543274,0.0287156347185373,0.0660591721534729,0.0833333333333333,0.1178511301977579,0.0,0.0,0.8192444443702698,0.0251397248357534,25.174293518066406,68.20766735076904,43.03337383270264,64.05610275268555,0,0,0,0,0,Understand
1398,0.8374808430671692,0.8713589310646057,0.8155255317687988,0.0243030097335577,0.0558333992958068,0.0965309200603318,0.0979115074939214,0.0,0.0,0.8020679950714111,0.0252828113734722,48.1746826171875,55.11603832244873,6.941355705261231,31.76817321777344,0,0,0,1,1,Understand
1399,0.8164859414100647,0.8338872194290161,0.7883397340774536,0.0200870465487241,0.0455474853515625,0.0,0.0,0.0,0.0,0.7696492671966553,0.0362576059997081,82.85138702392578,132.02433013916016,49.172943115234375,194.36944580078125,0,0,0,0,0,Understand
1400,0.9041784405708312,0.9077924489974976,0.9009667634963988,0.0028010562527924,0.0068256855010986,0.0,0.0,0.0,0.0,0.9123251438140868,0.0061994143761694,44.6906852722168,504.6296501159668,459.93896484375,901.7080535888672,0,0,0,0,1,Analyze
1401,0.8237622380256653,0.8664613366127014,0.7773069143295288,0.0364939197897911,0.0891544222831726,0.199074074074074,0.1539656402621841,0.0,0.0,0.8198849558830261,0.0321145914494991,54.72495651245117,153.71609115600586,98.99113464355467,226.89210510253903,0,0,0,0,0,Remember
1402,0.7753966450691223,0.8067409992218018,0.751152515411377,0.0232426300644874,0.0555884838104248,0.0675925925925925,0.0309597286987046,0.0,0.0,0.8057621121406555,0.0208600554615259,26.81207847595215,39.52139616012573,12.709317684173584,20.99342536926269,0,0,0,0,0,Understand
1403,0.8413782119750977,0.8476535081863403,0.8289759159088135,0.0087699564173817,0.0186775922775268,0.0297619047619047,0.0211846790714906,0.0,0.0,0.8423676490783691,0.0092117739841341,28.02230834960937,57.116562843322754,29.09425449371338,43.84981155395508,0,0,0,0,1,Understand
1404,0.8239266872406006,0.8404039740562439,0.7965216636657715,0.0195102579891681,0.0438823103904724,0.0309523809523809,0.0235702260395515,0.0,0.0,0.84808349609375,0.0232491940259933,22.909523010253903,28.972625732421875,6.063102722167969,11.811290740966797,0,0,0,0,1,Remember
1405,0.7762821316719055,0.7852325439453125,0.7651443481445312,0.0083455564454197,0.0200881958007812,0.0,0.0,0.0,0.0,0.7918619513511658,0.0258644018322229,29.998119354248047,110.54813957214355,80.55002021789551,152.07676315307617,0,0,0,0,0,Remember
1406,0.8316383361816406,0.840812623500824,0.8255796432495117,0.0065975589677691,0.0152329802513122,0.0,0.0,0.0,0.0,0.8144899010658264,0.0288236699998378,38.19594955444336,44.795989990234375,6.600040435791016,28.96738052368164,0,0,0,0,0,Remember
1407,0.8358945250511169,0.8494906425476074,0.8262467980384827,0.0098914736881852,0.0232438445091247,0.029040404040404,0.0205928111493688,0.0,0.0,0.8281429409980774,0.0206572283059358,34.50471496582031,49.84287643432617,15.33816146850586,71.1048469543457,0,0,0,0,1,Remember
1408,0.8788005709648132,0.8940695524215698,0.868491530418396,0.0110154571011662,0.0255780220031738,0.0,0.0,0.0,0.0,0.8726415634155273,0.0091338930651545,31.792787551879883,508.93248748779297,477.1396999359131,893.073486328125,0,0,0,0,0,Remember
1410,0.9370191693305968,0.9454229474067688,0.930033802986145,0.0063621466979384,0.0153891444206237,0.0,0.0,0.0,0.0,0.9380852580070496,0.0146986357867717,26.15091133117676,234.0828161239624,207.93190479278564,594.3728294372559,0,0,0,0,1,Analyze
1411,0.8651759028434753,0.8928660750389099,0.8399428129196167,0.0216755717992782,0.0529232621192932,0.1111111111111111,0.0,0.0,0.0,0.8446477055549622,0.0271919798105955,28.758508682250977,219.39850997924805,190.64000129699707,419.22386932373047,0,0,0,0,1,Understand
1412,0.864197313785553,0.8693915009498596,0.8580269813537598,0.0046906089410185,0.0113645195960998,0.0,0.0,0.0,0.0,0.8938910365104675,0.0337662287056446,27.644683837890625,109.1674575805664,81.52277374267578,147.72919464111328,0,0,0,0,1,Remember
1413,0.8626208305358887,0.8908219337463379,0.8332692980766296,0.0235098414123058,0.0575526356697082,0.0773420479302832,0.073672498557346,0.0,0.0,0.859523594379425,0.0294939242303371,28.758262634277344,65.97403526306152,37.21577262878418,64.16102600097656,0,0,0,0,1,Understand
1414,0.898556649684906,0.914811670780182,0.8879624605178833,0.0116691654548048,0.0268492102622985,0.1254545454545454,0.0077138921583986,0.0,0.0,0.8552590012550354,0.0079726902768015,29.44429397583008,36.92706251144409,7.482768535614014,12.672178268432615,0,0,0,0,1,Understand
1415,0.965116560459137,0.972425103187561,0.951220691204071,0.0098303006961941,0.0212044119834899,0.0666666666666666,0.0942809041582063,0.0,0.0,0.9644896984100342,0.0063700228929519,24.031835556030277,97.6056227684021,73.57378721237183,263.0298709869385,0,0,0,0,1,Remember
1416,0.8965981602668762,0.926291525363922,0.8775995373725891,0.021268306300044,0.048691987991333,0.0,0.0,0.0,0.0,0.884800910949707,0.0262062642723321,16.7935848236084,210.2650365829468,193.4714517593384,411.31985092163086,0,0,0,0,1,Understand
1417,0.9032700657844543,0.9160473942756652,0.8897362351417542,0.0107547985389828,0.0263111591339111,0.1888888888888888,0.0157134840263677,0.0,0.0,0.9288117289543152,0.018001552671194,25.122758865356445,191.01349544525144,165.89073657989502,430.06837463378906,0,0,0,0,1,Remember
1418,0.907886564731598,0.9190479516983032,0.8998594284057617,0.0081411506980657,0.0191885232925415,0.1101449275362318,0.0829005776584063,0.0,0.0,0.9112299084663392,0.0177453737705945,22.736536026000977,39.81793880462647,17.08140277862549,19.05356216430664,0,0,0,0,1,Understand
1419,0.8780301213264465,0.8947409391403198,0.8567405343055725,0.0158478561788797,0.0380004048347473,0.0381263616557734,0.0269924002034071,0.0,0.0,0.8825871348381042,0.034650020301342,24.19504737854004,42.65145826339722,18.456410884857178,51.771615982055664,0,0,0,0,1,Understand
1420,0.9038212895393372,0.918731689453125,0.8899829387664795,0.0117610776796936,0.0287487506866455,0.0,0.0,0.0,0.0,0.906042754650116,0.0463007315993309,20.076574325561523,109.1674575805664,89.09088325500488,147.72919464111328,0,0,0,0,0,Understand
1421,0.7968879342079163,0.8294716477394104,0.7550985217094421,0.0310526397079229,0.0743731260299682,0.369047619047619,0.0841793787126842,0.0,0.0,0.8280689716339111,0.0539621300995349,21.808757781982425,68.39155006408691,46.58279228210449,68.34590148925781,0,0,0,0,0,Understand
1422,0.9074833989143372,0.925944685935974,0.8768258094787598,0.0218285601586103,0.0491188764572143,0.0,0.0,0.0,0.0,0.894496738910675,0.0438301302492618,21.17269515991211,248.53107929229736,227.35838413238525,724.2553825378418,0,0,0,0,1,Create
1423,0.8963426947593689,0.9334936141967772,0.8402600288391113,0.040347933769226,0.093233585357666,0.0699346405228758,0.0765515464420984,0.0,0.0,0.8376569151878357,0.049686063081026,21.98382568359375,36.50450038909912,14.520674705505373,23.441146850585938,0,0,0,0,1,Remember
1424,0.8675870895385742,0.8782826662063599,0.853418231010437,0.0104437479749321,0.0248644351959228,0.0,0.0,0.0,0.0,0.9160170555114746,0.0128117520362138,20.774280548095703,107.98234176635742,87.20806121826172,117.3048324584961,0,0,0,0,0,Create
1425,0.8541381359100342,0.8614052534103394,0.8487293720245361,0.005339138675481,0.0126758813858032,0.1666666666666666,0.2357022603955158,0.0,0.0,0.8597335815429688,0.0183092653751373,59.866172790527344,95.36637878417967,35.500205993652344,26.318145751953125,0,0,0,0,1,Understand
1426,0.8082556128501892,0.8228773474693298,0.7926410436630249,0.0123638631775975,0.0302363038063049,0.1514592933947772,0.0702895491225747,0.0,0.0,0.8459464907646179,0.0162626896053552,30.369672775268555,28.972625732421875,1.3970470428466797,11.811290740966797,0,0,0,0,1,Remember
1427,0.842503547668457,0.8635228872299194,0.8306356072425842,0.0149042485281825,0.0328872799873352,0.0,0.0,0.0,0.0,0.8479499816894531,0.0079526947811245,45.78705978393555,49.84287643432617,4.055816650390625,71.1048469543457,0,0,0,0,0,Remember
1428,0.8255465626716614,0.8313543200492859,0.8175808787345886,0.0058263498358428,0.0137734413146972,0.3575757575757576,0.0599969390097676,0.0,0.0,0.8836598992347717,0.0103893429040908,32.0265998840332,63.17801094055176,31.151411056518555,52.37467575073242,0,0,0,0,0,Analyze
1429,0.9602683782577516,0.9602683782577516,0.9602683782577516,0.0,0.0,0.0,0.0,0.0,0.0,0.0,0.0,32.152225494384766,1902.5765075683596,1870.4242820739744,3230.844055175781,0,0,0,0,1,Apply
1430,0.8714776635169983,0.8841429352760315,0.8617986440658569,0.0093632172793149,0.0223442912101745,0.0,0.0,0.0,0.0,0.8799643516540527,0.0100026503205299,31.792787551879883,508.93248748779297,477.1396999359131,893.073486328125,0,0,0,0,0,Remember
1431,0.9041784405708312,0.9077924489974976,0.9009667634963988,0.0028010562527924,0.0068256855010986,0.0,0.0,0.0,0.0,0.9123251438140868,0.0061994143761694,44.6906852722168,504.6296501159668,459.93896484375,901.7080535888672,0,0,0,0,1,Analyze
1432,0.8285596966743469,0.8490241765975952,0.7976992130279541,0.0222054421901702,0.0513249635696411,0.0,0.0,0.0,0.0,0.82435542345047,0.0059710028581321,27.27371025085449,57.116562843322754,29.84285259246826,43.84981155395508,0,0,0,0,0,Understand
1433,0.8737022280693054,0.8972961902618408,0.8566264510154724,0.017231211066246,0.0406697392463684,0.3484848484848484,0.0214274782177741,0.0,0.0,0.8749281764030457,0.0051107625477015,25.174293518066406,25.4431676864624,0.2688741683959961,11.90399169921875,0,0,0,0,0,Understand
1434,0.9498062133789062,0.9498062133789062,0.9498062133789062,0.0,0.0,0.0,0.0,0.0,0.0,0.0,0.0,30.18779754638672,1902.5765075683596,1872.3887100219729,3230.844055175781,0,0,0,0,1,Apply
1435,0.9425371885299684,0.9425371885299684,0.9425371885299684,0.0,0.0,0.0,0.0,0.0,0.0,0.0,0.0,55.65785598754883,432.1442565917969,376.4864006042481,328.20611572265625,0,0,0,0,1,Understand
1436,0.8104322552680969,0.8255922794342041,0.8001348376274109,0.0109469648450613,0.0254574418067932,0.0,0.0,0.0,0.0,0.8068229556083679,0.0220433827489614,45.595062255859375,66.75341033935547,21.158348083496094,51.63549423217773,0,0,0,0,0,Understand
1437,0.7495830655097961,0.7797828316688538,0.6945834159851074,0.0389530919492244,0.0851994156837463,0.0144927536231884,0.0204958487300448,0.0,0.0,0.736513078212738,0.0461381301283836,57.37771224975586,66.64382362365723,9.266111373901367,69.16041946411133,0,0,0,0,1,Understand
1438,0.9645389914512634,0.9769467115402222,0.9493744373321532,0.0114238793030381,0.0275722742080688,0.1333333333333333,0.0942809041582063,0.0,0.0,0.9441091418266296,0.0139866983518004,41.15147018432617,32.09489345550537,9.0565767288208,22.77292251586914,0,0,0,0,0,Remember
1439,0.8501558899879456,0.8955161571502686,0.8154037594795227,0.0335549004375934,0.0801123976707458,0.2112288786482334,0.1276766641846616,0.0,0.0,0.7900069355964661,0.0099580083042383,30.21808433532715,30.118767738342285,0.0993165969848632,19.700410842895508,0,0,0,0,0,Understand
1440,0.9520779848098756,0.9520779848098756,0.9520779848098756,0.0,0.0,0.0,0.0,0.0,0.0,0.0,0.0,33.153419494628906,1902.5765075683596,1869.4230880737305,3230.844055175781,0,0,0,0,1,Apply
1441,0.9685570001602172,0.9685570001602172,0.9685570001602172,0.0,0.0,0.0,0.0,0.0,0.0,0.0,0.0,21.02350234985352,1902.5765075683596,1881.5530052185056,3230.844055175781,0,0,0,0,1,Remember
1442,0.7427770495414734,0.8407347202301025,0.5886878371238708,0.1102874130010604,0.2520468831062317,0.1931161931161931,0.1366955455943085,0.0,0.0,0.6988928914070129,0.1192624941468238,39.33770751953125,42.222923278808594,2.885215759277344,47.43181228637695,0,0,0,0,0,Remember
1443,0.7863022685050964,0.8296368718147278,0.7572664618492126,0.0312272496521472,0.0723704099655151,0.1221340388007054,0.106371651999139,0.0,0.0,0.8381507396697998,0.0036063422448933,41.20065307617188,31.78257703781128,9.418076038360596,19.250341415405277,0,0,0,0,0,Remember
1444,0.7815828323364258,0.7930741310119629,0.7706067562103271,0.0091794999316334,0.0224673748016357,0.1208379681127178,0.0529521076171764,0.0,0.0,0.8068413734436035,0.0216508358716964,51.417022705078125,33.130475997924805,18.28654670715332,20.61213493347168,0,0,0,0,0,Understand
1445,0.8355348706245422,0.8592385649681091,0.8169867992401123,0.0176302436739206,0.0422517657279968,0.1428571428571428,0.2020305089104421,0.0,0.0,0.9092158675193788,0.02302180044353,30.166234970092773,66.81596946716309,36.64973449707031,57.1566047668457,0,0,0,0,0,Understand
1446,0.7625815272331238,0.8754101991653442,0.6092284917831421,0.1123827993869781,0.2661817073822021,0.2047901560096682,0.1450333922271503,0.0,0.0,0.6835127472877502,0.1179367303848266,36.44819641113281,42.222923278808594,5.774726867675781,47.43181228637695,0,0,0,0,0,Remember
1447,0.7814443707466125,0.7988336086273193,0.7557038068771362,0.018571563065052,0.0431298017501831,0.0,0.0,0.0,0.0,0.7710108757019043,0.0701071321964263,49.00678253173828,31.78257703781128,17.224205493927002,19.250341415405277,0,0,0,0,0,Remember
1448,0.8282333016395569,0.8410488367080688,0.8054399490356445,0.016158927232027,0.0356088876724243,0.0208333333333333,0.0294627825494394,0.0,0.0,0.8363329768180847,0.0181141607463359,48.59346771240234,34.08035898208618,14.513108730316162,16.812602996826172,0,0,0,0,0,Understand
1449,0.8716608881950378,0.8923755288124084,0.8429632186889648,0.0209474209696054,0.0494123101234436,0.1888888888888888,0.0157134840263677,0.0,0.0,0.8854458928108215,0.0332630462944507,43.7219352722168,314.1902370452881,270.4683017730713,669.0293807983398,0,0,0,0,0,Create
1450,0.8084635734558105,0.8561144471168518,0.7740304470062256,0.0347896218299865,0.0820840001106262,0.0611693548387096,0.0416015837526041,0.0,0.0,0.8317503333091736,0.0361858084797859,22.44094657897949,30.118767738342285,7.677821159362793,19.700410842895508,0,0,0,0,0,Understand
1451,0.8011141419410706,0.8096188902854919,0.7889090180397034,0.0088504217565059,0.0207098722457885,0.0767676767676767,0.0880122057001695,0.0,0.0,0.794494092464447,0.0227325707674026,20.95390510559082,34.01384973526001,13.05994462966919,28.16799545288086,0,0,0,0,0,Understand
1455,0.7427770495414734,0.8407347202301025,0.5886878371238708,0.1102874130010604,0.2520468831062317,0.1931161931161931,0.1366955455943085,0.0,0.0,0.6988928914070129,0.1192624941468238,39.33770751953125,42.222923278808594,2.885215759277344,47.43181228637695,0,0,0,0,0,Remember
1456,0.7863022685050964,0.8296368718147278,0.7572664618492126,0.0312272496521472,0.0723704099655151,0.1221340388007054,0.106371651999139,0.0,0.0,0.8381507396697998,0.0036063422448933,41.20065307617188,31.78257703781128,9.418076038360596,19.250341415405277,0,0,0,0,0,Remember
1457,0.7957003116607666,0.807807445526123,0.7788197994232178,0.0123060978949069,0.0289876461029052,0.1208379681127178,0.0529521076171764,0.0,0.0,0.8120503425598145,0.0186767112463712,50.77236175537109,33.130475997924805,17.64188575744629,20.61213493347168,0,0,0,0,0,Understand
1458,0.8115057945251465,0.8350269198417664,0.7712820768356323,0.0285783447325229,0.063744843006134,0.0,0.0,0.0,0.0,0.8228346705436707,0.0027590130921453,34.411041259765625,35.16566181182861,0.7546205520629883,28.16799545288086,0,0,0,0,0,Understand
1459,0.8501558899879456,0.8955161571502686,0.8154037594795227,0.0335549004375934,0.0801123976707458,0.2112288786482334,0.1276766641846616,0.0,0.0,0.7900069355964661,0.0099580083042383,30.21808433532715,30.118767738342285,0.0993165969848632,19.700410842895508,0,0,0,0,0,Understand
1460,0.9685570001602172,0.9685570001602172,0.9685570001602172,0.0,0.0,0.0,0.0,0.0,0.0,0.0,0.0,21.02350234985352,1902.5765075683596,1881.5530052185056,3230.844055175781,0,0,0,0,1,Remember
1461,0.8115057945251465,0.8350269198417664,0.7712820768356323,0.0285783447325229,0.063744843006134,0.0,0.0,0.0,0.0,0.8228346705436707,0.0027590130921453,34.411041259765625,35.16566181182861,0.7546205520629883,28.16799545288086,0,0,0,0,0,Understand
1462,0.8183326721191406,0.8436939716339111,0.7984275817871094,0.0188783686608076,0.0452663898468017,0.0507672634271099,0.0062881283136287,0.0,0.0,0.8193104863166809,0.0095298942178487,92.3494644165039,37.788536071777344,54.56092834472656,10.960750579833984,0,0,0,0,0,Understand
1463,0.8874358534812927,0.915981948375702,0.8609445691108704,0.0225158501416444,0.0550373792648315,0.2,2.775557561562892e-17,0.0,0.0,0.8677182197570801,0.0160363689064979,18.60639953613281,71.39823818206787,52.79183864593506,70.41396713256836,0,0,0,0,0,Understand
1464,0.880805492401123,0.9215615391731262,0.8379021286964417,0.0341875441372394,0.0836594104766845,0.0,0.0,0.0,0.0,0.8512672781944275,0.0377801954746246,46.939231872558594,305.2233047485352,258.28407287597656,535.6380844116211,0,0,0,0,1,Understand
1465,0.8965998291969299,0.916458249092102,0.8817340731620789,0.0146090500056743,0.0347241759300231,0.0,0.0,0.0,0.0,0.8743128776550293,0.0030748345889151,47.89908981323242,984.5976419448853,936.6985521316528,2089.4997520446777,0,0,0,0,1,Understand
1466,0.678765594959259,0.6934140920639038,0.6601511836051941,0.0138660762459039,0.0332629084587097,0.0196078431372549,0.0277296776935901,0.0,0.0,0.7952089309692383,0.0021542010363191,62.34882354736328,47.4779372215271,14.870886325836182,45.02041053771973,0,0,0,0,0,Remember
1467,0.8258751034736633,0.8441216349601746,0.8163262605667114,0.0129068978130817,0.0277953743934631,0.0,0.0,0.0,0.0,0.8045867085456848,0.0113089699298143,36.86676025390625,45.35584592819214,8.489085674285889,31.06373786926269,0,0,0,0,0,Create
1468,0.8604547381401062,0.8730044364929199,0.8443485498428345,0.0119659695774316,0.0286558866500854,0.2,2.775557561562892e-17,0.0,0.0,0.8491722941398621,0.0306754801422357,32.208587646484375,438.0081825256348,405.7995948791504,787.6720733642578,0,0,0,0,0,Remember
1469,0.8871565461158752,0.8967413902282715,0.8742575645446777,0.0094734160229563,0.0224838256835937,0.0,0.0,0.0,0.0,0.9009087681770324,0.0029897489584982,43.55855178833008,214.9120140075684,171.35346221923828,261.5856475830078,0,0,0,0,0,Remember
1470,0.7825697064399719,0.8226583003997803,0.7265881896018982,0.0407987423241138,0.096070110797882,0.1369047619047619,0.1169457303832648,0.0,0.0,0.7779977917671204,0.0392337702214717,66.39295959472656,95.46301555633544,29.070055961608887,250.2407264709473,0,0,0,0,0,Remember
1471,0.8483350872993469,0.8553664684295654,0.8370498418807983,0.0080600753426551,0.018316626548767,0.0,0.0,0.0,0.0,0.852610170841217,0.0264649055898189,58.02962493896485,566.8668966293335,508.8372716903687,1882.121654510498,0,0,0,0,0,Understand
1472,0.8104322552680969,0.8255922794342041,0.8001348376274109,0.0109469648450613,0.0254574418067932,0.0,0.0,0.0,0.0,0.8068229556083679,0.0220433827489614,45.595062255859375,66.75341033935547,21.158348083496094,51.63549423217773,0,0,0,0,0,Understand
1473,0.7571727633476257,0.7993648052215576,0.703228771686554,0.0401174426078796,0.0961360335350036,0.0144927536231884,0.0204958487300448,0.0,0.0,0.7076929211616516,0.0466982461512088,55.83883285522461,66.64382362365723,10.804990768432615,69.16041946411133,0,0,0,0,0,Understand
1475,0.8617420196533203,0.8870120644569397,0.8385567665100098,0.0198366399854421,0.0484552979469299,0.0,0.0,0.0,0.0,0.8635167479515076,0.0297364108264446,37.87736129760742,266.4848213195801,228.60746002197263,386.1207275390625,0,0,0,0,0,Understand
1476,0.8895601630210876,0.8953390717506409,0.8817340731620789,0.0057397494092583,0.013604998588562,0.0,0.0,0.0,0.0,0.8646536469459534,0.0100999120622873,47.89908981323242,791.4007120132446,743.5016222000122,1370.8331260681152,0,0,0,0,1,Understand
1477,0.678765594959259,0.6934140920639038,0.6601511836051941,0.0138660762459039,0.0332629084587097,0.0196078431372549,0.0277296776935901,0.0,0.0,0.7952089309692383,0.0021542010363191,62.34882354736328,47.4779372215271,14.870886325836182,45.02041053771973,0,0,0,0,0,Remember
1478,0.8258751034736633,0.8441216349601746,0.8163262605667114,0.0129068978130817,0.0277953743934631,0.0,0.0,0.0,0.0,0.8045867085456848,0.0113089699298143,36.86676025390625,45.35584592819214,8.489085674285889,31.06373786926269,0,0,0,0,0,Create
1479,0.8115401268005371,0.8337607383728027,0.7988793849945068,0.0157632604241371,0.0348813533782959,0.0507672634271099,0.0062881283136287,0.0,0.0,0.8193104863166809,0.0095298942178487,92.3494644165039,38.09771251678467,54.25175189971924,10.960750579833984,0,0,0,0,0,Understand
1480,0.8874358534812927,0.915981948375702,0.8609445691108704,0.0225158501416444,0.0550373792648315,0.2,2.775557561562892e-17,0.0,0.0,0.8677182197570801,0.0160363689064979,18.60639953613281,71.39823818206787,52.79183864593506,70.41396713256836,0,0,0,0,0,Understand
1481,0.880805492401123,0.9215615391731262,0.8379021286964417,0.0341875441372394,0.0836594104766845,0.0,0.0,0.0,0.0,0.8512672781944275,0.0377801954746246,46.939231872558594,305.2233047485352,258.28407287597656,535.6380844116211,0,0,0,0,1,Understand
1482,0.7571727633476257,0.7993648052215576,0.703228771686554,0.0401174426078796,0.0961360335350036,0.0144927536231884,0.0204958487300448,0.0,0.0,0.7076929211616516,0.0466982461512088,55.83883285522461,66.64382362365723,10.804990768432615,69.16041946411133,0,0,0,0,0,Understand
1483,0.7899662852287292,0.7973138689994812,0.7794681787490845,0.0076184486970305,0.0178456902503967,0.0,0.0,0.0,0.0,0.8068229556083679,0.0220433827489614,45.595062255859375,64.77045726776123,19.175395011901852,51.63549423217773,0,0,0,0,0,Understand
1484,0.959713101387024,0.959713101387024,0.959713101387024,0.0,0.0,0.0,0.0,0.0,0.0,0.0,0.0,35.11994552612305,432.1442565917969,397.0243110656738,328.20611572265625,0,0,1,0,1,Understand
1485,0.8470534682273865,0.8553476929664612,0.8416326642036438,0.0059564015828073,0.0137150287628173,0.0704539125591757,0.0288217188146713,0.0,0.0,0.8427932858467102,0.0119555536657571,51.36104202270508,47.52836608886719,3.83267593383789,33.6794319152832,0,0,0,0,0,Understand
1486,0.8549301028251648,0.934708833694458,0.8070074915885925,0.0567921325564384,0.1277013421058654,0.1851851851851852,0.2618914004394621,0.0,0.0,0.8146726489067078,0.0139177497476339,32.9261360168457,59.654860496521,26.728724479675293,72.60355377197266,0,0,0,0,0,Understand
1487,0.973138153553009,0.973138153553009,0.973138153553009,0.0,0.0,0.0,0.0,0.0,0.0,0.0,0.0,21.16257667541504,432.1442565917969,410.9816799163818,328.20611572265625,0,0,0,0,1,Understand
1488,0.8087344169616699,0.851578950881958,0.7521469593048096,0.0417399257421493,0.0994319915771484,0.1242263483642794,0.0215037780849077,0.0,0.0,0.8193890452384949,0.018014395609498,39.65006637573242,42.12721538543701,2.47714900970459,40.5569953918457,0,0,0,0,0,Understand
1489,0.957427144050598,0.957427144050598,0.957427144050598,0.0,0.0,0.0,0.0,0.0,0.0,0.0,0.0,22.627817153930664,432.1442565917969,409.5164394378662,328.20611572265625,0,0,0,0,1,Apply
1490,0.7472075819969177,0.8024803996086121,0.6891363859176636,0.046314787119627,0.1133440136909484,0.0,0.0,0.0,0.0,0.7456908226013184,0.0272803548723459,17.524154663085938,46.25568008422852,28.731525421142575,44.6785888671875,0,0,0,0,0,Understand
1491,0.9284618496894836,0.9284618496894836,0.9284618496894836,0.0,0.0,0.0,0.0,0.0,0.0,0.0,0.0,50.92282104492188,432.1442565917969,381.221435546875,328.20611572265625,0,0,0,0,1,Understand
1492,0.77631014585495,0.7915215492248535,0.7586629986763,0.0135245667770504,0.0328585505485534,0.0,0.0,0.0,0.0,0.7300026416778564,0.0309306606650352,43.04280471801758,94.43221282958984,51.389408111572266,107.9504165649414,0,0,0,0,0,Remember
1493,0.886483371257782,0.94118332862854,0.8303792476654053,0.0452464744448661,0.1108040809631347,0.1851851851851852,0.2618914004394621,0.0,0.0,0.8582673668861389,0.0333160310983657,30.166234970092773,66.81596946716309,36.64973449707031,57.1566047668457,0,0,0,0,0,Understand
1494,0.8099611401557922,0.8264386653900146,0.7950649261474609,0.0128569826483726,0.0313737392425537,0.0,0.0,0.0,0.0,0.832307755947113,0.0572932250797748,21.68313980102539,239.84167289733887,218.15853309631348,547.1255340576172,0,0,0,0,0,Understand
1495,0.8066809773445129,0.8230401277542114,0.7757397890090942,0.021890802308917,0.0473003387451171,0.0,0.0,0.0,0.0,0.7520282864570618,0.0715159550309181,33.130409240722656,108.95248985290527,75.82208061218262,230.9017143249512,0,0,0,0,0,Understand
1496,0.814426600933075,0.8453993797302246,0.7816284894943237,0.026066331192851,0.0637708902359008,0.0575438596491228,0.0491127809317128,0.0,0.0,0.8506338000297546,0.0040564560331404,33.33767318725586,82.95945262908936,49.621779441833496,91.29208374023438,0,0,0,0,0,Understand
1497,0.7721983790397644,0.7819110155105591,0.7663359045982361,0.006916853133589,0.0155751109123229,0.04,0.032659863237109,0.0,0.0,0.8263945579528809,0.0416823104023933,36.159767150878906,38.71195030212402,2.552183151245117,23.42126846313477,0,0,0,0,0,Understand
1498,0.8001473546028137,0.8555316925048828,0.6953909397125244,0.0741146355867385,0.1601407527923584,0.3555555555555556,0.1841452280689786,0.0,0.0,0.7527998089790344,0.0884515270590782,40.92208480834961,99.7881383895874,58.86605358123779,168.22259902954102,0,0,0,0,0,Understand
1499,0.8449785113334656,0.8579864501953125,0.8362722396850586,0.0093721486628055,0.0217142105102539,0.0,0.0,0.0,0.0,0.8819799423217773,0.0036118682473897,34.26786804199219,79.78867149353027,45.520803451538086,31.323326110839844,0,0,0,0,0,Understand
1500,0.8856762051582336,0.9151086211204528,0.8462173938751221,0.0290045738220214,0.0688912272453308,0.0,0.0,0.0,0.0,0.9191655516624452,0.01433558575809,25.574377059936523,549.640193939209,524.0658168792725,1476.3178253173828,0,0,0,0,0,Understand
1501,0.8558871746063232,0.8643601536750793,0.8467848300933838,0.0071888836100697,0.0175753235816955,0.3333333333333333,0.0,0.0,0.0,0.9040852189064026,0.0107848579064011,72.51499938964844,146.85753059387207,74.34253120422363,144.30571746826172,0,0,0,0,0,Understand
1502,0.8898177146911621,0.910935878753662,0.8787040710449219,0.0149396872147917,0.0322318077087402,0.0,0.0,0.0,0.0,0.8753561973571777,0.0200939048081636,30.690189361572266,610.55029296875,579.8601036071777,720.3557739257812,0,0,0,0,0,Remember
1503,0.8451876044273376,0.8705471754074097,0.8200667500495911,0.020609239116311,0.0504804253578186,0.0,0.0,0.0,0.0,0.8808580040931702,0.0267076231539249,41.858489990234375,208.01702976226807,166.1585397720337,564.1624641418457,0,0,0,0,0,Analyze
1504,0.9205287098884584,0.9369304776191713,0.9111413955688475,0.0116381999105215,0.0257890820503234,0.0666666666666666,0.0942809041582063,0.0,0.0,0.9323654770851136,0.0114222383126616,36.702335357666016,107.00285148620604,70.30051612854004,100.55461883544922,0,0,0,0,0,Remember
1505,0.929032027721405,0.933556318283081,0.9235279560089112,0.0041522537358105,0.0100283622741699,0.6121212121212122,0.0171419825742193,0.0,0.0,0.9138731956481934,0.007065727841109,27.388147354125977,62.35151958465576,34.963372230529785,68.07309341430664,0,0,0,0,0,Understand
1506,0.8646443486213684,0.8829042911529541,0.8495261669158936,0.013806470669806,0.0333781242370605,0.1406432748538011,0.0259262923364454,0.0,0.0,0.8444053530693054,0.0086964769288897,71.865234375,30.66599416732788,41.19924020767212,8.660686492919922,0,0,0,0,0,Evaluate
1507,0.8367676734924316,0.928520917892456,0.7568435668945312,0.0705843344330787,0.1716773509979248,0.0,0.0,0.0,0.0,0.7982767224311829,0.0218434073030948,50.67536163330078,193.00922203063965,142.33386039733887,182.97151947021484,0,0,0,0,0,Understand
1508,0.832069456577301,0.8495762348175049,0.8183145523071289,0.0130353467538952,0.0312616825103759,0.0811965811965812,0.0030218238512245,0.0,0.0,0.8562069535255432,0.0072980592958629,57.74096298217773,23.60422706604004,34.136735916137695,17.237525939941406,0,0,0,0,0,Understand
1509,0.7987751960754395,0.8058369159698486,0.7937163710594177,0.0051468745805323,0.0121205449104309,0.4484126984126984,0.0368000733948242,0.0,0.0,0.7932772636413574,0.0292889736592769,32.21226501464844,35.858694076538086,3.646429061889648,5.886104583740234,0,0,0,0,0,Understand
1510,0.9098677635192872,0.9210001230239868,0.9032579660415648,0.0079177748411893,0.0177421569824218,0.2262626262626262,0.0657109332011741,0.0,0.0,0.8915314078330994,0.0007165525457821,39.49250793457031,86.16986656188965,46.677358627319336,89.20567321777344,0,0,0,0,0,Understand
1511,0.8069031238555908,0.8271695971488953,0.7919200658798218,0.0148676056414842,0.0352495312690734,0.0476190476190476,0.0673435029701473,0.0,0.0,0.8400776982307434,0.0306089706718921,36.16756439208984,51.37045192718506,15.202887535095217,33.20860290527344,0,0,0,0,0,Understand
1512,0.9619905948638916,0.9713926315307616,0.9556631445884703,0.0067795775830745,0.0157294869422912,0.0,0.0,0.0,0.0,0.959630012512207,0.004224136006087,65.1852798461914,692.4183578491211,627.2330780029297,580.8745422363281,0,0,1,0,0,Understand
1513,0.946116268634796,0.9622932076454164,0.9374579191207886,0.0114482436329126,0.0248352885246276,0.0666666666666666,0.0942809041582063,0.0,0.0,0.9224451184272766,0.0167869664728641,21.314912796020508,143.69496536254883,122.38005256652832,83.93394470214844,0,0,0,0,0,Understand
1514,0.927846908569336,0.9513624906539916,0.8826838135719299,0.0319442488253116,0.0686786770820617,0.0,0.0,0.0,0.0,0.9054272770881652,0.026231886819005,62.939849853515625,170.50177669525146,107.56192684173584,256.12533950805664,0,0,0,0,0,Understand
1516,0.90803462266922,0.9166067838668824,0.8980528116226196,0.0076399412937462,0.0185539722442626,0.0,0.0,0.0,0.0,0.9254531860351562,0.0048171561211347,71.38626861572266,452.6387062072754,381.25243759155273,1487.4532089233398,0,0,0,0,1,Understand
1517,0.9411186575889589,0.9482455253601074,0.927199125289917,0.0098435273393988,0.0210464000701904,0.0666666666666666,0.0942809041582063,0.0,0.0,0.9292981028556824,0.018743097782135,41.0538444519043,86.64351797103882,45.58967351913452,236.91777801513672,0,0,0,0,0,Understand
1518,0.8553895950317383,0.9072788953781128,0.7935401201248169,0.0469647571444511,0.1137387752532959,0.0909090909090909,0.128564869306645,0.0,0.0,0.8432454466819763,0.0312220882624387,55.87596130371094,123.031662940979,67.15570163726807,154.55066299438477,0,0,0,0,0,Understand
1520,0.8723646998405457,0.8867895603179932,0.8445950746536255,0.019641026854515,0.0421944856643676,0.037037037037037,0.0523782800878924,0.0,0.0,0.89849853515625,0.0230075269937515,48.27687454223633,62.686964988708496,14.410090446472168,46.49342727661133,0,0,0,0,0,Create
1521,0.7990633845329285,0.8136109113693237,0.7719274759292603,0.0192046593874692,0.0416834354400634,0.2222222222222222,0.1571348402636772,0.0,0.0,0.7724990844726562,0.0071629704907536,31.213069915771484,45.1383581161499,13.925288200378418,34.08587646484375,0,0,0,0,0,Remember
1522,0.8389213681221008,0.8881025314331055,0.7805954217910767,0.0443633869290351,0.1075071096420288,0.0,0.0,0.0,0.0,0.7902247309684753,0.0513005293905735,23.3669490814209,210.6312551498413,187.2643060684204,391.0759086608887,0,0,0,0,0,Understand
1523,0.7537663578987122,0.7823172807693481,0.734548032283783,0.0205879770219326,0.0477692484855651,0.0,0.0,0.0,0.0,0.7585201263427734,0.0141484532505273,38.88576889038086,36.95317363739014,1.9325952529907229,6.7868499755859375,0,0,0,0,0,Understand
1524,0.8464004397392273,0.8858985900878906,0.8044382333755493,0.0333016589283943,0.0814603567123413,0.1155830753353973,0.0846862259604897,0.0,0.0,0.8425787091255188,0.0278570298105478,81.59490203857422,1983.407356262207,1901.8124542236328,7202.16902923584,0,0,0,0,0,Create
1525,0.8458815217018127,0.8690508604049683,0.8100091218948364,0.0257229916751384,0.0590417385101318,0.0952380952380952,0.0673435029701473,0.0,0.0,0.8312024474143982,0.0339091792702674,40.57793426513672,56.09910392761231,15.521169662475586,41.52977752685547,0,0,0,0,0,Create
1526,0.8295232653617859,0.8650850653648376,0.8040908575057983,0.0259104389697313,0.0609942078590393,0.0323275862068965,0.0255609868888752,0.0,0.0,0.8455153107643127,0.0248803384602069,42.32318878173828,22.82028102874756,19.502907752990723,6.914436340332031,0,0,0,0,0,Understand
1527,0.8947948813438416,0.9026720523834229,0.888309121131897,0.0059456219896674,0.0143629312515258,0.0,0.0,0.0,0.0,0.95408695936203,0.0153269199654459,59.040645599365234,224.1065368652344,165.06589126586914,296.4230499267578,0,0,0,0,0,Create
1528,0.8684369921684265,0.8858628869056702,0.8528801202774048,0.0135298706591129,0.0329827666282653,0.0303030303030303,0.0428549564355483,0.0,0.0,0.8778273463249207,0.0040614008903503,56.292213439941406,48.41316890716553,7.879044532775879,30.43124389648437,0,0,0,0,1,Evaluate
1529,0.8050978779792786,0.8189237117767334,0.7862461805343628,0.0138057824224233,0.0326775312423706,0.0,0.0,0.0,0.0,0.8579612374305725,0.0346567220985889,29.262094497680664,208.01702976226807,178.7549352645874,564.1624641418457,0,0,0,0,0,Analyze
1530,0.8657584190368652,0.8985887169837952,0.8355792760848999,0.0257917176932096,0.0630094408988952,0.3217937892860493,0.1230935467433765,0.0,0.0,0.8267868161201477,0.03266366943717,69.9546127319336,54.53482437133789,15.419788360595703,31.95592498779297,0,0,0,0,0,Remember
1531,0.7611079216003418,0.8210217952728271,0.7119203805923462,0.0451816320419311,0.1091014146804809,0.0,0.0,0.0,0.0,0.8359765410423279,0.0179791804403066,39.40235137939453,192.63378715515137,153.23143577575684,152.3056411743164,0,0,0,0,0,Understand
1532,0.8076338171958923,0.8323942422866821,0.764979362487793,0.0302912257611751,0.0674148797988891,0.0476190476190476,0.0673435029701473,0.0,0.0,0.8227341771125793,0.0443235784769058,36.91326904296875,51.13423728942871,14.22096824645996,35.59507751464844,0,0,0,0,0,Understand
1533,0.8512247204780579,0.8618926405906677,0.8431190252304077,0.0078755281865596,0.01877361536026,0.2009803921568627,0.0592306175176204,0.0,0.0,0.8351374268531799,0.0174378380179405,59.074974060058594,29.918448448181152,29.15652561187744,14.110280990600586,0,0,0,0,0,Evaluate
1534,0.8760173916816711,0.913707971572876,0.8200352191925049,0.0403698422014713,0.0936727523803711,0.0,0.0,0.0,0.0,0.847614049911499,0.050373800098896,30.30997467041016,450.0335731506348,419.7235984802246,916.802978515625,0,0,0,0,0,Apply
1535,0.7016322016716003,0.7302420735359192,0.6687195301055908,0.025300083681941,0.0615225434303283,0.0428743961352657,0.035510121806737,0.0,0.0,0.7606428265571594,0.0103507507592439,71.48880004882812,42.97775316238403,28.51104688644409,59.71576499938965,0,0,0,0,0,Analyze
1536,0.8710926175117493,0.8825510740280151,0.8512990474700928,0.0140541419386863,0.0312520265579223,0.0,0.0,0.0,0.0,0.8834468722343445,0.0204166546463966,47.460052490234375,510.9034805297852,463.4434280395508,887.4492797851562,0,0,0,0,0,Analyze
1537,0.832702100276947,0.845633864402771,0.8213506937026978,0.009976346977055,0.0242831707000732,0.2991452991452991,0.0483491816195929,0.0,0.0,0.8625437617301941,0.0295111611485481,71.45697021484375,116.0257625579834,44.56879234313965,124.41889190673828,0,0,0,0,0,Understand
1538,0.8307321667671204,0.8472987413406372,0.812181830406189,0.0144048770889639,0.0351169109344482,0.2601010101010101,0.1851890112858495,0.0,0.0,0.822572648525238,0.0213527828454971,64.68488311767578,28.86481714248657,35.82006597518921,36.33267593383789,0,0,0,0,0,Analyze
1540,0.9288405776023864,0.9358358383178712,0.920160174369812,0.0065095461905002,0.015675663948059,0.0,0.0,0.0,0.0,0.90659099817276,0.0218842849135398,20.15458106994629,234.0828161239624,213.9282350540161,594.3728294372559,0,0,0,0,0,Analyze
1541,0.8410332202911377,0.8824580907821655,0.8110026717185974,0.0302637461572885,0.0714554190635681,0.1574074074074074,0.0654728501098655,0.0,0.0,0.8283007144927979,0.0422961972653865,22.072067260742188,258.75513076782227,236.68306350708008,419.22386932373047,0,0,0,0,0,Understand
1542,0.8632113337516785,0.8842349052429199,0.8414860963821411,0.0174591802060604,0.0427488088607788,0.0878639334521687,0.0626734471171531,0.0,0.0,0.8542773127555847,0.0251169614493846,19.37906837463379,41.42078113555908,22.041712760925293,46.728912353515625,0,0,0,0,0,Evaluate
1543,0.8796606063842773,0.8924508094787598,0.8603724241256714,0.0138785867020487,0.0320783853530883,0.0851190476190476,0.0411446896637748,0.0,0.0,0.8687753677368164,0.025454731658101,23.43302154541016,43.26314210891724,19.83012056350708,38.03227424621582,0,0,0,0,0,Remember
1544,0.9609172344207764,0.9727687239646912,0.9379006624221802,0.0162776000797748,0.0348680615425109,0.0666666666666666,0.0942809041582063,0.0,0.0,0.9540511965751648,0.0146681973710656,24.44541931152344,134.58024072647095,110.13482141494752,263.0298709869385,0,0,0,0,0,Remember
1545,0.8898890018463135,0.9113019704818726,0.8584567904472351,0.0227074474096298,0.0528451800346374,0.101993620414673,0.0767666366908856,0.0,0.0,0.8994741439819336,0.0224704463034868,20.36327743530273,41.22395992279053,20.860682487487797,24.038379669189453,0,0,0,0,0,Understand
1546,0.9057384133338928,0.9567828178405762,0.8492573499679565,0.044065099209547,0.1075254678726196,0.1999999999999999,0.282842712474619,0.0,0.0,0.8771231174468994,0.0273503698408603,25.584884643554688,69.1104326248169,43.52554798126221,70.1352310180664,0,0,0,0,0,Understand
1547,0.9004209041595459,0.9032331705093384,0.8980135917663574,0.0021500410512089,0.0052195787429809,0.0,0.0,0.0,0.0,0.9178385734558104,0.0060021956451237,23.346078872680664,174.76603317260742,151.41995429992676,213.5001678466797,0,0,0,0,0,Understand
1548,0.9004209041595459,0.9032331705093384,0.8980135917663574,0.0021500410512089,0.0052195787429809,0.0,0.0,0.0,0.0,0.9178385734558104,0.0060021956451237,23.346078872680664,174.76603317260742,151.41995429992676,213.5001678466797,0,0,0,0,0,Understand
1549,0.8598092198371887,0.8697934150695801,0.8409549593925476,0.0133397057652473,0.0288384556770324,0.0,0.0,0.0,0.0,0.8655627369880676,0.0138705447316169,25.96796989440918,73.16383790969849,47.19586801528931,118.32927894592284,0,0,0,0,0,Understand
1550,0.7721660733222961,0.8034017086029053,0.7561504244804382,0.0220893174409866,0.047251284122467,0.2738095238095238,0.1178511301977579,0.0,0.0,0.7973382472991943,0.0225355420261621,25.83632469177246,67.62777614593506,41.7914514541626,68.34590148925781,0,0,0,0,0,Understand
1551,0.8895784020423889,0.9372209310531616,0.8036853075027466,0.0608565136790275,0.133535623550415,0.0,0.0,0.0,0.0,0.8380162119865417,0.0480156019330024,29.308706283569336,434.199556350708,404.8908500671387,958.8218612670898,0,0,0,0,0,Understand
1552,0.8772620558738708,0.9158787727355956,0.8357110023498535,0.0327940620481967,0.0801677703857421,0.146031746031746,0.1044246616088795,0.0,0.0,0.8600743412971497,0.0252053476870059,26.41178131103516,41.02839136123657,14.616610050201416,22.090044021606445,0,0,0,0,0,Remember
1553,0.9176466464996338,0.9506716728210448,0.9006987810134888,0.0233549252152442,0.0499728918075561,0.1142857142857142,0.0841120082507414,0.0,0.0,0.8850557208061218,0.0229544211179018,27.102678298950195,37.08608341217041,9.983405113220217,23.441146850585938,0,0,0,0,0,Understand
1554,0.8963727355003357,0.9293217658996582,0.8535961508750916,0.031686246395111,0.0757256150245666,0.1481481481481481,0.2095131203515696,0.0,0.0,0.881714403629303,0.0391576439142227,26.865867614746094,39.57271909713745,12.706851482391356,30.650808334350582,0,0,0,0,0,Understand
1555,0.8185269832611084,0.8194542527198792,0.8175996541976929,0.0009272992610931,0.0018545985221862,0.1,0.1,0.0,0.0,0.7221088409423828,0.0,6.735490322113037,83.44308344523112,76.70759312311809,97.78413772583008,0,0,1,0,0,Understand
1556,0.7752545475959778,0.806429386138916,0.7335236072540283,0.0306853484362363,0.0729057788848877,0.0,0.0,0.0,0.0,0.7826905846595764,0.0292286593466997,42.64193344116211,58.91965675354004,16.27772331237793,35.693817138671875,0,0,0,0,0,Understand
1557,0.8303083777427673,0.8407816290855408,0.8154970407485962,0.0107685290277004,0.0252845883369445,0.0404411764705882,0.0286355917783037,0.0,0.0,0.8608863949775696,0.0280884485691785,59.065650939941406,60.83764839172363,1.7719974517822266,50.385284423828125,0,0,0,0,0,Understand
1558,0.8641908764839172,0.8803731203079224,0.8434258699417114,0.0154278129339218,0.0369472503662109,0.1759259259259259,0.1249142366965929,0.0,0.0,0.8951458930969238,0.0175013579428195,34.189823150634766,48.66848182678223,14.47865867614746,48.43971633911133,0,0,1,0,0,Evaluate
1559,0.8188705444335938,0.8530693054199219,0.7652691602706909,0.0383802466094493,0.0878001451492309,0.0,0.0,0.0,0.0,0.8026779294013977,0.0435516573488712,24.398500442504883,47.44910335540772,23.050602912902832,24.058746337890625,0,0,0,0,0,Evaluate
1560,0.9410499334335328,0.9410499334335328,0.9410499334335328,0.0,0.0,0.0,0.0,0.0,0.0,0.0,0.0,40.12985610961914,1902.5765075683596,1862.44665145874,3230.844055175781,0,0,0,0,1,Apply
1561,0.793738842010498,0.8328384160995483,0.7690628170967102,0.0279626157134771,0.0637755990028381,0.0,0.0,0.0,0.0,0.8462181091308594,0.0436441823840141,20.67087745666504,122.06988048553468,101.39900302886964,162.7492637634277,0,0,0,0,0,Understand
1563,0.8277230262756348,0.8593176603317261,0.7846735119819641,0.0315314568579196,0.0746441483497619,0.0729442970822281,0.051809084839853,0.0,0.0,0.8331305384635925,0.0241140630096197,35.13336181640625,34.844523429870605,0.2888383865356445,37.343618392944336,0,0,0,0,0,Understand
1564,0.8336556553840637,0.8902712464332581,0.757491946220398,0.0559415593743324,0.1327793002128601,0.0903703703703703,0.0669459172011555,0.0,0.0,0.8544958233833313,0.0270633362233638,38.785343170166016,36.02049112319946,2.7648520469665527,28.27300262451172,0,0,0,0,0,Understand
1565,0.8857369422912598,0.8925551176071167,0.8771852254867554,0.0063933278433978,0.0153698921203613,0.0,0.0,0.0,0.0,0.911714732646942,0.0069745653308928,63.647308349609375,139.94056844711304,76.29326009750366,303.89647674560547,0,0,0,0,0,Remember
1566,0.8740950226783752,0.890088677406311,0.854276180267334,0.0148684903979301,0.035812497138977,0.2,2.775557561562892e-17,0.0,0.0,0.8941135406494141,0.0302881896495819,57.43935775756836,75.25421619415283,17.814858436584473,65.6860466003418,0,0,0,0,0,Remember
1567,0.96295428276062,0.96295428276062,0.96295428276062,0.0,0.0,0.0,0.0,0.0,0.0,0.0,0.0,26.38157844543457,1902.5765075683596,1876.1949291229248,3230.844055175781,0,0,0,0,1,Apply
1568,0.8141212463378906,0.8387179970741272,0.7771713733673096,0.0266013350337743,0.0615466237068176,0.0,0.0,0.0,0.0,0.868983268737793,0.0205446295440197,32.91106033325195,222.60853672027588,189.69747638702395,638.4918479919434,0,0,0,0,0,Analyze
1569,0.7987759709358215,0.8457518815994263,0.7351899147033691,0.0466398298740386,0.1105619668960571,0.2045454545454545,0.1340506789539914,0.0,0.0,0.7764334678649902,0.0579085499048233,58.99373245239258,31.834737300872803,27.158995151519772,24.066558837890625,0,0,0,0,0,Remember
1570,0.9575963020324708,0.9717624187469482,0.9447232484817504,0.0110764922574162,0.0270391702651977,0.4222222222222222,0.1257078722109418,0.0,0.0,0.9539464116096495,0.0129139740020036,58.50087738037109,19.82103061676025,38.67984676361084,12.76688003540039,0,0,0,0,0,Remember
1571,0.9305091500282288,0.9491580724716188,0.9171160459518432,0.0135987810790538,0.0320420265197753,0.0666666666666666,0.0942809041582063,0.0,0.0,0.9184799194335938,0.0074592735618352,33.426055908203125,337.4933104515076,304.06725454330444,928.2765369415284,0,0,0,0,0,Understand
1572,0.9118520617485046,0.9142824411392212,0.9093834161758424,0.002000201260671,0.0048990249633789,0.0,0.0,0.0,0.0,0.9404967427253724,0.0162605866789817,47.8393669128418,79.17221355438232,31.332846641540527,89.80574417114258,0,0,1,0,0,Understand
1575,0.8809794783592224,0.8940389752388,0.8654623627662659,0.0117950644344091,0.0285766124725341,0.0,0.0,0.0,0.0,0.8831272125244141,0.0088967364281415,39.8018798828125,132.90505599975586,93.10317611694336,165.90108489990234,0,0,0,0,0,Understand
1578,0.9134264588356018,0.9253966212272644,0.9031572937965392,0.0091584958136081,0.022239327430725,0.0,0.0,0.0,0.0,0.905508816242218,0.0142766339704394,123.13267517089844,139.94056844711304,16.8078932762146,303.89647674560547,0,0,0,0,0,Understand
1580,0.8173065185546875,0.8594694137573242,0.7417752742767334,0.0535292103886604,0.1176941394805908,0.272005772005772,0.1684800742526173,0.0,0.0,0.7816615104675293,0.0311242192983627,52.41047286987305,31.834737300872803,20.575735569000244,24.066558837890625,0,0,0,0,0,Remember
1581,0.8673310279846191,0.8875448703765869,0.8366117477416992,0.0220804512500762,0.0509331226348876,0.2515262515262515,0.0791346330317771,0.0,0.0,0.860937774181366,0.0126345297321677,51.588809967041016,39.95465087890625,11.634159088134766,40.72623443603516,0,0,0,0,0,Understand
1582,0.8754395842552185,0.9016669392585754,0.850407063961029,0.0209438074380159,0.0512598752975463,0.1369047619047619,0.0084179378712684,0.0,0.0,0.9001324772834778,0.0023987330496311,42.212547302246094,109.29679584503174,67.08424854278564,262.6753921508789,0,0,0,0,0,Create
1583,0.8065452575683594,0.8482890129089355,0.7609255313873291,0.0357711426913738,0.0873634815216064,0.1851851851851852,0.1385799032138496,0.0,0.0,0.8003643155097961,0.0381026491522789,42.433441162109375,64.21794033050537,21.784499168396,64.85442733764648,0,0,0,0,0,Understand
1584,0.816268265247345,0.8323549032211304,0.7912570238113403,0.0179256871342659,0.04109787940979,0.0,0.0,0.0,0.0,0.7996968626976013,0.0240025669336318,56.69923782348633,48.573418617248535,8.125819206237793,89.88524055480957,0,0,0,0,0,Understand
1585,0.8740950226783752,0.890088677406311,0.854276180267334,0.0148684903979301,0.035812497138977,0.2,2.775557561562892e-17,0.0,0.0,0.8941135406494141,0.0302881896495819,57.43935775756836,75.25421619415283,17.814858436584473,65.6860466003418,0,0,0,0,0,Remember
1586,0.8148841857910156,0.8511753678321838,0.7951648235321045,0.0256939064711332,0.0560105443000793,0.0,0.0,0.0,0.0,0.7999681830406189,0.0346228964626789,23.147321701049805,222.60853672027588,199.46121501922607,638.4918479919434,0,0,0,0,0,Analyze
1587,0.8094802498817444,0.8398251533508301,0.7873246669769287,0.0222016964107751,0.0525004863739013,0.0638095238095238,0.049285139173088,0.0,0.0,0.8394903540611267,0.0389651320874691,32.352752685546875,24.04715776443481,8.30559492111206,11.488412857055664,0,0,0,0,0,Understand
1588,0.8763092160224915,0.8908547163009644,0.8603553771972656,0.0124910669401288,0.0304993391036987,0.0,0.0,0.0,0.0,0.9042671322822572,0.0325449407100677,56.5048828125,291.6829805374145,235.17809772491452,592.1051445007324,0,0,0,0,0,Create
1589,0.8414236903190613,0.8531030416488647,0.8260830640792847,0.0113305868580937,0.02701997756958,0.0158730158730158,0.0224478343233824,0.0,0.0,0.8557470440864563,0.0141937546432018,58.69630432128906,65.93624591827393,7.239941596984863,103.0175895690918,0,0,0,0,1,Evaluate
1590,0.7841617465019226,0.8161407709121704,0.7235862612724304,0.042855579406023,0.0925545096397399,0.0934782608695652,0.0665799688309285,0.0,0.0,0.7674698829650879,0.0510732159018516,52.523807525634766,34.14480018615723,18.37900733947754,28.323524475097656,0,0,0,0,0,Remember
1592,0.80015629529953,0.8236864805221558,0.7690628170967102,0.0229323580861091,0.0546236634254455,0.0,0.0,0.0,0.0,0.8398005366325378,0.052459817379713,20.67087745666504,122.06988048553468,101.39900302886964,162.7492637634277,0,0,0,0,0,Understand
1593,0.8218901753425598,0.833590030670166,0.8026149272918701,0.0137332957237958,0.0309751033782959,0.1079059829059829,0.0178133888894584,0.0,0.0,0.7818417549133301,0.0320301689207553,47.36014938354492,34.844523429870605,12.515625953674316,37.343618392944336,0,0,0,0,0,Understand
1594,0.8827503323554993,0.8988874554634094,0.8686296343803406,0.0124347107484936,0.0302578210830688,0.0,0.0,0.0,0.0,0.8998667597770691,0.0154562341049313,24.05154800415039,68.92301654815674,44.87146854400635,94.18117904663086,0,0,0,0,0,Understand
1595,0.8556631207466125,0.892410159111023,0.8103210926055908,0.0340593457221984,0.0820890665054321,0.0903703703703703,0.0669459172011555,0.0,0.0,0.8663768768310547,0.0158411860466003,39.055938720703125,36.02049112319946,3.035447597503662,28.27300262451172,0,0,0,0,0,Understand
1596,0.8552520275115967,0.8721710443496704,0.8346039056777954,0.0155617510899901,0.037567138671875,0.0666666666666666,0.0942809041582063,0.0,0.0,0.8581429123878479,0.0131536684930324,33.184791564941406,76.274489402771,43.08969783782959,97.78413772583008,0,0,1,0,0,Understand
1597,0.8040741086006165,0.8104223608970642,0.7953705191612244,0.0063665821217,0.0150518417358398,0.0784313725490196,0.1109187107743604,0.0,0.0,0.753870964050293,0.0228657871484756,42.64193344116211,58.91965675354004,16.27772331237793,35.693817138671875,0,0,0,0,0,Understand
1598,0.8252807259559631,0.8469322919845581,0.8144002556800842,0.015310033224523,0.0325320363044738,0.0208333333333333,0.0294627825494394,0.0,0.0,0.8721665740013123,0.0249224174767732,62.09736633300781,60.83764839172363,1.2597179412841797,50.385284423828125,0,0,0,0,0,Understand
1599,0.8902608752250671,0.9166391491889954,0.8737702369689941,0.0188460629433393,0.0428689122200012,0.1710526315789473,0.1210716994898443,0.0,0.0,0.8690759539604187,0.0210676603019237,34.189823150634766,48.66848182678223,14.47865867614746,48.43971633911133,0,0,1,0,0,Evaluate
1600,0.8399715423583984,0.8432790040969849,0.8360245227813721,0.0029959499370306,0.0072544813156127,0.0128205128205128,0.0181309431073473,0.0,0.0,0.7865917682647705,0.0192339736968278,27.762670516967773,47.44910335540772,19.68643283843994,24.058746337890625,0,0,0,0,0,Evaluate
1601,0.8798882961273193,0.8989397883415222,0.8656479120254517,0.0140106389299035,0.0332918763160705,0.1944444444444444,0.0515201027527539,0.0,0.0,0.8739007115364075,0.0229515265673398,21.529090881347656,85.89071083068848,64.36161994934082,83.1860580444336,0,0,1,0,0,Create
1602,0.9727823734283448,0.9790253043174744,0.9681428074836732,0.0045851403847336,0.0108824968338012,0.25,0.0,0.0,0.0,0.9696734547615052,0.0037698342930525,14.855082511901855,65.550856590271,50.69577407836914,65.72200775146484,0,0,1,0,1,Create
1603,0.8824300169944763,0.8922638893127441,0.8647924661636353,0.0124991163611412,0.0274714231491088,0.0,0.0,0.0,0.0,0.883091151714325,0.0330852195620536,22.9069938659668,121.40757083892822,98.50057697296144,265.85297775268555,0,0,1,0,0,Create
1604,0.9257456660270692,0.936349391937256,0.9050264358520508,0.0146520771086215,0.031322956085205,0.1888888888888888,0.0157134840263677,0.0,0.0,0.9348518252372742,0.0222339704632759,22.96791648864746,191.01349544525144,168.045578956604,430.06837463378906,0,0,1,0,0,Create
1605,0.9497628808021544,0.962480366230011,0.9328292608261108,0.0124667389318346,0.0296511054039001,0.1424242424242424,0.1013227484684878,0.0,0.0,0.9321100115776062,0.0121352244168519,21.66429901123047,64.79049062728882,43.12619161605835,133.58162879943848,0,0,1,0,0,Create
1606,0.9397847056388856,0.954620361328125,0.921851396560669,0.0135559951886534,0.032768964767456,0.0666666666666666,0.0942809041582063,0.0,0.0,0.9291048645973206,0.0181132405996322,18.90621757507324,97.0677661895752,78.16154861450195,263.0298709869385,0,0,1,0,0,Remember
1607,0.8888740539550781,0.9075787663459778,0.8737087249755859,0.0140520501881837,0.0338700413703918,0.0333333333333333,0.0471404520791031,0.0,0.0,0.9074299931526184,0.0222500097006559,18.17771339416504,45.21634721755981,27.038633823394772,52.95186996459961,0,0,1,0,0,Understand
1608,0.8959291577339172,0.9247514605522156,0.8779276609420776,0.0205901991575956,0.0468237996101379,0.1506734006734006,0.0707170908404317,0.0,0.0,0.8817866444587708,0.0201871544122695,20.70719337463379,256.2843294143677,235.5771360397339,429.1070747375488,0,0,1,0,0,Understand
1609,0.8807797431945801,0.888325572013855,0.8718810081481934,0.0067812823690474,0.0164445638656616,0.1333333333333333,0.1885618083164127,0.0,0.0,0.9010696411132812,0.0358782894909381,17.18146324157715,54.82146120071411,37.63999795913696,65.27770805358887,0,0,1,0,0,Create
1610,0.8913252949714661,0.9268814325332642,0.8568637371063232,0.0285950824618339,0.0700176954269409,0.0,0.0,0.0,0.0,0.8603189587593079,0.049838900566101,20.167280197143555,86.21383571624756,66.046555519104,110.57443618774414,0,0,1,0,0,Understand
1611,0.913560688495636,0.916679322719574,0.9119572639465332,0.0022055015433579,0.0047220587730407,0.0,0.0,0.0,0.0,0.9420951008796692,0.0131952855736017,20.027437210083008,238.9790449142456,218.9516077041626,594.3728294372559,0,0,1,0,0,Analyze
1612,0.8658623695373535,0.8864097595214844,0.8464980125427246,0.01631535962224,0.0399117469787597,0.1574074074074074,0.0654728501098655,0.0,0.0,0.8610509037971497,0.037004429847002,21.898103713989254,260.857928276062,238.95982456207275,410.8126792907715,0,0,1,0,0,Understand
1613,0.8495623469352722,0.8627334833145142,0.8312633633613586,0.0133494874462485,0.0314701199531555,0.0,0.0,0.0,0.0,0.8676834106445312,0.0365435928106308,20.412416458129883,113.53313064575195,93.12071418762208,147.72919464111328,0,0,1,0,0,Remember
1614,0.9437728524208068,0.9496291279792786,0.934292197227478,0.0067654740996658,0.0153369307518005,0.0,0.0,0.0,0.0,0.923568308353424,0.0132959922775626,20.26658821105957,416.6222152709961,396.3556270599365,190.69683837890625,0,0,1,0,0,Understand
1615,0.8682873845100403,0.880424976348877,0.8613990545272827,0.0086086308583617,0.0190259218215942,0.0,0.0,0.0,0.0,0.8939697742462158,0.0410351678729057,17.78801727294922,116.84102249145508,99.05300521850586,205.771240234375,0,0,1,0,0,Understand
1616,0.8965998291969299,0.916458249092102,0.8817340731620789,0.0146090500056743,0.0347241759300231,0.0,0.0,0.0,0.0,0.8743128776550293,0.0030748345889151,47.89908981323242,984.5976419448853,936.6985521316528,2089.4997520446777,0,0,0,0,1,Understand
1617,0.678765594959259,0.6934140920639038,0.6601511836051941,0.0138660762459039,0.0332629084587097,0.0196078431372549,0.0277296776935901,0.0,0.0,0.7952089309692383,0.0021542010363191,62.34882354736328,47.4779372215271,14.870886325836182,45.02041053771973,0,0,0,0,0,Remember
1618,0.8258751034736633,0.8441216349601746,0.8163262605667114,0.0129068978130817,0.0277953743934631,0.0,0.0,0.0,0.0,0.8045867085456848,0.0113089699298143,36.86676025390625,45.35584592819214,8.489085674285889,31.06373786926269,0,0,0,0,0,Create
1619,0.8183326721191406,0.8436939716339111,0.7984275817871094,0.0188783686608076,0.0452663898468017,0.0507672634271099,0.0062881283136287,0.0,0.0,0.8193104863166809,0.0095298942178487,92.3494644165039,37.788536071777344,54.56092834472656,10.960750579833984,0,0,0,0,0,Understand
1620,0.8874358534812927,0.915981948375702,0.8609445691108704,0.0225158501416444,0.0550373792648315,0.2,2.775557561562892e-17,0.0,0.0,0.8677182197570801,0.0160363689064979,18.60639953613281,71.39823818206787,52.79183864593506,70.41396713256836,0,0,0,0,0,Understand
1621,0.880805492401123,0.9215615391731262,0.8379021286964417,0.0341875441372394,0.0836594104766845,0.0,0.0,0.0,0.0,0.8512672781944275,0.0377801954746246,46.939231872558594,305.2233047485352,258.28407287597656,535.6380844116211,0,0,0,0,1,Understand
1622,0.9183256030082704,0.9365286827087402,0.8875590562820435,0.02187673561275,0.0489696264266967,0.0666666666666666,0.0942809041582063,0.0,0.0,0.8843920230865479,0.0157740488648414,23.617647171020508,170.13657569885254,146.51892852783203,303.46803283691406,0,0,0,0,1,Understand
1623,0.8636781573295593,0.8850023150444031,0.8487178087234497,0.0154814925044775,0.0362845063209533,0.0,0.0,0.0,0.0,0.8242074847221375,0.021429531276226,43.5537223815918,128.01550483703613,84.46178245544434,162.24279022216797,0,0,0,0,0,Create
1624,0.9843699932098388,0.9843699932098388,0.9843699932098388,0.0,0.0,0.0,0.0,0.0,0.0,0.0,0.0,21.993671417236328,1902.5765075683596,1880.582836151123,3230.844055175781,0,0,1,0,1,Apply
1625,0.8613031506538391,0.8925918936729431,0.8372794389724731,0.0231581628322601,0.0553124547004699,0.074074074074074,0.0523782800878924,0.0,0.0,0.8336489200592041,0.027243560180068,21.90479850769043,577.4521255493164,555.547327041626,716.868896484375,0,0,0,0,0,Apply
1626,0.974677562713623,0.974677562713623,0.974677562713623,0.0,0.0,0.0,0.0,0.0,0.0,0.0,0.0,21.75432777404785,1902.5765075683596,1880.8221797943115,3230.844055175781,0,0,0,0,1,Apply
1627,0.8810253143310547,0.9071000218391418,0.850212812423706,0.0234645046293735,0.0568872094154357,0.0666666666666666,0.0942809041582063,0.0,0.0,0.8629524111747742,0.0395510047674179,38.92884826660156,654.7971076965332,615.8682594299316,1268.9449615478516,0,0,0,0,0,Analyze
1628,0.7954480051994324,0.8345403671264648,0.7704027891159058,0.0280047673732042,0.064137578010559,0.0,0.0,0.0,0.0,0.8187627792358398,0.0298915244638919,44.20864868164063,48.79016876220703,4.581520080566406,14.397274017333984,0,0,0,0,0,Analyze
1629,0.8120324015617371,0.8309547305107117,0.7964991927146912,0.0142690995708107,0.0344555377960205,0.1169256474519632,0.1034485865253679,0.0,0.0,0.8321650624275208,0.0356291495263576,41.94451522827149,33.97244119644165,7.972074031829834,7.806814193725586,0,0,0,0,0,Understand
1630,0.9223182201385498,0.9443953037261964,0.8876485824584961,0.0248190481215715,0.0567467212677001,0.8086956521739129,0.0122975092380268,0.0,0.0,0.9050723910331726,0.014962363988161,27.31722640991211,23.84372043609619,3.473505973815918,2.7164745330810547,0,0,0,0,0,Create
1631,0.9218006134033204,0.9376042485237122,0.8906670212745667,0.0220155958086252,0.0469372272491455,0.8339513039179335,0.0227098934927857,0.0,0.0,0.9141352772712708,0.0133385397493839,28.45112419128418,24.62724781036377,3.82387638092041,1.329206466674805,0,0,0,0,0,Understand
1632,0.8890891671180725,0.9144204258918762,0.8613686561584473,0.0217240918427705,0.0530517697334289,0.0,0.0,0.0,0.0,0.8824976086616516,0.0271884091198444,35.55819320678711,324.79764556884766,289.23945236206055,410.6570129394531,0,0,0,0,0,Understand
1633,0.8957491517066956,0.9229782819747924,0.8665593862533569,0.0230746045708656,0.0564188957214355,0.6639079874373991,0.1368124668636463,0.0,0.0,0.8718072772026062,0.0273449178785085,30.42391014099121,25.901188850402832,4.522721290588379,5.711164474487305,0,0,0,0,0,Understand
1634,0.8517683148384094,0.8667651414871216,0.8304163217544556,0.015504827722907,0.036348819732666,0.0379867046533713,0.0314108934635161,0.0,0.0,0.8665431141853333,0.017070397734642,30.08851623535156,39.12637138366699,9.03785514831543,29.908506393432617,0,0,0,0,1,Understand
1635,0.8069857954978943,0.825453519821167,0.7786539196968079,0.020339235663414,0.0467996001243591,0.1354617604617604,0.0413157609395463,0.0,0.0,0.7990124821662903,0.0451678223907947,28.578275680541992,29.35717725753784,0.7789015769958496,15.732393264770508,0,0,0,0,0,Remember
1636,0.7927064299583435,0.8811745643615723,0.7050814032554626,0.0718922019004821,0.1760931611061096,0.0,0.0,0.0,0.0,0.8356552124023438,0.0326162278652191,67.07360076904297,1004.7466115951538,937.6730108261108,3376.773952484131,0,0,0,0,0,Remember
1637,0.8396126627922058,0.8733597993850708,0.7933454513549805,0.0338441282510757,0.0800143480300903,0.0138888888888888,0.0196418550329596,0.0,0.0,0.82309889793396,0.0427179150283336,21.5806827545166,48.104506492614746,26.523823738098145,31.76944732666016,0,0,0,0,0,Understand
1638,0.8772127032279968,0.885097861289978,0.8656203150749207,0.0083726113662123,0.0194775462150573,0.0379867046533713,0.0314108934635161,0.0,0.0,0.8604974150657654,0.0073029878549277,33.5523796081543,39.00779628753662,5.455416679382324,30.639631271362305,0,0,0,0,1,Understand
1639,0.8616341948509216,0.8678522706031799,0.8548198938369751,0.0053371163085103,0.0130323767662048,0.1853864734299517,0.0728301927204046,0.0,0.0,0.8294581770896912,0.0215189401060342,26.409141540527344,31.509961128234863,5.10081958770752,11.440713882446287,0,0,0,0,1,Understand
1640,0.8437018394470215,0.8814589977264404,0.810768723487854,0.0290600750595331,0.0706902742385864,0.0,0.0,0.0,0.0,0.8380341529846191,0.0263342820107936,33.699798583984375,47.78885364532471,14.089055061340332,21.1644287109375,0,0,0,0,0,Evaluate
1641,0.8437018394470215,0.8814589977264404,0.810768723487854,0.0290600750595331,0.0706902742385864,0.0,0.0,0.0,0.0,0.8380341529846191,0.0263342820107936,33.699798583984375,47.78885364532471,14.089055061340332,21.1644287109375,0,0,0,0,0,Evaluate
1642,0.935333251953125,0.9380937814712524,0.9302026033401488,0.0036313901655375,0.0078911781311035,0.0,0.0,0.0,0.0,0.9282572269439696,0.0161576643586158,139.2139892578125,119.47251319885254,19.74147605895996,138.67241668701172,0,0,0,0,0,Understand
1643,0.8230974674224854,0.8318543434143066,0.8098665475845337,0.0095176631584763,0.0219877958297729,0.1859621859621859,0.0280677900733365,0.0,0.0,0.8617660999298096,0.0218844879418611,42.05633544921875,150.08924961090088,108.03291416168211,185.4648551940918,0,0,0,0,0,Understand
1644,0.8871243596076965,0.8947881460189819,0.8724076151847839,0.0104093505069613,0.0223805308341979,0.0,0.0,0.0,0.0,0.9028722643852234,0.0057254168204963,20.73432922363281,125.27379989624023,104.53947067260742,259.50905990600586,0,0,0,0,0,Remember
1645,0.8585407733917236,0.9050631523132324,0.8070714473724365,0.0401575900614261,0.0979917049407959,0.0,0.0,0.0,0.0,0.8054396510124207,0.0339472703635692,33.94196701049805,355.3311176300049,321.38915061950684,1072.6972579956057,0,0,0,0,0,Create
1646,0.7976493835449219,0.8394867777824402,0.7661756277084351,0.0308132339268922,0.0733111500740051,0.0,0.0,0.0,0.0,0.7880452275276184,0.0382554978132247,39.57585906982422,301.73025703430176,262.15439796447754,1007.5980758666992,0,0,0,0,0,Understand
1647,0.8503804206848145,0.8687770366668701,0.8379073143005371,0.0132803525775671,0.030869722366333,0.0,0.0,0.0,0.0,0.8538768291473389,0.0217834748327732,51.979888916015625,61.54752063751221,9.567631721496582,51.73838806152344,0,0,0,0,1,Understand
1649,0.8440604209899902,0.8753707408905029,0.78974449634552,0.0385564863681793,0.0856262445449829,0.0,0.0,0.0,0.0,0.8460176587104797,0.0500968024134635,44.07004165649414,58.67447566986084,14.6044340133667,34.67984771728516,0,0,0,0,0,Create
1650,0.8269427418708801,0.8520590662956238,0.793476939201355,0.0246340241283178,0.0585821270942688,0.1825396825396825,0.1379218031506568,0.0,0.0,0.8525993824005127,0.0233240947127342,60.02510070800781,78.80759525299072,18.78249454498291,75.53454208374023,0,0,1,0,0,Understand
1651,0.9464561343193054,0.9502211809158324,0.9404648542404176,0.0042827897705137,0.009756326675415,0.0,0.0,0.0,0.0,0.9320006370544434,0.000806154042948,123.98958587646484,983.6957998275756,859.7062139511108,2984.308506011963,0,0,0,0,0,Understand
1652,0.9357990622520448,0.945210099220276,0.9240687489509584,0.0087853409349918,0.0211413502693176,0.0,0.0,0.0,0.0,0.94137305021286,0.0039928122423589,34.40640640258789,352.59151458740234,318.18510818481445,299.4815368652344,0,0,0,0,0,Create
1653,0.8221057057380676,0.8499624133110046,0.7964222431182861,0.021911634132266,0.0535401701927185,0.0,0.0,0.0,0.0,0.8839927315711975,0.0288467332720756,23.065887451171875,215.0508337020874,191.98494625091556,594.3728294372559,0,0,0,0,0,Analyze
1654,0.9493050575256348,0.981025755405426,0.898440957069397,0.0363310314714908,0.082584798336029,0.1333333333333333,0.0942809041582063,0.0,0.0,0.9218080043792723,0.0341948308050632,46.95045852661133,516.68212890625,469.7316703796387,178.40716552734375,0,0,0,0,0,Create
1655,0.8337376117706299,0.8540703654289246,0.8215410113334656,0.0144726745784282,0.0325293540954589,0.0,0.0,0.0,0.0,0.8506532311439514,0.0099897347390651,49.23244094848633,45.45633888244629,3.776102066040039,30.57455444335937,0,0,0,0,1,Evaluate
1656,0.8256688714027405,0.837104320526123,0.8035430312156677,0.0156483016908168,0.0335612893104553,0.0,0.0,0.0,0.0,0.8622463345527649,0.0413463786244392,55.4287338256836,1004.7466115951538,949.3178777694702,3376.773952484131,0,0,0,0,0,Remember
1659,0.8114218711853027,0.8501515984535217,0.7741016149520874,0.0310632679611444,0.0760499835014343,0.1282419687592101,0.0696874697928196,0.0,0.0,0.8633832335472107,0.0187362059950828,21.5806827545166,36.21864795684815,14.637965202331545,2.946205139160156,0,0,0,0,0,Understand
1660,0.8448999524116516,0.8635982275009155,0.8255139589309692,0.0155554413795471,0.0380842685699462,0.1922222222222222,0.0409456128281961,0.0,0.0,0.8476921916007996,0.015927018597722,37.32870864868164,39.07857704162598,1.749868392944336,7.2483367919921875,0,0,0,0,0,Understand
1661,0.7771660685539246,0.7840803861618042,0.7721552848815918,0.0050510382279753,0.0119251012802124,0.0654882154882155,0.0181177947472545,0.0,0.0,0.8019096255302429,0.0420380942523479,28.578275680541992,29.200222969055176,0.6219472885131836,15.288772583007812,0,0,0,0,0,Remember
1662,0.8502934575080872,0.8627346754074097,0.838323712348938,0.0099713075906038,0.0244109630584716,0.2079365079365079,0.1516018442288726,0.0,0.0,0.8240644335746765,0.0392563864588737,33.699798583984375,49.51734828948975,15.817549705505373,14.250450134277344,0,0,0,0,0,Evaluate
1663,0.830542266368866,0.8397773504257202,0.8142077326774597,0.0115830823779106,0.0255696177482604,0.0,0.0,0.0,0.0,0.8866457343101501,0.0169583056122064,42.56687927246094,654.7971076965332,612.2302284240723,1268.9449615478516,0,0,0,0,0,Analyze
1664,0.7899084091186523,0.8153347373008728,0.7704027891159058,0.0188150648027658,0.044931948184967,0.1333333333333333,0.0942809041582063,0.0,0.0,0.8243022561073303,0.0316873304545879,44.20864868164063,48.79016876220703,4.581520080566406,14.397274017333984,0,0,0,0,0,Analyze
1665,0.8120324015617371,0.8309547305107117,0.7964991927146912,0.0142690995708107,0.0344555377960205,0.1169256474519632,0.1034485865253679,0.0,0.0,0.8321650624275208,0.0356291495263576,41.94451522827149,33.97244119644165,7.972074031829834,7.806814193725586,0,0,0,0,0,Understand
1666,0.8245444893836975,0.869109034538269,0.7885643243789673,0.0334378108382225,0.0805447101593017,0.3333333333333333,0.2357022603955158,0.0,0.0,0.7846889495849609,0.0374764911830425,39.28126907348633,39.64910078048706,0.3678317070007324,22.53607749938965,0,0,0,0,0,Evaluate
1667,0.865576446056366,0.8809198141098022,0.8501694798469543,0.0125538520514965,0.0307503342628479,0.0,0.0,0.0,0.0,0.8721336722373962,0.0091671291738748,33.5523796081543,39.00779628753662,5.455416679382324,30.639631271362305,0,0,0,0,1,Understand
1668,0.8473942279815674,0.8622302412986755,0.8209312558174133,0.0187579523772001,0.0412989854812622,0.1670875420875421,0.041034813947933,0.0,0.0,0.8436980843544006,0.0255049727857112,26.409141540527344,31.509961128234863,5.10081958770752,11.440713882446287,0,0,0,0,1,Understand
1669,0.9313980937004088,0.9400129318237304,0.9199752807617188,0.0084178540855646,0.0200376510620117,0.0,0.0,0.0,0.0,0.9254987835884094,0.0156383253633976,20.766695022583008,238.9790449142456,218.2123498916626,594.3728294372559,0,0,0,0,0,Analyze
1670,0.9034435153007508,0.9216864705085754,0.8802082538604736,0.017297439277172,0.0414782166481018,0.0,0.0,0.0,0.0,0.8881969451904297,0.009121149778366,22.1146297454834,441.8653469085693,419.75071716308594,971.6806869506836,0,0,0,0,0,Understand
1671,0.8755050301551819,0.8777329921722412,0.8720762133598328,0.0024605512153357,0.0056567788124084,0.0,0.0,0.0,0.0,0.8741397261619568,0.0228038392961025,21.36243057250977,83.17200088500977,61.8095703125,28.639915466308597,0,0,0,0,0,Remember
1672,0.9072434306144714,0.9493001699447632,0.8615782856941223,0.0359030924737453,0.0877218842506408,0.1851851851851852,0.2618914004394621,0.0,0.0,0.8892159461975098,0.0387917570769786,21.94122886657715,234.88440227508545,212.9431734085083,621.2571296691895,0,0,0,0,0,Understand
1673,0.9260051846504213,0.9310628175735474,0.9200053215026855,0.004563117865473,0.0110574960708618,0.1495405179615705,0.1063384102866455,0.0,0.0,0.9307791590690612,0.0068402010947465,21.151203155517575,62.581061363220215,41.42985820770264,133.58162879943848,0,0,0,0,0,Understand
1674,0.9225695133209229,0.9385210275650024,0.9102118611335754,0.0118332607671618,0.028309166431427,0.0666666666666666,0.0942809041582063,0.0,0.0,0.9435632824897766,0.0091430032625794,16.72785758972168,98.4616150856018,81.73375749588013,263.0298709869385,0,0,0,0,0,Remember
1675,0.8751466870307922,0.8899214863777161,0.8567655086517334,0.013774000108242,0.0331559777259826,0.1428571428571428,0.0,0.0,0.0,0.8839519023895264,0.0325348302721977,17.19736099243164,119.1248893737793,101.92752838134766,237.86648559570312,0,0,0,0,0,Understand
1676,0.8992464542388916,0.9393665194511414,0.8684281706809998,0.0296979695558547,0.0709383487701416,0.1574074074074074,0.0654728501098655,0.0,0.0,0.8708084225654602,0.0320274643599987,12.52052116394043,260.857928276062,248.3374071121216,410.8126792907715,0,0,0,0,0,Understand
1677,0.8759552836418152,0.9076312780380248,0.8155015110969543,0.0427636429667472,0.0921297669410705,0.0,0.0,0.0,0.0,0.8394265174865723,0.0534752458333969,16.43338966369629,172.34663772583008,155.9132480621338,196.1773147583008,0,0,0,0,0,Understand
1678,0.8627516627311707,0.8806995153427124,0.8388310670852661,0.0176067389547824,0.0418684482574462,0.0,0.0,0.0,0.0,0.8441335558891296,0.0708923935890197,18.92986488342285,100.49088764190674,81.56102275848389,181.8033790588379,0,0,0,0,0,Understand
1679,0.869037926197052,0.8833114504814148,0.8618064522743225,0.0100931879132986,0.0215049982070922,0.0625,0.0883883476483184,0.0,0.0,0.8675296306610107,0.0268026180565357,19.285871505737305,66.96325778961182,47.67738628387451,89.99226760864258,0,0,0,0,0,Understand
1680,0.8618216514587402,0.8965469002723694,0.8205772638320923,0.031355183571577,0.0759696364402771,0.0,0.0,0.0,0.0,0.8721607327461243,0.0339320525527,18.46331024169922,82.88964462280273,64.42633438110352,69.64400482177734,0,0,0,0,0,Create
1681,0.8364384770393372,0.8966958522796631,0.7335329055786133,0.0731194838881492,0.1631629467010498,0.0,0.0,0.0,0.0,0.7826972007751465,0.0916564017534256,17.9356746673584,37.61102056503296,19.67534589767456,28.217729568481445,0,0,0,0,0,Understand
1682,0.8978922963142395,0.9044334888458252,0.8889613151550293,0.0065386286005377,0.0154721736907958,0.037037037037037,0.0523782800878924,0.0,0.0,0.9101362228393556,0.0261277128010988,19.754438400268555,67.26705884933472,47.51262044906616,94.04860496520996,0,0,0,0,0,Understand
1683,0.8572472929954529,0.888862133026123,0.8055993914604187,0.0368253663182258,0.0832627415657043,0.1477124183006536,0.110749121986798,0.0,0.0,0.8593368530273438,0.0447315946221351,20.0367374420166,88.61928653717041,68.58254909515381,108.73500061035156,0,0,1,0,0,Understand
1684,0.8295882344245911,0.8390902876853943,0.8140749931335449,0.0110617280006408,0.0250152945518493,0.0,0.0,0.0,0.0,0.8502457737922668,0.0041070654988288,40.34697723388672,37.44993209838867,2.897045135498047,26.17962646484375,0,0,0,0,0,Understand
1685,0.8222875595092773,0.8608217239379883,0.7922242879867554,0.0286381933838129,0.0685974359512329,0.2236111111111111,0.0790813380304819,0.0,0.0,0.8243916630744934,0.0194335244596004,33.39897155761719,33.76936101913452,0.370389461517334,48.00153160095215,0,0,0,0,1,Evaluate
1686,0.8261107802391052,0.8462283611297607,0.8044825196266174,0.0170761123299598,0.0417458415031433,0.1025863025863026,0.0095434794407442,0.0,0.0,0.8286142349243164,0.0113401226699352,42.32742691040039,25.094332695007324,17.233094215393066,19.185930252075195,0,0,0,0,0,Remember
1687,0.7629486918449402,0.794663667678833,0.7228909730911255,0.0298890322446823,0.0717726945877075,0.0,0.0,0.0,0.0,0.8150812983512878,0.0264317747205495,26.936899185180664,49.16571998596192,22.22882080078125,8.723560333251953,0,0,0,0,0,Understand
1688,0.8894712924957275,0.9040979146957396,0.8721534609794617,0.013179381377995,0.031944453716278,0.0,0.0,0.0,0.0,0.9130239486694336,0.0069838329218328,32.55689239501953,50.530951499938965,17.974059104919434,41.872676849365234,0,0,0,0,0,Remember
1689,0.8354113698005676,0.8649595379829407,0.8118571043014526,0.0220893938094377,0.053102433681488,0.2249163879598662,0.1120089309118701,0.0,0.0,0.8421614766120911,0.0094859385862946,22.47931480407715,42.80857610702515,20.329261302948,33.56627082824707,0,0,0,0,0,Remember
1690,0.8362078666687012,0.8612673878669739,0.8053557872772217,0.0231904070824384,0.0559116005897522,0.0708898944193062,0.063384317916895,0.0,0.0,0.8167023658752441,0.0133880535140633,65.04655456542969,38.793137073516846,26.25341749191284,27.539936065673828,0,0,0,0,0,Remember
1691,0.9067153930664062,0.911758542060852,0.8972578048706055,0.0066924351267516,0.0145007371902465,0.0,0.0,0.0,0.0,0.8831951022148132,0.0109693212434649,50.39757537841797,434.3749885559082,383.97741317749023,601.2761993408203,0,0,0,0,1,Remember
1692,0.7681219577789307,0.7759379148483276,0.7614153623580933,0.0059804767370224,0.0145225524902343,0.0,0.0,0.0,0.0,0.8218590617179871,0.0399883538484573,21.58928108215332,537.4483489990234,515.8590679168701,916.802978515625,0,0,0,0,0,Remember
1693,0.8484676480293274,0.8632782697677612,0.8190258741378784,0.0208186488598585,0.0442523956298828,0.1606060606060606,0.1233895337666808,0.0,0.0,0.8272135853767395,0.0156032759696245,57.38115692138672,61.92185783386231,4.540700912475586,34.17848205566406,0,0,0,0,0,Understand
1694,0.8519518971443176,0.8794970512390137,0.8249884843826294,0.0222568288445472,0.0545085668563842,0.3636363636363636,0.2676291171614499,0.0,0.0,0.8355682492256165,0.0284096151590347,60.44985961914063,2280.311454772949,2219.8615951538086,8931.293186187744,0,0,0,0,0,Understand
1695,0.8048034310340881,0.9170863032341005,0.656830370426178,0.1092051118612289,0.2602559328079223,0.0,0.0,0.0,0.0,0.7305405735969543,0.0834020674228668,34.83683776855469,154.5444564819336,119.7076187133789,288.6066970825196,0,0,0,0,0,Create
1696,0.8605405688285828,0.8797582387924194,0.8392608165740967,0.0165971722453832,0.0404974222183227,0.1065656565656565,0.0221417274916999,0.0,0.0,0.8290947079658508,0.0297494996339082,26.97234916687012,36.32455778121948,9.352208614349363,17.626731872558594,0,0,0,0,1,Understand
1697,0.8706648945808411,0.8706648945808411,0.8706648945808411,0.0,0.0,0.1666666666666666,0.0,0.0,0.0,0.0,0.0,22.66282844543457,236.45929718017575,213.7964687347412,11.491287231445312,0,0,0,0,0,Evaluate
1698,0.9217247366905212,0.9255026578903198,0.9177694320678712,0.0031595667824149,0.0077332258224487,0.0,0.0,0.0,0.0,0.9318590760231018,0.0099005196243524,102.91619110107422,353.81107330322266,250.89488220214844,918.4037475585938,0,0,0,0,0,Understand
1699,0.9051551818847656,0.9148491024971008,0.8886577486991882,0.0117249768227338,0.0261913537979125,0.1428571428571428,0.0,0.0,0.0,0.9183120131492616,0.0119492700323462,32.434898376464844,90.29438304901124,57.85948467254639,99.4847183227539,0,0,0,0,0,Understand
1700,0.835798442363739,0.8602522015571594,0.795772910118103,0.028533685952425,0.0644792914390564,0.3636363636363636,0.2676291171614499,0.0,0.0,0.8517217636108398,0.0222652275115251,60.44985961914063,2280.311454772949,2219.8615951538086,8931.293186187744,0,0,0,0,0,Understand
1701,0.9598632454872132,0.9686970710754396,0.9550358057022096,0.0062554194591939,0.0136612653732299,0.0,0.0,0.0,0.0,0.9545639157295228,0.0005397436325438,30.861278533935547,256.45812606811523,225.5968475341797,148.83016967773438,0,0,1,0,0,Understand
1702,0.8044102787971497,0.8232502937316895,0.7853947281837463,0.0154549684375524,0.0378555655479431,0.1074074074074074,0.090872919602854,0.0,0.0,0.8435823917388916,0.0070407525636255,152.43832397460938,118.93033981323242,33.50798416137695,147.93305206298828,0,0,1,0,0,Understand
1703,0.8901984691619873,0.9254140853881836,0.8713898658752441,0.0249205082654953,0.0540242195129394,0.0,0.0,0.0,0.0,0.8648226857185364,0.0192510671913623,56.36344146728516,213.21137237548828,156.84793090820312,209.411865234375,0,0,0,0,0,Create
1704,0.8838999271392822,0.9057575464248656,0.8704283237457275,0.015594495460391,0.0353292226791381,0.0,0.0,0.0,0.0,0.8858897089958191,0.0097406124696135,59.22239685058594,202.95019149780276,143.7277946472168,242.44302368164065,0,0,0,0,1,Understand
1706,0.796430766582489,0.805884063243866,0.7896362543106079,0.006894426420331,0.016247808933258,0.0,0.0,0.0,0.0,0.8672017455101013,0.0252528320997953,44.39849090576172,60.77986431121826,16.381373405456543,29.025127410888672,0,0,0,0,0,Create
1707,0.7576649188995361,0.7814128398895264,0.7433222532272339,0.0169128607958555,0.0380905866622924,0.0,0.0,0.0,0.0,0.8001081943511963,0.0423289984464645,78.25837707519531,70.3933458328247,7.865031242370605,74.63855743408203,0,0,1,0,0,Understand
1708,0.8605405688285828,0.8797582387924194,0.8392608165740967,0.0165971722453832,0.0404974222183227,0.1065656565656565,0.0221417274916999,0.0,0.0,0.8290947079658508,0.0297494996339082,26.97234916687012,36.32455778121948,9.352208614349363,17.626731872558594,0,0,0,0,1,Understand
1709,0.8506006598472595,0.8587167263031006,0.8421599864959717,0.0067631569691002,0.0165567398071289,0.0940530303030303,0.0526089592571745,0.0,0.0,0.8453280329704285,0.011989489197731,44.356910705566406,25.094332695007324,19.26257801055908,19.185930252075195,0,0,0,0,0,Remember
1710,0.8485625386238098,0.8725027441978455,0.8247370719909668,0.0195004232227802,0.0477656722068786,0.0,0.0,0.0,0.0,0.837660551071167,0.0183798167854547,35.718101501464844,172.1570053100586,136.43890380859375,302.0054168701172,0,0,0,0,0,Create
1711,0.8642976880073547,0.9170863032341005,0.835313081741333,0.0373870469629764,0.0817732214927673,0.0,0.0,0.0,0.0,0.8351348042488098,0.0108480844646692,34.83683776855469,111.66545486450195,76.82861709594727,117.09069061279295,0,0,0,0,0,Create
1712,0.8169674873352051,0.8513138294219971,0.794663667678833,0.0246451571583747,0.056650161743164,0.2166666666666666,0.1649915822768611,0.0,0.0,0.7610624432563782,0.0279432963579893,26.936899185180664,49.16571998596192,22.22882080078125,8.723560333251953,0,0,0,0,0,Understand
1713,0.8310089111328125,0.8420717716217041,0.8103441596031189,0.0146243274211883,0.0317276120185852,0.202020202020202,0.0499974491748063,0.0,0.0,0.8352110981941223,0.045351255685091,24.59048080444336,34.92181873321533,10.331337928771973,20.563037872314453,0,0,0,0,0,Analyze
1714,0.8029642105102539,0.8171751499176025,0.791928768157959,0.010548542253673,0.0252463817596435,0.0,0.0,0.0,0.0,0.8678311705589294,0.0283749401569366,51.1204948425293,42.03481101989746,9.085683822631836,9.877948760986328,0,0,0,0,1,Evaluate
1715,0.8864108920097351,0.9568859338760376,0.8274831175804138,0.0534557700157165,0.1294028162956237,0.1666666666666666,0.2357022603955158,0.0,0.0,0.8506786227226257,0.0348849706351757,67.07360076904297,192.82557487487796,125.75197410583496,203.5875015258789,0,0,0,0,0,Remember
1716,0.8411079049110413,0.8550829887390137,0.8294175267219543,0.0106016946956515,0.0256654620170593,0.1535087719298245,0.1097368070455859,0.0,0.0,0.8364648818969727,0.0218524951487779,22.47931480407715,42.80857610702515,20.329261302948,33.56627082824707,0,0,0,0,0,Remember
1717,0.8453018069267273,0.8551803827285767,0.8355995416641235,0.0079948185011744,0.0195808410644531,0.0,0.0,0.0,0.0,0.8345322608947754,0.0151884071528911,40.34697723388672,37.44993209838867,2.897045135498047,26.17962646484375,0,0,0,0,0,Understand
1718,0.8262367248535156,0.851853609085083,0.7923029661178589,0.0250126179307699,0.0595506429672241,0.2939153439153439,0.1079877199807398,0.0,0.0,0.8366993069648743,0.0324709452688694,34.511138916015625,39.047462940216064,4.53632402420044,13.525140762329102,0,0,0,0,0,Understand
1719,0.8325925469398499,0.8612673878669739,0.8020803332328796,0.024197919294238,0.0591870546340942,0.0512820512820512,0.0725237724293895,0.0,0.0,0.8203175663948059,0.0156968683004379,65.04655456542969,38.793137073516846,26.25341749191284,27.539936065673828,0,0,0,0,0,Remember
1720,0.8930411338806152,0.911758542060852,0.8702744245529175,0.0171761680394411,0.0414841175079345,0.0,0.0,0.0,0.0,0.8968692421913147,0.0118055017665028,50.39757537841797,434.3749885559082,383.97741317749023,601.2761993408203,0,0,0,0,1,Remember
1721,0.7891502976417542,0.8317430019378662,0.7670125961303711,0.0301254093647003,0.0647304058074951,0.0,0.0,0.0,0.0,0.8008306622505188,0.0458575598895549,21.58928108215332,537.4483489990234,515.8590679168701,916.802978515625,0,0,0,0,0,Remember
1722,0.8465006947517395,0.8630989789962769,0.8364746570587158,0.011821118183434,0.026624321937561,0.1303030303030302,0.1256023137943194,0.0,0.0,0.8291805386543274,0.0247591063380241,57.38115692138672,61.92185783386231,4.540700912475586,34.17848205566406,0,0,0,0,0,Understand
1723,0.8371540904045105,0.8725287318229675,0.8133454918861389,0.0255080983042716,0.0591832399368286,0.1425925925925926,0.0232774168332898,0.0,0.0,0.8153850436210632,0.028270773589611,33.7243537902832,34.12635135650635,0.4019975662231445,48.00153160095215,0,0,0,0,1,Evaluate
1724,0.8368642330169678,0.8629837036132812,0.8195105791091919,0.0187990665435791,0.0434731245040893,0.0256410256410256,0.0362618862146947,0.0,0.0,0.8536118865013123,0.0194351375102996,44.79157638549805,71.1370849609375,26.345508575439453,108.6091194152832,0,0,0,0,0,Create
1725,0.7805094718933105,0.8038580417633057,0.7548519968986511,0.0200731419026851,0.0490060448646545,0.0238095238095238,0.0336717514850736,0.0,0.0,0.7923213839530945,0.0232375245541334,54.51717758178711,32.181654930114746,22.335522651672363,12.780004501342772,0,0,0,0,0,Evaluate
1727,0.8578188419342041,0.873529314994812,0.8469012379646301,0.0113869113847613,0.0266280770301818,0.0,0.0,0.0,0.0,0.8989481925964355,0.0225612316280603,19.89543342590332,238.9790449142456,219.08361148834229,594.3728294372559,0,0,0,0,0,Analyze
1728,0.8569316864013672,0.8930707573890686,0.8331342339515686,0.0259786341339349,0.0599365234375,0.037037037037037,0.0523782800878924,0.0,0.0,0.8144741058349609,0.0312524586915969,20.61567687988281,200.4983320236206,179.8826551437378,376.3276023864746,0,0,0,0,0,Understand
1729,0.838653564453125,0.8452180027961731,0.8256171941757202,0.0092181684449315,0.0196008086204528,0.0,0.0,0.0,0.0,0.868588387966156,0.0569149889051914,20.625621795654297,113.53313064575195,92.90750885009766,147.72919464111328,0,0,0,0,0,Remember
1730,0.8891196250915527,0.9009729027748108,0.8733634352684021,0.0116044655442237,0.0276094675064086,0.0,0.0,0.0,0.0,0.8886778950691223,0.031857706606388,18.93943977355957,70.75915670394897,51.81971693038941,115.75143623352052,0,0,0,0,0,Understand
1731,0.8592042922973633,0.8664559721946716,0.8497356176376343,0.007003747858107,0.0167203545570373,0.0,0.0,0.0,0.0,0.8121657371520996,0.0301046632230281,22.4856071472168,95.50289916992188,73.01729202270508,75.60826873779297,0,0,0,0,0,Understand
1732,0.9579907059669496,0.9684683680534364,0.9450892806053162,0.0096971374005079,0.0233790874481201,0.0666666666666666,0.0942809041582063,0.0,0.0,0.964731514453888,0.0097054624930024,20.125457763671875,98.4616150856018,78.33615732192993,263.0298709869385,0,0,0,0,0,Remember
1733,0.828822672367096,0.8550484776496887,0.7978403568267822,0.0235960651189088,0.0572081208229064,0.037037037037037,0.0523782800878924,0.0,0.0,0.8596341013908386,0.0453453548252582,18.751842498779297,47.06788635253906,28.31604385375977,27.6175537109375,0,0,0,0,0,Remember
1734,0.9143335223197936,0.9426870942115784,0.8856143951416016,0.0233012661337852,0.0570726990699768,0.3921356421356421,0.1363073171375103,0.0,0.0,0.8953030705451965,0.0415569767355918,22.88715171813965,71.4048433303833,48.51769161224365,41.05303955078125,0,0,0,0,0,Understand
1735,0.8787941336631775,0.8910013437271118,0.8645386695861816,0.0108999898657202,0.0264626741409301,0.0,0.0,0.0,0.0,0.8815390467643738,0.0148441260680556,19.15748786926269,73.23861360549927,54.08112573623657,129.91904640197754,0,0,0,0,0,Evaluate
1736,0.847568929195404,0.8788068294525146,0.8023195266723633,0.0327599197626113,0.0764873027801513,0.1016876605111899,0.0321271336501722,0.0,0.0,0.8717890381813049,0.0387864783406257,20.996261596679688,37.502800941467285,16.506539344787598,29.691761016845703,0,0,0,0,0,Understand
1737,0.8355767130851746,0.8701095581054688,0.8145455121994019,0.0246111415326595,0.0555640459060668,0.0769230769230769,0.1087856586440842,0.0,0.0,0.8190110325813293,0.0371472500264644,22.60604286193848,73.93365001678467,51.32760715484619,53.77022171020508,0,0,0,0,0,Understand
1738,0.8306201100349426,0.8470792770385742,0.8211753964424133,0.0116805657744407,0.0259038805961608,0.0461967343687773,0.0328982499849675,0.0,0.0,0.8488227725028992,0.0470720306038856,18.24761009216309,59.47626876831055,41.22865867614746,140.91673469543457,0,0,0,0,0,Evaluate
1739,0.9248495101928712,0.9418026804924012,0.91372811794281,0.0121806543320417,0.028074562549591,0.6944444444444445,0.2553441154284755,0.0,0.0,0.9168174266815186,0.0120391612872481,19.28208351135254,19.791802406311035,0.5097188949584961,19.841684341430664,0,0,0,0,0,Evaluate
1740,0.8990799784660339,0.9179913997650146,0.8687338829040527,0.0216739308089017,0.0492575168609619,0.0185185185185185,0.0261891400439462,0.0,0.0,0.8812691569328308,0.0441358424723148,19.885421752929688,44.336782455444336,24.45136070251465,11.599224090576172,0,0,0,0,0,Understand
1741,0.8684331774711609,0.8876258134841919,0.8547639846801758,0.0139727648347616,0.0328618288040161,0.0,0.0,0.0,0.0,0.8907032012939453,0.0215588063001632,19.89411354064941,100.98959732055664,81.09548377990723,97.55506134033205,0,0,0,0,0,Understand
1742,0.8474673628807068,0.8683214783668518,0.8222333788871765,0.0190685633569955,0.0460880994796752,0.2007797270955165,0.0545634892876351,0.0,0.0,0.816762387752533,0.0375131629407405,71.18418884277344,34.22741270065308,36.95677614212036,11.048511505126951,0,0,0,0,0,Remember
1743,0.8114950656890869,0.8215160369873047,0.7969598174095154,0.0105209629982709,0.0245562195777893,0.0,0.0,0.0,0.0,0.8491976261138916,0.0134653775021433,45.50031280517578,61.532169342041016,16.031856536865234,40.154541015625,0,0,0,0,0,Understand
1744,0.9267640113830566,0.9654873609542848,0.8601487278938293,0.0473112538456916,0.1053386330604553,0.0666666666666666,0.0942809041582063,0.0,0.0,0.8888943791389465,0.0480923131108284,43.55083465576172,556.0705757141113,512.5197410583496,908.984603881836,0,0,0,0,0,Remember
1745,0.865684986114502,0.8941711187362671,0.848832368850708,0.0202550925314426,0.045338749885559,0.3646903820816864,0.1917006460815021,0.0,0.0,0.8443739414215088,0.0178662575781345,37.61286163330078,26.34410047531128,11.268761157989502,20.506654739379883,0,0,0,0,0,Understand
1746,0.7631543278694153,0.784856915473938,0.72984778881073,0.023909417912364,0.055009126663208,0.0625,0.0,0.0,0.0,0.8107852935791016,0.012049893848598,31.97698402404785,47.19087505340576,15.21389102935791,13.812725067138672,0,0,0,0,0,Understand
1747,0.8508922457695007,0.9092503786087036,0.8019545078277588,0.0443069636821746,0.1072958707809448,0.1851851851851852,0.2618914004394621,0.0,0.0,0.8464141488075256,0.0214219447225332,33.518775939941406,63.728211402893066,30.20943546295166,58.94635772705078,0,0,0,0,0,Understand
1748,0.961431086063385,0.961431086063385,0.961431086063385,0.0,0.0,0.0,0.0,0.0,0.0,0.0,0.0,20.16010284423828,432.1442565917969,411.9841537475586,328.20611572265625,0,0,1,0,1,Create
1749,0.8675690293312073,0.8948401212692261,0.8411281704902649,0.0219356697052717,0.0537119507789611,0.3518518518518518,0.1440402702417041,0.0,0.0,0.9173476696014404,0.0193801093846559,28.601587295532227,35.785470962524414,7.183883666992188,26.998958587646484,0,0,0,0,0,Understand
1750,0.9510011076927184,0.9510011076927184,0.9510011076927184,0.0,0.0,0.0,0.0,0.0,0.0,0.0,0.0,17.998924255371094,432.1442565917969,414.1453323364258,328.20611572265625,0,0,0,0,1,Create
1751,0.8349547982215881,0.8444226980209351,0.8165163993835449,0.0130394985899329,0.0279062986373901,0.090133779264214,0.0444793001976027,0.0,0.0,0.8642146587371826,0.0107630640268325,28.601587295532227,44.28467321395874,15.683085918426514,36.35210990905762,0,0,0,0,0,Understand
1752,0.8495481610298157,0.9104615449905396,0.8117444515228271,0.0434879660606384,0.0987170934677124,0.0,0.0,0.0,0.0,0.7927207350730896,0.0138424113392829,21.68313980102539,239.84167289733887,218.15853309631348,547.1255340576172,0,0,0,0,0,Understand
1753,0.814426600933075,0.8453993797302246,0.7816284894943237,0.026066331192851,0.0637708902359008,0.0575438596491228,0.0491127809317128,0.0,0.0,0.8506338000297546,0.0040564560331404,33.33767318725586,82.95945262908936,49.621779441833496,91.29208374023438,0,0,0,0,0,Understand
1754,0.8066809773445129,0.8230401277542114,0.7757397890090942,0.021890802308917,0.0473003387451171,0.0,0.0,0.0,0.0,0.7520282864570618,0.0715159550309181,33.130409240722656,108.95248985290527,75.82208061218262,230.9017143249512,0,0,0,0,0,Understand
1755,0.803462564945221,0.8524446487426758,0.7344790101051331,0.0501930937170982,0.1179656386375427,0.196969696969697,0.2174651529455654,0.0,0.0,0.7362654209136963,0.0393266044557094,67.78804779052734,38.949864864349365,28.83818292617798,45.23641777038574,0,0,0,0,0,Understand
1756,0.8216498494148254,0.8830052018165588,0.747654914855957,0.055974680930376,0.1353502869606018,0.2332112332112332,0.1660673881146663,0.0,0.0,0.78230220079422,0.0287395883351564,32.29736328125,50.94410037994385,18.646737098693848,42.24697113037109,0,0,0,0,0,Understand
1757,0.8002765774726868,0.8470094203948975,0.7597588896751404,0.0358899645507335,0.087250530719757,0.0,0.0,0.0,0.0,0.7695322036743164,0.0507560223340988,33.506629943847656,43.6457576751709,10.139127731323242,21.27774429321289,0,0,0,0,1,Evaluate
1758,0.7655876278877258,0.785111665725708,0.7286659479141235,0.02612198702991,0.0564457178115844,0.0,0.0,0.0,0.0,0.7398591041564941,0.0359404720366001,52.96582794189453,48.17251443862915,4.793313503265381,47.12982749938965,0,0,0,0,0,Understand
1759,0.7898280620574951,0.8016493320465088,0.7747746706008911,0.0112070459872484,0.0268746614456176,0.0,0.0,0.0,0.0,0.867118775844574,0.0415810868144035,103.54122161865234,444.1189308166504,340.57770919799805,1351.7829971313477,0,0,0,0,0,Understand
1760,0.7601795196533203,0.8078352212905884,0.7003817558288574,0.044699989259243,0.1074534654617309,0.0,0.0,0.0,0.0,0.8666272759437561,0.0390408411622047,30.56698226928711,54.69504690170288,24.12806463241577,48.89834403991699,0,0,0,0,0,Understand
1761,0.7497992515563965,0.8145912885665894,0.7023327350616455,0.047438558191061,0.1122585535049438,0.0618266365392802,0.0193699930997835,0.0,0.0,0.6866844296455383,0.082182228565216,38.726898193359375,36.68978357315064,2.03711462020874,38.00902366638184,0,0,0,0,0,Remember
1762,0.7566613554954529,0.8220125436782837,0.7178438305854797,0.0464815720915794,0.1041687130928039,0.0292063492063492,0.0208849323217759,0.0,0.0,0.7563362717628479,0.0069947838783264,70.2286376953125,50.05326461791992,20.175373077392575,43.91557693481445,0,0,0,0,0,Understand
1763,0.8578929901123047,0.8865029811859131,0.8382607698440552,0.0206926222890615,0.0482422113418579,0.1155913978494623,0.0197390127125904,0.0,0.0,0.8460591435432434,0.0059099555946886,31.577566146850582,35.26437473297119,3.6868085861206055,7.861122131347656,0,0,0,0,1,Understand
1764,0.8383484482765198,0.8391938209533691,0.8369791507720947,0.0009770923061296,0.0022146701812744,0.1145299145299145,0.0380509902385505,0.0,0.0,0.8355998992919922,0.0181186329573392,42.41194534301758,29.204467296600345,13.207478046417236,13.421384811401367,0,0,0,0,0,Remember
1765,0.7465910911560059,0.7691163420677185,0.7072966694831848,0.0278845448046922,0.0618196725845336,0.0,0.0,0.0,0.0,0.7673063278198242,0.0085866628214716,48.25007629394531,46.04034996032715,2.209726333618164,9.461044311523438,0,0,0,0,0,Understand
1766,0.84906405210495,0.8696737885475159,0.8384488821029663,0.0145755000412464,0.0312249064445495,0.0666666666666666,0.0942809041582063,0.0,0.0,0.8873788714408875,0.0192855857312679,59.13737106323242,142.1730918884277,83.03572082519531,112.4823760986328,0,0,0,0,0,Remember
1767,0.8944483399391174,0.9258008599281312,0.8475333452224731,0.0337944254279136,0.0782675147056579,0.0666666666666666,0.0942809041582063,0.0,0.0,0.8644680380821228,0.0195751786231994,95.19630432128906,642.8610000610352,547.6646957397461,1075.473861694336,0,0,0,0,0,Remember
1768,0.8627468943595886,0.8796762228012085,0.840589165687561,0.0163798797875642,0.0390870571136474,0.1507936507936507,0.0112239171616912,0.0,0.0,0.8790798783302307,0.0212863143533468,52.368743896484375,78.56238174438477,26.19363784790039,75.38384246826172,0,0,0,0,0,Create
1769,0.6305732131004333,0.6496812105178833,0.617171585559845,0.0138718150556087,0.0325096249580383,0.0472967220093656,0.018940261038694,0.0,0.0,0.8024047017097473,0.0431374572217464,32.73296356201172,45.82393455505371,13.090970993041992,37.669578552246094,0,0,0,0,0,Remember
1770,0.8873371481895447,0.8992437124252319,0.8648884892463684,0.0158833432942628,0.0343552231788635,0.0,0.0,0.0,0.0,0.9042337536811828,0.0355050340294837,50.16351318359375,369.1067581176758,318.94324493408203,223.3369140625,0,0,0,0,0,Remember
1771,0.9593725204467772,0.965955138206482,0.9528780579566956,0.0053390604443848,0.0130770802497863,0.3333333333333333,0.0,0.0,0.0,0.95663183927536,0.0046829548664391,123.18653106689452,25.71071767807007,97.47581338882446,5.154720306396484,0,0,0,0,0,Remember
1772,0.8076515793800354,0.8161553144454956,0.802598237991333,0.0060485419817268,0.0135570764541625,0.2299182299182299,0.0427630798862777,0.0,0.0,0.826482355594635,0.0232963040471076,53.07352828979492,196.67293643951416,143.59940814971924,371.7996025085449,0,0,0,0,0,Understand
1773,0.814134418964386,0.8238809704780579,0.7978735566139221,0.0115736471489071,0.0260074138641357,0.0743034055727554,0.0527831242623092,0.0,0.0,0.8241803050041199,0.0038247171323746,37.796661376953125,33.163944244384766,4.632717132568359,22.33015251159668,0,0,0,0,0,Understand
1774,0.803475558757782,0.830289363861084,0.7843483686447144,0.0195270292460918,0.0459409952163696,0.0,0.0,0.0,0.0,0.8077430129051208,0.0372475758194923,48.98783493041992,199.5814332962036,150.5935983657837,594.4815979003906,0,0,0,0,0,Understand
1775,0.8598065972328186,0.8668249845504761,0.8553444743156433,0.0050233816727995,0.0114805102348327,0.0,0.0,0.0,0.0,0.8531281352043152,0.0150572452694177,362.6389770507813,204.57572746276853,158.0632495880127,587.9017066955566,0,0,0,0,0,Understand
1776,0.811129093170166,0.8381296396255493,0.7816507816314697,0.0231238659471273,0.0564788579940795,0.0555555555555555,0.0785674201318386,0.0,0.0,0.8342717289924622,0.0205290429294109,41.81293869018555,610.6917381286621,568.8787994384766,2010.5127029418943,0,0,0,0,0,Understand
1777,0.7969904541969299,0.8285675048828125,0.7492291331291199,0.0343520231544971,0.0793383717536926,0.0,0.0,0.0,0.0,0.8182355761528015,0.0252993777394294,37.70746994018555,47.11735248565674,9.409882545471191,20.653846740722656,0,0,0,0,0,Create
1778,0.8459774851799011,0.8715605735778809,0.8280229568481445,0.0185746885836124,0.0435376167297363,0.0,0.0,0.0,0.0,0.8564421534538269,0.0238284803926944,79.49906921386719,110.90811347961426,31.40904426574707,210.85650634765625,0,0,0,0,1,Understand
1779,0.8226106762886047,0.8607420325279236,0.7530566453933716,0.0492583252489566,0.107685387134552,0.1748251748251748,0.0459449961408555,0.0,0.0,0.8011529445648193,0.0649564713239669,42.40375518798828,39.36136054992676,3.0423946380615234,11.092029571533203,0,0,0,0,0,Understand
1781,0.772893488407135,0.7837492227554321,0.760619044303894,0.0094959959387779,0.023130178451538,0.0,0.0,0.0,0.0,0.8561994433403015,0.0144920954480767,82.60011291503906,85.88650608062744,3.286393165588379,133.462646484375,0,0,1,0,0,Understand
1782,0.8724064826965332,0.8753610849380493,0.8696737885475159,0.0023271290119737,0.0056872963905334,0.0666666666666666,0.0942809041582063,0.0,0.0,0.864036500453949,0.0357484072446823,59.13737106323242,142.1730918884277,83.03572082519531,112.4823760986328,0,0,0,0,0,Remember
1783,0.8495953679084778,0.8507093191146851,0.8475333452224731,0.0014596419641748,0.0031759738922119,0.0555555555555555,0.0785674201318386,0.0,0.0,0.9093210101127625,0.0137460101395845,95.19630432128906,642.8610000610352,547.6646957397461,1075.473861694336,0,0,0,0,0,Remember
1784,0.8564965724945068,0.870580792427063,0.840589165687561,0.0123117128387093,0.0299916267395019,0.1507936507936507,0.0112239171616912,0.0,0.0,0.8853302001953125,0.016956590116024,52.368743896484375,78.56238174438477,26.19363784790039,75.38384246826172,0,0,0,0,0,Create
1785,0.8264057636260986,0.8523816466331482,0.8016493320465088,0.0207293257117271,0.0507323145866394,0.0555555555555555,0.0785674201318386,0.0,0.0,0.8305410742759705,0.0663570016622543,103.54122161865234,444.1189308166504,340.57770919799805,1351.7829971313477,0,0,0,0,0,Understand
1786,0.8577873706817627,0.9215725660324096,0.8078352212905884,0.0474521592259407,0.1137373447418212,0.1082251082251082,0.0781622081613324,0.0,0.0,0.7797512412071228,0.0576858520507812,30.56698226928711,53.76419639587402,23.197214126586918,52.62174606323242,0,0,0,0,0,Understand
1787,0.8362177014350891,0.8638017177581787,0.8119713664054871,0.0212908592075109,0.0518303513526916,0.1158249158249158,0.0152149811820808,0.0,0.0,0.7916079163551331,0.0357678942382335,27.897350311279297,34.69394493103027,6.796594619750977,10.08393669128418,0,0,0,0,1,Understand
1788,0.8261303901672363,0.8362431526184082,0.8132166862487793,0.0096068959683179,0.0230264663696289,0.0,0.0,0.0,0.0,0.7945960164070129,0.0202178806066513,28.89805603027344,94.88367700576782,65.98562097549438,119.9188175201416,0,0,0,0,0,Understand
1789,0.8177854418754578,0.8420448899269104,0.7958588600158691,0.0189273916184902,0.0461860299110412,0.0,0.0,0.0,0.0,0.8982877731323242,0.0302092339843511,24.28829002380371,215.0508337020874,190.7625436782837,594.3728294372559,0,0,0,0,0,Analyze
1790,0.7789130210876465,0.7973310351371765,0.7671202421188354,0.0131932636722922,0.030210793018341,0.0238095238095238,0.0336717514850736,0.0,0.0,0.8136683106422424,0.0087788989767432,46.34571838378906,46.23533535003662,0.1103830337524414,18.79808807373047,0,0,0,0,1,Evaluate
1791,0.8460976481437683,0.8773528933525085,0.788460373878479,0.040804237127304,0.0888925194740295,0.2626262626262626,0.1921848241458631,0.0,0.0,0.8406956791877747,0.0353143140673637,40.0682487487793,203.5774726867676,163.50922393798828,316.22615814208984,0,0,0,0,0,Create
1792,0.7950820922851562,0.8501485586166382,0.704100489616394,0.064807079732418,0.1460480690002441,0.0362195275988379,0.0016631544880969,0.0,0.0,0.7717792391777039,0.0694755539298057,36.74520492553711,46.05602645874024,9.310821533203123,37.669578552246094,0,0,0,0,0,Remember
1793,0.8745536804199219,0.8856087923049927,0.8648884892463684,0.0085159316658973,0.0207203030586242,0.0,0.0,0.0,0.0,0.9170171618461608,0.0261063352227211,50.16351318359375,369.1067581176758,318.94324493408203,223.3369140625,0,0,0,0,0,Remember
1794,0.7582078576087952,0.8145912885665894,0.6629491448402405,0.0677362531423568,0.1516421437263488,0.0114942528735632,0.016255328303139,0.0,0.0,0.6782758831977844,0.0566861033439636,38.726898193359375,36.68978357315064,2.03711462020874,38.00902366638184,0,0,0,0,0,Remember
1795,0.7424562573432922,0.7628840208053589,0.7178438305854797,0.0186241474002599,0.0450401902198791,0.0760493827160493,0.0605457071565199,0.0,0.0,0.7705414295196533,0.0383180007338523,70.2286376953125,50.05326461791992,20.175373077392575,43.91557693481445,0,0,0,0,0,Understand
1796,0.8418998718261719,0.8497169017791748,0.8377220630645752,0.0055318204686045,0.0119948387145996,0.100297619047619,0.0054716596163244,0.0,0.0,0.8620522618293762,0.0173052698373794,31.577566146850582,35.26437473297119,3.6868085861206055,7.861122131347656,0,0,0,0,1,Understand
1797,0.8383484482765198,0.8391938209533691,0.8369791507720947,0.0009770923061296,0.0022146701812744,0.1145299145299145,0.0380509902385505,0.0,0.0,0.8355998992919922,0.0181186329573392,42.41194534301758,29.204467296600345,13.207478046417236,13.421384811401367,0,0,0,0,0,Remember
1798,0.7650847434997559,0.7761965990066528,0.75569748878479,0.008457101881504,0.0204991102218627,0.0166666666666666,0.0235702260395515,0.0,0.0,0.7488126158714294,0.0293585490435361,48.25007629394531,46.04034996032715,2.209726333618164,9.461044311523438,0,0,0,0,0,Understand
1799,0.803462564945221,0.8524446487426758,0.7344790101051331,0.0501930937170982,0.1179656386375427,0.196969696969697,0.2174651529455654,0.0,0.0,0.7362654209136963,0.0393266044557094,67.78804779052734,38.949864864349365,28.83818292617798,45.23641777038574,0,0,0,0,0,Understand
1800,0.7667956352233887,0.788239598274231,0.7291620969772339,0.0266972482204437,0.059077501296997,0.0247252747252747,0.0175193465839825,0.0,0.0,0.7386510372161865,0.0345868803560733,52.96582794189453,48.17251443862915,4.793313503265381,47.12982749938965,0,0,0,0,0,Understand
1806,0.9265854358673096,0.933594524860382,0.9192250967025756,0.0058715501800179,0.0143694281578063,0.0769230769230769,0.1087856586440842,0.0,0.0,0.925372302532196,0.0150937177240848,18.63465690612793,73.93365001678467,55.29899311065674,53.77022171020508,0,0,0,0,1,Understand
1807,0.950604259967804,0.954024374485016,0.945745050907135,0.0035298685543239,0.0082793235778808,0.0666666666666666,0.0942809041582063,0.0,0.0,0.9505223631858826,0.0141831412911415,18.402618408203125,172.95182037353516,154.54920196533203,200.0416259765625,0,0,0,0,1,Remember
1808,0.9614866375923156,0.9739718437194824,0.9541801810264589,0.0088709807023406,0.0197916626930236,0.1888888888888888,0.0157134840263677,0.0,0.0,0.9509756565093994,0.0111594991758465,18.63353157043457,629.982234954834,611.3487033843994,1017.8761444091796,0,0,0,0,1,Understand
1809,0.9345991015434264,0.950462818145752,0.918418824672699,0.0130838202312588,0.0320439934730529,0.4090909090909091,0.0642824346533224,0.0,0.0,0.933089792728424,0.0155737809836864,16.176836013793945,88.1798906326294,72.00305461883545,97.25652313232422,0,0,0,0,1,Understand
1810,0.9916518330574036,0.99593847990036,0.9850900173187256,0.0047120307572185,0.0108484625816345,0.2698412698412698,0.0897913372935298,0.0,0.0,0.9914334416389464,0.0025790340732783,17.876264572143555,131.1668758392334,113.29061126708984,130.37439727783203,0,0,0,0,1,Understand
1811,0.9928376078605652,0.9941267371177672,0.9919054508209229,0.0009413262014277,0.0022212862968444,0.0666666666666666,0.0942809041582063,0.0,0.0,0.9942922592163086,0.0009824342560023,18.94286727905273,297.39421367645264,278.4513463973999,764.1469650268555,0,0,0,0,0,Remember
1812,0.0,0.0,0.0,0.0,0.0,0.0,0.0,0.0,0.0,0.0,0.0,18.94286727905273,42.48515510559082,23.54228782653809,20.7922477722168,0,0,0,0,0,Understand
1816,0.7764931321144104,0.8513308763504028,0.6835169792175293,0.0696999654173851,0.1678138971328735,0.0,0.0,0.0,0.0,0.7221221923828125,0.0702207833528518,52.92110443115234,70.1555528640747,17.234448432922363,123.71140670776369,0,0,0,0,1,Understand
1817,0.866435706615448,0.9146593809127808,0.8320897817611694,0.035108208656311,0.0825695991516113,0.1888888888888888,0.0157134840263677,0.0,0.0,0.8123602867126465,0.0199471116065979,13.355670928955078,115.47369575500488,102.1180248260498,122.4734878540039,0,0,0,0,0,Understand
1818,0.8409841656684875,0.8668745160102844,0.8219731450080872,0.0189653504639863,0.0449013710021972,0.1333333333333333,0.0942809041582063,0.0,0.0,0.8825125098228455,0.0252564046531915,19.94913482666016,344.65221309661865,324.7030782699585,570.9531288146973,0,0,0,0,0,Remember
1819,0.9486019015312196,0.9603827595710754,0.9258037805557252,0.0161237064749002,0.0345789790153503,0.1333333333333333,0.0942809041582063,0.0,0.0,0.9298726916313172,0.0168156493455171,24.23059463500977,226.1233491897583,201.8927545547485,299.263729095459,0,0,0,0,0,Understand
1820,0.8332965970039368,0.8594523668289185,0.7995362281799316,0.0250447560101747,0.0599161386489868,0.0853942652329749,0.0280192418747808,0.0,0.0,0.8218466639518738,0.0307170655578374,46.93015670776367,33.481210231781006,13.448946475982666,17.48158836364746,0,0,0,0,1,Understand
1821,0.9416874051094056,0.9714600443840028,0.9131630659103394,0.0238160006701946,0.0582969784736633,0.2,2.775557561562892e-17,0.0,0.0,0.931019127368927,0.009723418392241,18.52646827697754,278.79400634765625,260.2675380706787,70.6343994140625,0,0,0,0,1,Create
1822,0.7775047421455383,0.8036805391311646,0.7263503670692444,0.0361749082803726,0.0773301720619201,0.1818783068783069,0.0682019099285543,0.0,0.0,0.8013884425163269,0.0469260476529598,36.49736022949219,77.52399730682373,41.02663707733154,131.34576034545898,0,0,0,0,0,Understand
1823,0.8224334716796875,0.8501230478286743,0.7824001312255859,0.0289928205311298,0.0677229166030883,0.0,0.0,0.0,0.0,0.7748104929924011,0.0220383219420909,63.87006759643555,264.5930728912353,200.7230052947998,425.3190536499024,0,0,0,0,0,Understand
1824,0.7623639702796936,0.7973043918609619,0.7415556907653809,0.0248564761132001,0.055748701095581,0.0434782608695652,0.0614875461901345,0.0,0.0,0.7853304743766785,0.0283767692744731,18.21708106994629,119.2377405166626,101.02065944671632,299.0484313964844,0,0,0,0,0,Understand
1825,0.9155592918395996,0.9155592918395996,0.9155592918395996,0.0,0.0,0.0,0.0,0.0,0.0,0.0,0.0,23.210941314697266,1902.5765075683596,1879.365566253662,3230.844055175781,0,0,0,0,1,Apply
1826,0.7318041920661926,0.7415539622306824,0.7211285829544067,0.0083642834797501,0.0204253792762756,0.0212765957446808,0.0300896502632573,0.0,0.0,0.8244683742523193,0.0503008626401424,55.2774658203125,99.34319877624512,44.06573295593262,210.8465576171875,0,0,0,0,0,Understand
1827,0.8839676380157471,0.91925311088562,0.8656595945358276,0.0249565094709396,0.0535935163497924,0.3981351981351981,0.1526989793090092,0.0,0.0,0.8571996688842773,0.0056725703179836,25.140567779541016,46.537657737731934,21.39708995819092,18.854389190673828,0,0,0,0,0,Understand
1828,0.8151305317878723,0.8445786237716675,0.7948195934295654,0.0213167443871498,0.049759030342102,0.6296296296296297,0.1702294102856503,0.0,0.0,0.8073225021362305,0.0405212864279747,25.30966567993164,24.41590642929077,0.8937592506408691,4.199718475341797,0,0,0,0,0,Create
1829,0.9825156331062316,0.983090043067932,0.981541097164154,0.0006927874637767,0.001548945903778,0.6666666666666666,0.0589255650988789,0.0,0.0,0.9835500717163086,0.0016432210104539,22.3360595703125,27.151551723480225,4.815492153167725,2.7058982849121094,0,0,0,0,1,Create
1830,0.7818077206611633,0.8078831434249878,0.7461966276168823,0.0260704532265663,0.0616865158081054,0.0133333333333333,0.0188561808316412,0.0,0.0,0.7920146584510803,0.0566939450800418,37.28385925292969,38.32812786102295,1.0442686080932615,19.49447250366211,0,0,0,0,0,Remember
1831,0.7402417063713074,0.7526463866233826,0.7168020009994507,0.0165838170796632,0.0358443856239318,0.0246809417859095,0.0065914218948672,0.0,0.0,0.8008203506469727,0.0204187519848346,31.243730545043945,21.282814025878903,9.96091651916504,7.157436370849609,0,0,0,0,1,Understand
1832,0.8258764147758484,0.9289811849594116,0.756171464920044,0.0743974149227142,0.1728097200393676,0.1935185185185185,0.2562022145882918,0.0,0.0,0.7440133690834045,0.0308586023747921,44.167423248291016,50.81579208374024,6.648368835449219,84.32806205749512,0,0,0,0,0,Understand
1833,0.7936450839042664,0.9034221172332764,0.7044578790664673,0.0825212970376014,0.198964238166809,0.1999999999999999,0.282842712474619,0.0,0.0,0.7588587403297424,0.0509723462164402,68.73771667480469,34.375436782836914,34.36227989196777,34.04278945922852,0,0,0,0,0,Remember
1834,0.834797203540802,0.8589763641357422,0.8201115131378174,0.017228115350008,0.0388648509979248,0.1587301587301587,0.1365448455086131,0.0,0.0,0.7962176203727722,0.0309545919299125,29.59670066833496,115.64976024627686,86.0530595779419,145.01094436645508,0,0,0,0,0,Understand
1835,0.870232105255127,0.890257716178894,0.8440256714820862,0.0193735435605049,0.0462320446968078,0.6345315904139434,0.1737993447500879,0.0,0.0,0.8605597615242004,0.0473579503595829,25.092464447021484,24.25693893432617,0.8355255126953125,4.199718475341797,0,0,0,0,0,Create
1836,0.8643550276756287,0.8746196031570435,0.8542125821113586,0.0083315791562199,0.0204070210456848,0.2205128205128205,0.0145047544858778,0.0,0.0,0.8824149966239929,0.0254205521196126,25.333276748657227,41.30101680755615,15.967740058898926,6.991729736328125,0,0,0,0,0,Understand
1837,0.748466968536377,0.7925648093223572,0.7189093828201294,0.0317788794636726,0.0736554265022277,0.03,0.0216024689946928,0.0,0.0,0.7870567440986633,0.0289611294865608,37.28385925292969,38.804214000701904,1.5203547477722168,21.37095832824707,0,0,0,0,0,Remember
1838,0.7709686160087585,0.7932062745094299,0.7438114881515503,0.0204631723463535,0.0493947863578796,0.0175438596491228,0.0248107642521595,0.0,0.0,0.7695913910865784,0.024400845170021,59.56198501586914,68.43963050842285,8.877645492553711,61.314884185791016,0,0,0,0,0,Understand
1842,0.8012099266052246,0.8566998243331909,0.7580691576004028,0.0412017479538917,0.098630666732788,0.0,0.0,0.0,0.0,0.8186209797859192,0.0145102413371205,71.09375,214.27091217041016,143.17716217041016,650.5646629333496,0,0,0,0,0,Understand
1843,0.8297615647315979,0.8332751989364624,0.8243014812469482,0.0039135348051786,0.0089737176895141,0.4444444444444444,0.0785674201318386,0.0,0.0,0.8666226267814636,0.0206603128463029,26.04225349426269,27.774681568145752,1.7324280738830566,12.738393783569336,0,0,0,0,0,Analyze
1844,0.8156899809837341,0.8689953684806824,0.781511664390564,0.0381901785731315,0.0874837040901184,0.0,0.0,0.0,0.0,0.8302040696144104,0.0184818133711814,27.81180763244629,36.520570278167725,8.708762645721436,23.231306076049805,0,0,0,0,0,Understand
1845,0.8371456861495972,0.8473299145698547,0.8269613981246948,0.0101842582225799,0.0203685164451599,0.4166666666666666,0.0833333333333333,0.0,0.0,0.8810957670211792,0.0,24.17131996154785,26.37137031555176,2.2000503540039062,12.645967483520508,0,0,0,0,1,Analyze
1846,0.875153124332428,0.8964489102363586,0.8448535203933716,0.0220048874616622,0.051595389842987,0.2962962962962963,0.0523782800878924,0.0,0.0,0.8734005093574524,0.0223245788365602,32.553436279296875,120.97598457336426,88.42254829406738,179.87290954589844,0,0,0,0,1,Understand
1847,0.8361508250236511,0.8786077499389648,0.8074579238891602,0.0306339841336011,0.0711498260498046,0.1276190476190476,0.0107749604752235,0.0,0.0,0.8231437802314758,0.0084271747618913,61.82705307006836,36.92094039916992,24.90611267089844,19.595783233642575,0,0,0,0,0,Understand
1848,0.8157973885536194,0.8281222581863403,0.7992503643035889,0.0121591323986649,0.0288718938827514,0.0277777777777777,0.0392837100659193,0.0,0.0,0.8205835223197937,0.0209797155112028,49.7269401550293,31.91614246368408,17.810797691345215,11.584686279296877,0,0,0,0,0,Remember
1849,0.8279473781585693,0.8464001417160034,0.8078189492225647,0.015795212239027,0.0385811924934387,0.376068376068376,0.1488995845314901,0.0,0.0,0.8750049471855164,0.0246469099074602,20.79399299621582,42.90168809890747,22.10769510269165,25.534223556518555,0,0,0,0,0,Understand
1850,0.8413189053535461,0.8853408098220825,0.8145242929458618,0.0313722752034664,0.0708165168762207,0.0144927536231884,0.0204958487300448,0.0,0.0,0.8331405520439148,0.0340445525944232,56.4763298034668,37.88553333282471,18.59079647064209,22.0473575592041,0,0,0,0,1,Understand
1851,0.8311356902122498,0.8430569171905518,0.8130787014961243,0.0129848374053835,0.0299782156944274,0.1111111111111111,0.1571348402636772,0.0,0.0,0.866030752658844,0.0088738296180963,57.63321685791016,45.09930038452149,12.533916473388672,30.22956085205078,0,0,0,0,0,Remember
1852,0.8226736187934875,0.8527209758758545,0.7748183012008667,0.0342057347297668,0.0779026746749877,0.3333333333333333,0.0,0.0,0.0,0.8279380798339844,0.0089404098689556,33.452144622802734,46.61827182769776,13.16612720489502,32.45737075805664,0,0,0,0,0,Analyze
1853,0.8540922999382019,0.8609851598739624,0.8423768877983093,0.0083270529285073,0.018608272075653,0.030514385353095,0.0264537833135141,0.0,0.0,0.856290876865387,0.0067724310792982,46.72733688354492,31.114648818969727,15.612688064575195,10.83294677734375,0,0,0,0,1,Understand
1854,0.8194540143013,0.8516925573348999,0.7971667051315308,0.0233457442373037,0.0545258522033691,0.0666666666666666,0.0942809041582063,0.0,0.0,0.8335464596748352,0.0469244047999382,44.63832473754883,143.12727546691897,98.48895072937012,111.93077087402344,0,0,0,0,0,Create
1855,0.8568733334541321,0.894267201423645,0.8216335773468018,0.029691644012928,0.0726336240768432,0.0,0.0,0.0,0.0,0.837408721446991,0.0237534493207931,72.4952621459961,484.2987365722656,411.80347442626953,882.6973876953125,0,0,0,0,0,Remember
1856,0.5960338711738586,0.6473232507705688,0.5502048134803772,0.0398359932005405,0.0971184372901916,0.0,0.0,0.0,0.0,0.7813264727592468,0.0022674368228763,45.354305267333984,35.6012167930603,9.753088474273682,12.121442794799805,0,0,0,0,0,Remember
1857,0.8100698590278625,0.842958927154541,0.7897596955299377,0.0234692655503749,0.0531992316246032,0.2856031431127708,0.0214215983172859,0.0,0.0,0.7891004681587219,0.0036422745324671,54.452293395996094,39.19454145431519,15.257751941680908,20.51420021057129,0,0,0,0,0,Remember
1858,0.8229920268058777,0.8635371923446655,0.752217173576355,0.0502222068607807,0.1113200187683105,0.0,0.0,0.0,0.0,0.8959119915962219,0.0262731108814477,40.95811462402344,525.9180603027344,484.9599456787109,863.3077087402344,0,0,0,0,0,Remember
1859,0.9252538084983826,0.930777072906494,0.917608380317688,0.005581587087363,0.0131686925888061,0.0,0.0,0.0,0.0,0.9187250733375548,0.0188255216926336,82.62520599365234,142.83189010620117,60.20668411254883,125.8493194580078,0,0,0,0,0,Understand
1860,0.8156397342681885,0.8249873518943787,0.7985686659812927,0.0120892655104398,0.0264186859130859,0.2526455026455026,0.0259879400851699,0.0,0.0,0.8527631759643555,0.0246755443513393,41.57582092285156,206.83283805847168,165.25701713562012,331.15999603271484,0,0,0,0,0,Understand
1861,0.8904339671134949,0.9007951021194458,0.8704125881195068,0.0141601581126451,0.0303825139999389,0.0,0.0,0.0,0.0,0.9340710043907166,0.0019704205915331,66.62628173828125,116.76544952392578,50.13916778564453,122.38866424560548,0,0,1,0,0,Understand
1862,0.8173196911811829,0.8376685380935669,0.8020200729370117,0.0149849774315953,0.0356484651565551,0.0,0.0,0.0,0.0,0.8613900542259216,0.0415868870913982,41.15803527832031,1894.7538890838623,1853.595853805542,7191.702407836914,0,0,1,0,0,Create
1863,0.8267566561698914,0.8478114604949951,0.7907052040100098,0.0256118848919868,0.0571062564849853,0.0,0.0,0.0,0.0,0.8280871510505676,0.0294054672122001,66.91859436035156,99.6351833343506,32.71658897399902,183.1312561035156,0,0,0,0,0,Understand
1864,0.848538875579834,0.8605166077613831,0.8403133153915405,0.0086641842499375,0.0202032923698425,0.287037037037037,0.1243984152087444,0.0,0.0,0.855722963809967,0.0248305276036262,53.60562133789063,148.73998260498047,95.13436126708984,223.35435485839844,0,0,0,0,0,Create
1865,0.8460464477539062,0.8800992965698242,0.8158062696456909,0.0263856016099452,0.0642930269241333,0.0,0.0,0.0,0.0,0.8727232813835144,0.0163136571645736,59.55658721923828,130.32950401306152,70.77291679382324,219.33758544921875,0,0,0,0,1,Understand
1866,0.9231707453727722,0.960348665714264,0.8932203650474548,0.0278774667531251,0.067128300666809,0.0,0.0,0.0,0.0,0.9070155620574952,0.0116922836750745,68.71907043457031,1233.5751810073853,1164.856110572815,4071.5965690612793,0,0,0,0,0,Understand
1867,0.840732753276825,0.8636664748191833,0.8132216930389404,0.0208467729389667,0.0504447817802429,0.0,0.0,0.0,0.0,0.8473532199859619,0.0340260937809944,80.49826049804688,484.2987365722656,403.8004760742188,882.6973876953125,0,0,0,0,0,Remember
1868,0.8385500907897949,0.8527745604515076,0.8172483444213867,0.0153426183387637,0.0355262160301208,0.1689865689865689,0.0438596147549165,0.0,0.0,0.8634427189826965,0.0289808344095945,61.56439971923828,86.86602878570557,25.301629066467285,95.41572952270508,0,0,0,0,0,Understand
1869,0.8494656682014465,0.8687933683395386,0.8276360034942627,0.0168953146785497,0.0411573648452758,0.1428571428571428,0.0,0.0,0.0,0.8708741068840027,0.026122385635972,52.98517608642578,60.4886360168457,7.503459930419922,32.5474853515625,0,0,0,0,0,Create
1870,0.8714321255683899,0.8897000551223755,0.8481891751289368,0.0173080209642648,0.0415108799934387,0.0,0.0,0.0,0.0,0.8739776611328125,0.0262127947062253,91.2342300415039,387.4592533111572,296.2250232696533,1012.2433242797852,0,0,0,0,0,Understand
1871,0.8541384339332581,0.8703009486198425,0.8224833011627197,0.0223852302879095,0.0478176474571228,0.0,0.0,0.0,0.0,0.8697850704193115,0.0213252212852239,51.94464492797852,525.9180603027344,473.9734153747559,863.3077087402344,0,0,0,0,0,Remember
1872,0.8746094107627869,0.8929970860481262,0.8563213348388672,0.0149729782715439,0.036675751209259,0.1072124756335282,0.0027567515835732,0.0,0.0,0.8590499758720398,0.0220508929342031,28.90261650085449,33.165754318237305,4.2631378173828125,17.28032112121582,0,0,0,0,1,Understand
1873,0.8270664215087891,0.867340624332428,0.7963119745254517,0.0297683961689472,0.0710286498069763,0.0,0.0,0.0,0.0,0.8421391844749451,0.0372129194438457,28.2915153503418,207.94410228729248,179.65258693695068,604.7252502441406,0,0,0,0,0,Analyze
1874,0.832467794418335,0.8399152755737305,0.8273178339004517,0.0053933807648718,0.0125974416732788,0.0682539682539682,0.054479372386446,0.0,0.0,0.8410384058952332,0.0254006255418062,46.76008987426758,42.55432605743408,4.205763816833496,10.322330474853516,0,0,0,0,1,Evaluate
1875,0.7570085525512695,0.8039871454238892,0.7154284715652466,0.0363549031317234,0.0885586738586425,0.0,0.0,0.0,0.0,0.7858124375343323,0.0329731255769729,34.46017074584961,49.183640480041504,14.723469734191896,41.13645553588867,0,0,0,0,0,Evaluate
1876,0.7908141016960144,0.7974910736083984,0.7840145826339722,0.0055024353787302,0.0134764909744262,0.2030109056424845,0.1121754335017208,0.0,0.0,0.8083562850952148,0.0244905948638916,54.452293395996094,39.19454145431519,15.257751941680908,20.51420021057129,0,0,0,0,0,Remember
1877,0.8157973885536194,0.8281222581863403,0.7992503643035889,0.0121591323986649,0.0288718938827514,0.0277777777777777,0.0392837100659193,0.0,0.0,0.8205835223197937,0.0209797155112028,49.7269401550293,31.91614246368408,17.810797691345215,11.584686279296877,0,0,0,0,0,Remember
1878,0.859119713306427,0.890758216381073,0.8402009606361389,0.0225144512951374,0.050557255744934,0.4646464646464647,0.2302277034351814,0.0,0.0,0.8438325524330139,0.0366116687655448,20.79399299621582,42.90168809890747,22.10769510269165,25.534223556518555,0,0,0,0,0,Understand
1879,0.8938344120979309,0.9466375112533568,0.8612580299377441,0.0376762673258781,0.0853794813156127,0.1851851851851852,0.2618914004394621,0.0,0.0,0.878136932849884,0.0198297370225191,30.2060489654541,156.7952127456665,126.5891637802124,273.1676826477051,0,0,0,0,0,Understand
1880,0.7678011059761047,0.8233839273452759,0.660121500492096,0.0761542543768882,0.1632624268531799,0.0,0.0,0.0,0.0,0.7351155281066895,0.0980235934257507,64.06812286376953,35.492173194885254,28.57594966888428,10.362380981445312,0,0,0,0,0,Remember
1881,0.8052965998649597,0.8185086250305176,0.7844622135162354,0.0149078033864498,0.0340464115142822,0.0,0.0,0.0,0.0,0.8493579030036926,0.0270940288901329,40.0342903137207,96.06312370300292,56.02883338928223,36.787628173828125,0,0,0,0,0,Understand
1882,0.8981375694274902,0.921377420425415,0.8761762380599976,0.0184754356741905,0.0452011823654174,0.0,0.0,0.0,0.0,0.8959720730781555,0.0252322778105735,28.993444442749023,64.16528034210205,35.17183589935303,19.436603546142575,0,0,0,0,1,Understand
1883,0.7711169123649597,0.8096222877502441,0.7141273021697998,0.0411183200776577,0.0954949855804443,0.0185185185185185,0.0261891400439462,0.0,0.0,0.7979442477226257,0.0214324723929166,67.2302474975586,64.14540767669678,3.0848398208618164,38.635520935058594,0,0,0,0,0,Understand
1884,0.85505610704422,0.888904333114624,0.8362182378768921,0.0239852257072925,0.0526860952377319,0.0389371980676328,0.0042092794030515,0.0,0.0,0.8421491980552673,0.0340901799499988,33.951786041259766,38.11583852767944,4.164052486419678,28.3866024017334,0,0,0,0,1,Remember
1886,0.977944552898407,0.981752872467041,0.9755142331123352,0.0027269218116998,0.0062386393547058,0.0,0.0,0.0,0.0,0.9774340987205504,0.0007259013946168,15.98802661895752,238.9790449142456,222.9910182952881,594.3728294372559,0,0,0,0,1,Remember
1887,0.9651277661323548,0.9696651697158812,0.957639455795288,0.0053345002233982,0.0120257139205932,0.0,0.0,0.0,0.0,0.9511487483978271,0.0081465588882565,15.98802661895752,166.95210075378418,150.96407413482666,209.19535064697263,0,0,0,0,1,Remember
1888,0.9728434085845948,0.9746286273002625,0.9698858261108398,0.0021062395535409,0.0047428011894226,0.1587301587301587,0.1365448455086131,0.0,0.0,0.9699190258979796,0.0082275476306676,15.98802661895752,57.06339550018311,41.07536888122559,21.92761993408203,0,0,0,0,1,Remember
1889,0.9895002245903016,0.992026686668396,0.9857966899871826,0.002676100237295,0.0062299966812133,0.0,0.0,0.0,0.0,0.9865171313285828,0.0026910984888672,15.98802661895752,86.70689964294434,70.71887302398682,45.88732147216797,0,0,0,0,1,Remember
1890,0.9651604294776917,0.9687132835388184,0.9598224759101868,0.0038429042324423,0.0088908076286315,0.0,0.0,0.0,0.0,0.966491401195526,0.0061787511222064,15.98802661895752,90.03732299804688,74.04929637908936,183.209716796875,0,0,0,0,1,Remember
1896,0.8644710183143616,0.8832037448883057,0.8524161577224731,0.0134266773238778,0.0307875871658325,0.0991452991452991,0.0969699460080877,0.0,0.0,0.8685733675956726,0.0146239409223198,20.713956832885746,71.12533283233643,50.41137599945069,53.77022171020508,0,0,0,0,1,Understand
1897,0.9058826565742492,0.9202346801757812,0.8865915536880493,0.0141718164086341,0.0336431264877319,0.0666666666666666,0.0942809041582063,0.0,0.0,0.8967240452766418,0.0270873010158538,20.37722587585449,172.95182037353516,152.57459449768066,200.0416259765625,0,0,0,0,1,Remember
1898,0.9393323063850404,0.9518933296203612,0.9265115857124328,0.0103636812418699,0.0253817439079284,0.0,0.0,0.0,0.0,0.9469709396362304,0.0056962389498949,19.855518341064453,215.0508337020874,195.19531536102292,594.3728294372559,0,0,0,0,1,Create
1899,0.95110821723938,0.953309178352356,0.948339581489563,0.0020681631285697,0.0049695968627929,0.3333333333333333,0.0,0.0,0.0,0.9637222290039062,0.0098942955955863,20.617563247680664,218.6412181854248,198.0236549377441,377.2692337036133,0,0,0,0,1,Create
1900,0.969677746295929,0.9771426320075988,0.9579622745513916,0.0083874072879552,0.0191803574562072,0.0,0.0,0.0,0.0,0.9650475382804872,0.005263265222311,22.20108795166016,534.0579376220703,511.85684967041016,959.2168579101562,0,0,0,0,1,Understand
1901,0.9572486877441406,0.9715813994407654,0.9440916776657104,0.0112533876672387,0.0274897217750549,0.2222222222222222,0.1571348402636772,0.0,0.0,0.9377862811088562,0.0085486862808465,23.518112182617188,196.1719751358032,172.65386295318604,415.5821418762207,0,0,0,0,1,Create
1902,0.8294973373413086,0.8778147101402283,0.7987209558486938,0.0345901735126972,0.0790937542915344,0.2222222222222222,0.3142696805273544,0.0,0.0,0.82303386926651,0.0534031838178634,54.80013275146485,89.94855117797852,35.14841842651367,132.98112869262695,0,0,0,0,0,Understand
1903,0.9650867581367492,0.9727397561073304,0.9559676051139832,0.0069252550601959,0.0167721509933471,0.0,0.0,0.0,0.0,0.954986810684204,0.0082304403185844,19.57406997680664,400.6819534301758,381.10788345336914,759.0067596435547,0,0,0,0,1,Understand
1904,0.8271891474723816,0.8505086302757263,0.7884494066238403,0.0275823026895523,0.0620592236518859,0.0166666666666666,0.0235702260395515,0.0,0.0,0.8478679060935974,0.0627852827310562,62.70026779174805,52.8521146774292,9.848153114318848,77.76691055297852,0,0,0,0,0,Understand
1905,0.7936757206916809,0.8337651491165161,0.7646624445915222,0.0292780250310897,0.0691027045249939,0.027367268746579,0.0200809374141698,0.0,0.0,0.8049302101135254,0.0080322884023189,40.15005874633789,32.82528305053711,7.324775695800781,52.18873596191406,0,0,0,0,0,Understand
1906,0.8486778140068054,0.8850160837173462,0.7915890216827393,0.0408663935959339,0.0934270620346069,0.3703703703703704,0.2618914004394621,0.0,0.0,0.8385357856750488,0.0326887667179107,66.72051239013672,57.26657676696777,9.453935623168944,36.07640075683594,0,0,0,0,0,Understand
1907,0.8594301342964172,0.9373749494552612,0.7907091379165649,0.0602302365005016,0.1466658115386963,0.1851851851851852,0.2618914004394621,0.0,0.0,0.8056086897850037,0.0262331031262874,50.19916915893555,52.8521146774292,2.6529455184936523,77.76691055297852,0,0,0,0,0,Understand
1908,0.8618016242980957,0.9364613890647888,0.7984349131584167,0.0569120720028877,0.138026475906372,0.1851851851851852,0.2618914004394621,0.0,0.0,0.8132553696632385,0.0223433785140514,62.70026779174805,52.8521146774292,9.848153114318848,77.76691055297852,0,0,0,0,0,Understand
1909,0.81817227602005,0.8337651491165161,0.8075801134109497,0.0112596610561013,0.0261850357055664,0.07008547008547,0.0546474097885325,0.0,0.0,0.7804338335990906,0.0120904296636581,40.15005874633789,32.82528305053711,7.324775695800781,52.18873596191406,0,0,0,0,0,Understand
1910,0.9572486877441406,0.9715813994407654,0.9440916776657104,0.0112533876672387,0.0274897217750549,0.2222222222222222,0.1571348402636772,0.0,0.0,0.9377862811088562,0.0085486862808465,23.518112182617188,196.1719751358032,172.65386295318604,415.5821418762207,0,0,0,0,1,Create
1911,0.9331576824188232,0.95900696516037,0.9103972911834716,0.0199646577239036,0.0486096739768981,0.1666666666666666,0.2357022603955158,0.0,0.0,0.9114937782287598,0.0137361399829387,24.13058853149414,89.94855117797852,65.81796264648438,132.98112869262695,0,0,0,0,1,Create
1912,0.9650867581367492,0.9727397561073304,0.9559676051139832,0.0069252550601959,0.0167721509933471,0.0,0.0,0.0,0.0,0.954986810684204,0.0082304403185844,19.57406997680664,400.6819534301758,381.10788345336914,759.0067596435547,0,0,0,0,1,Understand
1913,0.8666929602622986,0.8686246871948242,0.8648799657821655,0.0015310797607526,0.0037447214126586,0.3333333333333333,0.0,0.0,0.0,0.8798338770866394,0.0234347339719533,54.19512176513672,218.6412181854248,164.4460964202881,377.2692337036133,0,0,0,0,0,Understand
1914,0.77463299036026,0.7961839437484741,0.7391874194145203,0.0252579525113105,0.0569965243339538,0.0555555555555555,0.0785674201318386,0.0,0.0,0.7832022309303284,0.0276008173823356,58.1263313293457,32.69174766540527,25.43458366394043,5.434230804443359,0,0,0,0,0,Understand
1916,0.8164732456207275,0.8836604356765747,0.7648574113845825,0.0497352331876754,0.1188030242919921,0.0,0.0,0.0,0.0,0.8278520703315735,0.0327091366052627,50.02986145019531,44.36267328262329,5.6671881675720215,25.05263328552246,0,0,0,0,1,Evaluate
1917,0.8790165781974792,0.8858169317245483,0.8703192472457886,0.0064675435423851,0.0154976844787597,0.0,0.0,0.0,0.0,0.943604052066803,0.0133402589708566,33.9849967956543,653.5833549499512,619.5983581542969,1268.9449615478516,0,0,0,0,0,Analyze
1918,0.8244902491569519,0.8654983043670654,0.7680113911628723,0.0412749536335468,0.0974869132041931,0.0,0.0,0.0,0.0,0.7832521796226501,0.0346351973712444,38.1202392578125,56.74650764465332,18.62626838684082,81.3563003540039,0,0,0,0,0,Understand
1919,0.823916494846344,0.8302465081214905,0.8168729543685913,0.005482998676598,0.0133735537528991,0.3219047619047618,0.1171389856115946,0.0,0.0,0.857558012008667,0.0401283539831638,31.294252395629883,35.84391641616821,4.54966402053833,16.51181983947754,0,0,0,0,0,Understand
1920,0.8926731944084167,0.911484956741333,0.8694127798080444,0.0174615699797868,0.0420721769332885,0.2333333333333333,0.1649915822768611,0.0,0.0,0.8927093148231506,0.0106189893558621,14.559256553649902,30.75197982788086,16.192723274230957,32.42724609375,0,0,0,0,0,Understand
1921,0.7925909161567688,0.8123371005058289,0.7672497630119324,0.0188271980732679,0.0450873374938964,0.0956565656565656,0.0401682513877443,0.0,0.0,0.8051304221153259,0.0124181946739554,49.94356536865234,32.4699764251709,17.473588943481445,26.816387176513672,0,0,0,0,0,Understand
1923,0.7959768176078796,0.8168171048164368,0.7737088203430176,0.0176278129220008,0.0431082844734191,0.0246913580246913,0.0349188533919282,0.0,0.0,0.7784621119499207,0.0048102932050824,34.6006965637207,29.61106586456299,4.989630699157715,9.436365127563477,0,0,0,0,1,Understand
1924,0.902061402797699,0.9408135414123536,0.853667676448822,0.0362244844436645,0.0871458649635315,0.0555555555555555,0.0785674201318386,0.0,0.0,0.8548111319541931,0.0278890971094369,57.28727722167969,1014.9012813568116,957.6140041351318,3198.0932998657227,0,0,0,0,0,Remember
1925,0.8400257229804993,0.8516285419464111,0.8306909799575806,0.0086968718096613,0.0209375619888305,0.1852708694813958,0.0879150473527692,0.0,0.0,0.8516702651977539,0.0391903631389141,39.799442291259766,55.12134981155396,15.32190752029419,50.90485954284668,0,0,0,0,0,Understand
1926,0.8478973507881165,0.8938958644866943,0.7679141163825989,0.0567689761519432,0.1259817481040954,0.0341005967604433,0.0249132808119394,0.0,0.0,0.7962405681610107,0.0406486168503761,24.047998428344727,63.271480560302734,39.22348213195801,61.91948318481445,0,0,0,0,1,Understand
1927,0.8542224764823914,0.8768448829650879,0.809186577796936,0.0318452641367912,0.0676583051681518,0.0,0.0,0.0,0.0,0.8643482327461243,0.005753859411925,33.056400299072266,52.5694694519043,19.51306915283203,33.380619049072266,0,0,0,0,0,Remember
1928,0.8103963732719421,0.8129205703735352,0.8055981397628784,0.0033943867310881,0.0073224306106567,0.4615384615384615,0.0543928293220421,0.0,0.0,0.8325545191764832,0.0169266555458307,33.31492614746094,29.32253122329712,3.9923949241638175,8.181655883789062,0,0,0,0,0,Analyze
1929,0.8975505828857422,0.901578426361084,0.8898293972015381,0.0054613836109638,0.0117490291595458,0.0,0.0,0.0,0.0,0.9307681918144226,0.0134216854348778,27.893573760986328,218.1037311553955,190.2101573944092,260.7511901855469,0,0,0,0,1,Understand
1930,0.892562210559845,0.9107118844985962,0.8773206472396851,0.013786144554615,0.0333912372589111,0.2039072039072038,0.0271792787418218,0.0,0.0,0.8832638263702393,0.0179739966988563,101.69210815429688,74.81023788452148,26.88187026977539,23.41226959228516,0,0,0,0,1,Understand
1931,0.8726575970649719,0.8982682824134827,0.8532775640487671,0.018888384103775,0.0449907183647155,0.0,0.0,0.0,0.0,0.883902370929718,0.0212010256946086,32.60012435913086,149.6325855255127,117.03246116638184,247.61003875732425,0,0,0,0,0,Create
1932,0.8483489155769348,0.858174204826355,0.8287280797958374,0.0138740735128521,0.0294461250305175,0.2601010101010101,0.1107086374584998,0.0,0.0,0.8461868166923523,0.0286651980131864,25.61882972717285,67.4764232635498,41.85759353637695,26.662681579589844,0,0,0,0,0,Understand
1933,0.7258188724517822,0.7804113626480103,0.6792764663696289,0.0416786894202232,0.1011348962783813,0.0978260869565217,0.1090573691542928,0.0,0.0,0.8154682517051697,0.0292928796261549,43.83079528808594,67.12005424499512,23.28925895690918,62.90206146240234,0,0,0,0,0,Understand
1934,0.8978435397148132,0.9046897888183594,0.8927666544914246,0.0050258389674127,0.0119231343269348,0.0,0.0,0.0,0.0,0.905675172805786,0.0316893570125103,97.58918762207033,1233.5751810073853,1135.985993385315,4071.5965690612793,0,0,0,0,0,Understand
1935,0.8750664591789246,0.8753635883331299,0.8747287392616272,0.0002607573987916,0.0006348490715026,0.0,0.0,0.0,0.0,0.890150249004364,0.0324554406106472,28.55205535888672,1233.5751810073853,1205.0231256484983,4071.5965690612793,0,0,0,0,0,Understand
1936,0.9038262367248536,0.9103086590766908,0.897208571434021,0.0053489436395466,0.0131000876426696,0.0,0.0,0.0,0.0,0.9135534167289734,0.018548022955656,91.50609588623048,554.6307487487793,463.1246528625488,1773.0447540283203,0,0,0,0,0,Understand
1937,0.8256115317344666,0.8385505676269531,0.8164352774620056,0.0094124330207705,0.0221152901649475,0.0,0.0,0.0,0.0,0.8607878088951111,0.0313788875937461,67.7546615600586,1887.2076501846316,1819.4529886245728,7221.887363433838,0,0,1,0,0,Understand
1940,0.9319934844970704,0.9419838190078736,0.9216508865356444,0.0083046229556202,0.020332932472229,0.0,0.0,0.0,0.0,0.9236021637916564,0.0067294226028025,44.16782379150391,474.8915576934815,430.7237339019776,1446.4104766845703,0,0,0,0,0,Understand
1941,0.8022575378417969,0.8155872821807861,0.7830429673194885,0.0139225684106349,0.0325443148612976,0.1333333333333333,0.0942809041582063,0.0,0.0,0.8620699048042297,0.0239911042153835,56.9840202331543,141.61789417266846,84.63387393951416,251.84270858764648,0,0,0,0,0,Create
1942,0.8520274758338928,0.8736454248428345,0.8242196440696716,0.0206472538411617,0.0494257807731628,0.0,0.0,0.0,0.0,0.8571529388427734,0.0350101068615913,53.865631103515625,79.96777057647705,26.102139472961422,104.5344696044922,0,0,0,0,0,Create
1943,0.9695966243743896,0.9738335609436036,0.9661633968353271,0.0031824798788875,0.0076701641082763,0.0,0.0,0.0,0.0,0.9656158089637756,0.0038749566301703,32.38143539428711,271.2084350585937,238.82699966430664,101.76658630371094,0,0,1,0,0,Understand
1944,0.8632550239562988,0.8765374422073364,0.8376284837722778,0.0181247349828481,0.0389089584350585,0.0,0.0,0.0,0.0,0.8761689066886902,0.0100562358275055,63.11864471435547,113.458083152771,50.33943843841553,245.1684112548828,0,0,0,0,1,Understand
1945,0.8726575970649719,0.8982682824134827,0.8532775640487671,0.018888384103775,0.0449907183647155,0.0,0.0,0.0,0.0,0.883902370929718,0.0212010256946086,32.60012435913086,149.6325855255127,117.03246116638184,247.61003875732425,0,0,0,0,0,Create
1946,0.8158369660377502,0.8362677097320557,0.7931258678436279,0.0176862403750419,0.0431418418884277,0.1615791615791615,0.050612263920911,0.0,0.0,0.8609418869018555,0.0244679693132638,54.40567779541016,77.90416717529297,23.49848937988281,95.41572952270508,0,0,0,0,0,Understand
1947,0.8153741955757141,0.8523528575897217,0.7804113626480103,0.0294045582413673,0.0719414949417114,0.1029411764705882,0.1067232404758688,0.0,0.0,0.725912868976593,0.0418018400669097,43.83079528808594,67.12005424499512,23.28925895690918,62.90206146240234,0,0,0,0,0,Understand
1948,0.9052329063415528,0.9479564428329468,0.8716681599617004,0.0318107865750789,0.0762882828712463,0.0,0.0,0.0,0.0,0.8982858061790466,0.0049076490104198,97.58918762207033,1233.5751810073853,1135.985993385315,4071.5965690612793,0,0,0,0,0,Understand
1949,0.8579066395759583,0.8604502081871033,0.8543572425842285,0.0025871251709759,0.0060929656028747,0.3333333333333333,0.0,0.0,0.0,0.8763200640678406,0.0288893245160579,38.581180572509766,218.6412181854248,180.06003761291504,377.2692337036133,0,0,0,0,0,Understand
1950,0.8909125328063965,0.9164152145385742,0.8623440861701965,0.0221806392073631,0.0540711283683776,0.0555555555555555,0.0785674201318386,0.0,0.0,0.9290732741355896,0.0191856287419796,52.948429107666016,1014.9012813568116,961.9528522491456,3198.0932998657227,0,0,0,0,0,Remember
1951,0.8483489155769348,0.858174204826355,0.8287280797958374,0.0138740735128521,0.0294461250305175,0.2601010101010101,0.1107086374584998,0.0,0.0,0.8461868166923523,0.0286651980131864,25.61882972717285,67.4764232635498,41.85759353637695,26.662681579589844,0,0,0,0,0,Understand
1952,0.8169710040092468,0.8294081687927246,0.7986553907394409,0.0132249612361192,0.0307527780532836,0.1072124756335282,0.0027567515835732,0.0,0.0,0.8203258514404297,0.033119298517704,27.24626922607422,40.39862108230591,13.15235185623169,29.669851303100582,0,0,0,0,1,Understand
1953,0.8015182614326477,0.834384024143219,0.7755843997001648,0.024500174447894,0.0587996244430542,0.0,0.0,0.0,0.0,0.8273611664772034,0.0379155315458774,24.1886043548584,207.94410228729248,183.75549793243408,604.7252502441406,0,0,0,0,0,Analyze
1954,0.7786726355552673,0.8010367155075073,0.7651562094688416,0.0159282442182302,0.0358805060386657,0.0,0.0,0.0,0.0,0.7976139187812805,0.0219207201153039,46.34571838378906,37.44774532318115,8.89797306060791,33.681257247924805,0,0,0,0,1,Evaluate
1955,0.8888738751411438,0.8925821781158447,0.8829600811004639,0.0042264615185558,0.0096220970153808,0.1369047619047619,0.0084179378712684,0.0,0.0,0.9213089942932128,0.0069688246585428,28.48809814453125,87.9668641090393,59.47876596450806,93.6696071624756,0,0,0,0,0,Understand
1956,0.8726575970649719,0.8982682824134827,0.8532775640487671,0.018888384103775,0.0449907183647155,0.0,0.0,0.0,0.0,0.883902370929718,0.0212010256946086,32.60012435913086,149.6325855255127,117.03246116638184,247.61003875732425,0,0,0,0,0,Create
1957,0.8158369660377502,0.8362677097320557,0.7931258678436279,0.0176862403750419,0.0431418418884277,0.1615791615791615,0.050612263920911,0.0,0.0,0.8609418869018555,0.0244679693132638,54.40567779541016,77.90416717529297,23.49848937988281,95.41572952270508,0,0,0,0,0,Understand
1958,0.8153741955757141,0.8523528575897217,0.7804113626480103,0.0294045582413673,0.0719414949417114,0.1029411764705882,0.1067232404758688,0.0,0.0,0.725912868976593,0.0418018400669097,43.83079528808594,67.12005424499512,23.28925895690918,62.90206146240234,0,0,0,0,0,Understand
1959,0.9052329063415528,0.9479564428329468,0.8716681599617004,0.0318107865750789,0.0762882828712463,0.0,0.0,0.0,0.0,0.8982858061790466,0.0049076490104198,97.58918762207033,1233.5751810073853,1135.985993385315,4071.5965690612793,0,0,0,0,0,Understand
1960,0.8629166483879089,0.8734830021858215,0.8495200872421265,0.0099853966385126,0.023962914943695,0.3333333333333333,0.0,0.0,0.0,0.8571128249168396,0.0303664896637201,53.07766342163086,218.6412181854248,165.56355476379397,377.2692337036133,0,0,0,0,0,Understand
1961,0.8459798693656921,0.8683031797409058,0.8159687519073486,0.0220461618155241,0.0523344278335571,0.0555555555555555,0.0785674201318386,0.0,0.0,0.9108926653862,0.0247677359730005,57.28727722167969,1014.9012813568116,957.6140041351318,3198.0932998657227,0,0,0,0,0,Remember
1962,0.8483489155769348,0.858174204826355,0.8287280797958374,0.0138740735128521,0.0294461250305175,0.2601010101010101,0.1107086374584998,0.0,0.0,0.8461868166923523,0.0286651980131864,25.61882972717285,67.4764232635498,41.85759353637695,26.662681579589844,0,0,0,0,0,Understand
1963,0.8430624604225159,0.8490013480186462,0.8347126245498657,0.0060773734003305,0.0142887234687805,0.1072124756335282,0.0027567515835732,0.0,0.0,0.8203258514404297,0.033119298517704,27.24626922607422,39.90160608291626,12.65533685684204,29.669851303100582,0,0,0,0,1,Understand
1964,0.8015182614326477,0.834384024143219,0.7755843997001648,0.024500174447894,0.0587996244430542,0.0,0.0,0.0,0.0,0.8273611664772034,0.0379155315458774,24.1886043548584,207.94410228729248,183.75549793243408,604.7252502441406,0,0,0,0,0,Analyze
1965,0.7786726355552673,0.8010367155075073,0.7651562094688416,0.0159282442182302,0.0358805060386657,0.0,0.0,0.0,0.0,0.7976139187812805,0.0219207201153039,46.34571838378906,37.44774532318115,8.89797306060791,33.681257247924805,0,0,0,0,1,Evaluate
1966,0.8888738751411438,0.8925821781158447,0.8829600811004639,0.0042264615185558,0.0096220970153808,0.1369047619047619,0.0084179378712684,0.0,0.0,0.9213089942932128,0.0069688246585428,28.48809814453125,87.9668641090393,59.47876596450806,93.6696071624756,0,0,0,0,0,Understand
1967,0.8889896869659424,0.9343277812004088,0.8572776317596436,0.0328981652855873,0.0770501494407653,0.0,0.0,0.0,0.0,0.8762269616127014,0.0018577994778752,28.55205535888672,1233.5751810073853,1205.0231256484983,4071.5965690612793,0,0,0,0,0,Understand
1968,0.843196451663971,0.8938958644866943,0.7850141525268555,0.044764582067728,0.1088817119598388,0.0289855072463768,0.0204958487300448,0.0,0.0,0.8009414672851562,0.0575554743409156,24.047998428344727,63.271480560302734,39.22348213195801,61.91948318481445,0,0,0,0,1,Understand
1969,0.9127528667449952,0.9269582033157348,0.8979179263114929,0.0118640000000596,0.0290402770042419,0.0,0.0,0.0,0.0,0.9151358604431152,0.0243886392563581,26.144702911376957,218.1037311553955,191.95902824401853,260.7511901855469,0,0,0,0,1,Understand
1970,0.892562210559845,0.9107118844985962,0.8773206472396851,0.013786144554615,0.0333912372589111,0.2039072039072038,0.0271792787418218,0.0,0.0,0.8832638263702393,0.0179739966988563,101.69210815429688,74.81023788452148,26.88187026977539,23.41226959228516,0,0,0,0,1,Understand
1971,0.8704478144645691,0.8766357898712158,0.8626042604446411,0.0058467518538236,0.0140315294265747,0.0,0.0,0.0,0.0,0.848122775554657,0.0285500474274158,33.056400299072266,52.5694694519043,19.51306915283203,33.380619049072266,0,0,0,0,0,Remember
1972,0.8338503837585449,0.8516285419464111,0.812165379524231,0.016345914453268,0.0394631624221801,0.1908831908831908,0.0844189879773735,0.0,0.0,0.8578455448150635,0.03352976962924,39.799442291259766,55.12134981155396,15.32190752029419,50.90485954284668,0,0,0,0,0,Understand
1973,0.8103963732719421,0.8129205703735352,0.8055981397628784,0.0033943867310881,0.0073224306106567,0.4615384615384615,0.0543928293220421,0.0,0.0,0.8325545191764832,0.0169266555458307,33.31492614746094,29.32253122329712,3.9923949241638175,8.181655883789062,0,0,0,0,0,Analyze
1974,0.8790165781974792,0.8858169317245483,0.8703192472457886,0.0064675435423851,0.0154976844787597,0.0,0.0,0.0,0.0,0.943604052066803,0.0133402589708566,33.9849967956543,653.5833549499512,619.5983581542969,1268.9449615478516,0,0,0,0,0,Analyze
1975,0.81207674741745,0.8399609923362732,0.7644459009170532,0.0338435471057891,0.0755150914192199,0.0303030303030303,0.0428549564355483,0.0,0.0,0.7956655621528625,0.0497338958084583,38.1202392578125,56.74650764465332,18.62626838684082,81.3563003540039,0,0,0,0,0,Understand
1976,0.809804379940033,0.8266445994377136,0.7959614992141724,0.0127043751999735,0.0306831002235412,0.4223951182303585,0.1157703655107855,0.0,0.0,0.8301313519477844,0.046964943408966,29.163373947143555,35.84391641616821,6.680542469024658,16.51181983947754,0,0,0,0,0,Understand
1977,0.8165022730827332,0.9343947768211364,0.7419096827507019,0.0843358039855957,0.1924850940704345,0.2003367003367003,0.2518622047242835,0.0,0.0,0.7087835669517517,0.0919252708554267,40.44457626342773,58.04903030395508,17.604454040527344,78.52008819580078,0,0,0,0,0,Understand
1983,0.949918270111084,0.9588971734046936,0.9439476728439332,0.0064632035791873,0.0149495005607604,0.0,0.0,0.0,0.0,0.9575145244598388,0.0028126493562012,20.382362365722656,232.98225927352905,212.5998969078064,779.7208766937256,0,0,0,0,1,Remember
1984,0.929915487766266,0.9394069910049438,0.9166569709777832,0.0096620945259928,0.0227500200271606,0.3333333333333333,0.0,0.0,0.0,0.927663505077362,0.0225165728479623,20.83561897277832,218.6412181854248,197.80559921264648,377.2692337036133,0,0,0,0,1,Create
1985,0.9066179394721984,0.9185980558395386,0.8900631666183472,0.0120900869369506,0.0285348892211914,0.25,0.0,0.0,0.0,0.8963457942008972,0.0251968819648027,22.0325927734375,57.35414505004883,35.32155227661133,45.59394073486328,0,0,0,0,1,Understand
1986,0.8504519462585449,0.868415117263794,0.8251420259475708,0.0184141304343938,0.0432730913162231,0.1428571428571428,0.0,0.0,0.0,0.8887954354286194,0.0395381562411785,21.36366844177246,111.80767822265624,90.4440097808838,120.32831573486328,0,0,0,0,1,Understand
1987,0.8982272148132324,0.9302607774734496,0.8445830345153809,0.0381700843572616,0.0856777429580688,0.1525641025641025,0.1256279428039369,0.0,0.0,0.8757961392402649,0.0232487712055444,22.43267250061035,127.55179691314696,105.11912441253662,250.16907119750977,0,0,0,0,1,Understand
1988,0.8473167419433594,0.8662691712379456,0.8347355127334595,0.013639086857438,0.031533658504486,0.0769230769230769,0.1087856586440842,0.0,0.0,0.8498015999794006,0.0271075945347547,22.824392318725582,73.93365001678467,51.10925769805908,53.77022171020508,0,0,0,0,1,Understand
1989,0.8480188250541687,0.8750964999198914,0.8281435966491699,0.0198334772139787,0.0469529032707214,0.0666666666666666,0.0942809041582063,0.0,0.0,0.8487188220024109,0.0374306216835975,22.061708450317383,172.95182037353516,150.89011192321777,200.0416259765625,0,0,0,0,1,Remember
1990,0.9210973381996156,0.9252515435218812,0.9139317274093628,0.0050883092917501,0.0113198161125183,0.0,0.0,0.0,0.0,0.9171311855316162,0.0180885940790176,21.887863159179688,215.0508337020874,193.1629705429077,594.3728294372559,0,0,0,0,1,Analyze
1991,0.9277769923210144,0.9679864048957824,0.853626549243927,0.0524947047233581,0.1143598556518554,0.25,0.0,0.0,0.0,0.8915225863456726,0.0501042939722538,14.057275772094728,63.04681015014648,48.98953437805176,26.150222778320312,0,0,0,0,1,Understand
1992,0.8779110312461853,0.8995237946510315,0.8654024600982666,0.0153456106781959,0.0341213345527648,0.0,0.0,0.0,0.0,0.848106324672699,0.022549470886588,22.452287673950195,156.99817848205566,134.54589080810547,249.0497817993164,0,0,0,0,1,Understand
1993,0.807525098323822,0.8141664266586304,0.8008900880813599,0.005420044530183,0.0132763385772705,0.0968253968253968,0.0777939730466212,0.0,0.0,0.8814201354980469,0.016825970262289,51.22456359863281,29.543321132659912,21.6812424659729,27.809232711791992,0,0,0,0,1,Understand
1994,0.8791933655738831,0.914938509464264,0.8550875186920166,0.0257829427719116,0.0598509907722473,0.25,0.0,0.0,0.0,0.8697783946990967,0.0225858315825462,35.14598083496094,71.06147193908691,35.91549110412598,45.76004409790039,0,0,0,0,0,Understand
1995,0.8654103875160217,0.8738138675689697,0.8608756065368652,0.005948350764811,0.0129382610321044,0.25,0.0,0.0,0.0,0.9004409909248352,0.0205905046314001,33.425052642822266,71.06147193908691,37.63641929626465,45.76004409790039,0,0,0,0,0,Understand
1996,0.799494206905365,0.8139661550521851,0.7821189165115356,0.0131626622751355,0.0318472385406494,0.1153846153846153,0.1631784879661263,0.0,0.0,0.8075785636901855,0.0251827873289585,49.24415969848633,24.795788764953613,24.448370933532715,9.692998886108398,0,0,0,0,0,Understand
1997,0.8367597460746765,0.8625527024269104,0.8042831420898438,0.0242533776909112,0.0582695603370666,0.3095238095238095,0.0841793787126842,0.0,0.0,0.8714777827262878,0.0350171253085136,28.71465301513672,55.903913497924805,27.18926048278809,29.60946655273437,0,0,0,0,1,Understand
1998,0.7854645252227783,0.810090959072113,0.7608381509780884,0.0246264040470123,0.0492528080940246,0.1478494623655913,0.0188172043010752,0.0,0.0,0.7870070338249207,0.0,32.401084899902344,26.159767786661785,6.241317113240559,1.4774188995361328,0,0,0,0,0,Remember
1999,0.8987135887145996,0.8987135887145996,0.8987135887145996,0.0,0.0,0.0,0.0,0.0,0.0,0.0,0.0,19.832582473754883,1512.062026977539,1492.2294445037842,2421.186004638672,0,0,0,0,1,Apply
2000,0.8327042460441589,0.8511408567428589,0.8148524761199951,0.0148204416036605,0.0362883806228637,0.0550586364539852,0.0281647504527241,0.0,0.0,0.8363616466522217,0.0032213069498538,36.58273696899414,24.58955478668213,11.993182182312012,7.688276290893555,0,0,0,0,0,Create
2001,0.8166919350624084,0.8235361576080322,0.8104672431945801,0.0053533143363893,0.0130689144134521,0.0,0.0,0.0,0.0,0.7831566333770752,0.009352677501738,28.518848419189453,33.90512418746948,5.386275768280029,28.29492950439453,0,0,0,0,1,Understand
2002,0.9453449249267578,0.9453449249267578,0.9453449249267578,0.0,0.0,0.0,0.0,0.0,0.0,0.0,0.0,15.880332946777344,1902.5765075683596,1886.696174621582,3230.844055175781,0,0,0,0,1,Apply
2003,0.853225588798523,0.853225588798523,0.853225588798523,0.0,0.0,0.0,0.0,0.0,0.0,0.0,0.0,56.01302337646485,434.1719512939453,378.15892791748047,232.95883178710935,0,0,0,0,1,Understand
2004,0.8434537053108215,0.8634533286094666,0.8206689953804016,0.0175773054361343,0.0427843332290649,0.25,0.0,0.0,0.0,0.8288588523864746,0.007095469161868,36.96360778808594,50.60946464538574,13.645856857299805,34.00754928588867,0,0,0,0,1,Understand
2005,0.8293408751487732,0.8513438701629639,0.8124344944953918,0.0162883754819631,0.038909375667572,0.0360623781676413,0.0255278769078144,0.0,0.0,0.829286515712738,0.0411304906010627,42.4803466796875,25.193443775177,17.286902904510498,17.45869255065918,0,0,0,0,0,Evaluate
2006,0.8049852252006531,0.8240257501602173,0.7886598110198975,0.0145651698112487,0.0353659391403198,0.0888888888888888,0.1257078722109417,0.0,0.0,0.8679875731468201,0.0323430486023426,31.514095306396484,105.07844638824464,73.56435108184814,106.87785720825195,0,0,0,0,0,Understand
2007,0.8465479016304016,0.8702114820480347,0.8179363012313843,0.02162616699934,0.0522751808166503,0.0,0.0,0.0,0.0,0.850652277469635,0.0375012792646884,38.63938522338867,436.4594039916992,397.82001876831055,632.3991088867188,0,0,0,0,0,Understand
2008,0.645419716835022,0.7773391008377075,0.5209628343582153,0.1047981083393096,0.2563762664794922,0.0,0.0,0.0,0.0,0.8503171801567078,0.0556625239551067,47.73273849487305,271.3415822982788,223.60884380340576,659.7362098693848,0,0,0,0,0,Create
2009,0.9075166583061218,0.917603611946106,0.8914715051651001,0.0114701595157384,0.0261321067810058,0.0,0.0,0.0,0.0,0.9100022912025452,0.013071876950562,73.65196228027344,1173.180320739746,1099.5283584594729,2447.0535888671875,0,0,0,0,0,Understand
2010,0.8459518551826477,0.8720737099647522,0.8193129897117615,0.0215425752103328,0.0527607202529907,0.4608187134502923,0.1025511589089262,0.0,0.0,0.8880870938301086,0.0223801359534263,44.52959442138672,45.941359519958496,1.4117650985717771,24.164039611816406,0,0,0,0,0,Understand
2011,0.8152623772621155,0.8317481279373169,0.8038861155509949,0.0119346296414732,0.027862012386322,0.0,0.0,0.0,0.0,0.8485062122344971,0.0415547080338001,33.645790100097656,1089.9454364776611,1056.2996463775637,4117.290786743164,0,0,0,0,0,Understand
2012,0.7744216322898865,0.8137173652648926,0.7360698580741882,0.0317064896225929,0.0776475071907043,0.0,0.0,0.0,0.0,0.795904815196991,0.0040741562843322,51.36056518554688,55.83485507965088,4.474289894104004,26.464244842529297,0,0,0,0,0,Remember
2013,0.8217571377754211,0.8461359143257141,0.8017655611038208,0.0183778349310159,0.0443703532218933,0.2730032553561965,0.0559531064001556,0.0,0.0,0.8138206601142883,0.0266505796462297,34.9268798828125,25.55822515487671,9.368654727935793,5.844985961914063,0,0,0,0,0,Understand
2014,0.8243443369865417,0.8641475439071655,0.7886437773704529,0.0309605076909065,0.0755037665367126,0.2857142857142857,0.0,0.0,0.0,0.8198618292808533,0.0188565701246261,31.471559524536133,39.67929792404175,8.207738399505615,21.121313095092773,0,0,0,0,0,Remember
2015,0.8366875648498535,0.8812105059623718,0.8072525262832642,0.0320227034389972,0.0739579796791076,0.0,0.0,0.0,0.0,0.8034172058105469,0.0184243954718112,51.84357452392578,89.78417301177979,37.940598487854,107.02975845336914,0,0,0,0,0,Remember
2016,0.891105592250824,0.92947655916214,0.8557573556900024,0.0301715414971113,0.0737192034721374,0.0,0.0,0.0,0.0,0.9027738571166992,0.0174866858869791,29.50074005126953,211.2682113647461,181.76747131347656,594.3728294372559,0,0,0,0,0,Create
2017,0.8345482349395752,0.8610742092132568,0.8142912983894348,0.0196067355573177,0.046782910823822,0.2606060606060605,0.0620040777907992,0.0,0.0,0.872013509273529,0.0180937387049198,41.26309585571289,43.20528316497803,1.9421873092651367,24.90909576416016,0,0,0,0,1,Understand
2018,0.9126450419425964,0.9403295516967772,0.8939257860183716,0.0199768152087926,0.0464037656784057,0.3079922027290449,0.2307946103538349,0.0,0.0,0.8850359320640564,0.0078473724424839,19.682907104492188,25.914905548095703,6.231998443603516,12.91385269165039,0,0,0,0,1,Understand
2019,0.8604890704154968,0.8741406202316284,0.8462042808532715,0.0114137483760714,0.0279363393783569,0.2384291725105189,0.0476170336662411,0.0,0.0,0.869819700717926,0.0143200121819973,39.19924545288086,36.51882362365723,2.680421829223633,11.06256866455078,0,0,0,0,0,Understand
2020,0.8399006724357605,0.8565882444381714,0.821088433265686,0.0145703898742794,0.0354998111724853,0.2462962962962963,0.1709531096717669,0.0,0.0,0.8598387241363525,0.0366204157471656,36.2017936706543,33.83204364776611,2.369750022888184,19.95218086242676,0,0,0,0,0,Understand
2021,0.8016357421875,0.8285070061683655,0.7795740365982056,0.0202642120420932,0.0489329695701599,0.4767676767676767,0.1350969979579837,0.0,0.0,0.9384937286376952,0.0065277093090116,52.397216796875,26.5216326713562,25.8755841255188,6.581172943115234,0,0,0,0,0,Understand
2022,0.8739911317825317,0.9089614152908324,0.8417260646820068,0.0292544905096292,0.0672353506088256,0.3110119047619047,0.3181149469496665,0.0,0.0,0.8202120661735535,0.0212505925446748,56.96497344970703,307.5835205078125,250.6185470581055,473.0556488037109,0,0,0,0,0,Remember
2023,0.8451080322265625,0.8587175607681274,0.8265145421028137,0.0136109739542007,0.0322030186653137,0.0,0.0,0.0,0.0,0.8484634757041931,0.0092111406847834,53.10406875610352,76.73886108398438,23.63479232788086,83.968505859375,0,0,0,0,0,Remember
2024,0.9311196804046632,0.9606072306632996,0.879126787185669,0.0368748754262924,0.0814804434776306,0.0666666666666666,0.0942809041582063,0.0,0.0,0.9100551605224608,0.0374171398580074,36.93716812133789,1496.6981506347656,1459.7609825134275,1536.92529296875,0,0,0,0,0,Understand
2025,0.8368902206420898,0.8496930599212646,0.8278941512107849,0.0092975609004497,0.0217989087104797,0.1902356902356902,0.0234484651131045,0.0,0.0,0.8523642420768738,0.0155949816107749,40.83343505859375,150.4115390777588,109.57810401916504,184.17569732666016,0,0,0,0,0,Understand
2026,0.8921177983283997,0.9150588512420654,0.8777636289596558,0.016391722485423,0.0372952222824096,0.0,0.0,0.0,0.0,0.9044633507728576,0.0330360606312751,32.2796745300293,1028.810791015625,996.5311164855956,2319.878707885742,0,0,0,0,0,Understand
2027,0.9233575463294984,0.9434803128242492,0.8989549875259399,0.0184275805950164,0.0445253252983093,0.25,0.0,0.0,0.0,0.9085793495178224,0.0335873998701572,44.79341125488281,49.44648361206055,4.653072357177734,6.4927825927734375,0,0,0,0,0,Understand
2029,0.7785601615905762,0.7944214940071106,0.7582787275314331,0.0150826023891568,0.0361427664756774,0.0,0.0,0.0,0.0,0.8442466855049133,0.0232823304831981,23.50968742370605,278.9902286529541,255.48054122924805,869.7387313842773,0,0,0,0,0,Understand
2030,0.8191907405853271,0.8318469524383545,0.805864691734314,0.010617783293128,0.0259822607040405,0.0,0.0,0.0,0.0,0.8942778706550598,0.0224639996886253,28.135210037231445,118.784423828125,90.64921379089355,252.3582763671875,0,0,0,0,0,Understand
2032,0.8435340523719788,0.8490461111068726,0.8348989486694336,0.0061833537183701,0.0141471624374389,0.0,0.0,0.0,0.0,0.9120602607727052,0.0131880948320031,32.7778434753418,297.0641384124756,264.2862949371338,422.1195297241211,0,0,0,0,0,Understand
2033,0.8251305222511292,0.8593454360961914,0.7800641059875488,0.0332635939121246,0.0792813301086425,0.0,0.0,0.0,0.0,0.8027608394622803,0.0551472641527652,42.87886047363281,275.1944103240967,232.31554985046387,645.6906890869141,0,0,0,0,0,Remember
2034,0.764144241809845,0.7732985019683838,0.7469823360443115,0.0121443504467606,0.0263161659240722,0.0,0.0,0.0,0.0,0.7658078074455261,0.0439776144921779,82.91619873046875,592.3420305252075,509.4258317947388,1842.0110359191892,0,0,0,0,0,Understand
2036,0.8212829232215881,0.844651997089386,0.798955500125885,0.0186700467020273,0.0456964969635009,0.5285714285714286,0.21092604371762,0.0,0.0,0.8229231238365173,0.0312130339443683,31.471559524536133,39.67929792404175,8.207738399505615,21.121313095092773,0,0,0,0,0,Remember
2037,0.8200302124023438,0.8454207181930542,0.789853572845459,0.0229362472891807,0.0555671453475952,0.125,0.0,0.0,0.0,0.8298527598381042,0.0267187897115945,40.197486877441406,64.42705726623535,24.229570388793945,50.88056564331055,0,0,0,0,0,Create
2038,0.7627467513084412,0.8397322297096252,0.6703648567199707,0.0699957832694053,0.1693673729896545,0.0,0.0,0.0,0.0,0.763731062412262,0.090540237724781,46.36833190917969,71.01630449295044,24.647972583770752,126.8687343597412,0,0,0,0,0,Understand
2039,0.7671096920967102,0.783400297164917,0.7480641007423401,0.014556891284883,0.0353361964225769,0.0,0.0,0.0,0.0,0.8126853108406067,0.0291528403759002,44.91967391967773,48.312803745269775,3.393129825592041,57.43410301208496,0,0,0,0,0,Remember
2040,0.7355898022651672,0.7716294527053833,0.6737814545631409,0.0439057871699333,0.0978479981422424,0.0383771929824561,0.0274342017613965,0.0,0.0,0.6848611235618591,0.0345355309545993,62.4501953125,45.37814807891846,17.072047233581543,64.29149627685547,0,0,0,0,0,Understand
2041,0.8297522664070129,0.842846691608429,0.8213828802108765,0.0093779480084776,0.0214638113975524,0.0952380952380952,0.0673435029701473,0.0,0.0,0.8499502539634705,0.0136610670015215,65.5837631225586,282.2449264526367,216.66116333007807,538.7702484130859,0,0,0,0,0,Remember
2042,0.8787112236022949,0.8934342861175537,0.8515795469284058,0.0192082729190588,0.0418547391891479,0.4198717948717949,0.056795016495735,0.0,0.0,0.8863205909729004,0.031539499759674,37.60189437866211,32.05551815032959,5.54637622833252,14.007476806640623,0,0,0,0,0,Evaluate
2043,0.8533914685249329,0.8617285490036011,0.8458625078201294,0.0065024336799979,0.0158660411834716,0.3055555555555555,0.0392837100659193,0.0,0.0,0.8508083820343018,0.0279578045010566,39.57694625854492,196.59200286865237,157.01505661010742,413.9020309448242,0,0,0,0,0,Understand
2044,0.8533914685249329,0.8617285490036011,0.8458625078201294,0.0065024336799979,0.0158660411834716,0.3055555555555555,0.0392837100659193,0.0,0.0,0.8508083820343018,0.0279578045010566,39.57694625854492,196.59200286865237,157.01505661010742,413.9020309448242,0,0,0,0,0,Understand
2045,0.8606362342834473,0.8760093450546265,0.8410050868988037,0.014604159630835,0.0350042581558227,0.0,0.0,0.0,0.0,0.8413159847259521,0.0138997938483953,56.98736190795898,76.73886108398438,19.75149917602539,83.968505859375,0,0,0,0,0,Remember
2046,0.8285854458808899,0.8491696119308472,0.7885438203811646,0.0283174142241477,0.0606257915496826,0.3070175438596491,0.219473614091172,0.0,0.0,0.8143729567527771,0.023960281163454,40.35836791992188,41.06844520568848,0.7100772857666016,40.3509521484375,0,0,0,0,0,Analyze
2047,0.8200176358222961,0.9362194538116456,0.7590129971504211,0.082201287150383,0.1772064566612243,0.1996779388083736,0.2522687037906223,0.0,0.0,0.7580277919769287,0.0203178599476814,40.070892333984375,68.17519283294678,28.1043004989624,57.49018096923828,0,0,0,0,0,Evaluate
2048,0.808367908000946,0.8389366865158081,0.7721635103225708,0.0275497548282146,0.0667731761932373,0.0175438596491228,0.0248107642521595,0.0,0.0,0.8317556381225586,0.0444807447493076,36.48213577270508,46.6522274017334,10.17009162902832,24.50874710083008,0,0,1,0,0,Understand
2049,0.7759530544281006,0.802800714969635,0.7415295839309692,0.0255810171365737,0.0612711310386657,0.0175438596491228,0.0248107642521595,0.0,0.0,0.855358898639679,0.0142733408138155,30.59581184387207,87.36215496063232,56.766343116760254,135.61927795410156,1,0,0,0,0,Understand
2050,0.7796443104743958,0.7984727621078491,0.7514815926551819,0.0202877260744571,0.0469911694526672,0.0786539227399442,0.0622649819439573,0.0,0.0,0.7743077278137207,0.0558549314737319,25.207321166992188,31.674829959869385,6.467508792877197,14.784273147583008,0,0,0,0,0,Remember
2051,0.829667866230011,0.8354053497314453,0.821088433265686,0.0061806980520486,0.0143169164657592,0.0976851851851851,0.0635491503722241,0.0,0.0,0.8700714111328125,0.0299615319818258,36.2017936706543,33.83204364776611,2.369750022888184,19.95218086242676,0,0,0,0,0,Understand
2052,0.8151233792304993,0.820608913898468,0.806888997554779,0.0059288265183568,0.0137199163436889,0.2730032553561965,0.0559531064001556,0.0,0.0,0.7953880429267883,0.0230754520744085,36.68302154541016,25.55822515487671,11.124796390533447,5.844985961914063,0,0,0,0,0,Remember
2053,0.7958747744560242,0.8510537147521973,0.7193713188171387,0.0558337457478046,0.1316823959350586,0.0,0.0,0.0,0.0,0.7861337065696716,0.0499445460736751,42.11911392211914,89.78417301177979,47.665059089660645,107.02975845336914,0,0,0,0,0,Remember
2054,0.8789744973182678,0.8941648006439209,0.8557573556900024,0.016675442457199,0.0384074449539184,0.0,0.0,0.0,0.0,0.9149050116539,0.0189897529780864,29.50074005126953,211.2682113647461,181.76747131347656,594.3728294372559,0,0,0,0,0,Create
2055,0.941570520401001,0.9501920342445374,0.9274402856826782,0.0100720738992095,0.0227517485618591,0.0,0.0,0.0,0.0,0.960656464099884,0.0098550431430339,19.16672706604004,211.2682113647461,192.10148429870603,594.3728294372559,0,0,0,0,1,Create
2056,0.814135730266571,0.8603767156600952,0.7677071690559387,0.0378324165940284,0.0926695466041565,0.0281609195402298,0.0208961597272389,0.0,0.0,0.8049948215484619,0.0375894382596015,55.153350830078125,34.120137214660645,21.03321361541748,33.24770164489746,0,0,0,0,0,Evaluate
2057,0.8215000629425049,0.8395822048187256,0.8091280460357666,0.0130720678716897,0.0304541587829589,0.1501831501831501,0.1257216285841063,0.0,0.0,0.7978925704956055,0.0352774858474731,48.199520111083984,71.30584526062012,23.106325149536133,59.43520736694336,0,0,0,0,0,Remember
2058,0.8076284527778625,0.8223749399185181,0.789566695690155,0.0135975219309329,0.032808244228363,0.2874577748719625,0.022454827281057,0.0,0.0,0.8348600268363953,0.0371215343475341,33.54276657104492,35.38688373565674,1.8441171646118164,15.021255493164062,0,0,0,0,0,Remember
2059,0.8957158923149109,0.9211829900741576,0.8621513843536377,0.024770401418209,0.05903160572052,0.0,0.0,0.0,0.0,0.8991808891296387,0.0200809258967638,22.911195755004883,240.59270858764648,217.6815128326416,354.594482421875,0,0,0,0,0,Remember
2060,0.8349570631980896,0.8455975651741028,0.829169750213623,0.00753362942487,0.0164278149604797,0.1931818181818182,0.1917280414370267,0.0,0.0,0.8711075782775879,0.0093007441610097,27.27975845336914,100.10056972503662,72.82081127166748,164.22011947631836,0,0,0,0,0,Remember
2061,0.8065681457519531,0.8251831531524658,0.7957890033721924,0.0132175050675868,0.0293941497802734,0.0665123456790123,0.0258606246979815,0.0,0.0,0.8028572201728821,0.0227419659495353,27.265783309936523,24.885382652282715,2.3804006576538086,6.56492805480957,0,0,0,0,0,Understand
2062,0.8270308375358582,0.8541392087936401,0.7898315191268921,0.0272058621048927,0.064307689666748,0.1227106227106227,0.0623383605315659,0.0,0.0,0.772723913192749,0.0142474891617894,39.24551010131836,37.30748653411865,1.938023567199707,12.429096221923828,0,0,0,0,1,Understand
2063,0.916208565235138,0.9362919330596924,0.9010847210884094,0.0147949028760194,0.0352072119712829,0.4000000000000001,5.551115123125783e-17,0.0,0.0,0.8978757858276367,0.0175274182111024,22.774274826049805,28.56381893157959,5.789544105529785,22.132862091064453,0,0,0,0,0,Understand
2064,0.8959803581237793,0.9140293598175048,0.8768020868301392,0.0152189340442419,0.0372272729873657,0.5037037037037037,0.0733295921230493,0.0,0.0,0.9043739438056946,0.0302532967180013,19.37238883972168,62.15774726867676,42.78535842895508,10.265522003173828,0,0,0,0,0,Understand
2065,0.8189610838890076,0.8503020405769348,0.7895200252532959,0.024850495159626,0.0607820153236389,0.2550724637681159,0.0427965885803866,0.0,0.0,0.8025277256965637,0.00920379627496,56.95919036865234,28.425846576690677,28.53334379196167,21.955101013183597,0,0,0,0,0,Remember
2066,0.7715582847595215,0.7905771732330322,0.7525393962860107,0.0190188884735107,0.0380377769470214,0.0,0.0,0.0,0.0,0.799516499042511,0.0,38.85154342651367,32.89714813232422,5.954395294189453,17.021392822265625,0,0,0,0,0,Understand
2067,0.9164912104606628,0.9328500032424928,0.8948408365249634,0.0159619357436895,0.0380091667175293,0.0,0.0,0.0,0.0,0.912529230117798,0.0149935344234108,31.35980033874512,129.1776909828186,97.81789064407349,188.4163646697998,0,0,0,0,0,Understand
2068,0.8768362998962402,0.8875325918197632,0.8604193925857544,0.0117848813533782,0.0271131992340087,0.0,0.0,0.0,0.0,0.8830673098564148,0.0162183623760938,46.66456604003906,207.3508014678955,160.68623542785645,237.62519073486328,0,0,0,0,0,Remember
2069,0.7915272116661072,0.8786930441856384,0.7237922549247742,0.0647134035825729,0.1549007892608642,0.0222222222222222,0.0314269680527354,0.0,0.0,0.7867782711982727,0.0274818241596221,30.20359230041504,51.77350902557373,21.56991672515869,60.74464797973633,0,0,0,0,0,Understand
2070,0.7464694976806641,0.8335564136505127,0.6343318223953247,0.0832396745681762,0.199224591255188,0.0,0.0,0.0,0.0,0.6704561710357666,0.0593689419329166,32.73974609375,116.25240898132324,83.51266288757324,155.17362213134766,0,0,0,0,0,Understand
2071,0.7936577796936035,0.8296257257461548,0.763678789138794,0.027253745123744,0.0659469366073608,0.0815850815850815,0.0631525276650073,0.0,0.0,0.801679790019989,0.0196055341511964,24.250812530517575,92.12135887145996,67.87054634094238,90.18082809448242,0,0,0,0,0,Create
2072,0.8968591094017029,0.9114654660224916,0.8696705102920532,0.0192429944872856,0.0417949557304382,0.3802910052910053,0.1878143856104554,0.0,0.0,0.8853147029876709,0.0241509247571229,32.988651275634766,118.6040849685669,85.61543369293213,202.36537551879883,0,0,0,0,0,Understand
2073,0.8558928966522217,0.8620709180831909,0.8491446375846863,0.0052925162017345,0.0129262804985046,0.0476190476190476,0.0673435029701473,0.0,0.0,0.8351004123687744,0.0159652028232812,40.281925201416016,51.63152599334717,11.349600791931152,32.54056930541992,0,0,0,0,0,Understand
2074,0.8563103675842285,0.8836185932159424,0.8337185382843018,0.0206427909433841,0.0499000549316406,0.0,0.0,0.0,0.0,0.834378182888031,0.0191262103617191,27.659847259521484,61.36294507980347,33.70309782028198,94.41766929626463,0,0,0,0,0,Remember
2075,0.8043572306632996,0.831261396408081,0.7886749505996704,0.0191110558807849,0.0425864458084106,0.0158730158730158,0.0224478343233824,0.0,0.0,0.796743631362915,0.0421011261641979,37.23846435546875,90.11358213424684,52.87511777877808,177.99195671081543,0,0,0,0,0,Understand
2076,0.844139039516449,0.8509207367897034,0.8394631743431091,0.0049088411033153,0.0114575624465942,0.338235294117647,0.0668538318479698,0.0,0.0,0.858384907245636,0.0141042517498135,36.67620849609375,37.82280349731445,1.1465950012207031,27.3840274810791,0,0,0,0,0,Understand
2077,0.9611032009124756,0.9624459743499756,0.960059404373169,0.000996985239908,0.0023865699768066,0.0,0.0,0.0,0.0,0.9687551856040956,0.0005291034467518,28.161497116088867,983.6957998275756,955.5343027114868,2984.308506011963,0,0,1,0,0,Understand
2078,0.883204460144043,0.9127801656723022,0.8613230586051941,0.0217003654688596,0.0514571070671081,0.1777777777777777,0.136986977843755,0.0,0.0,0.8507557511329651,0.0147729590535163,40.425567626953125,218.32198524475095,177.89641761779785,454.1141052246094,0,0,0,0,1,Understand
2079,0.8587198257446289,0.8643643260002136,0.8547502756118774,0.0040997304022312,0.0096140503883361,0.2543859649122806,0.0683235172254264,0.0,0.0,0.9140300750732422,0.0146893626078963,44.77531433105469,29.395562648773197,15.379751682281494,12.162662506103516,0,0,0,0,0,Understand
2080,0.9016613364219666,0.9701221585273744,0.825763463973999,0.0591683462262153,0.1443586945533752,0.2333333333333333,0.2054804667656325,0.0,0.0,0.8732454180717468,0.0325041711330413,29.793399810791016,204.0190753936768,174.22567558288574,139.80475616455078,0,0,0,0,0,Remember
2081,0.830737292766571,0.847031831741333,0.8105897307395935,0.0151248313486576,0.0364421010017395,0.1939393939393939,0.0085709912871096,0.0,0.0,0.794323205947876,0.023828512057662,40.16159439086914,129.6291103363037,89.46751594543457,235.3427047729492,0,0,0,0,0,Remember
2082,0.7676889896392822,0.7948794960975647,0.7484266757965088,0.0197755526751279,0.0464528203010559,0.0527777777777777,0.0528508266401123,0.0,0.0,0.8137502670288086,0.0024397470988333,25.786325454711918,36.41506290435791,10.628737449645996,32.888479232788086,0,0,0,0,0,Analyze
2083,0.9069883227348328,0.9328464865684508,0.8900485038757324,0.0185754410922527,0.0427979826927185,0.0,0.0,0.0,0.0,0.9271578788757324,0.0102981878444552,36.24257278442383,214.80438327789307,178.56181049346924,614.850757598877,0,0,0,0,0,Understand
2084,0.7928737998008728,0.8048338294029236,0.770220160484314,0.0160268433392047,0.0346136689186096,0.0,0.0,0.0,0.0,0.8510774970054626,0.0104949679225683,40.85589218139648,611.4891815185547,570.6332893371582,716.7760620117188,0,0,0,0,0,Analyze
2085,0.8108124732971191,0.828181266784668,0.7774390578269958,0.0236051529645919,0.0507422089576721,0.2314814814814814,0.0130945700219731,0.0,0.0,0.8794829249382019,0.0119369616732001,28.81402587890625,154.35572052001953,125.54169464111328,178.50161743164062,0,0,0,0,0,Understand
2086,0.8054001927375793,0.8128611445426941,0.8010110259056091,0.0053030438721179,0.0118501186370849,0.0667408231368186,0.0472714779997236,0.0,0.0,0.8522674441337585,0.0257242359220981,55.006717681884766,38.81093406677246,16.195783615112305,38.48428916931152,0,0,0,0,1,Understand
2087,0.8125120997428894,0.8411304950714111,0.7602442502975464,0.0370145812630653,0.0808862447738647,0.0833333333333333,0.1178511301977579,0.0,0.0,0.872845470905304,0.0404398180544376,46.14801025390625,103.40983390808104,57.261823654174805,177.63609313964844,0,0,0,0,0,Create
2088,0.9063425064086914,0.9418958425521852,0.8422520160675049,0.0454092733561992,0.0996438264846801,0.0,0.0,0.0,0.0,0.8699442744255066,0.0485953353345394,92.8557586669922,1117.270751953125,1024.4149932861328,2126.933563232422,0,0,0,0,0,Remember
2089,0.8080349564552307,0.8290051221847534,0.7970378994941711,0.0148340249434113,0.0319672226905822,0.0997404523544679,0.0478553484068288,0.0,0.0,0.8289701342582703,0.0200341437011957,40.519474029541016,35.59745264053345,4.922021389007568,12.37599754333496,0,0,0,0,0,Understand
2090,0.8453188538551331,0.9086225032806396,0.7647579908370972,0.0599867179989814,0.1438645124435424,0.1666666666666666,0.1178511301977579,0.0,0.0,0.8307035565376282,0.044441320002079,46.97360229492188,186.7164044380188,139.74280214309692,387.8882427215576,0,0,0,0,0,Understand
2091,0.8269003033638,0.8290038108825684,0.8230701088905334,0.0027127473149448,0.0059337019920349,0.1998801334167187,0.0185470675338958,0.0,0.0,0.8738883137702942,0.0141481375321745,39.69015884399414,24.06024599075317,15.629912853240969,10.069036483764648,0,0,0,0,0,Remember
2092,0.8961530327796936,0.9335175156593324,0.8531504273414612,0.0330510586500167,0.0803670883178711,0.0,0.0,0.0,0.0,0.8748781681060791,0.0201294459402561,84.09705352783203,686.6704211235046,602.5733675956726,1313.296983718872,0,0,0,0,0,Understand
2093,0.848488986492157,0.8600747585296631,0.8424584865570068,0.0081946616992354,0.0176162719726562,0.2087542087542087,0.0190466473046881,0.0,0.0,0.8774197101593018,0.0252327490597963,88.138671875,162.46771812438965,74.32904624938965,135.95098114013672,0,0,0,0,0,Understand
2094,0.8857415318489075,0.9186428785324096,0.8275836706161499,0.041242066770792,0.0910592079162597,0.0,0.0,0.0,0.0,0.8455259799957275,0.0285313688218593,80.21326446533203,119.18079090118408,38.96752643585205,272.83435821533203,0,0,0,0,0,Understand
2095,0.7887079119682312,0.8506026268005371,0.7151548862457275,0.0559074208140373,0.1354477405548095,0.0,0.0,0.0,0.0,0.7694888114929199,0.0342456214129924,64.70845031738281,397.4775924682617,332.7691421508789,1060.1976852416992,0,0,0,0,0,Understand
2096,0.8703022003173828,0.908279538154602,0.8437520265579224,0.0275545958429574,0.0645275115966796,0.0,0.0,0.0,0.0,0.8485733866691589,0.0299893599003553,34.25834274291992,263.14097690582275,228.88263416290283,619.8097496032715,0,0,0,0,0,Remember
2097,0.8055089116096497,0.8481169939041138,0.7734308838844299,0.0313864462077617,0.0746861100196838,0.0,0.0,0.0,0.0,0.8557385802268982,0.0220396034419536,94.5900650024414,76.24153327941895,18.34853172302246,103.72027206420898,0,0,0,0,1,Understand
2099,0.8348057866096497,0.8658310174942017,0.7840911149978638,0.0361580774188041,0.0817399024963378,0.1111111111111111,0.1571348402636772,0.0,0.0,0.8305230140686035,0.0462564080953598,35.02435302734375,154.94862747192383,119.92427444458008,247.6570281982422,0,0,0,0,0,Remember
2100,0.8229133486747742,0.8444803953170776,0.7978149652481079,0.0192140210419893,0.0466654300689697,0.0833333333333333,0.1178511301977579,0.0,0.0,0.8586577773094177,0.0198982413858175,52.03989410400391,79.94704532623291,27.907151222229004,112.91528701782228,0,0,0,0,0,Create
2101,0.8225203156471252,0.8496293425559998,0.8077574968338013,0.0191943235695362,0.0418718457221984,0.1964266709237973,0.0887810343316004,0.0,0.0,0.7913889288902283,0.0238871965557336,49.29138946533203,35.96113157272339,13.330257892608644,12.122472763061523,0,0,0,0,0,Understand
2102,0.8705611824989319,0.8924974203109741,0.8566100597381592,0.0157013107091188,0.0358873605728149,0.2685185185185185,0.0472131436443776,0.0,0.0,0.8858163952827454,0.0176282618194818,46.97360229492188,196.62961959838867,149.6560173034668,348.2353820800781,0,0,0,0,0,Understand
2103,0.8503162860870361,0.8657586574554443,0.8230701088905334,0.0193231236189603,0.0426885485649108,0.1856060606060606,0.010551809300897,0.0,0.0,0.8504723906517029,0.0306278821080923,39.69015884399414,24.06024599075317,15.629912853240969,10.069036483764648,0,0,0,0,0,Remember
2104,0.8094010949134827,0.8378927707672119,0.7861483097076416,0.0214469376951456,0.0517444610595703,0.0175438596491228,0.0248107642521595,0.0,0.0,0.7930231094360352,0.0287236236035823,31.88494300842285,37.28006649017334,5.395123481750488,7.309284210205078,0,0,0,0,1,Understand
2105,0.8833817839622498,0.9062337875366212,0.8382889628410339,0.0318863876163959,0.0679448246955871,0.0,0.0,0.0,0.0,0.8540766835212708,0.0383008494973182,32.78849792480469,491.06491470336914,458.27641677856445,1500.969955444336,0,0,0,0,0,Understand
2106,0.8227748870849609,0.8560773134231567,0.7688274383544922,0.0384949930012226,0.0872498750686645,0.0,0.0,0.0,0.0,0.822455883026123,0.0279095955193042,36.27960205078125,196.6789712905884,160.39936923980713,542.0905265808105,0,0,0,0,0,Create
2107,0.7530257105827332,0.8101286888122559,0.6914268136024475,0.048564001917839,0.1187018752098083,0.1111111111111111,0.0785674201318386,0.0,0.0,0.8696536421775818,0.0220193825662136,44.06381988525391,65.57388210296631,21.5100622177124,107.57350540161131,0,0,0,0,0,Understand
2108,0.7859222292900085,0.8068552017211914,0.7679145336151123,0.0160314701497554,0.0389406681060791,0.0196078431372549,0.0277296776935901,0.0,0.0,0.7801876068115234,0.051731564104557,44.91967391967773,61.111473083496094,16.19179916381836,52.16550827026367,0,0,0,0,0,Remember
2109,0.7465081214904785,0.8185849189758301,0.7013123035430908,0.0515115335583686,0.1172726154327392,0.0,0.0,0.0,0.0,0.6840055584907532,0.0419099554419517,58.94593048095703,38.39014911651611,20.55578136444092,8.374099731445312,0,0,0,0,0,Understand
2110,0.8330447673797607,0.8669057488441467,0.7987992763519287,0.0278056804090738,0.068106472492218,0.2261494252873563,0.112391960129762,0.0,0.0,0.8153550028800964,0.0174381788820028,55.006717681884766,38.65896368026733,16.34775400161743,38.48428916931152,0,0,0,0,1,Understand
2111,0.8038055300712585,0.8137067556381226,0.7874326705932617,0.0116617269814014,0.0262740850448608,0.0277777777777777,0.0392837100659193,0.0,0.0,0.851466715335846,0.0224037785083055,40.20271301269531,87.1105284690857,46.90781545639038,127.51074409484865,0,0,0,0,0,Understand
2112,0.7871186137199402,0.8071457147598267,0.766764760017395,0.0164870750159025,0.0403809547424316,0.0954822954822954,0.0337597453651486,0.0,0.0,0.8213315010070801,0.0147628579288721,58.0708122253418,37.59004878997803,20.48076343536377,36.64289474487305,0,0,0,0,0,Understand
2113,0.8221619129180908,0.8249933123588562,0.8170959949493408,0.0035904236137866,0.0078973174095153,0.155050505050505,0.0512520514544338,0.0,0.0,0.8857700228691101,0.0319598726928234,20.82889938354492,82.51231002807617,61.68341064453125,93.4150276184082,0,0,0,0,0,Understand
2114,0.8355370163917542,0.8544887900352478,0.8214236497879028,0.0139255868270993,0.0330651402473449,0.1111111111111111,0.1571348402636772,0.0,0.0,0.8534300327301025,0.0187517926096916,59.85663604736328,62.13967227935791,2.283036231994629,63.59892272949219,0,0,0,0,0,Understand
2116,0.7896043658256531,0.811153769493103,0.7731271982192993,0.0159332137554883,0.0380265712738037,0.0,0.0,0.0,0.0,0.8496784567832947,0.0571775883436203,39.53825759887695,644.699104309082,605.1608467102051,559.3255004882812,0,0,0,0,0,Analyze
2117,0.8964988589286804,0.9107006788253784,0.8863241672515869,0.0103510757908225,0.0243765115737915,0.1006734006734006,0.0082611745093503,0.0,0.0,0.9197044968605042,0.0148702720180153,16.232913970947266,73.51674842834473,57.28383445739746,79.22684860229492,0,0,0,0,1,Understand
2118,0.8831819891929626,0.9051798582077026,0.863873302936554,0.0169701986014843,0.0413065552711486,0.0944444444444444,0.0820267947790744,0.0,0.0,0.8716606497764587,0.0274785552173852,19.66014289855957,39.54990291595459,19.88976001739502,42.55006790161133,0,0,0,0,1,Understand
2119,0.7558765411376953,0.7720431089401245,0.7447041273117065,0.0117064584046602,0.0273389816284179,0.2314814814814814,0.0130945700219731,0.0,0.0,0.9066850543022156,0.0219921898096799,28.81402587890625,155.3083324432373,126.49430656433104,188.80569458007807,0,0,0,0,0,Understand
2120,0.9851930737495422,0.990307867527008,0.977828860282898,0.0053370771929621,0.0124790072441101,0.0,0.0,0.0,0.0,0.9803727269172668,0.0048080496490001,17.866235733032227,238.9790449142456,221.11280918121335,594.3728294372559,0,0,0,0,1,Analyze
2121,0.9851444363594056,0.98676735162735,0.9828709959983826,0.0016558628994971,0.0038963556289672,0.0,0.0,0.0,0.0,0.9806000590324402,0.0026671199593693,17.866235733032227,112.69621658325195,94.82998085021973,133.57649993896484,0,0,0,0,1,Remember
2122,0.9835012555122375,0.9865124225616456,0.9786885976791382,0.003438699292019,0.0078238248825073,0.1587301587301587,0.1365448455086131,0.0,0.0,0.983247697353363,0.0058442498557269,17.866235733032227,57.06339550018311,39.19715976715088,21.92761993408203,0,0,0,0,1,Understand
2123,0.9706743359565736,0.97683185338974,0.9607632756233216,0.0070765945129096,0.0160685777664184,0.0909090909090909,0.128564869306645,0.0,0.0,0.96747088432312,0.0142107363790273,17.866235733032227,64.56635475158691,46.70011901855469,65.12528610229492,0,0,0,0,1,Understand
2124,0.9752850532531738,0.9823153018951416,0.9655210971832277,0.0071235066279768,0.016794204711914,0.0,0.0,0.0,0.0,0.972240388393402,0.0074598412029445,17.866235733032227,105.9478635787964,88.08162784576416,222.04787063598636,0,0,0,0,1,Create
2125,0.973069190979004,0.9806861877441406,0.9666581153869628,0.0057900794781744,0.0140280723571777,0.0,0.0,0.0,0.0,0.9736332893371582,0.0060732755810022,19.36379051208496,419.883517742157,400.519727230072,779.7208766937256,0,0,0,0,0,Remember
2126,0.9508428573608398,0.9604493975639344,0.9443788528442384,0.0069268676452338,0.016070544719696,0.3333333333333333,0.0,0.0,0.0,0.9518797993659972,0.011392269283533,19.36379051208496,218.6412181854248,199.27742767333984,377.2692337036133,0,0,0,0,0,Create
2127,0.8802595138549805,0.9222357273101808,0.8079358339309692,0.0513604208827018,0.1142998933792114,0.1428571428571428,0.0,0.0,0.0,0.8623833656311035,0.0674045234918594,19.36379051208496,108.1868495941162,88.82305908203125,103.31356048583984,0,0,0,0,0,Understand
2128,0.9487141966819764,0.9617961049079896,0.92486172914505,0.0168925914913415,0.0369343757629394,0.1101364522417154,0.1204719366940957,0.0,0.0,0.9345032572746276,0.0189213417470455,19.36379051208496,84.18823432922363,64.82444381713867,139.31926727294922,0,0,0,0,0,Understand
2129,0.9154126048088074,0.9752198457717896,0.7985578775405884,0.0826364383101463,0.1766619682312011,0.0,0.0,0.0,0.0,0.8584466576576233,0.0799632146954536,19.36379051208496,159.06447219848633,139.70068168640137,141.89781188964844,0,0,0,0,0,Understand
2135,0.8842355608940125,0.907800555229187,0.8645471334457397,0.0178696326911449,0.0432534217834472,0.1111111111111111,0.0,0.0,0.0,0.8617133498191833,0.011786007322371,46.11066055297852,68.52043628692627,22.409775733947757,57.72797393798828,0,0,0,0,0,Understand
2136,0.8714759945869446,0.8997706174850464,0.825088381767273,0.0330643318593502,0.0746822357177734,0.3636363636363636,5.551115123125783e-17,0.0,0.0,0.8680092692375183,0.0115599343553185,35.837650299072266,24.192748546600345,11.644901752471924,13.436542510986328,0,0,0,0,1,Understand
2137,0.6544024348258972,0.6897488832473755,0.6258130669593811,0.026535402983427,0.0639358162879943,0.0472967220093656,0.018940261038694,0.0,0.0,0.8140385746955872,0.023724241182208,27.57073974609375,43.74484825134277,16.174108505249023,28.708763122558597,0,0,0,0,0,Remember
2138,0.8744660019874573,0.8900836110115051,0.866543173789978,0.0110436826944351,0.0235404372215271,0.0,0.0,0.0,0.0,0.8953995704650879,0.0250870455056428,20.88789367675781,109.61096572875977,88.72307205200195,145.9175033569336,0,0,0,0,1,Create
2139,0.9353995323181152,0.9461652040481568,0.9228309988975524,0.0096110822632908,0.0233342051506042,0.0952380952380952,0.0673435029701473,0.0,0.0,0.9294602274894714,0.0021704991813749,46.50615310668945,195.6787061691284,149.17255306243896,652.5005416870117,0,0,0,0,0,Remember
2140,0.8429074287414551,0.8540418744087219,0.8282078504562378,0.0108437882736325,0.0258340239524841,0.2601010101010101,0.1107086374584998,0.0,0.0,0.8388369679450989,0.0234286859631538,25.28323173522949,67.4764232635498,42.19319152832031,26.662681579589844,0,0,0,0,0,Understand
2141,0.8581358790397644,0.873894453048706,0.8446594476699829,0.0120437443256378,0.0292350053787231,0.2080808080808081,0.0991340941122044,0.0,0.0,0.8657835125923157,0.0363322123885154,19.73892974853516,74.7654161453247,55.02648639678955,64.08904266357422,0,0,0,0,1,Analyze
2142,0.8779251575469971,0.8946036696434021,0.8639252185821533,0.0126668345183134,0.0306784510612487,0.1903508771929824,0.0515831243087338,0.0,0.0,0.8855692744255066,0.0264121629297733,20.73095321655273,56.76619100570679,36.03523778915405,64.85735511779785,0,0,0,0,1,Remember
2143,0.8620531558990479,0.8700263500213623,0.8529493808746338,0.0070173270069062,0.0170769691467285,0.0555555555555555,0.0785674201318386,0.0,0.0,0.93589049577713,0.004446817561984,20.65742301940918,1002.6511840820312,981.993761062622,3201.091735839844,0,0,0,0,1,Remember
2144,0.8374795913696289,0.8892247676849365,0.7600321769714355,0.0557861253619194,0.1291925907135009,0.3186813186813187,0.0746659967422692,0.0,0.0,0.8085373044013977,0.0387726537883281,29.623971939086918,27.997620105743408,1.626351833343506,16.228260040283203,0,0,0,0,0,Understand
2145,0.8373699188232422,0.8924119472503662,0.7814703583717346,0.045295774936676,0.1109415888786315,0.0833333333333333,0.1178511301977579,0.0,0.0,0.7798674702644348,0.0212134681642055,37.34371566772461,45.89078903198242,8.547073364257812,26.55297088623047,0,0,0,0,0,Understand
2146,0.807525098323822,0.8141664266586304,0.8008900880813599,0.005420044530183,0.0132763385772705,0.0968253968253968,0.0777939730466212,0.0,0.0,0.8814201354980469,0.016825970262289,51.22456359863281,29.543321132659912,21.6812424659729,27.809232711791992,0,0,0,0,1,Understand
2147,0.8791933655738831,0.914938509464264,0.8550875186920166,0.0257829427719116,0.0598509907722473,0.25,0.0,0.0,0.0,0.8697783946990967,0.0225858315825462,35.14598083496094,71.06147193908691,35.91549110412598,45.76004409790039,0,0,0,0,0,Understand
2148,0.8654103875160217,0.8738138675689697,0.8608756065368652,0.005948350764811,0.0129382610321044,0.25,0.0,0.0,0.0,0.9004409909248352,0.0205905046314001,33.425052642822266,71.06147193908691,37.63641929626465,45.76004409790039,0,0,0,0,0,Understand
2149,0.799494206905365,0.8139661550521851,0.7821189165115356,0.0131626622751355,0.0318472385406494,0.1153846153846153,0.1631784879661263,0.0,0.0,0.8075785636901855,0.0251827873289585,49.24415969848633,24.795788764953613,24.448370933532715,9.692998886108398,0,0,0,0,0,Understand
2150,0.8367597460746765,0.8625527024269104,0.8042831420898438,0.0242533776909112,0.0582695603370666,0.3095238095238095,0.0841793787126842,0.0,0.0,0.8714777827262878,0.0350171253085136,28.71465301513672,55.903913497924805,27.18926048278809,29.60946655273437,0,0,0,0,1,Understand
2151,0.7912764549255371,0.8094973564147949,0.7779721617698669,0.0133313909173011,0.0315251946449279,0.0,0.0,0.0,0.0,0.8001952171325684,0.0224343910813331,48.53123474121094,43.51038026809693,5.020854473114014,27.50206184387207,0,0,0,0,0,Understand
2152,0.7472314238548279,0.756415843963623,0.7317975759506226,0.0109789464622735,0.0246182680130004,0.0077519379844961,0.0109628958323495,0.0,0.0,0.8359028697013855,0.0077712554484605,44.49703598022461,26.56607389450073,17.930962085723877,14.85392951965332,0,0,0,0,0,Understand
2153,0.7804679870605469,0.8219748735427856,0.7392132878303528,0.0337877459824085,0.0827615857124328,0.0128205128205128,0.0181309431073473,0.0,0.0,0.7753803730010986,0.0202115997672081,60.08257293701172,76.59577322006226,16.513200283050537,152.44979286193848,0,0,0,0,0,Remember
2154,0.7905516624450684,0.8515525460243225,0.7476224899291992,0.0443117879331111,0.1039300560951232,0.0,0.0,0.0,0.0,0.7890704274177551,0.0406379327178001,37.9711799621582,36.11190319061279,1.8592767715454104,51.651885986328125,0,0,0,0,0,Understand
2155,0.9374775886535645,0.9492310881614684,0.9142299890518188,0.0164388641715049,0.0350010991096496,0.1636363636363636,0.1712054168706125,0.0,0.0,0.9364416003227234,0.0343591831624507,18.790658950805664,99.97942399978638,81.18876504898071,202.86939430236816,0,0,0,0,1,Remember
2156,0.7471006512641907,0.7803064584732056,0.7301054000854492,0.0234822500497102,0.0502010583877563,0.0738095238095238,0.0070093340208951,0.0,0.0,0.8029544949531555,0.0171492043882608,45.756256103515625,71.42032146453857,25.66406536102295,101.96730041503906,0,0,0,0,0,Create
2157,0.8404828906059265,0.8951621651649475,0.8079898953437805,0.0388923548161983,0.0871722698211669,0.0,0.0,0.0,0.0,0.8038920760154724,0.0218967143446207,29.990562438964844,51.02456665039063,21.03400421142578,7.586761474609375,0,0,0,0,0,Remember
2158,0.8135927319526672,0.8644475340843201,0.7690744400024414,0.0391928553581237,0.0953730940818786,0.0729564553093964,0.033741009267346,0.0,0.0,0.8060821890830994,0.0121254175901412,28.78946304321289,22.72592163085937,6.063541412353516,16.26275062561035,0,0,0,0,0,Understand
2159,0.790973961353302,0.821684718132019,0.7492765188217163,0.0305643137544393,0.0724081993103027,0.07008547008547,0.0546474097885325,0.0,0.0,0.8386327624320984,0.0381591990590095,50.1356086730957,63.002312660217285,12.866703987121582,91.49803161621094,0,0,0,0,0,Understand
2160,0.8003684878349304,0.8509371280670166,0.7457011938095093,0.0430600382387638,0.1052359342575073,0.0185185185185185,0.0261891400439462,0.0,0.0,0.7716798782348633,0.0058146710507571,36.88405990600586,52.689430713653564,15.805370807647703,52.95110893249512,0,0,0,0,0,Understand
2161,0.8098330497741699,0.8708521723747253,0.7616480588912964,0.0454966835677623,0.1092041134834289,0.1608751608751608,0.1230999519300522,0.0,0.0,0.7903997302055359,0.0081484019756317,38.71507263183594,25.72893619537353,12.986136436462402,24.21788787841797,0,0,0,0,0,Understand
2162,0.8476958274841309,0.8864620923995972,0.8083306550979614,0.0318998359143734,0.0781314373016357,0.1626984126984127,0.0647202636123019,0.0,0.0,0.8576548099517822,0.0134759321808815,30.264013290405277,51.92907905578613,21.66506576538086,42.75947189331055,0,0,0,0,0,Remember
2163,0.8334956765174866,0.8785701990127563,0.7948888540267944,0.0344675183296203,0.0836813449859619,0.0,0.0,0.0,0.0,0.7988765835762024,0.0313112363219261,33.557586669921875,215.0508337020874,181.49324703216556,594.3728294372559,0,0,0,0,0,Analyze
2164,0.7877742648124695,0.8223142623901367,0.7437230944633484,0.0327819846570491,0.0785911679267883,0.0,0.0,0.0,0.0,0.8022958636283875,0.0233580730855464,30.263681411743164,51.22773027420044,20.964048862457275,38.29195594787598,0,0,0,0,1,Understand
2165,0.7985792756080627,0.8129901885986328,0.7800215482711792,0.0137751009315252,0.0329686403274536,0.1072124756335282,0.0027567515835732,0.0,0.0,0.8141172528266907,0.0221425537019968,62.1300048828125,59.2189564704895,2.911048412322998,94.35486793518066,0,0,0,0,1,Understand
2166,0.8165494799613953,0.8556046485900879,0.7834128141403198,0.0297678392380476,0.072191834449768,0.1602981029810297,0.0989547757790081,0.0,0.0,0.8399079442024231,0.0287858415395021,45.19225311279297,24.196563720703125,20.995689392089844,16.254636764526367,0,0,0,0,0,Understand
2167,0.907564103603363,0.942115068435669,0.8757207989692688,0.0271728839725255,0.0663942694664001,0.25,0.0,0.0,0.0,0.890387237071991,0.022520950064063,57.39240646362305,111.83633613586426,54.44392967224121,174.13327026367188,0,0,0,0,0,Understand
2168,0.9534267783164978,0.9534267783164978,0.9534267783164978,0.0,0.0,0.0,0.0,0.0,0.0,0.0,0.0,35.08155059814453,1902.5765075683596,1867.4949569702148,3230.844055175781,0,0,0,0,1,Apply
2169,0.8923001885414124,0.9287101030349731,0.855404257774353,0.0299289599061012,0.0733058452606201,0.0952380952380952,0.1346870059402947,0.0,0.0,0.8663684725761414,0.019235661253333,79.4152603149414,88.0267686843872,8.6115083694458,140.2635154724121,0,0,0,0,1,Understand
2170,0.9400074481964112,0.9400074481964112,0.9400074481964112,0.0,0.0,0.0,0.0,0.0,0.0,0.0,0.0,37.6667594909668,1902.5765075683596,1864.9097480773928,3230.844055175781,0,0,0,0,1,Apply
2171,0.8638923764228821,0.8864927291870117,0.845015287399292,0.0171365328133106,0.0414774417877197,0.0,0.0,0.0,0.0,0.8710644841194153,0.0237393956631422,36.55672073364258,57.26016664505005,20.70344591140747,79.13433647155762,0,0,0,0,0,Understand
2172,0.8667252659797668,0.8943766355514526,0.818965494632721,0.0339113511145114,0.0754111409187316,0.0,0.0,0.0,0.0,0.8538360595703125,0.0653222873806953,46.26955032348633,599.4774627685547,553.2079124450684,1398.0406799316406,0,0,0,0,0,Create
2173,0.907564103603363,0.942115068435669,0.8757207989692688,0.0271728839725255,0.0663942694664001,0.25,0.0,0.0,0.0,0.890387237071991,0.022520950064063,57.39240646362305,111.83633613586426,54.44392967224121,174.13327026367188,0,0,0,0,0,Understand
2174,0.94287371635437,0.9498738050460817,0.9294248819351196,0.0095124254003167,0.0204489231109619,0.0,0.0,0.0,0.0,0.9329848289489746,0.0126758087426424,148.52481079101562,1153.5502014160156,1005.025390625,1216.6272583007812,0,0,1,0,0,Understand
2175,0.8828049302101135,0.8909508585929871,0.8786320686340332,0.0057606329210102,0.0123187899589538,0.0,0.0,0.0,0.0,0.905862271785736,0.009861814789474,95.59505462646484,161.02743911743164,65.4323844909668,398.4384307861328,0,0,0,0,0,Remember
2176,0.9009131789207458,0.9239975214004515,0.8859335780143738,0.0165626592934131,0.0380639433860778,0.3247446229190651,0.2595356610329214,0.0,0.0,0.8826664090156555,0.0112864878028631,47.31705856323242,33.84711265563965,13.469945907592772,5.91478157043457,0,0,0,0,0,Remember
2177,0.8789889216423035,0.903253138065338,0.8505927920341492,0.0216961149126291,0.0526603460311889,0.0,0.0,0.0,0.0,0.8928393721580505,0.0282128732651472,27.604310989379883,213.67270755767825,186.06839656829837,594.3728294372559,0,0,0,0,0,Analyze
2178,0.8424680233001709,0.8681453466415405,0.823600709438324,0.0188120156526565,0.0445446372032165,0.1068376068376068,0.0757266886609801,0.0,0.0,0.8657291531562805,0.0098753944039344,37.46623992919922,50.43445491790772,12.968214988708496,41.46505737304688,0,0,0,0,1,Understand
2179,0.8022103309631348,0.8181337118148804,0.7857712507247925,0.0132169518619775,0.0323624610900878,0.0863697705802968,0.0642125627712298,0.0,0.0,0.8126375079154968,0.0268985498696565,62.1300048828125,55.72172784805298,6.4082770347595215,80.36595344543457,0,0,0,0,1,Understand
2180,0.8034670352935791,0.83695387840271,0.7701780796051025,0.0272614639252424,0.0667757987976074,0.0906298003072196,0.0643330002807125,0.0,0.0,0.8125150799751282,0.0325989499688148,13.347773551940918,59.73101854324341,46.38324499130249,155.2407112121582,0,0,0,0,0,Understand
2181,0.7681593894958496,0.7838333249092102,0.7430546879768372,0.0179337449371814,0.040778636932373,0.0,0.0,0.0,0.0,0.7958841919898987,0.0284119807183742,36.71908950805664,52.689430713653564,15.970341205596924,52.95110893249512,0,0,0,0,0,Remember
2182,0.769480288028717,0.8107894062995911,0.7117941975593567,0.0420409925282001,0.0989952087402343,0.25,0.1433720877840437,0.0,0.0,0.7714817523956299,0.0568454377353191,45.756256103515625,71.38350677490234,25.62725067138672,102.55165481567384,0,0,0,0,0,Create
2184,0.9061697721481324,0.9170714616775512,0.8952681422233582,0.0109016597270965,0.0218033194541931,0.15375,0.03375,0.0,0.0,0.8958456516265869,0.0,18.855443954467773,34.68673515319824,15.831291198730469,17.385690689086914,0,0,0,0,1,Understand
2185,0.7691424489021301,0.8497858047485352,0.6526681184768677,0.0843672007322311,0.1971176862716674,0.0815850815850815,0.0631525276650073,0.0,0.0,0.7161262631416321,0.0717491433024406,46.53813934326172,37.55677127838135,8.981368064880371,24.35391998291016,0,0,0,0,0,Understand
2186,0.8136282563209534,0.8484194278717041,0.7788370847702026,0.0347911715507507,0.0695823431015014,0.0333704115684093,0.0011123470522803,0.0,0.0,0.8460577130317688,0.0,26.68466567993164,66.32878112792969,39.64411544799805,140.77057647705078,0,0,0,0,0,Understand
2187,0.865553081035614,0.8920243978500366,0.8344371318817139,0.0237381923943758,0.0575872659683227,0.080042735042735,0.0565534636504109,0.0,0.0,0.8377053141593933,0.0120764449238777,26.423603057861328,43.53999900817871,17.116395950317383,22.244197845458984,0,0,0,0,0,Understand
2188,0.7509018778800964,0.765256404876709,0.7422699332237244,0.0102194398641586,0.0229864716529846,0.1593273875882571,0.1049202681775291,0.0,0.0,0.8388524055480957,0.0133425742387771,55.41316604614258,40.70491409301758,14.708251953125,52.32391357421875,0,0,0,0,1,Understand
2190,0.9432005882263184,0.9432005882263184,0.9432005882263184,0.0,0.0,0.0,0.0,0.0,0.0,0.0,0.0,20.727922439575195,1902.5765075683596,1881.848585128784,3230.844055175781,0,0,0,0,1,Apply
2191,0.7931339144706726,0.8313983678817749,0.7715907096862793,0.0271285716444253,0.0598076581954956,0.106516290726817,0.0874862640386318,0.0,0.0,0.7815113663673401,0.0236122887581586,57.203067779541016,73.67487812042236,16.471810340881348,110.59318161010742,0,0,0,0,1,Understand
2192,0.8281497955322266,0.8497012853622437,0.803411602973938,0.0190315451472997,0.0462896823883056,0.0712522045855379,0.0814028037350588,0.0,0.0,0.8308579325675964,0.0370905697345733,52.23141860961914,59.72942304611206,7.49800443649292,142.30742835998535,0,0,0,0,0,Remember
2193,0.8753750920295715,0.8897322416305542,0.8479142189025879,0.0194245520979166,0.0418180227279663,0.222188995215311,0.0949893706121475,0.0,0.0,0.8829523921012878,0.0114972572773695,65.52040100097656,36.96677541732788,28.55362558364868,14.50450325012207,0,0,0,0,1,Understand
2194,0.8336799740791321,0.8845982551574707,0.7825292944908142,0.0416698008775711,0.1020689606666565,0.0,0.0,0.0,0.0,0.7853999733924866,0.0379643775522708,37.585975646972656,303.0036344528198,265.4176588058472,983.560890197754,0,0,0,0,0,Remember
2195,0.7866706848144531,0.833057165145874,0.7092410326004028,0.0551081486046314,0.1238161325454711,0.1842105263157894,0.2243282781148144,0.0,0.0,0.7664594650268555,0.0222103502601385,44.6137809753418,50.92940139770508,6.315620422363281,34.3712272644043,0,0,0,0,0,Understand
2196,0.8392251133918762,0.8559759855270386,0.829085648059845,0.0119319064542651,0.0268903374671936,0.4212454212454212,0.2178640522595296,0.0,0.0,0.801209032535553,0.0115831401199102,49.13328552246094,23.548216342926025,25.585069179534912,5.526422500610352,0,0,0,0,0,Remember
2197,0.7277572751045227,0.7729706764221191,0.6476266980171204,0.0568165779113769,0.1253439784049987,0.0166666666666666,0.0235702260395515,0.0,0.0,0.6920917630195618,0.0543287619948387,49.617454528808594,32.925270080566406,16.692184448242188,11.572395324707031,0,0,0,0,1,Understand
2198,0.8020774722099304,0.8403606414794922,0.7452388405799866,0.0409899838268756,0.0951218008995056,0.0303030303030303,0.0428549564355483,0.0,0.0,0.7822725176811218,0.0321041382849216,62.034122467041016,159.5168595314026,97.48273706436156,362.8915538787842,0,0,0,0,1,Understand
2199,0.8469107151031494,0.8818327784538269,0.8077899217605591,0.0303733237087726,0.0740428566932678,0.1867521367521367,0.1508117175634259,0.0,0.0,0.8694500923156738,0.0056760921142995,65.38542175292969,238.85222053527832,173.46679878234863,451.0362854003906,0,0,0,0,0,Understand
2200,0.783541202545166,0.8140170574188232,0.7459336519241333,0.0282487068325281,0.0680834054946899,0.2666666666666666,0.1162691640914241,0.0,0.0,0.7691200375556946,0.0150781460106372,96.6991195678711,88.17268371582031,8.526435852050781,105.3061294555664,0,0,0,0,0,Understand
2201,0.8961140513420105,0.9038388133049012,0.8852905035018921,0.0078829694539308,0.018548309803009,0.2,2.775557561562892e-17,0.0,0.0,0.8998767733573914,0.0344892032444477,24.510082244873047,153.1273651123047,128.61728286743164,46.466644287109375,0,0,0,0,0,Understand
2202,0.8159708380699158,0.8354696035385132,0.7969145774841309,0.0157431345432996,0.0385550260543823,0.0798835032244643,0.026400960373268,0.0,0.0,0.8585379719734192,0.026998171582818,74.43228912353516,37.01034736633301,37.42194175720215,15.511775970458984,0,0,0,0,1,Understand
2203,0.763444721698761,0.7790742516517639,0.7495044469833374,0.0121307773515582,0.0295698046684265,0.0,0.0,0.0,0.0,0.8038190007209778,0.0136281559243798,39.740814208984375,1723.3805751800537,1683.639760971069,6132.909349441528,0,0,0,0,0,Understand
2204,0.806390106678009,0.8430846929550171,0.769289493560791,0.0301281325519084,0.073795199394226,0.1427244582043343,0.0484814300550696,0.0,0.0,0.8156598210334778,0.0216127410531044,62.034122467041016,74.04700946807861,12.012887001037598,57.666873931884766,0,0,0,0,1,Understand
2205,0.7940836548805237,0.8092846870422363,0.7741724252700806,0.0147163793444633,0.0351122617721557,0.2742424242424242,0.0204405114594424,0.0,0.0,0.7994556427001953,0.0516346059739589,96.6991195678711,89.75043487548828,6.9486846923828125,99.26922225952148,0,0,0,0,0,Understand
2206,0.8703415393829346,0.8857929706573486,0.8591985702514648,0.0112764555960893,0.0265944004058837,0.0,0.0,0.0,0.0,0.8678288459777832,0.0176714360713958,42.69312286376953,715.0858497619629,672.3927268981934,1442.0713500976562,0,0,0,0,0,Understand
2207,0.8962048888206482,0.9059629440307616,0.8788058757781982,0.0123332822695374,0.0271570682525634,0.0,0.0,0.0,0.0,0.9344885349273682,0.0038350487593561,15.19852352142334,217.133095741272,201.93457221984863,615.8883323669434,0,0,0,0,1,Create
2208,0.877349853515625,0.8837882280349731,0.8665050864219666,0.0077131362631917,0.0172831416130065,0.2436868686868686,0.0874955360559111,0.0,0.0,0.8739117980003357,0.0094382381066679,30.74148941040039,94.07959079742432,63.338101387023926,117.3687629699707,0,0,0,0,0,Understand
2209,0.7991229891777039,0.8441250324249268,0.7455146312713623,0.0407149009406566,0.0986104011535644,0.2853535353535353,0.0351726976696568,0.0,0.0,0.778450071811676,0.0161509830504655,64.760986328125,58.30382823944092,6.457158088684082,70.46035766601562,0,0,0,0,0,Create
2210,0.7642118334770203,0.7883585691452026,0.744517982006073,0.0181727074086666,0.0438405871391296,0.2023809523809523,0.0445435403187374,0.0,0.0,0.8207501769065857,0.0548213832080364,97.27938842773438,59.56519985198975,37.71418857574463,90.64673614501952,0,0,0,0,0,Understand
2211,0.9298052191734314,0.9336606860160828,0.9274775981903076,0.002745731268078,0.0061830878257751,0.0,0.0,0.0,0.0,0.9560087323188782,0.0093580037355422,41.85439682006836,305.5885229110718,263.7341260910034,507.7487525939941,0,0,0,0,0,Create
2212,0.844707727432251,0.8748366236686707,0.8152190446853638,0.0243429820984601,0.0596175789833068,0.1445279866332497,0.1335212232180922,0.0,0.0,0.8775175213813782,0.0330346599221229,70.08312225341797,33.35136365890503,36.73175859451294,18.640134811401367,0,0,0,0,0,Create
2213,0.7167956233024597,0.7480549812316895,0.6829289197921753,0.0266514495015144,0.0651260614395141,0.036036036036036,0.0509626508963277,0.0,0.0,0.7679263949394226,0.0242929942905902,87.09259796142578,52.02496266365051,35.06763529777527,110.51671314239502,0,0,0,0,0,Remember
2214,0.79347163438797,0.8292073011398315,0.7328264713287354,0.0431097447872161,0.0963808298110961,0.032258064516129,0.0456197923346159,0.0,0.0,0.7915663123130798,0.0940976589918136,42.01603698730469,76.558828830719,34.54279184341431,175.9322052001953,0,0,0,0,0,Understand
2215,0.747904360294342,0.7901784181594849,0.7194029688835144,0.0304910186678171,0.0707754492759704,0.0246913580246913,0.0349188533919282,0.0,0.0,0.7368175387382507,0.0402052700519561,87.09259796142578,52.02496266365051,35.06763529777527,110.51671314239502,0,0,0,0,0,Remember
2216,0.8236019015312195,0.924601912498474,0.7278227806091309,0.0804195255041122,0.1967791318893432,0.1481481481481481,0.2095131203515696,0.0,0.0,0.7614359855651855,0.0481148026883602,42.01603698730469,76.558828830719,34.54279184341431,175.9322052001953,0,0,0,0,0,Understand
2217,0.7040781378746033,0.7330285310745239,0.6597952842712402,0.0318024046719074,0.0732332468032836,0.1286549707602339,0.146315742727448,0.0,0.0,0.7148635387420654,0.045819591730833,42.07992935180664,43.500587463378906,1.4206581115722656,39.998077392578125,0,0,0,0,0,Analyze
2218,0.8295550346374512,0.8504970073699951,0.8038829565048218,0.0193217881023883,0.0466140508651733,0.36,0.2550816862627865,0.0,0.0,0.8294708728790283,0.0243916809558868,50.32726287841797,38.048505783081055,12.278757095336914,24.358814239501957,0,0,0,0,0,Analyze
2219,0.7878815531730652,0.8257060050964355,0.7371189594268799,0.0373047105967998,0.0885870456695556,0.2222222222222222,0.1571348402636772,0.0,0.0,0.7581796646118164,0.036756906658411,26.866161346435547,48.18086242675781,21.314701080322266,29.71731948852539,0,0,0,0,0,Create
2220,0.9636895656585692,0.9737729430198668,0.9548312425613404,0.0077812811359763,0.0189417004585266,0.0,0.0,0.0,0.0,0.9590802192687988,0.0086472416296601,14.876614570617676,217.133095741272,202.2564811706543,615.8883323669434,0,0,0,0,1,Apply
2221,0.933437168598175,0.9375436305999756,0.9293022751808168,0.0033645792864263,0.0082413554191589,0.3333333333333333,0.0428549564355483,0.0,0.0,0.9543418884277344,0.0024120642337948,14.876614570617676,48.65699815750122,33.780383586883545,45.7673454284668,0,0,0,0,1,Apply
2222,0.9480395317077636,0.9535284638404846,0.9405338168144226,0.0054933615028858,0.012994647026062,0.0,0.0,0.0,0.0,0.9648828506469728,0.0073247421532869,14.876614570617676,220.54239654541016,205.66578197479248,405.8157539367676,0,0,0,0,1,Apply
2223,0.920640230178833,0.930591344833374,0.9066580533981324,0.0101780062541365,0.0239332914352417,0.1992063492063492,0.0488079106714977,0.0,0.0,0.9484977722167968,0.0192236211150884,14.876614570617676,45.6461353302002,30.76952075958252,40.61925506591797,0,0,0,0,1,Apply
2224,0.93613463640213,0.9413100481033324,0.9304307699203492,0.0044571477919816,0.0108792781829833,0.0,0.0,0.0,0.0,0.9622041583061218,0.0043410100042819,14.876614570617676,520.3483953475952,505.4717807769776,1366.788242340088,0,0,0,0,1,Apply
2225,0.877349853515625,0.8837882280349731,0.8665050864219666,0.0077131362631917,0.0172831416130065,0.2436868686868686,0.0874955360559111,0.0,0.0,0.8739117980003357,0.0094382381066679,30.74148941040039,94.07959079742432,63.338101387023926,117.3687629699707,0,0,0,0,0,Understand
2226,0.7991229891777039,0.8441250324249268,0.7455146312713623,0.0407149009406566,0.0986104011535644,0.2853535353535353,0.0351726976696568,0.0,0.0,0.778450071811676,0.0161509830504655,64.760986328125,58.30382823944092,6.457158088684082,70.46035766601562,0,0,0,0,0,Create
2227,0.7863326072692871,0.8117071390151978,0.7637631893157959,0.0196732766926288,0.0479439496994018,0.010752688172043,0.0152065974448719,0.0,0.0,0.8166823387145996,0.0255973078310489,19.335880279541016,30.984705924987797,11.648825645446776,12.473295211791992,0,0,0,0,1,Analyze
2228,0.8063876628875732,0.8208218812942505,0.7909901738166809,0.0121977748349308,0.0298317074775695,0.0,0.0,0.0,0.0,0.8316292762756348,0.0194609835743904,85.82145690917969,33.02385902404785,52.79759788513184,25.42468643188477,0,0,0,0,1,Understand
2229,0.8285701870918274,0.8409635424613953,0.814378559589386,0.0109275113791227,0.0265849828720092,0.0344827586206896,0.048765984909417,0.0,0.0,0.8393093943595886,0.020553795620799,36.24960708618164,30.962867736816406,5.286739349365234,22.974063873291016,0,0,0,0,1,Remember
2230,0.8726707100868225,0.8850001692771912,0.8538526296615601,0.0135183669626712,0.0311475396156311,0.0,0.0,0.0,0.0,0.9234058260917664,0.003601394360885,14.95781707763672,217.133095741272,202.17527866363525,615.8883323669434,0,0,0,0,1,Create
2231,0.842271625995636,0.8565788865089417,0.8326715230941772,0.0103120617568492,0.0239073634147644,0.0841607060246966,0.0456577297632747,0.0,0.0,0.8371272087097168,0.0084422808140516,42.003177642822266,25.22858428955078,16.774593353271484,22.32033920288086,0,0,0,0,0,Create
2232,0.8817130923271179,0.8967360854148865,0.8701014518737793,0.0111379148438572,0.0266346335411071,0.0,0.0,0.0,0.0,0.8309252858161926,0.0217572133988142,18.4617919921875,123.3837947845459,104.9220027923584,243.5270767211914,0,0,0,0,0,Analyze
2233,0.8739332556724548,0.8898210525512695,0.8463059067726135,0.0196087285876274,0.043515145778656,0.0,0.0,0.0,0.0,0.8892990946769714,0.0071146646514534,29.41986083984375,564.4776000976562,535.0577392578125,887.4492797851562,0,0,0,0,0,Understand
2234,0.7785744667053223,0.8255831003189087,0.7458487749099731,0.0340821556746959,0.0797343254089355,0.0,0.0,0.0,0.0,0.754879891872406,0.018317624926567,32.75675582885742,47.36493968963623,14.608183860778809,34.38520812988281,0,0,0,0,0,Understand
2235,0.8898065090179443,0.9430776834487916,0.8243939876556396,0.0492071397602558,0.1186836957931518,0.0,0.0,0.0,0.0,0.8621344566345215,0.0295811556279659,26.748764038085938,106.22940349578856,79.48063945770264,135.1437873840332,0,0,0,0,0,Analyze
2236,0.8681058883666992,0.8725203275680542,0.8633052706718445,0.0037719265092164,0.0092150568962097,0.0303030303030303,0.0428549564355483,0.0,0.0,0.8745815753936768,0.009977838024497,53.10961532592773,54.17997074127197,1.0703554153442385,109.80197715759276,0,0,0,0,1,Remember
2237,0.8659658432006836,0.8838487863540649,0.8431907892227173,0.0169551856815814,0.0406579971313476,0.2450980392156863,0.1802429050083356,0.0,0.0,0.8386572003364563,0.0172103829681873,25.18211555480957,38.1330828666687,12.95096731185913,38.72474670410156,0,0,0,0,0,Understand
2238,0.8801476359367371,0.9058132767677308,0.856657087802887,0.0201267786324024,0.0491561889648437,0.3419242256451558,0.0490631278697063,0.0,0.0,0.8890994191169739,0.0120738707482814,21.67392921447754,19.571928024291992,2.102001190185547,5.385824203491211,0,0,0,0,0,Understand
2239,0.8245434761047363,0.8788296580314636,0.7416433095932007,0.0595488511025905,0.1371863484382629,0.1120330969267139,0.0733928985477708,0.0,0.0,0.7842786908149719,0.034158818423748,23.444175720214844,21.51543664932251,1.928739070892334,7.911890029907227,0,0,0,0,0,Understand
2240,0.8834624290466309,0.923065423965454,0.862144947052002,0.028030889108777,0.0609204769134521,0.1739417989417989,0.0792382142997567,0.0,0.0,0.9263576865196228,0.0146618038415908,27.13903045654297,300.3307127952576,273.1916823387146,967.4475650787354,0,0,0,0,0,Remember
2241,0.9782649874687196,0.9839654564857484,0.967648148536682,0.007514021359384,0.0163173079490661,0.125,0.1767766952966369,0.0,0.0,0.9710280299186708,0.007419335655868,11.71617031097412,70.23317527770996,58.51700496673584,49.01372146606445,0,0,0,0,1,Create
2242,0.9442903995513916,0.9553318619728088,0.9369359016418456,0.0079497545957565,0.0183959603309631,0.0666666666666666,0.0942809041582063,0.0,0.0,0.952558696269989,0.0064871180802583,46.16657638549805,596.6728405952454,550.5062642097473,2154.0161876678467,0,0,0,0,0,Understand
2243,0.8276228904724121,0.8611351847648621,0.8024057745933533,0.0246832463890314,0.0587294101715087,0.0,0.0,0.0,0.0,0.8326857089996338,0.0244597494602203,33.72258377075195,103.07965469360352,69.35707092285156,240.83391952514648,0,0,0,0,0,Understand
2244,0.8719934821128845,0.9110465049743652,0.8058469295501709,0.0470268055796623,0.1051995754241943,0.1203703703703703,0.1022718612702524,0.0,0.0,0.843379020690918,0.0628878399729728,31.859281539916992,63.57904148101807,31.719759941101078,48.14594268798828,0,0,0,0,0,Create
2245,0.7518742680549622,0.784902036190033,0.694015383720398,0.0410490296781063,0.090886652469635,0.0804843304843304,0.1005308512747157,0.0,0.0,0.758685290813446,0.0352150462567806,36.76124954223633,41.0103931427002,4.249143600463867,11.840499877929688,0,0,0,0,0,Understand
2246,0.8151586055755615,0.8319810628890991,0.7920299768447876,0.0169085413217544,0.0399510860443115,0.0430555555555555,0.0304923588890279,0.0,0.0,0.8086857795715332,0.0353213287889957,37.77719879150391,40.19555902481079,2.4183602333068848,40.21043586730957,0,0,0,0,1,Understand
2247,0.8707473874092102,0.8767023086547852,0.863388180732727,0.0055254264734685,0.0133141279220581,0.0609977862112586,0.0228772819359523,0.0,0.0,0.8653993010520935,0.0104523971676826,35.84727478027344,46.95260906219482,11.105334281921388,23.44281768798828,0,0,0,0,0,Remember
2248,0.95451158285141,0.9612510800361632,0.9480978846549988,0.0053747091442346,0.0131531953811645,0.0,0.0,0.0,0.0,0.9603398442268372,0.0046334848739206,32.24905014038086,379.9487838745117,347.69973373413086,197.68423461914065,0,0,1,0,0,Understand
2249,0.8187249302864075,0.8369526863098145,0.8023694753646851,0.0141804665327072,0.0345832109451293,0.0416666666666666,0.0589255650988789,0.0,0.0,0.8140850067138672,0.0341829173266887,47.914852142333984,385.1522998809815,337.23744773864746,1320.668231964111,0,0,0,0,0,Understand
2250,0.8314898610115051,0.8656395673751831,0.7742283344268799,0.0407400280237197,0.0914112329483032,0.0999999999999999,0.1414213562373095,0.0,0.0,0.8160812258720398,0.032035544514656,32.44623565673828,98.30400466918944,65.85776901245117,68.2600326538086,0,0,0,0,0,Understand
2251,0.8675701022148132,0.8924394845962524,0.8535535335540771,0.0176326911896467,0.0388859510421752,0.0,0.0,0.0,0.0,0.8832109570503235,0.0075416690669953,49.17366027832031,132.78668880462646,83.61302852630615,180.76967239379883,0,0,0,0,1,Understand
2252,0.9350881576538086,0.954127073287964,0.9122108221054076,0.0173261538147926,0.0419162511825561,0.0555555555555555,0.0785674201318386,0.0,0.0,0.9359288811683656,0.0077568069100379,32.239646911621094,277.655677318573,245.4160304069519,791.8709888458252,0,0,0,0,0,Remember
2253,0.8720065951347351,0.9211158752441406,0.8259090781211853,0.0389263108372688,0.0952067971229553,0.0666666666666666,0.0942809041582063,0.0,0.0,0.8469187617301941,0.033173818141222,33.25157165527344,152.26865100860596,119.01707935333252,252.45299911499023,0,0,0,0,0,Create
2254,0.8373608589172363,0.8782236576080322,0.7997477054595947,0.0321199744939804,0.0784759521484375,0.0,0.0,0.0,0.0,0.8488397002220154,0.0254710204899311,17.935110092163086,122.26181030273438,104.32670021057127,125.1910171508789,0,0,0,0,0,Analyze
2255,0.8506135940551758,0.8672842979431152,0.8280584812164307,0.0165456254035234,0.0392258167266845,0.1717171717171717,0.1142798838281288,0.0,0.0,0.8969478607177734,0.0085939979180693,29.036596298217773,49.87017631530762,20.833580017089844,34.722713470458984,0,0,0,0,0,Remember
2256,0.949046790599823,0.9562216997146606,0.9368509650230408,0.0086684692651033,0.0193707346916198,0.0,0.0,0.0,0.0,0.9442307353019714,0.0153360534459352,42.15764999389648,556.3239364624023,514.1662864685059,472.2595520019531,0,0,1,0,0,Understand
2257,0.8067837357521057,0.8474504947662354,0.7436586618423462,0.0452509224414825,0.1037918329238891,0.1041666666666666,0.1062295731998496,0.0,0.0,0.7799666523933411,0.0427610538899898,37.46623992919922,37.57418918609619,0.1079492568969726,19.69852066040039,0,0,0,0,1,Understand
2258,0.7659835815429688,0.7811394929885864,0.7563642263412476,0.010845691896975,0.0247752666473388,0.2041245791245791,0.0167612018112288,0.0,0.0,0.8247146010398865,0.0399911925196647,39.20854568481445,52.99495506286621,13.786409378051758,38.43555068969727,0,0,0,0,0,Evaluate
2259,0.7869889140129089,0.7996247410774231,0.77805495262146,0.0091866655275225,0.0215697884559631,0.0166666666666666,0.0235702260395515,0.0,0.0,0.7884982228279114,0.0165778715163469,27.61434936523437,29.413201808929443,1.7988524436950684,19.8447322845459,0,0,0,0,0,Understand
2260,0.8730595111846924,0.8871197700500488,0.856657087802887,0.01254612673074,0.0304626822471618,0.2338217338217338,0.1041686513338105,0.0,0.0,0.8961876034736633,0.0128869106993079,21.67392921447754,19.571928024291992,2.102001190185547,5.385824203491211,0,0,0,0,0,Understand
2261,0.8606142997741699,0.8774139881134033,0.8495969772338867,0.0120698707178235,0.0278170108795166,0.0921296296296296,0.0765808474768616,0.0,0.0,0.8362217545509338,0.0175703763961792,35.78851318359375,55.6495041847229,19.86099100112915,80.48447227478027,0,0,0,0,0,Remember
2262,0.8606142997741699,0.8774139881134033,0.8495969772338867,0.0120698707178235,0.0278170108795166,0.0921296296296296,0.0765808474768616,0.0,0.0,0.8362217545509338,0.0175703763961792,35.78851318359375,55.6495041847229,19.86099100112915,80.48447227478027,0,0,0,0,0,Remember
2263,0.7985054850578308,0.8144936561584473,0.7825173139572144,0.0159881711006164,0.0319763422012329,0.0,0.0,0.0,0.0,0.8757573366165161,0.0,24.54594612121582,65.69320678710938,41.14726066589356,140.68548774719238,0,0,0,0,0,Understand
2264,0.8141622543334961,0.853157639503479,0.7568937540054321,0.0413691997528076,0.0962638854980468,0.0651649186806505,0.0361445811337143,0.0,0.0,0.7946599125862122,0.0601825304329395,23.444175720214844,21.51543664932251,1.928739070892334,7.911890029907227,0,0,0,0,0,Understand
2265,0.8834624290466309,0.923065423965454,0.862144947052002,0.028030889108777,0.0609204769134521,0.1739417989417989,0.0792382142997567,0.0,0.0,0.9263576865196228,0.0146618038415908,27.13903045654297,300.3307127952576,273.1916823387146,967.4475650787354,0,0,0,0,0,Remember
2266,0.9566822052001952,0.9566822052001952,0.9566822052001952,0.0,0.0,0.0,0.0,0.0,0.0,0.0,0.0,21.429134368896484,1902.5765075683596,1881.147373199463,3230.844055175781,0,0,0,0,1,Apply
2267,0.822399914264679,0.8403921127319336,0.8011519908905029,0.0161842964589595,0.0392401218414306,0.0447957839262187,0.0371251720780115,0.0,0.0,0.8493011593818665,0.0355428010225296,12.704771995544434,57.95673131942749,45.25195932388306,51.2850284576416,0,0,0,0,1,Remember
2268,0.8670671582221985,0.8963011503219604,0.8222717046737671,0.0321632586419582,0.0740294456481933,0.0953721613296081,0.0455309254622818,0.0,0.0,0.8894609808921814,0.0102632567286491,12.721909523010254,20.168498039245605,7.446588516235352,12.440771102905272,0,0,0,0,1,Evaluate
2269,0.9345085620880128,0.94675475358963,0.9217605590820312,0.0102100046351552,0.0249941945075988,0.0,0.0,0.0,0.0,0.9178459644317628,0.0151547864079475,12.46401596069336,534.0579376220703,521.593921661377,959.2168579101562,0,0,0,0,1,Create
2270,0.8564910292625427,0.8657904863357544,0.849885106086731,0.0067669190466403,0.0159053802490234,0.0,0.0,0.0,0.0,0.8668198585510254,0.0365012250840663,12.551581382751465,65.09189128875732,52.54030990600586,62.54806900024414,0,0,0,0,1,Remember
2271,0.8891890645027161,0.915287971496582,0.8511143922805786,0.0275333374738693,0.0641735792160034,0.0,0.0,0.0,0.0,0.8617601990699768,0.0509233623743057,12.386073112487791,258.30650520324707,245.92043209075928,499.52713775634766,0,0,0,0,1,Remember
2272,0.8918636441230774,0.9051028490066528,0.8851850032806396,0.0093616135418415,0.0199178457260131,0.0,0.0,0.0,0.0,0.8661234974861145,0.0087087666615843,37.6899642944336,202.72993755340576,165.03997325897217,483.0284767150879,0,0,0,0,0,Understand
2273,0.8597836494445801,0.8967639207839966,0.8400771617889404,0.0261678267270326,0.0566867589950561,0.0666666666666666,0.0942809041582063,0.0,0.0,0.8392074704170227,0.0198108367621898,35.92912292480469,141.83764362335205,105.90852069854736,286.86528396606445,0,0,0,0,0,Understand
2274,0.7026607394218445,0.7150031328201294,0.6925964951515198,0.0092882309108972,0.0224066376686096,0.0,0.0,0.0,0.0,0.7919322848320007,0.0154763851314783,61.371978759765625,33.7914834022522,27.580495357513428,28.491544723510746,0,0,0,0,0,Understand
2275,0.8257754445075989,0.8660674095153809,0.7804535627365112,0.035132210701704,0.0856138467788696,0.1702898550724637,0.0672235718452702,0.0,0.0,0.8070845603942871,0.027895139530301,40.43478012084961,29.87734031677246,10.557439804077148,25.5828914642334,0,0,0,0,0,Remember
2276,0.7794857025146484,0.8026597499847412,0.7332703471183777,0.0326792486011981,0.0693894028663635,0.0444444444444444,0.0628539361054708,0.0,0.0,0.7774767279624939,0.0499501749873161,50.553466796875,158.86259269714355,108.30912590026855,158.51612091064453,0,0,0,0,1,Understand
2277,0.6922099590301514,0.7413325309753418,0.6593337059020996,0.0353921726346015,0.0819988250732421,0.0095238095238095,0.0134687005940294,0.0,0.0,0.7793946862220764,0.0224412139505147,63.5052490234375,47.89057159423828,15.61467742919922,37.7348861694336,0,0,0,0,0,Understand
2278,0.8907502293586731,0.8990100622177124,0.8831340670585632,0.0064973072148859,0.0158759951591491,0.0,0.0,0.0,0.0,0.9266190528869628,0.0206457246094942,45.263973236083984,667.0387992858887,621.7748260498047,1632.444808959961,0,0,0,0,1,Understand
2279,0.8900478482246399,0.9023432731628418,0.8672670722007751,0.0161253679543733,0.0350762009620666,0.1333333333333333,0.1885618083164127,0.0,0.0,0.8993741869926453,0.0352597162127494,29.568256378173828,116.77775382995604,87.20949745178223,135.96134185791016,0,0,0,0,1,Understand
2280,0.826198399066925,0.8673363924026489,0.7804535627365112,0.0356190502643585,0.0868828296661377,0.190465293668955,0.067189223886464,0.0,0.0,0.8062660098075867,0.0280169863253831,40.43478012084961,27.113083839416504,13.321696281433104,14.52586555480957,0,0,0,0,0,Remember
2281,0.5752649903297424,0.5962948203086853,0.5494720935821533,0.0194097496569156,0.0468227267265319,0.0454545454545454,0.0642824346533225,0.0,0.0,0.771087646484375,0.0275653060525655,66.31034851074219,59.733534812927246,6.576813697814941,58.04335021972656,0,0,0,0,1,Understand
2282,0.8627838492393494,0.9311859607696532,0.810549259185791,0.0505591742694377,0.1206367015838623,0.4272406280519871,0.2050073527567825,0.0,0.0,0.8184639811515808,0.0341026075184345,42.65728759765625,28.77529811859131,13.88198947906494,17.27975082397461,0,0,0,0,0,Understand
2283,0.5943942070007324,0.5990171432495117,0.5882920622825623,0.0045016948133707,0.0107250809669494,0.0454545454545454,0.0642824346533225,0.0,0.0,0.766570508480072,0.0261625312268733,64.42833709716797,55.88467979431152,8.543657302856445,58.20431900024414,0,0,0,0,1,Understand
2284,0.7970473766326904,0.812597930431366,0.7841145992279053,0.0117746843025088,0.0284833312034606,0.0416666666666666,0.0589255650988789,0.0,0.0,0.8166473507881165,0.0226735994219779,64.42833709716797,145.06077194213867,80.6324348449707,162.30377197265625,0,0,0,0,1,Understand
2285,0.8013684153556824,0.8660423159599304,0.6804076433181763,0.0856006368994712,0.1856346726417541,0.1296296296296296,0.0944262872887552,0.0,0.0,0.7279497981071472,0.0966527387499809,30.714740753173828,42.25469875335693,11.539958000183104,47.29746055603027,0,0,0,0,0,Understand
2286,0.7805144190788269,0.8036930561065674,0.7440377473831177,0.0261064022779464,0.0596553087234497,0.0101010101010101,0.0142849854785161,0.0,0.0,0.8043007254600525,0.0258529875427484,48.58786010742188,45.42026138305664,3.1675987243652344,51.6806640625,0,0,0,0,1,Understand
2287,0.8334435820579529,0.848120927810669,0.8064936399459839,0.0190817322582006,0.041627287864685,0.247008547008547,0.1044764733298173,0.0,0.0,0.7921223640441895,0.033480942249298,74.31684875488281,29.87734031677246,44.43950843811035,25.5828914642334,0,0,0,0,0,Remember
2288,0.8419649004936218,0.8470466136932373,0.8320835828781128,0.0069880685769021,0.0149630308151245,0.0,0.0,0.0,0.0,0.8754070401191711,0.0337411127984523,27.77023124694824,164.97202110290527,137.20178985595703,162.39923095703125,0,0,0,0,0,Understand
2289,0.8242140412330627,0.9021713733673096,0.768363356590271,0.0568194463849067,0.1338080167770385,0.1481481481481481,0.2095131203515696,0.0,0.0,0.807029664516449,0.0213261228054761,42.65728759765625,74.5290937423706,31.871806144714355,181.57876014709475,0,0,0,0,0,Understand
2290,0.785090446472168,0.8575043678283691,0.6467294692993164,0.0978716239333152,0.2107748985290527,0.1349206349206349,0.0997603578569566,0.0,0.0,0.7403380870819092,0.0798319056630134,31.549564361572266,42.25469875335693,10.705134391784668,47.29746055603027,0,0,0,0,0,Understand
2291,0.8835960030555725,0.8942687511444092,0.8701564073562622,0.0100363679230213,0.0241123437881469,0.2666666666666666,0.0942809041582063,0.0,0.0,0.8867413997650146,0.0162916444242,32.00113677978516,48.431114196777344,16.429977416992188,31.75596618652344,0,0,0,0,0,Understand
2292,0.810192346572876,0.8408623337745667,0.7860217094421387,0.0228554047644138,0.0548406243324279,0.0079365079365079,0.0112239171616912,0.0,0.0,0.7746227383613586,0.0218596812337636,48.58786010742188,45.42026138305664,3.1675987243652344,51.6806640625,0,0,0,0,1,Understand
2293,0.8864712715148926,0.8945204019546509,0.8793317675590515,0.0062339990399777,0.0151886343955993,0.0,0.0,0.0,0.0,0.8972671627998352,0.0175115577876567,33.89289855957031,202.72993755340576,168.83703899383545,483.0284767150879,0,0,0,0,0,Understand
2294,0.8384173512458801,0.8569384217262268,0.8210926651954651,0.0146583998575806,0.0358457565307617,0.0484210526315789,0.0433840884661718,0.0,0.0,0.8745348453521729,0.0065634655766189,41.2950439453125,36.09262371063232,5.202420234680176,12.04946517944336,0,0,0,0,0,Evaluate
2295,0.8350720405578613,0.8539355993270874,0.8112032413482666,0.0178007930517196,0.0427323579788208,0.0,0.0,0.0,0.0,0.8639190793037415,0.0235789828002452,35.92912292480469,141.83764362335205,105.90852069854736,286.86528396606445,0,0,0,0,0,Understand
2296,0.8061060309410095,0.8232607841491699,0.7874323129653931,0.0146662918850779,0.0358284711837768,0.2135854341736695,0.0300223404905126,0.0,0.0,0.829542875289917,0.0081409513950347,19.42835235595703,32.37140703201294,12.943054676055908,28.785789489746094,0,0,0,0,0,Remember
2297,0.788421630859375,0.8168789148330688,0.7638993263244629,0.0218070708215236,0.0529795885086059,0.0,0.0,0.0,0.0,0.8616043925285339,0.0119116753339767,23.870494842529297,41.41346979141235,17.542974948883057,36.27616310119629,0,0,0,0,1,Understand
2298,0.7258655428886414,0.7548506259918213,0.6978880763053894,0.0232657771557569,0.0569625496864318,0.0,0.0,0.0,0.0,0.7916267514228821,0.0352801084518432,23.893999099731445,37.8263578414917,13.932358741760254,50.45208168029785,0,0,0,0,0,Create
2299,0.7905232310295105,0.803985595703125,0.7670645713806152,0.0166480094194412,0.0369210243225097,0.0,0.0,0.0,0.0,0.7872920632362366,0.025642417371273,22.788070678710938,43.122185707092285,20.334115028381348,69.13542747497559,0,0,0,0,0,Understand
2300,0.8569521903991699,0.8656023740768433,0.8482533693313599,0.0070827854797244,0.0173490047454834,0.2740183792815371,0.0730504669630715,0.0,0.0,0.8747847676277161,0.0213917568325996,18.77733612060547,62.82059097290039,44.04325485229492,62.60220718383789,0,0,0,0,1,Understand
2301,0.8359611630439758,0.929346203804016,0.7683589458465576,0.0682045221328735,0.1609872579574585,0.1851851851851852,0.2618914004394621,0.0,0.0,0.7971832156181335,0.0126596912741661,22.59527587890625,51.39714288711548,28.80186700820923,83.40063095092773,0,0,0,0,0,Remember
2302,0.7820963263511658,0.8385342359542847,0.7248578071594238,0.0464116595685482,0.1136764287948608,0.0234567901234567,0.0166552315595457,0.0,0.0,0.7353959083557129,0.0265282280743122,23.893999099731445,37.8263578414917,13.932358741760254,50.45208168029785,0,0,0,0,0,Create
2303,0.8223482966423035,0.8545579314231873,0.7872422933578491,0.0275576990097761,0.0673156380653381,0.0703703703703703,0.0499656946786371,0.0,0.0,0.8035824298858643,0.0291421189904212,17.945785522460938,51.20298004150391,33.25719451904297,24.194580078125,0,0,0,0,0,Understand
2305,0.839196503162384,0.858638346195221,0.8269765377044678,0.0138980513438582,0.0316618084907531,0.0,0.0,0.0,0.0,0.9177396893501282,0.0252084881067276,17.629045486450195,24.05460834503174,6.425562858581543,19.546875,0,0,0,0,0,Create
2306,0.9314058423042296,0.94324791431427,0.9112937450408936,0.0142959831282496,0.0319541692733764,0.0,0.0,0.0,0.0,0.9265038967132568,0.0180969052016735,17.629045486450195,220.54239654541016,202.91335105896,405.8157539367676,0,0,0,0,0,Create
2307,0.8657326698303223,0.8840479850769043,0.854465126991272,0.0130649795755743,0.0295828580856323,0.0,0.0,0.0,0.0,0.8853647112846375,0.0407718494534492,17.629045486450195,87.80343818664551,70.17439270019531,146.1944122314453,0,0,0,0,0,Create
2308,0.8491639494895935,0.8572770953178406,0.8343353271484375,0.0105009078979492,0.022941768169403,0.1992063492063492,0.0488079106714977,0.0,0.0,0.8665662407875061,0.0336422845721244,17.629045486450195,45.6461353302002,28.01708984375,40.61925506591797,0,0,0,0,0,Create
2309,0.784654438495636,0.8063234090805054,0.7683589458465576,0.0159578714519739,0.0379644632339477,0.0833333333333333,0.1178511301977579,0.0,0.0,0.8484899401664734,0.0572001114487648,22.59527587890625,51.39714288711548,28.80186700820923,83.40063095092773,0,0,0,0,0,Remember
2310,0.7258655428886414,0.7548506259918213,0.6978880763053894,0.0232657771557569,0.0569625496864318,0.0,0.0,0.0,0.0,0.7916267514228821,0.0352801084518432,23.893999099731445,37.8263578414917,13.932358741760254,50.45208168029785,0,0,0,0,0,Create
2311,0.8601327538490295,0.8695472478866577,0.8454387784004211,0.0105264615267515,0.0241084694862365,0.1333333333333333,0.0942809041582063,0.0,0.0,0.8678181171417236,0.0069920755922794,15.649394989013672,161.79051399230957,146.1411190032959,305.23291778564453,0,0,0,0,0,Understand
2312,0.8561530709266663,0.8664069771766663,0.8482533693313599,0.0075958357192575,0.0181536078453063,0.2456140350877192,0.0248107642521595,0.0,0.0,0.8755839467048645,0.020501147955656,18.77733612060547,62.82059097290039,44.04325485229492,62.60220718383789,0,0,0,0,1,Understand
2313,0.9639583230018616,0.9639583230018616,0.9639583230018616,0.0,0.0,0.0,0.0,0.0,0.0,0.0,0.0,19.53436279296875,432.1442565917969,412.6098937988281,328.20611572265625,0,0,0,0,1,Apply
2314,0.8216793537139893,0.8531157970428467,0.7871558666229248,0.0270163621753454,0.0659599304199218,0.0,0.0,0.0,0.0,0.8285260200500488,0.0195219945162534,17.179079055786133,124.73517990112305,107.55610084533691,189.1811294555664,0,0,0,0,0,Understand
2315,0.9481148719787598,0.9505614042282104,0.9438881278038024,0.0030011485796421,0.0066732764244079,0.2,2.775557561562892e-17,0.0,0.0,0.9547324180603028,0.0074029201641678,19.56185531616211,134.23333168029785,114.67147636413574,32.953697204589844,0,0,0,0,0,Understand
2316,0.9481148719787598,0.9505614042282104,0.9438881278038024,0.0030011485796421,0.0066732764244079,0.2,2.775557561562892e-17,0.0,0.0,0.9547324180603028,0.0074029201641678,19.56185531616211,134.23333168029785,114.67147636413574,32.953697204589844,0,0,0,0,0,Understand
2317,0.8771149516105652,0.9077646732330322,0.8568004369735718,0.0220522582530975,0.0509642362594604,0.1400966183574879,0.1411752579343232,0.0,0.0,0.8472328782081604,0.0155057189986109,20.68891906738281,34.49922180175781,13.810302734375,21.275089263916016,0,0,0,0,0,Create
2318,0.832690417766571,0.8695124983787537,0.8021335601806641,0.0278617981821298,0.0673789381980896,0.0,0.0,0.0,0.0,0.8429253697395325,0.0027156434953212,21.647605895996094,61.178489685058594,39.5308837890625,122.10286712646484,0,0,0,0,0,Remember
2319,0.7991798520088196,0.8565182685852051,0.7570621967315674,0.0420050024986267,0.0994560718536377,0.0,0.0,0.0,0.0,0.8010571599006653,0.0174496136605739,48.8487663269043,40.30002498626709,8.548741340637207,21.607723236083984,0,0,0,0,1,Understand
2320,0.7955400943756104,0.8061666488647461,0.7822351455688477,0.0099518746137619,0.0239315032958984,0.1775735294117647,0.01787788176172,0.0,0.0,0.8397170901298523,0.0189089886844158,22.907638549804688,43.44447422027588,20.53683567047119,21.704242706298828,0,0,0,0,0,Understand
2321,0.8304028511047363,0.8885363936424255,0.7856858968734741,0.0430469289422035,0.1028504967689514,0.0185185185185185,0.0261891400439462,0.0,0.0,0.7971715927124023,0.0142753291875123,28.4399471282959,78.93963241577148,50.49968528747559,147.41570663452148,0,0,0,0,0,Understand
2322,0.8414453864097595,0.8623324632644653,0.8102741241455078,0.0224624201655387,0.0520583391189575,0.1526455026455026,0.0831790795408114,0.0,0.0,0.784893810749054,0.0047118538059294,24.43821144104004,23.867104053497314,0.5711073875427246,15.026968002319336,0,0,0,0,0,Remember
2323,0.7825322151184082,0.8344238996505737,0.7486429214477539,0.0372617729008197,0.0857809782028198,0.0119047619047619,0.0168358757425368,0.0,0.0,0.8220276832580566,0.0228287428617477,24.033601760864254,23.867104053497314,0.1664977073669433,15.026968002319336,0,0,0,0,0,Remember
2324,0.856557309627533,0.9352450370788574,0.810734212398529,0.0558915808796882,0.1245108246803283,0.1851851851851852,0.2618914004394621,0.0,0.0,0.8100168108940125,0.0152404801920056,24.43821144104004,54.849403858184814,30.411192417144772,78.80916404724121,0,0,0,0,0,Remember
2325,0.9741642475128174,0.9741642475128174,0.9741642475128174,0.0,0.0,0.0,0.0,0.0,0.0,0.0,0.0,21.027462005615234,1902.5765075683596,1881.549045562744,3230.844055175781,0,0,0,0,1,Apply
2326,0.8467887043952942,0.852286696434021,0.8361433744430542,0.0075288005173206,0.0161433219909667,0.3263403263403263,0.0263722808834143,0.0,0.0,0.8795974850654602,0.0103638628497719,22.140758514404297,32.69523334503174,10.55447483062744,15.325252532958984,0,0,0,0,1,Understand
2327,0.8503726124763489,0.870080292224884,0.8310326933860779,0.0159432347863912,0.0390475988388061,0.2789432789432789,0.0421016851100048,0.0,0.0,0.8526533246040344,0.0289875343441963,32.50004577636719,35.36530351638794,2.865257740020752,22.23750114440918,0,0,0,0,0,Create
2328,0.771204948425293,0.8054790496826172,0.716003954410553,0.0394115187227726,0.0894750952720642,0.0,0.0,0.0,0.0,0.8077425360679626,0.0331657528877258,21.209932327270508,47.41636562347412,26.206433296203613,47.051212310791016,0,0,0,0,1,Understand
2329,0.9590141177177428,0.9691364765167236,0.9526156187057496,0.0072403871454298,0.0165208578109741,0.2,2.775557561562892e-17,0.0,0.0,0.9539347290992736,0.0059832129627466,19.1895694732666,134.23333168029785,115.04376220703124,32.953697204589844,0,0,0,0,0,Understand
2330,0.8604767918586731,0.8743893504142761,0.8467121720314026,0.0112996445968747,0.0276771783828735,0.0208333333333333,0.0294627825494394,0.0,0.0,0.8547759056091309,0.0157609265297651,22.71893119812012,34.0000524520874,11.281121253967283,29.564451217651367,0,0,0,0,1,Create
2331,0.8455751538276672,0.8553894758224487,0.8301919102668762,0.0110148284584283,0.0251975655555725,0.0889724310776942,0.0911777933011591,0.0,0.0,0.8738774657249451,0.0132862757891416,21.438045501708984,61.178489685058594,39.74044418334961,122.10286712646484,0,0,0,0,0,Remember
2332,0.8037818074226379,0.8465104699134827,0.7549192905426025,0.0376426540315151,0.0915911793708801,0.0222222222222222,0.0314269680527354,0.0,0.0,0.7866055369377136,0.0415855422616004,65.16588592529297,40.30002498626709,24.86586093902588,21.607723236083984,0,0,0,0,1,Understand
2333,0.7369384169578552,0.7424976825714111,0.7272228598594666,0.0068937712348997,0.0152748227119445,0.1775735294117647,0.01787788176172,0.0,0.0,0.8708553314208984,0.0124878520146012,19.768953323364254,43.494954109191895,23.72600078582764,21.704242706298828,0,0,0,0,1,Understand
2334,0.8371708989143372,0.8571593761444092,0.8167551755905151,0.0164977144449949,0.040404200553894,0.0888888888888888,0.0628539361054709,0.0,0.0,0.8212642669677734,0.0230659935623407,22.066242218017575,34.68594551086426,12.61970329284668,27.65753746032715,0,0,0,0,1,Understand
2335,0.8538907170295715,0.8728989362716675,0.8193106651306152,0.0244919769465923,0.0535882711410522,0.3054275473630312,0.138337477042849,0.0,0.0,0.8594164252281189,0.038273449987173,21.33965110778809,23.452430248260494,2.112779140472412,3.2624244689941406,0,0,0,0,0,Create
2336,0.8214170932769775,0.8493338823318481,0.7989547848701477,0.0209256913512945,0.0503790974617004,0.0,0.0,0.0,0.0,0.8019495606422424,0.0273091197013854,17.646400451660156,77.58008098602295,59.93368053436279,115.18342208862305,0,0,0,0,1,Create
2337,0.8135927319526672,0.8644475340843201,0.7690744400024414,0.0391928553581237,0.0953730940818786,0.0729564553093964,0.033741009267346,0.0,0.0,0.8060821890830994,0.0121254175901412,28.78946304321289,22.72592163085937,6.063541412353516,16.26275062561035,0,0,0,0,0,Understand
2338,0.790973961353302,0.821684718132019,0.7492765188217163,0.0305643137544393,0.0724081993103027,0.07008547008547,0.0546474097885325,0.0,0.0,0.8386327624320984,0.0381591990590095,50.1356086730957,63.002312660217285,12.866703987121582,91.49803161621094,0,0,0,0,0,Understand
2339,0.842271625995636,0.8565788865089417,0.8326715230941772,0.0103120617568492,0.0239073634147644,0.0841607060246966,0.0456577297632747,0.0,0.0,0.8371272087097168,0.0084422808140516,42.003177642822266,25.22858428955078,16.774593353271484,22.32033920288086,0,0,0,0,0,Create
2340,0.8817130923271179,0.8967360854148865,0.8701014518737793,0.0111379148438572,0.0266346335411071,0.0,0.0,0.0,0.0,0.8309252858161926,0.0217572133988142,18.4617919921875,123.3837947845459,104.9220027923584,243.5270767211914,0,0,0,0,0,Analyze
2341,0.9639583230018616,0.9639583230018616,0.9639583230018616,0.0,0.0,0.0,0.0,0.0,0.0,0.0,0.0,19.53436279296875,432.1442565917969,412.6098937988281,328.20611572265625,0,0,0,0,1,Apply
2342,0.8809051513671875,0.8868225812911987,0.8726236820220947,0.0060329083353281,0.014198899269104,0.6676986584107327,0.1371889317472352,0.0,0.0,0.889744222164154,0.0068317535333335,61.56017303466797,110.99651718139648,49.43634414672852,70.56765747070312,0,0,1,0,0,Remember
2343,0.835066020488739,0.8474526405334473,0.8158084750175476,0.0138020357117056,0.0316441655158996,0.0,0.0,0.0,0.0,0.914234459400177,0.009336756542325,61.88899612426758,100.82854080200195,38.939544677734375,236.46589279174805,0,0,0,0,0,Remember
2344,0.939720332622528,0.946029543876648,0.9315571784973145,0.0060520120896399,0.0144723653793334,0.0,0.0,0.0,0.0,0.949935019016266,0.0114569868892431,52.26723098754883,2095.165435791016,2042.8982048034668,2584.5899658203125,0,0,0,0,0,Remember
2345,0.917490005493164,0.9383748769760132,0.8811416625976562,0.025797301903367,0.0572332143783569,0.0,0.0,0.0,0.0,0.8856331706047058,0.0283935740590095,29.85998916625977,821.0618858337402,791.2018966674805,1268.7880401611328,0,0,0,0,0,Understand
2346,0.9204978942871094,0.9328449964523317,0.914230465888977,0.0087310560047626,0.0186145305633544,0.2303030303030303,0.1279921944360174,0.0,0.0,0.9032389521598816,0.0031230766326189,69.92919921875,44.493350982666016,25.435848236083984,53.41452026367188,0,0,0,0,0,Understand
2347,0.9083766341209412,0.9260798692703248,0.8917450904846191,0.0140375858172774,0.0343347787857055,0.8095238095238096,1.1102230246251563e-16,0.0,0.0,0.8912847638130188,0.0030130508821457,55.045448303222656,38.13775253295898,16.907695770263672,0.795562744140625,0,0,0,0,0,Understand
2348,0.8359413146972656,0.8652520179748535,0.8168168067932129,0.0210445970296859,0.0484352111816406,0.0238095238095238,0.0336717514850736,0.0,0.0,0.8482139706611633,0.0132673792541027,38.68654251098633,105.40718460083008,66.72064208984375,102.53272247314452,0,0,0,0,0,Create
2349,0.8558244705200195,0.868991494178772,0.834894597530365,0.0149631677195429,0.0340968966484069,0.0,0.0,0.0,0.0,0.8585197329521179,0.01957468688488,33.281890869140625,140.69546127319336,107.41357040405272,83.6252670288086,0,0,0,0,0,Remember
2350,0.8209967017173767,0.8343417644500732,0.8051862716674805,0.0120296590030193,0.0291554927825927,0.0972222222222222,0.0553381161476014,0.0,0.0,0.8345031142234802,0.0217389930039644,47.255332946777344,40.41897535324097,6.836357593536377,18.929845809936523,0,0,1,0,0,Remember
2351,0.963606059551239,0.9732499122619628,0.9530553221702576,0.0082693016156554,0.0201945900917053,0.1333333333333333,0.0942809041582063,0.0,0.0,0.9523083567619324,0.0091562988236546,21.61062812805176,814.169020652771,792.5583925247192,1170.9077796936035,0,0,0,0,0,Create
2352,0.9001049995422363,0.9213402271270752,0.8747523427009583,0.0192409716546535,0.0465878844261169,0.0,0.0,0.0,0.0,0.9478915333747864,0.0094664031639695,50.48455047607422,243.54088687896729,193.05633640289307,503.0625801086426,0,0,0,0,0,Create
2353,0.7374916672706604,0.7564014196395874,0.7216913104057312,0.0143398977816104,0.0347101092338562,0.119047619047619,0.0890870806374747,0.0,0.0,0.7622817158699036,0.0194027833640575,113.14127349853516,64.39591407775879,48.74535942077637,35.01911544799805,0,0,0,0,0,Remember
2354,0.8035888075828552,0.8268895745277405,0.7784299850463867,0.0198271237313747,0.0484595894813537,0.1238329238329238,0.023658777625967,0.0,0.0,0.7991942763328552,0.008372695185244,41.893924713134766,22.568339347839355,19.32558536529541,11.275772094726562,0,0,0,0,1,Analyze
2355,0.8029277920722961,0.8192501068115234,0.7919050455093384,0.0117757506668567,0.027345061302185,0.0,0.0,0.0,0.0,0.8095363974571228,0.0146040841937065,33.936458587646484,35.48632621765137,1.5498676300048828,6.663677215576172,0,0,0,0,1,Understand
2356,0.8434216380119324,0.8982583284378052,0.8079931735992432,0.0393230952322483,0.090265154838562,0.0,0.0,0.0,0.0,0.8093176484107971,0.0182077344506979,39.08351135253906,32.81564664840698,6.26786470413208,12.064338684082031,0,0,0,0,0,Remember
2357,0.8990498185157776,0.9073915481567384,0.8857709169387817,0.0094919158145785,0.0216206312179565,0.2103174603174603,0.0341362113771532,0.0,0.0,0.9184080958366394,0.0280326548963785,38.01070022583008,101.84564399719238,63.83494377136231,74.97280883789062,0,0,0,0,0,Remember
2358,0.8443453907966614,0.9167401790618896,0.7566955089569092,0.0662224069237709,0.1600446701049804,0.0,0.0,0.0,0.0,0.8075060844421387,0.0416756607592105,35.737728118896484,215.0508337020874,179.31310558319092,594.3728294372559,0,0,0,0,0,Analyze
2359,0.8973634243011475,0.954622447490692,0.8665420413017273,0.0405277647078037,0.0880804061889648,0.5079365079365079,0.1122391716169122,0.0,0.0,0.9062261581420898,0.0416531674563884,41.16606140136719,68.81997776031494,27.653916358947757,23.73847961425781,0,0,0,0,0,Create
2360,0.7545698285102844,0.7874237895011902,0.7287064790725708,0.0244755819439888,0.0587173104286193,0.1794871794871795,0.0362618862146947,0.0,0.0,0.7706470489501953,0.0116650564596056,26.22871971130371,52.91148567199707,26.68276596069336,41.08318328857422,0,0,0,0,0,Remember
2361,0.8250427842140198,0.826622486114502,0.8223599791526794,0.0019069932168349,0.0042625069618225,0.1138523267180431,0.084204813283886,0.0,0.0,0.8153852820396423,0.0124052986502647,34.24577331542969,21.78215503692627,12.463618278503418,1.9123001098632808,0,0,0,0,0,Understand
2362,0.8263052105903625,0.8563999533653259,0.8104013800621033,0.021291671320796,0.0459985733032226,0.0499999999999999,0.0707106781186547,0.0,0.0,0.8081309199333191,0.0139283156022429,34.07843017578125,40.40519714355469,6.3267669677734375,16.19409942626953,0,0,0,0,1,Understand
2363,0.9434074759483336,0.9553382992744446,0.9319491982460022,0.0095544075593352,0.0233891010284423,0.0666666666666666,0.0942809041582063,0.0,0.0,0.951259434223175,0.0013816937571391,82.23038482666016,595.9956130981445,513.7652282714844,2156.72509765625,0,0,0,0,0,Understand
2364,0.9616759419441224,0.9676854014396667,0.9564895033836364,0.0046075959689915,0.0111958980560302,0.0,0.0,0.0,0.0,0.9621649384498596,0.0013840317260473,313.1629333496094,763.3014831542969,450.1385498046875,577.1566772460938,0,0,1,0,0,Understand
2365,0.8229296207427979,0.8544092178344727,0.7775766849517822,0.0328649915754795,0.0768325328826904,0.0196078431372549,0.0277296776935901,0.0,0.0,0.8034380078315735,0.0444889180362224,48.225955963134766,43.89309072494507,4.332865238189697,43.87116813659668,0,0,0,0,0,Understand
2366,0.8858726024627686,0.933503806591034,0.8325473666191101,0.0414114817976951,0.1009564399719238,0.0,0.0,0.0,0.0,0.8952907919883728,0.0243243519216775,56.11188125610352,158.24026012420654,102.12837886810304,342.21091079711914,0,0,0,0,0,Understand
2367,0.8368732929229736,0.8819200396537781,0.7929471135139465,0.0363316871225833,0.0889729261398315,0.0,0.0,0.0,0.0,0.8218808770179749,0.0251337457448244,33.23087692260742,252.261194229126,219.03031730651853,547.9570846557617,0,0,0,0,0,Understand
2368,0.785327136516571,0.8104441165924072,0.7705116868019104,0.0178557336330413,0.0399324297904968,0.0833333333333333,0.1178511301977579,0.0,0.0,0.8245627284049988,0.0074666617438197,33.74617385864258,67.00868368148804,33.26250982284546,126.61100578308104,0,0,0,0,0,Understand
2369,0.814624547958374,0.887004017829895,0.7077305316925049,0.0771500095725059,0.1792734861373901,0.0,0.0,0.0,0.0,0.7999724745750427,0.0736611858010292,125.06571197509766,85.4660472869873,39.59966468811035,154.47570419311523,0,0,0,0,0,Understand
2370,0.7676839828491211,0.7930916547775269,0.7173666954040527,0.0355802774429321,0.0757249593734741,0.0266666666666666,0.0377123616632825,0.0,0.0,0.7565372586250305,0.028121555224061,31.99443817138672,27.24237489700317,4.752063274383545,17.578462600708008,0,0,0,0,0,Remember
2371,0.7993125915527344,0.8137467503547668,0.7838602662086487,0.0122223254293203,0.0298864841461181,0.0175438596491228,0.0248107642521595,0.0,0.0,0.8296211361885071,0.0223889406770467,35.54096221923828,40.40519714355469,4.864234924316406,16.19409942626953,0,0,0,0,1,Understand
2372,0.926619291305542,0.926619291305542,0.926619291305542,0.0,0.0,0.0,0.0,0.0,0.0,0.0,0.0,21.595916748046875,1902.5765075683596,1880.9805908203125,3230.844055175781,0,0,1,0,1,Apply
2373,0.9490326046943665,0.9562358856201172,0.9407505989074708,0.0063676889985799,0.0154852867126464,0.1333333333333333,0.0942809041582063,0.0,0.0,0.9407627582550048,0.0120538538321852,20.367759704589844,814.169020652771,793.8012609481812,1170.9077796936035,0,0,0,0,0,Create
2374,0.9884487390518188,0.9884487390518188,0.9884487390518188,0.0,0.0,0.0,0.0,0.0,0.0,0.0,0.0,15.79860019683838,1902.5765075683596,1886.777907371521,3230.844055175781,0,0,0,0,1,Remember
2375,0.9367488026618958,0.9448213577270508,0.9303795695304872,0.0060176127590239,0.0144417881965637,0.0,0.0,0.0,0.0,0.9346793293952942,0.0104076182469725,21.53392601013184,231.14184284210205,209.6079168319702,453.3583564758301,0,0,0,0,0,Create
2376,0.8577830195426941,0.8605564832687378,0.85248863697052,0.0037451400421559,0.0080678462982177,0.119047619047619,0.0890870806374747,0.0,0.0,0.8941684365272522,0.0293201692402362,21.796167373657227,64.39591407775879,42.59974670410156,35.01911544799805,0,0,0,0,0,Remember
2377,0.791947066783905,0.8121672868728638,0.774883508682251,0.0153838321566581,0.0372837781906127,0.0966103079310626,0.01192609919502,0.0,0.0,0.8133063912391663,0.0082427412271499,60.07160186767578,22.568339347839355,37.503262519836426,11.275772094726562,0,0,0,0,1,Analyze
2378,0.7909548282623291,0.8020447492599487,0.7759963870048523,0.0109803881496191,0.0260483622550964,0.1581196581196581,0.0060436477024491,0.0,0.0,0.8170763850212097,0.0146147636696696,37.348026275634766,55.81040716171265,18.46238088607788,49.90721321105957,0,0,0,0,0,Remember
2379,0.8010141253471375,0.8161234855651855,0.7892906665802002,0.0112130427733063,0.0268328189849853,0.0151515151515151,0.0214274782177741,0.0,0.0,0.8114500045776367,0.0139139369130134,33.936458587646484,35.48632621765137,1.5498676300048828,6.663677215576172,0,0,0,0,1,Understand
2380,0.8681402206420898,0.874897837638855,0.8619399070739746,0.0053047146648168,0.0129579305648803,0.25,0.0,0.0,0.0,0.8745415806770325,0.0235855709761381,42.53728485107422,63.75345420837402,21.216169357299805,27.179405212402344,0,0,0,0,0,Understand
2381,0.8662765026092529,0.8709324598312378,0.8631526231765747,0.0033557822462171,0.007779836654663,0.25,0.0,0.0,0.0,0.8848481178283691,0.0268100649118423,42.54051971435547,63.75345420837402,21.212934494018555,27.179405212402344,0,0,0,0,0,Understand
2382,0.8835960030555725,0.8942687511444092,0.8701564073562622,0.0100363679230213,0.0241123437881469,0.2666666666666666,0.0942809041582063,0.0,0.0,0.8867413997650146,0.0162916444242,32.00113677978516,48.431114196777344,16.429977416992188,31.75596618652344,0,0,0,0,0,Understand
2383,0.784992516040802,0.8032907247543335,0.750084400177002,0.0246933996677398,0.0532063245773315,0.0,0.0,0.0,0.0,0.787764847278595,0.0602593645453453,56.17195510864258,103.31742191314696,47.1454668045044,221.1405563354492,0,0,0,0,1,Understand
2384,0.84794682264328,0.8661329746246338,0.8365662097930908,0.0129944738000631,0.0295667648315429,0.1903030303030303,0.0702821285542992,0.0,0.0,0.9193757176399232,0.0132729355245828,41.64516830444336,65.85621404647827,24.211045742034912,148.37125968933103,0,0,0,0,0,Evaluate
2385,0.8945091366767883,0.9446561336517334,0.8359067440032959,0.0447975397109985,0.1087493896484375,0.25,0.0,0.0,0.0,0.8749735355377197,0.019221456721425,30.84951400756836,188.22613906860352,157.37662506103516,254.78778076171875,0,0,0,0,0,Understand
2386,0.8193761706352234,0.8439261317253113,0.7828938961029053,0.0263061262667179,0.061032235622406,0.0441919191919191,0.0371564115392983,0.0,0.0,0.8229236602783203,0.0349277034401893,62.38575744628906,52.112629413604736,10.273128032684326,66.13133811950684,0,0,0,0,1,Understand
2387,0.852835476398468,0.9504221677780152,0.7808411121368408,0.0715572535991668,0.1695810556411743,0.1851851851851852,0.2618914004394621,0.0,0.0,0.793922483921051,0.0180928260087966,59.19918823242188,53.77655577659607,5.422632455825806,88.09548664093018,0,0,0,0,0,Remember
2388,0.8779365420341492,0.9181371331214904,0.8412749767303467,0.0314784720540046,0.0768621563911438,0.1049382716049382,0.1231477613781481,0.0,0.0,0.924087941646576,0.0112498356029391,16.91960334777832,26.604910850524902,9.685307502746582,24.90410804748535,0,0,1,0,0,Apply
2389,0.813605010509491,0.8472294807434082,0.7496223449707031,0.0452622361481189,0.097607135772705,0.1515151515151515,0.2142747821777416,0.0,0.0,0.7838282585144043,0.0314000993967056,62.40551376342773,210.46365070343015,148.05813694000244,653.0025062561035,0,0,0,0,1,Understand
2390,0.9478111267089844,0.9553357362747192,0.9419440031051636,0.005591366905719,0.0133917331695556,0.0,0.0,0.0,0.0,0.9505901336669922,0.004966914653778,47.31932830810547,93.15589904785156,45.836570739746094,62.57228088378906,0,0,0,0,0,Understand
2391,0.9257786870002748,0.9409505128860474,0.9074975252151488,0.0138329658657312,0.0334529876708984,0.0,0.0,0.0,0.0,0.9361674189567566,0.0095912888646125,32.46563720703125,153.37761878967285,120.9119815826416,193.31903076171875,0,0,0,0,0,Create
2392,0.8628794550895691,0.9081459045410156,0.793182909488678,0.0500116422772407,0.1149629950523376,0.0699404761904761,0.0778659253092329,0.0,0.0,0.7975819110870361,0.0373839251697063,41.29154586791992,23.40060544013977,17.89094042778015,20.21737003326416,0,0,0,0,0,Remember
2393,0.8689228296279907,0.8978476524353027,0.8399980068206787,0.028924822807312,0.057849645614624,0.1375,0.0124999999999999,0.0,0.0,0.8475087881088257,0.0,11.719634056091309,30.736439387003585,19.016805330912277,27.046560287475582,0,0,0,0,0,Understand
2394,0.8999223113059998,0.9245574474334716,0.8866119980812073,0.0174385458230972,0.0379454493522644,0.2666666666666666,0.1885618083164127,0.0,0.0,0.8784224390983582,0.022120090201497,43.044898986816406,97.36637592315674,54.32147693634033,129.97527694702148,0,0,0,0,0,Evaluate
2395,0.8034852147102356,0.8132832646369934,0.7972737550735474,0.0070106498897075,0.016009509563446,0.087719298245614,0.0656431120486656,0.0,0.0,0.7892836928367615,0.0110282823443412,54.381935119628906,48.2591495513916,6.122785568237305,47.612586975097656,0,0,0,0,1,Understand
2396,0.8869853019714355,0.90296471118927,0.8565084934234619,0.0215588230639696,0.0464562177658081,0.25,0.0,0.0,0.0,0.8824974894523621,0.0457411408424377,30.84951400756836,188.22613906860352,157.37662506103516,254.78778076171875,0,0,0,0,0,Understand
2397,0.8622147440910339,0.8871403932571411,0.8126184940338135,0.0350699573755264,0.0745218992233276,0.0104166666666666,0.0147313912747197,0.0,0.0,0.8378711342811584,0.0333829857409,24.00190544128418,28.062996864318848,4.061091423034668,6.91716194152832,0,0,0,0,1,Understand
2398,0.8139023780822754,0.8283095359802246,0.7885258197784424,0.0179987121373415,0.0397837162017822,0.1300813008130081,0.1494697261044734,0.0,0.0,0.8480704426765442,0.0516163222491741,21.544288635253903,51.44691610336304,29.90262746810913,79.7867431640625,0,0,0,0,0,Understand
2399,0.8451741337776184,0.87939453125,0.8098255395889282,0.0284126251935958,0.0695689916610717,0.2252747252747252,0.0077704041888631,0.0,0.0,0.8137850165367126,0.0026571694761514,14.884745597839355,75.60250473022461,60.71775913238525,35.378570556640625,0,0,0,0,0,Understand
2400,0.8141048550605774,0.846493124961853,0.7918205261230469,0.0234355833381414,0.0546725988388061,0.0732323232323232,0.0561265423507395,0.0,0.0,0.8055669665336609,0.0179453045129776,21.13631629943848,49.735475063323975,28.599158763885494,41.1804256439209,0,0,0,0,1,Understand
2401,0.8371860384941101,0.8480297327041626,0.8235349655151367,0.0101950569078326,0.0244947671890258,0.225,0.0735980072193987,0.0,0.0,0.8224740028381348,0.0076663228683173,43.12179565429688,34.249642848968506,8.87215280532837,11.936946868896484,0,0,0,0,1,Understand
2402,0.8138708472251892,0.8446844816207886,0.778584897518158,0.0271697118878364,0.0660995841026306,0.0,0.0,0.0,0.0,0.8395399451255798,0.0177967958152294,28.46340560913086,31.046276092529297,2.582870483398437,18.81181526184082,0,0,0,0,1,Understand
2403,0.7766599655151367,0.8029600381851196,0.7544111013412476,0.0200259704142808,0.048548936843872,0.0185185185185185,0.0261891400439462,0.0,0.0,0.8321517109870911,0.0275872033089399,27.778228759765625,81.50955533981323,53.73132658004761,161.34290504455566,0,0,0,0,0,Understand
2404,0.8655818104743958,0.8923827409744263,0.850951611995697,0.0189776737242937,0.0414311289787292,0.1609649122807017,0.0306954880823205,0.0,0.0,0.8485121130943298,0.0060158637352287,20.48412132263184,87.55300807952881,67.06888675689697,133.8783302307129,0,0,0,0,1,Understand
2405,0.8410592079162598,0.935499906539917,0.7827122211456299,0.0673947632312774,0.1527876853942871,0.1851851851851852,0.2618914004394621,0.0,0.0,0.7915756106376648,0.0037495507858693,23.60630989074707,49.5548677444458,25.94855785369873,90.76973152160645,0,0,0,0,0,Remember
2406,0.8330526947975159,0.9227011203765868,0.7709820866584778,0.0649361982941627,0.1517190337181091,0.1933152664859982,0.256336031110601,0.0,0.0,0.7997893691062927,0.0148951923474669,23.22464179992676,51.44691610336304,28.22227430343628,79.7867431640625,0,0,0,0,0,Create
2407,0.8074076175689697,0.8397260308265686,0.7813051342964172,0.0242518540471792,0.0584208965301513,0.0,0.0,0.0,0.0,0.8310549855232239,0.015121822245419,19.758028030395508,458.5698795318604,438.8118515014648,1378.5891647338867,0,0,0,0,0,Understand
2408,0.860389769077301,0.8853063583374023,0.8198561668395996,0.0289119482040405,0.0654501914978027,0.0104166666666666,0.0147313912747197,0.0,0.0,0.8437601923942566,0.0251714047044515,23.977048873901367,28.062996864318848,4.0859479904174805,6.91716194152832,0,0,0,0,1,Understand
2409,0.8461620211601257,0.8517104387283325,0.8381819725036621,0.0057844310067594,0.0135284662246704,0.1609649122807017,0.0306954880823205,0.0,0.0,0.8650357127189636,0.0188525430858135,19.789934158325195,87.55300807952881,67.76307392120361,133.8783302307129,0,0,0,0,1,Understand
2410,0.8371860384941101,0.8480297327041626,0.8235349655151367,0.0101950569078326,0.0244947671890258,0.225,0.0735980072193987,0.0,0.0,0.8224740028381348,0.0076663228683173,43.12179565429688,34.249642848968506,8.87215280532837,11.936946868896484,0,0,0,0,1,Understand
2411,0.8373270630836487,0.8601545095443726,0.8215402364730835,0.0165316443890333,0.038614273071289,0.2252747252747252,0.0077704041888631,0.0,0.0,0.8429295420646667,0.0298159550875425,14.722491264343262,75.60250473022461,60.88001346588135,35.378570556640625,0,0,0,0,0,Understand
2412,0.757744312286377,0.7661341428756714,0.7512931823730469,0.0062119355425238,0.0148409605026245,0.0,0.0,0.0,0.0,0.7979304194450378,0.0444108471274375,20.09085273742676,58.35561943054199,38.264766693115234,50.16511154174805,0,0,0,0,0,Understand
2413,0.7745464444160461,0.8712218999862671,0.706391453742981,0.0702487304806709,0.1648304462432861,0.1993122941982108,0.1334679427725392,0.0,0.0,0.6770141124725342,0.0297063700854778,49.58223724365234,42.0795636177063,7.502673625946045,30.55950736999512,0,0,0,0,1,Understand
2414,0.7161669731140137,0.7685338258743286,0.6564803123474121,0.0460375435650348,0.1120535135269165,0.1752923976608187,0.0071652343595572,0.0,0.0,0.8083696365356445,0.0222124103456735,88.8879165649414,38.9117922782898,49.97612428665161,44.76682090759277,0,0,0,0,1,Evaluate
2415,0.8327644467353821,0.8756422996520996,0.7848189473152161,0.0372512340545654,0.0908233523368835,0.0,0.0,0.0,0.0,0.8183272480964661,0.0076223844662308,28.07748794555664,290.2953691482544,262.2178812026977,975.8095550537108,0,0,0,0,0,Create
2416,0.8235326409339905,0.8607447147369385,0.7995172142982483,0.0266810003668069,0.0612275004386901,0.1856060606060606,0.0511012786486062,0.0,0.0,0.8244615197181702,0.0412199385464191,204.185302734375,134.16897010803223,70.01633262634277,359.86191177368164,0,0,0,0,0,Remember
2417,0.9228728413581848,0.926011323928833,0.9175394773483276,0.0037908931262791,0.0084718465805053,0.0,0.0,0.0,0.0,0.8961346745491028,0.0193920787423849,41.10094451904297,557.2898082733154,516.1888637542725,972.648567199707,0,0,0,0,0,Remember
2418,0.7994306683540344,0.8210136890411377,0.7825931310653687,0.0160400327295064,0.038420557975769,0.2252567693744164,0.0253157690687896,0.0,0.0,0.7982873916625977,0.0148642845451831,47.14623260498047,39.14918613433838,7.99704647064209,25.113868713378903,0,0,0,0,0,Understand
2419,0.939720332622528,0.946029543876648,0.9315571784973145,0.0060520120896399,0.0144723653793334,0.0,0.0,0.0,0.0,0.949935019016266,0.0114569868892431,52.26723098754883,2095.165435791016,2042.8982048034668,2584.5899658203125,0,0,0,0,0,Remember
2420,0.917490005493164,0.9383748769760132,0.8811416625976562,0.025797301903367,0.0572332143783569,0.0,0.0,0.0,0.0,0.8856331706047058,0.0283935740590095,29.85998916625977,821.0618858337402,791.2018966674805,1268.7880401611328,0,0,0,0,0,Understand
2421,0.9204978942871094,0.9328449964523317,0.914230465888977,0.0087310560047626,0.0186145305633544,0.2303030303030303,0.1279921944360174,0.0,0.0,0.9032389521598816,0.0031230766326189,69.92919921875,44.493350982666016,25.435848236083984,53.41452026367188,0,0,0,0,0,Understand
2422,0.7771074175834656,0.7818136215209961,0.7694084048271179,0.0054887672886252,0.0124052166938781,0.320659407138536,0.1978117394787203,0.0,0.0,0.8450754284858704,0.0285889878869056,40.37245559692383,37.07121276855469,3.3012428283691406,18.77461624145508,0,0,0,0,0,Remember
2423,0.8542354702949524,0.8811022043228149,0.8111735582351685,0.0307594928890466,0.0699286460876464,0.0,0.0,0.0,0.0,0.8073003888130188,0.0140064936131238,120.28765106201172,150.60844135284424,30.32079029083252,388.8475151062012,0,0,0,0,1,Understand
2424,0.7568733096122742,0.8062094449996948,0.6622620224952698,0.0669208243489265,0.143947422504425,0.1897410740292192,0.0157512238885429,0.0,0.0,0.6935712695121765,0.0630945116281509,88.8879165649414,36.94358825683594,51.94432830810547,51.07095718383789,0,0,0,0,1,Evaluate
2425,0.876535177230835,0.9000945687294006,0.8388587236404419,0.0269186925143003,0.0612358450889587,0.0,0.0,0.0,0.0,0.8536617159843445,0.0280667915940284,94.26056671142578,196.48288440704343,102.22231769561768,519.2794914245605,0,0,0,0,0,Understand
2426,0.867137610912323,0.8779532313346863,0.854875922203064,0.0094765955582261,0.0230773091316223,0.3237851973484157,0.1096412857496382,0.0,0.0,0.8734419345855713,0.0208400972187519,59.817718505859375,29.957433700561523,29.86028480529785,5.527902603149414,0,0,0,1,0,Create
2427,0.9255331158638,0.9295207858085632,0.9198100566864014,0.0041499761864542,0.0097107291221618,0.0,0.0,0.0,0.0,0.961137592792511,0.0026734662242233,73.44861602783203,89.50900650024414,16.06039047241211,42.439109802246094,0,0,0,0,0,Understand
2428,0.922772228717804,0.940282940864563,0.9041242599487304,0.0147836105898022,0.0361586809158325,0.0,0.0,0.0,0.0,0.9124359488487244,0.005101088900119,81.35818481445312,1276.612325668335,1195.2541408538818,2599.273292541504,0,0,0,0,1,Understand
2429,0.9018757343292236,0.9369059801101683,0.8672287464141846,0.028446901589632,0.0696772336959838,0.0,0.0,0.0,0.0,0.8904067873954773,0.0186633095145225,152.45191955566406,154.0974159240723,1.6454963684082031,78.43009948730469,0,0,1,0,1,Understand
2430,0.8639176487922668,0.8639176487922668,0.8639176487922668,0.0,0.0,0.0,0.0,0.0,0.0,0.0,0.0,41.22268295288086,1902.5765075683596,1861.3538246154783,3230.844055175781,0,0,0,0,1,Apply
2431,0.9032781720161438,0.919869899749756,0.8850106000900269,0.0142805026844143,0.034859299659729,0.0,0.0,0.0,0.0,0.8753172755241394,0.0552477985620498,98.31304168701172,500.3224048614502,402.0093631744385,1509.5408096313477,0,0,1,0,1,Understand
2432,0.8223606944084167,0.8447504043579102,0.7883299589157104,0.0244602058082819,0.0564204454421997,0.0,0.0,0.0,0.0,0.8532534241676331,0.0713723301887512,92.7327117919922,131.0517816543579,38.31906986236572,186.84417724609372,0,0,0,0,1,Understand
2433,0.7893446087837219,0.8243399262428284,0.7646611928939819,0.0254314746707677,0.0596787333488464,0.046031746031746,0.0326073628320224,0.0,0.0,0.7900964617729187,0.0124431233853101,84.0210952758789,116.13040828704834,32.109313011169434,139.99480056762695,0,0,0,0,1,Understand
2434,0.8440544009208679,0.9594107866287231,0.7835716009140015,0.0816014185547828,0.1758391857147216,0.3390355164548713,0.4352319829362259,0.0,0.0,0.8408188223838806,0.0325689688324928,59.685203552246094,49.14463710784912,10.540566444396973,16.54217529296875,0,0,0,0,1,Remember
2435,0.8689765930175781,0.9151461124420166,0.7932430505752563,0.0539790764451026,0.1219030618667602,0.0,0.0,0.0,0.0,0.8416368365287781,0.0624027252197265,69.71183013916016,132.1658172607422,62.45398712158203,73.43573760986328,0,0,1,0,0,Understand
2436,0.9065160155296326,0.9144182205200196,0.8989224433898926,0.0063298880122601,0.0154957771301269,0.2,0.1632993161855452,0.0,0.0,0.9172207713127136,0.0117284944280982,69.92919921875,44.493350982666016,25.435848236083984,53.41452026367188,0,0,0,0,0,Understand
2437,0.8776662945747375,0.923828125,0.8531566858291626,0.0326621420681476,0.0706714391708374,0.0,0.0,0.0,0.0,0.8753040432929993,0.0020747978705912,43.8826789855957,2271.9295654296875,2228.046886444092,3352.014404296875,0,0,0,0,0,Remember
2438,0.9240331649780272,0.9505755305290222,0.893691897392273,0.0233774948865175,0.0568836331367492,0.2705627705627705,0.195405520403331,0.0,0.0,0.8931402564048767,0.0230373591184616,52.23337173461914,226.5727491378784,174.33937740325928,528.3810157775879,0,0,0,0,0,Remember
2439,0.9564049243927002,0.969065487384796,0.9428277015686036,0.0107311252504587,0.0262377858161926,0.4444444444444444,0.0785674201318386,0.0,0.0,0.948627471923828,0.0118961660191416,41.008934020996094,46.21547889709473,5.206544876098633,21.80785751342773,0,0,0,0,0,Remember
2440,0.8926466107368469,0.9283596873283386,0.8292596340179443,0.0449413806200027,0.0991000533103942,0.4065656565656566,0.2882993560911632,0.0,0.0,0.8698444366455078,0.0420234873890876,37.46623992919922,114.22651481628418,76.76027488708496,80.79248046875,0,0,0,0,1,Understand
2441,0.8884508013725281,0.8975603580474854,0.871992826461792,0.0116596966981887,0.0255675315856933,0.3222222222222222,0.0157134840263677,0.0,0.0,0.8823282122612,0.0269484594464302,22.7179012298584,528.0235404968262,505.3056392669678,902.5643157958984,0,0,0,0,0,Remember
2442,0.7542431354522705,0.7837338447570801,0.7189255952835083,0.0267767515033483,0.0648082494735717,0.0,0.0,0.0,0.0,0.8256127834320068,0.0421214327216148,44.0311164855957,39.748849391937256,4.282267093658447,21.88669776916504,0,0,0,0,1,Understand
2443,0.8063786625862122,0.8255578279495239,0.7694084048271179,0.0261481162160635,0.056149423122406,0.0499999999999999,0.0045360921162651,0.0,0.0,0.8158040642738342,0.0492863059043884,40.37245559692383,37.07121276855469,3.3012428283691406,18.77461624145508,0,0,0,0,0,Remember
2444,0.900968074798584,0.91470205783844,0.8784773349761963,0.0160326156765222,0.0362247228622436,0.0,0.0,0.0,0.0,0.8761675953865051,0.0288512799888849,88.9615707397461,196.48288440704343,107.52131366729736,519.2794914245605,0,0,0,0,0,Understand
2445,0.8342416882514954,0.8811022043228149,0.7947710752487183,0.0356298051774501,0.0863311290740966,0.0,0.0,0.0,0.0,0.8272942900657654,0.0308247320353984,120.28765106201172,150.60844135284424,30.32079029083252,388.8475151062012,0,0,0,0,1,Understand
2446,0.8491201400756836,0.8551810383796692,0.8444586396217346,0.0044878497719764,0.0107223987579345,0.141025641025641,0.1102862213723413,0.0,0.0,0.8344652056694031,0.0122837396338582,36.713993072509766,72.04348278045654,35.32948970794678,134.78864669799805,0,0,0,0,0,Understand
2447,0.7999078631401062,0.8232693672180176,0.7594884634017944,0.0286964774131774,0.0637809038162231,0.0892156862745098,0.0429810004250646,0.0,0.0,0.8294007778167725,0.0204594228416681,40.02522659301758,48.45536470413208,8.430138111114502,51.75503730773926,0,0,0,0,1,Understand
2448,0.852672278881073,0.8613910675048828,0.8482682704925537,0.0061652362346649,0.0131227970123291,0.0606060606060606,0.0428549564355483,0.0,0.0,0.8665647506713867,0.0231958106160163,76.92259216308594,202.16872787475583,125.24613571166992,656.183952331543,0,0,0,0,0,Understand
2449,0.7950544357299805,0.8187338709831238,0.7825931310653687,0.0167516190558671,0.0361407399177551,0.1524248698161741,0.0270149968189325,0.0,0.0,0.8026637434959412,0.0130121307447552,47.14623260498047,39.14918613433838,7.99704647064209,25.113868713378903,0,0,0,0,0,Understand
2450,0.9119204878807068,0.9348822832107544,0.8816494941711426,0.0223383121192455,0.0532327890396118,0.0,0.0,0.0,0.0,0.8785174489021301,0.0502613261342048,41.10094451904297,540.3525943756104,499.2516498565674,971.6806869506836,0,0,0,0,0,Remember
2451,0.8582306504249573,0.8863174915313721,0.8349753022193909,0.0212369486689567,0.0513421893119812,0.3244663382594417,0.0944180766706574,0.0,0.0,0.8838526606559753,0.0332827344536781,59.817718505859375,30.02181625366211,29.795902252197266,7.017465591430664,0,0,0,1,0,Create
2452,0.7745464444160461,0.8712218999862671,0.706391453742981,0.0702487304806709,0.1648304462432861,0.1993122941982108,0.1334679427725392,0.0,0.0,0.6770141124725342,0.0297063700854778,49.58223724365234,42.0795636177063,7.502673625946045,30.55950736999512,0,0,0,0,1,Understand
2453,0.7490506172180176,0.8105162382125854,0.6564803123474121,0.066620297729969,0.1540359258651733,0.1826117098380286,0.0118680018606802,0.0,0.0,0.7754859924316406,0.0455612987279892,88.8879165649414,38.9117922782898,49.97612428665161,44.76682090759277,0,0,0,0,1,Evaluate
2454,0.8037891983985901,0.8165230751037598,0.7848189473152161,0.0136737506836652,0.0317041277885437,0.0,0.0,0.0,0.0,0.8473024964332581,0.0204032994806766,28.07748794555664,290.2953691482544,262.2178812026977,975.8095550537108,0,0,0,0,0,Create
2455,0.8235326409339905,0.8607447147369385,0.7995172142982483,0.0266810003668069,0.0612275004386901,0.1856060606060606,0.0511012786486062,0.0,0.0,0.8244615197181702,0.0412199385464191,204.185302734375,134.16897010803223,70.01633262634277,359.86191177368164,0,0,0,0,0,Remember
2456,0.718813955783844,0.7529171705245972,0.6844021081924438,0.0279720090329647,0.0685150623321533,0.0,0.0,0.0,0.0,0.7331795692443848,0.0235667042434215,42.42156219482422,31.046098232269287,11.375463962554932,23.350191116333008,0,0,0,0,1,Understand
2457,0.8834138512611389,0.921438455581665,0.8503721952438354,0.0292258467525243,0.0710662603378295,0.25,0.0,0.0,0.0,0.8634950518608093,0.017331525683403,22.946613311767575,156.37703800201416,133.43042469024658,263.22411727905273,0,0,0,0,0,Understand
2458,0.906320869922638,0.9262080788612366,0.8764027953147888,0.0215345602482557,0.0498052835464477,0.3333333333333333,0.1178511301977579,0.0,0.0,0.8899330496788025,0.032083660364151,25.599010467529297,72.01885986328125,46.41984939575195,37.26152801513672,0,0,0,0,0,Understand
2459,0.8915629982948303,0.9302287101745604,0.8674056529998779,0.0276230927556753,0.0628230571746826,0.2212121212121212,0.1585633388115288,0.0,0.0,0.8570175766944885,0.0195442605763673,24.432361602783203,68.82597923278809,44.39361763000488,121.55611038208008,0,0,0,0,1,Remember
2460,0.8707717061042786,0.9135221242904664,0.8457911610603333,0.0303721167147159,0.067730963230133,0.2698412698412698,0.0897913372935298,0.0,0.0,0.8392462134361267,0.0084826685488224,73.60379028320312,66.37452697753906,7.2292633056640625,69.28958892822266,0,0,0,0,0,Understand
2461,0.8058414459228516,0.8270611763000488,0.7919237613677979,0.0152457701042294,0.0351374149322509,0.0703989703989704,0.0209690389417528,0.0,0.0,0.8349409699440002,0.0143474396318197,55.77427291870117,21.57540488243103,34.19886803627014,19.93470287322998,0,0,0,0,1,Understand
2462,0.9362523555755616,0.9723673462867736,0.9147400856018066,0.0256924852728843,0.057627260684967,0.2285714285714285,0.1682240165014828,0.0,0.0,0.9169259071350098,0.0058349724858999,27.14952850341797,319.6420383453369,292.49250984191895,591.2311935424805,0,0,0,0,0,Create
2463,0.8490645289421082,0.8786715269088745,0.824815034866333,0.0223108157515525,0.0538564920425415,0.2698412698412698,0.0897913372935298,0.0,0.0,0.8238032460212708,0.0104547496885061,48.11004638671875,66.37452697753906,18.264480590820312,69.28958892822266,0,0,0,0,0,Remember
2464,0.769941508769989,0.8146871328353882,0.7304989099502563,0.0345736406743526,0.0841882228851318,0.075091575091575,0.0628608142920531,0.0,0.0,0.7484968304634094,0.0280573945492506,41.314483642578125,59.36821937561035,18.053735733032227,48.49241256713867,0,0,0,0,0,Understand
2465,0.771304190158844,0.8024692535400391,0.7423378229141235,0.0245977342128753,0.0601314306259155,0.25,0.0,0.0,0.0,0.8367759585380554,0.0508143045008182,31.60358047485352,123.108980178833,91.50539970397948,132.93714904785156,0,0,0,0,0,Create
2466,0.9105797410011292,0.9105797410011292,0.9105797410011292,0.0,0.0,0.0,0.0,0.0,0.0,0.0,0.0,20.80577087402344,1902.5765075683596,1881.770736694336,3230.844055175781,0,0,0,0,1,Apply
2467,0.8453865051269531,0.9217623472213744,0.8008522987365723,0.054253913462162,0.1209100484848022,0.1666666666666666,0.2357022603955158,0.0,0.0,0.8168882727622986,0.0226308070123195,47.23124313354492,96.06030178070068,48.82905864715576,187.1856002807617,0,0,0,0,0,Remember
2468,0.7202699184417725,0.763979971408844,0.6860975623130798,0.0325027517974376,0.0778824090957641,0.0,0.0,0.0,0.0,0.8008849024772644,0.0049636987969279,40.24975204467773,178.07882118225098,137.82906913757324,305.6890106201172,0,0,0,0,0,Analyze
2469,0.9380715489387512,0.9610002636909484,0.9203463196754456,0.0169998444616794,0.0406539440155029,0.1587301587301587,0.0112239171616912,0.0,0.0,0.9246041178703308,0.0063960505649447,24.645095825195312,328.91017150878906,304.2650756835937,491.773193359375,0,0,0,0,0,Understand
2470,0.93692809343338,0.9576736688613892,0.9117528200149536,0.0190069731324911,0.0459208488464355,0.1845238095238095,0.1799549578313211,0.0,0.0,0.9268776774406432,0.0050691678188741,32.5369873046875,183.24114608764648,150.70415878295898,288.3681640625,0,0,0,0,0,Remember
2471,0.93692809343338,0.9576736688613892,0.9117528200149536,0.0190069731324911,0.0459208488464355,0.1845238095238095,0.1799549578313211,0.0,0.0,0.9268776774406432,0.0050691678188741,32.5369873046875,183.24114608764648,150.70415878295898,288.3681640625,0,0,0,0,0,Remember
2472,0.8635013103485107,0.9618792533874512,0.7648804187774658,0.0804246217012405,0.1969988346099853,0.1851851851851852,0.2618914004394621,0.0,0.0,0.8245999217033386,0.042484775185585,17.282838821411133,104.22039699554443,86.9375581741333,97.69929122924805,0,0,0,0,0,Create
2473,0.8453865051269531,0.9217623472213744,0.8008522987365723,0.054253913462162,0.1209100484848022,0.1666666666666666,0.2357022603955158,0.0,0.0,0.8168882727622986,0.0226308070123195,47.23124313354492,96.06030178070068,48.82905864715576,187.1856002807617,0,0,0,0,0,Remember
2474,0.7715124487876892,0.8077206611633301,0.7107322216033936,0.0432398431003093,0.0969884395599365,0.0892857142857142,0.063554037214472,0.0,0.0,0.7496423721313477,0.0471340604126453,40.24975204467773,178.07882118225098,137.82906913757324,305.6890106201172,0,0,0,0,0,Analyze
2475,0.9104394912719728,0.9175752401351928,0.9053055047988892,0.0052052466198801,0.0122697353363037,0.2083333333333333,0.0900102874778869,0.0,0.0,0.9191246032714844,0.0171209331601858,16.688373565673828,328.91017150878906,312.22179794311523,491.773193359375,0,0,0,0,1,Analyze
2476,0.92272287607193,0.933972954750061,0.9117528200149536,0.0090734921395778,0.0222201347351074,0.0,0.0,0.0,0.0,0.941082775592804,0.0136600174009799,32.5369873046875,183.24114608764648,150.70415878295898,288.3681640625,0,0,0,0,0,Remember
2477,0.8193387985229492,0.8448243141174316,0.7985392808914185,0.0191841032356023,0.0462850332260131,0.1492008137169427,0.0673304548874375,0.0,0.0,0.8214435577392578,0.0221682209521532,55.77427291870117,21.57540488243103,34.19886803627014,19.93470287322998,0,0,0,0,1,Understand
2478,0.7516515851020813,0.7790311574935913,0.7112850546836853,0.0291419550776481,0.067746102809906,0.0444444444444444,0.0314269680527354,0.0,0.0,0.7667868137359619,0.0353369489312171,41.314483642578125,59.36821937561035,18.053735733032227,48.49241256713867,0,0,0,0,0,Understand
2479,0.7079795002937317,0.7369000315666199,0.6844021081924438,0.0217626430094242,0.052497923374176,0.0,0.0,0.0,0.0,0.7440139651298523,0.0178369134664535,42.42156219482422,31.046098232269287,11.375463962554932,23.350191116333008,0,0,0,0,1,Understand
2480,0.8989489674568176,0.9133191108703612,0.8873714804649353,0.0107755661010742,0.025947630405426,0.175,0.0353553390593273,0.0,0.0,0.8855874538421631,0.0133269038051366,28.68097686767578,331.08417320251465,302.40319633483887,368.367073059082,0,0,0,0,1,Analyze
2481,0.8098624348640442,0.8205344676971436,0.7885912656784058,0.0150410449132323,0.0319432020187377,0.1944444444444444,0.0392837100659193,0.0,0.0,0.843264102935791,0.0129697434604167,78.66093444824219,31.75178050994873,46.90915393829346,6.213935852050781,0,0,0,0,0,Evaluate
2482,0.8870742917060852,0.915706753730774,0.854823112487793,0.0249870177358388,0.0608836412429809,0.3649867374005305,0.0391448193996825,0.0,0.0,0.8988780379295349,0.0108222011476755,46.56836318969727,30.57400703430176,15.994356155395508,3.825124740600586,0,0,0,0,0,Evaluate
2483,0.8505346775054932,0.8732337951660156,0.8389880657196045,0.0160515196621418,0.0342457294464111,0.2203703703703703,0.0799090704088571,0.0,0.0,0.8250464797019958,0.0070022637955844,49.74458312988281,189.65440845489505,139.9098253250122,501.1774444580078,0,0,0,0,0,Understand
2484,0.8991166949272156,0.9092479944229126,0.8887438178062439,0.0083725359290838,0.0205041766166687,0.1333333333333333,0.0942809041582063,0.0,0.0,0.9006745219230652,0.0156825892627239,33.14809036254883,123.85185813903809,90.70376777648926,69.74250030517578,0,0,0,0,0,Evaluate
2485,0.8353869318962097,0.8448261022567749,0.8189742565155029,0.0116490982472896,0.0258518457412719,0.0652380952380952,0.0208764859207456,0.0,0.0,0.8769394755363464,0.0216348618268966,57.04665756225586,60.59244537353516,3.545787811279297,62.02678298950195,0,0,0,0,1,Understand
2486,0.8365842700004578,0.8794427514076233,0.813613772392273,0.0303316134959459,0.0658289790153503,0.1200897867564534,0.0233812195914698,0.0,0.0,0.8121967315673828,0.0238470379263162,30.90852928161621,34.62631320953369,3.717783927917481,24.942188262939453,0,0,0,0,0,Understand
2487,0.8860759735107422,0.9152290225028992,0.8601057529449463,0.0226162429898977,0.0551232695579528,0.6770833333333334,0.0531147865999248,0.0,0.0,0.8670465350151062,0.0113204289227724,49.77864456176758,34.03512001037598,15.743524551391602,15.579940795898438,0,0,0,0,0,Understand
2488,0.9050434231758118,0.9111685752868652,0.8934502601623535,0.0082020321860909,0.0177183151245117,0.8063241106719369,0.0167693307791276,0.0,0.0,0.8918421864509583,0.0160705186426639,40.35608673095703,34.869372844696045,5.486713886260986,6.153326034545898,0,0,0,0,0,Understand
2489,0.8809051513671875,0.8868225812911987,0.8726236820220947,0.0060329083353281,0.014198899269104,0.6676986584107327,0.1371889317472352,0.0,0.0,0.889744222164154,0.0068317535333335,61.56017303466797,110.99651718139648,49.43634414672852,70.56765747070312,0,0,1,0,0,Remember
2490,0.835066020488739,0.8474526405334473,0.8158084750175476,0.0138020357117056,0.0316441655158996,0.0,0.0,0.0,0.0,0.914234459400177,0.009336756542325,61.88899612426758,100.82854080200195,38.939544677734375,236.46589279174805,0,0,0,0,0,Remember
2491,0.8733770847320557,0.8794553279876709,0.8663716316223145,0.0053814882412552,0.0130836963653564,0.0,0.0,0.0,0.0,0.867608368396759,0.0217930153012275,50.49958419799805,193.29765033721924,142.7980661392212,522.7235221862793,0,0,0,0,0,Create
2492,0.9549553990364076,0.962209939956665,0.9410260319709778,0.0098523935303092,0.0211839079856872,0.2,2.775557561562892e-17,0.0,0.0,0.9561233520507812,0.004546096548438,67.92815399169922,120.38968753814696,52.46153354644776,173.8374366760254,0,0,0,0,0,Understand
2493,0.821826159954071,0.8349192142486572,0.7977887392044067,0.0170196443796157,0.0371304750442504,0.0,0.0,0.0,0.0,0.8122868537902832,0.00996168050915,67.80682373046875,121.46757555007936,53.6607518196106,356.2739124298096,0,0,0,0,0,Understand
2494,0.8689644932746887,0.90107661485672,0.8425348997116089,0.024234989657998,0.058541715145111,0.0476190476190476,0.0673435029701473,0.0,0.0,0.917701244354248,0.0138569734990596,57.01353454589844,1207.1694431304932,1150.1559085845947,2558.6112747192383,0,0,0,0,0,Understand
2495,0.9092469215393066,0.9310100078582764,0.8846441507339478,0.0190349798649549,0.0463658571243286,0.0,0.0,0.0,0.0,0.9179269671440125,0.0107794180512428,66.8421859741211,103.7974042892456,36.95521831512451,159.17197036743164,0,0,1,0,0,Understand
2496,0.8602942824363708,0.8731404542922974,0.8351297378540039,0.0177953243255615,0.0380107164382934,0.0626010626010626,0.0512924556424176,0.0,0.0,0.8153543472290039,0.0300955474376678,45.81011199951172,40.7358627319336,5.074249267578125,40.13937759399414,0,0,0,0,0,Understand
2497,0.828169047832489,0.8488708734512329,0.7933335304260254,0.0247779600322246,0.0555373430252075,0.098731884057971,0.0264703608626856,0.0,0.0,0.809359610080719,0.0261493325233459,51.06721115112305,24.413307666778564,26.65390348434448,12.810331344604492,0,0,0,0,1,Understand
2498,0.8513227105140686,0.8615672588348389,0.8434483408927917,0.0075845126993954,0.0181189179420471,0.1410934744268077,0.1020796905007956,0.0,0.0,0.8348858952522278,0.0161006469279527,55.377532958984375,34.612714767456055,20.76481819152832,28.89739990234375,0,0,0,0,0,Understand
2499,0.8527653813362122,0.8581581115722656,0.8458458185195923,0.0051411124877631,0.0123122930526733,0.0416666666666666,0.0589255650988789,0.0,0.0,0.8530595898628235,0.0293181221932172,71.72706604003906,413.178671836853,341.451605796814,1306.555088043213,0,0,0,0,0,Understand
2500,0.8972012400627136,0.9150131940841676,0.8630193471908569,0.0241773761808872,0.0519938468933105,0.0999999999999999,0.1414213562373095,0.0,0.0,0.8992392420768738,0.0097973402589559,50.04349899291992,98.30400466918944,48.26050567626953,68.2600326538086,0,0,0,0,0,Understand
2501,0.8723128437995911,0.8746815919876099,0.8703957796096802,0.0017785925883799,0.0042858123779296,0.0,0.0,0.0,0.0,0.8486559987068176,0.0039538228884339,79.35930633544922,168.38675594329834,89.02744960784912,231.9733619689941,0,0,0,0,1,Understand
2502,0.9007856249809264,0.9074501395225524,0.8936002850532532,0.0056661549024283,0.0138498544692993,0.2,2.775557561562892e-17,0.0,0.0,0.9070324301719666,0.0077536678873002,61.56017303466797,588.6595077514648,527.0993347167969,223.95120239257807,0,0,1,0,0,Remember
2503,0.8772890567779541,0.9119341373443604,0.8158084750175476,0.0435900650918483,0.0961256623268127,0.0666666666666666,0.0942809041582063,0.0,0.0,0.8720114827156067,0.0386973060667514,61.88899612426758,100.82854080200195,38.939544677734375,236.46589279174805,0,0,0,0,0,Remember
2504,0.8747988343238831,0.8922556638717651,0.8540411591529846,0.0157746467739343,0.0382145047187805,0.2063492063492063,0.0897913372935298,0.0,0.0,0.85028475522995,0.0098489765077829,79.20774841308594,363.080982208252,283.873233795166,385.3618927001953,0,0,0,0,0,Remember
2505,0.8984739780426025,0.91416335105896,0.8905652761459351,0.0110941985622048,0.0235980749130249,0.4069352869352869,0.0499912673642099,0.0,0.0,0.8874784111976624,0.0250519886612892,46.56836318969727,30.57400703430176,15.994356155395508,3.825124740600586,0,0,0,0,0,Evaluate
2506,0.8442416191101074,0.846013069152832,0.8418861627578735,0.0017346865497529,0.0041269063949584,0.2083333333333333,0.0294627825494394,0.0,0.0,0.8452480435371399,0.0110079273581504,78.66093444824219,31.821776390075684,46.8391580581665,7.145597457885742,0,0,0,0,0,Evaluate
2507,0.8286575675010681,0.8389880657196045,0.8153497576713562,0.0098772700875997,0.0236383080482482,0.1952380952380952,0.1381773155099705,0.0,0.0,0.8469235897064209,0.0191604476422071,49.74458312988281,189.65440845489505,139.9098253250122,501.1774444580078,0,0,0,0,0,Understand
2508,0.8353869318962097,0.8448261022567749,0.8189742565155029,0.0116490982472896,0.0258518457412719,0.0652380952380952,0.0208764859207456,0.0,0.0,0.8769394755363464,0.0216348618268966,57.04665756225586,60.59244537353516,3.545787811279297,62.02678298950195,0,0,0,0,1,Understand
2509,0.8532142043113708,0.8875715732574463,0.8234508037567139,0.02637798525393,0.0641207695007324,0.0208333333333333,0.0294627825494394,0.0,0.0,0.8288647532463074,0.0157256312668323,39.193809509277344,68.37200450897217,29.178194999694824,151.20405197143555,0,0,0,0,0,Understand
2510,0.8498916625976562,0.8733974695205688,0.830168604850769,0.0178496688604354,0.0432288646697998,0.0626780626780626,0.0464658302857552,0.0,0.0,0.8319113850593567,0.0023315886501222,45.3135986328125,37.96213579177856,7.351462841033935,33.620052337646484,0,0,0,0,0,Understand
2511,0.7932478785514832,0.821629524230957,0.7580990195274353,0.026373928412795,0.0635305047035217,0.0625,0.0883883476483184,0.0,0.0,0.7941412925720215,0.0260538905858993,40.35608673095703,95.45236682891846,55.09628009796143,120.4040641784668,0,0,0,0,0,Understand
2512,0.8195446133613586,0.8480952978134155,0.7794477343559265,0.0291902869939804,0.068647563457489,0.0570764891322382,0.0503325996367376,0.0,0.0,0.7997061610221863,0.0222836900502443,43.06797790527344,29.94653987884521,13.121438026428224,13.055139541625977,0,0,0,0,0,Understand
2513,0.805624783039093,0.8276486396789551,0.7665585279464722,0.0276987459510564,0.0610901117324829,0.0334168755221386,0.0237177436367224,0.0,0.0,0.766765296459198,0.0402741283178329,105.18309783935548,29.718685150146484,75.46441268920898,20.195701599121094,0,0,0,0,0,Evaluate
2514,0.8298616409301758,0.8596976399421692,0.8093808889389038,0.021580621600151,0.0503167510032653,0.0,0.0,0.0,0.0,0.8627713322639465,0.0318110138177871,67.6123046875,251.8911247253418,184.2788200378418,501.1774444580078,0,0,0,0,0,Remember
2515,0.86448734998703,0.8946064710617065,0.8123547434806824,0.0370115712285041,0.0822517275810241,0.0,0.0,0.0,0.0,0.8326420187950134,0.0447491183876991,40.189918518066406,554.1638851165771,513.9739665985107,966.5224380493164,0,0,0,0,0,Remember
2516,0.7993481159210205,0.8242518901824951,0.7623435854911804,0.0266830790787935,0.0619083046913147,0.1005278246657557,0.0181984731484405,0.0,0.0,0.8347737193107605,0.0353591218590736,32.94551467895508,42.6894006729126,9.74388599395752,33.898555755615234,0,0,0,0,0,Understand
2517,0.8829736113548279,0.9059085845947266,0.8458175659179688,0.0265130177140235,0.0600910186767578,0.0256410256410256,0.0362618862146947,0.0,0.0,0.8338972926139832,0.0273894555866718,22.63474464416504,46.447601318359375,23.812856674194336,24.37609100341797,0,0,0,0,1,Understand
2518,0.8783133625984192,0.8987914323806763,0.8452070355415344,0.0236280616372823,0.0535843968391418,0.2213725490196078,0.073909345221252,0.0,0.0,0.8526203036308289,0.0325208082795143,23.52763557434082,30.3371319770813,6.809496402740479,9.287918090820312,0,0,0,0,1,Understand
2519,0.9004465937614441,0.9195516109466552,0.8802629113197327,0.0160576682537794,0.0392886996269226,0.0851648351648351,0.0157018573255331,0.0,0.0,0.8576763272285461,0.0090907216072082,17.734310150146484,32.248393535614014,14.51408338546753,16.951311111450195,0,0,0,0,1,Evaluate
2520,0.8481629490852356,0.8500772714614868,0.8471226692199707,0.0013553176540881,0.0029546022415161,0.0,0.0,0.0,0.0,0.835577666759491,0.0098726088181138,25.79393768310547,74.55418395996094,48.76024627685547,36.4373779296875,0,0,0,0,1,Remember
2521,0.8499254584312439,0.8586590886116028,0.8380998969078064,0.0086733419448137,0.0205591917037963,0.291005291005291,0.0972739487346573,0.0,0.0,0.9081187844276428,0.006411787122488,22.74481964111328,102.98214149475098,80.2373218536377,83.7773666381836,0,0,0,0,0,Analyze
2522,0.922373592853546,0.9412673711776732,0.889081597328186,0.02361243031919,0.0521857738494873,0.4814814814814814,0.0261891400439462,0.0,0.0,0.9066631197929382,0.0123930880799889,21.56775665283203,128.53984260559082,106.9720859527588,83.7773666381836,0,0,0,0,1,Analyze
2523,0.8737719058990479,0.8818840980529785,0.8644328713417053,0.0071770623326301,0.0174512267112731,0.2142646625405246,0.0421945144653255,0.0,0.0,0.8825890421867371,0.0203423462808132,44.44939422607422,22.029492378234863,22.419901847839355,19.89247131347656,0,0,0,0,1,Understand
2524,0.9243583083152772,0.9415032863616944,0.8951783180236816,0.0207385383546352,0.0463249683380126,0.1888888888888888,0.0157134840263677,0.0,0.0,0.918822467327118,0.0282670743763446,20.27683448791504,369.353759765625,349.07692527771,325.8974609375,0,0,0,0,1,Analyze
2525,0.8403081893920898,0.8634002208709717,0.8262502551078796,0.0164568573236465,0.037149965763092,0.0,0.0,0.0,0.0,0.8300726413726807,0.0244805011898279,17.431093215942383,124.73517990112305,107.30408668518066,189.1811294555664,0,0,0,0,0,Understand
2526,0.9558190703392028,0.9640379548072816,0.9500269889831544,0.005971813108772,0.0140109658241271,0.2,2.775557561562892e-17,0.0,0.0,0.953502357006073,0.0065850084647536,19.7619743347168,134.23333168029785,114.47135734558104,32.953697204589844,0,0,0,0,0,Understand
2527,0.8561455607414246,0.8658006191253662,0.8505499362945557,0.0068559367209672,0.0152506828308105,0.0158730158730158,0.0224478343233824,0.0,0.0,0.8635572791099548,0.0243294686079025,21.112035751342773,33.593844413757324,12.48180866241455,21.275089263916016,0,0,0,0,0,Create
2528,0.8284134268760681,0.843880295753479,0.8021335601806641,0.0186795350164175,0.0417467355728149,0.0889724310776942,0.0911777933011591,0.0,0.0,0.8472023606300354,0.0176236629486084,21.647605895996094,61.178489685058594,39.5308837890625,122.10286712646484,0,0,0,0,0,Remember
2529,0.80296391248703,0.8206049203872681,0.783959150314331,0.014991614036262,0.036645770072937,0.0222222222222222,0.0314269680527354,0.0,0.0,0.7972732186317444,0.0427753590047359,48.8487663269043,40.30002498626709,8.548741340637207,21.607723236083984,0,0,0,0,1,Understand
2530,0.6739473342895508,0.6959913969039917,0.6589592695236206,0.0159203205257654,0.037032127380371,0.1775735294117647,0.01787788176172,0.0,0.0,0.8397170901298523,0.0189089886844158,22.907638549804688,43.494954109191895,20.587315559387207,21.704242706298828,0,0,0,0,0,Understand
2531,0.8725293278694153,0.8889062404632568,0.8567059636116028,0.0131515320390462,0.032200276851654,0.3089133089133088,0.019459557326629,0.0,0.0,0.8632825016975403,0.0194845981895923,22.95646858215332,32.69523334503174,9.738764762878418,15.325252532958984,0,0,0,0,1,Understand
2532,0.8459771275520325,0.8665246367454529,0.8278753757476807,0.0158729832619428,0.0386492609977722,0.2789432789432789,0.0421016851100048,0.0,0.0,0.8523624539375305,0.0273448918014764,30.96408462524414,35.36530351638794,4.401218891143799,22.23750114440918,0,0,0,0,0,Create
2533,0.79706209897995,0.8128234148025513,0.7675107717514038,0.0209114104509353,0.0453126430511474,0.0661091198725607,0.0689808260308075,0.0,0.0,0.7871164679527283,0.0511513724923133,21.692018508911133,47.41636562347412,25.72434711456299,47.051212310791016,0,0,0,0,1,Understand
2534,0.8487746119499207,0.867219090461731,0.83708655834198,0.0131966900080442,0.0301325321197509,0.3747899159663865,0.1524200806576652,0.0,0.0,0.833892822265625,0.0125464405864477,45.21429443359375,29.74024486541748,15.47404956817627,11.619108200073242,0,0,0,0,0,Understand
2535,0.7979450225830078,0.8271353244781494,0.7735263109207153,0.0221443474292755,0.053609013557434,0.0,0.0,0.0,0.0,0.8197782635688782,0.0439978614449501,33.225101470947266,183.52582168579104,150.30072021484375,355.96166229248047,0,0,0,0,0,Understand
2536,0.8473349213600159,0.8589189052581787,0.829526960849762,0.0127808460965752,0.0293919444084167,0.3896103896103896,0.0459160247523732,0.0,0.0,0.8389787077903748,0.0343227423727512,29.507789611816406,366.511095046997,337.00330543518066,809.814811706543,0,0,0,0,0,Understand
2537,0.8781926035881042,0.9075218439102172,0.8533085584640503,0.022354569286108,0.0542132854461669,0.0666666666666666,0.0942809041582063,0.0,0.0,0.8995688557624817,0.029189458116889,47.26938629150391,558.2061195373535,510.9367332458496,864.5855255126953,0,0,0,0,0,Remember
2538,0.90328711271286,0.9146839380264282,0.8944212198257446,0.0084636127576231,0.0202627182006835,0.2748850736466836,0.1552250156259702,0.0,0.0,0.9121443629264832,0.0214648842811584,27.95884895324707,33.037635803222656,5.078786849975586,10.867738723754885,0,0,0,0,0,Evaluate
2539,0.8282483220100403,0.8642159104347229,0.799750804901123,0.0268426146358251,0.0644651055335998,0.1645253628012248,0.0415351908685879,0.0,0.0,0.8178558349609375,0.016286352649331,43.00032043457031,38.275028228759766,4.725292205810547,75.75465774536133,0,0,0,0,0,Remember
2540,0.8647850155830383,0.8673454523086548,0.8623502254486084,0.0020412260200828,0.0049952268600463,0.0,0.0,0.0,0.0,0.902862548828125,0.0308075752109289,41.029579162597656,453.3635559082031,412.3339767456055,879.6309051513672,0,0,0,0,0,Remember
2541,0.8202983736991882,0.8567603826522827,0.7810928821563721,0.0309519842267036,0.0756675004959106,0.0,0.0,0.0,0.0,0.8149576187133789,0.0309306345880031,25.5030574798584,47.432156562805176,21.929099082946777,63.041954040527344,0,0,0,0,0,Understand
2542,0.9083766341209412,0.9260798692703248,0.8917450904846191,0.0140375858172774,0.0343347787857055,0.8095238095238096,1.1102230246251563e-16,0.0,0.0,0.8912847638130188,0.0030130508821457,55.045448303222656,38.13775253295898,16.907695770263672,0.795562744140625,0,0,0,0,0,Understand
2543,0.8359413146972656,0.8652520179748535,0.8168168067932129,0.0210445970296859,0.0484352111816406,0.0238095238095238,0.0336717514850736,0.0,0.0,0.8482139706611633,0.0132673792541027,38.68654251098633,105.40718460083008,66.72064208984375,102.53272247314452,0,0,0,0,0,Create
2544,0.8033691048622131,0.8332846164703369,0.7815698385238647,0.0218785908073186,0.0517147779464721,0.1944444444444444,0.2749859704614352,0.0,0.0,0.8241479396820068,0.0289175324141979,29.59109878540039,60.71401023864746,31.12291145324707,58.00837326049805,0,0,0,0,0,Remember
2545,0.8218523859977722,0.8390858173370361,0.7927027940750122,0.0207258686423301,0.0463830232620239,0.0587301587301587,0.0179582674587059,0.0,0.0,0.8480162620544434,0.0307618509978055,31.45604705810547,27.18475556373596,4.271291494369507,18.69825267791748,0,0,0,0,0,Create
2546,0.923624575138092,0.934341311454773,0.9158956408500672,0.0078211408108472,0.0184456706047058,0.0,0.0,0.0,0.0,0.9433229565620422,0.0074770366773009,54.73356628417969,66.95376491546631,12.22019863128662,21.77665328979492,0,0,0,0,0,Understand
2547,0.9472179412841796,0.9627501964569092,0.9376148581504822,0.0110849346965551,0.025135338306427,0.0,0.0,0.0,0.0,0.9456622004508972,0.0079089542850852,51.30232238769531,3608.654052734375,3557.35173034668,2026.162841796875,0,0,1,0,0,Understand
2548,0.8142759203910828,0.8542198538780212,0.7684592008590698,0.0352570600807666,0.0857606530189514,0.3333333333333333,0.2357022603955158,0.0,0.0,0.7904973030090332,0.0396927334368228,36.07480239868164,55.40433216094971,19.329529762268063,39.6442756652832,0,0,1,0,0,Understand
2549,0.9374411702156068,0.9405003786087036,0.9332505464553832,0.0030659446492791,0.0072498321533203,0.0,0.0,0.0,0.0,0.9344574809074402,0.008915850892663,43.17631912231445,105.40012550354004,62.22380638122559,61.23819732666016,0,0,0,0,0,Understand
2550,0.9364824891090392,0.9364824891090392,0.9364824891090392,0.0,0.0,0.0,0.0,0.0,0.0,0.0,0.0,34.99857711791992,1902.5765075683596,1867.5779304504397,3230.844055175781,0,0,0,0,1,Apply
2551,0.7910906672477722,0.8144333958625793,0.7736330032348633,0.0171686448156833,0.040800392627716,0.0,0.0,0.0,0.0,0.7831628918647766,0.0294248834252357,85.50045013427734,297.19407892227173,211.6936287879944,1038.3034992218018,0,0,1,0,0,Understand
2552,0.8259820938110352,0.83736252784729,0.8085845708847046,0.0124952448531985,0.0287779569625854,0.0,0.0,0.0,0.0,0.8325392603874207,0.0324543081223964,39.867164611816406,46.96220588684082,7.095041275024414,32.68572235107422,0,0,0,0,1,Understand
2553,0.8776480555534363,0.8827903270721436,0.8727706670761108,0.004094794858247,0.0100196599960327,0.0648148148148148,0.0472131436443776,0.0,0.0,0.8528268933296204,0.017975490540266,35.5478401184082,105.8598403930664,70.3120002746582,134.1107406616211,0,0,0,0,0,Create
2554,0.8550321459770203,0.8669525384902954,0.8480868935585022,0.0084672765806317,0.0188656449317932,0.037037037037037,0.0523782800878924,0.0,0.0,0.8761530518531799,0.0162191186100244,47.61186218261719,74.07974243164062,26.46788024902344,66.37626647949219,0,0,0,0,1,Understand
2555,0.8548582196235657,0.8704540729522705,0.8249751329421997,0.0211372729390859,0.0454789400100708,0.1633439659755449,0.1078396112787451,0.0,0.0,0.8533015251159668,0.0116297854110598,72.70556640625,39.435287952423096,33.270278453826904,18.86647605895996,0,0,0,0,1,Understand
2556,0.9378682971000672,0.9550060629844666,0.9280922412872314,0.0121582727879285,0.0269138216972351,0.1333333333333333,0.0942809041582063,0.0,0.0,0.9205884337425232,0.0193485338240861,55.55397033691406,2805.369873046875,2749.815902709961,1504.50927734375,0,0,0,0,0,Understand
2557,0.8371992111206055,0.8635767698287964,0.8168168067932129,0.0195547211915254,0.0467599630355834,0.0,0.0,0.0,0.0,0.8469560742378235,0.0162549130618572,38.68654251098633,105.40718460083008,66.72064208984375,102.53272247314452,0,0,0,0,0,Create
2558,0.8094942569732666,0.8240561485290527,0.7893903851509094,0.0146847907453775,0.0346657633781433,0.0652329749103942,0.0526869529032629,0.0,0.0,0.816707193851471,0.0146658411249518,53.38825607299805,40.92068529129028,12.467570781707764,74.10518264770508,0,0,0,0,0,Evaluate
2559,0.7823772430419922,0.8366037607192993,0.7073267102241516,0.0547927469015121,0.1292770504951477,0.0362745098039215,0.0259016564972998,0.0,0.0,0.7664178013801575,0.0266390666365623,40.35608673095703,41.82773351669312,1.471646785736084,40.853628158569336,0,0,0,0,0,Understand
2560,0.8227298855781555,0.8568854331970215,0.7913892269134521,0.0268126893788576,0.0654962062835693,0.0536062378167641,0.0013783757917866,0.0,0.0,0.8338623046875,0.0277333483099937,59.540802001953125,61.95018196105957,2.4093799591064453,65.16322326660156,0,0,0,0,0,Understand
2561,0.9430681467056274,0.9430681467056274,0.9430681467056274,0.0,0.0,0.0,0.0,0.0,0.0,0.0,0.0,15.88031768798828,1902.5765075683596,1886.696189880371,3230.844055175781,0,0,0,0,1,Apply
2562,0.8353061079978943,0.8755547404289246,0.8009090423583984,0.0307536069303751,0.0746456980705261,0.0366300366300366,0.0291893359899436,0.0,0.0,0.8294782042503357,0.0232821963727474,88.16796875,27.82819414138794,60.33977460861206,13.009248733520508,0,0,0,0,0,Evaluate
2563,0.8449916243553162,0.867219090461731,0.8185116648674011,0.0201107859611511,0.0487074255943298,0.3747899159663865,0.1524200806576652,0.0,0.0,0.8376758694648743,0.0033311622682958,45.21429443359375,29.74024486541748,15.47404956817627,11.619108200073242,0,0,0,0,0,Understand
2564,0.7979450225830078,0.8271353244781494,0.7735263109207153,0.0221443474292755,0.053609013557434,0.0,0.0,0.0,0.0,0.8197782635688782,0.0439978614449501,33.225101470947266,183.52582168579104,150.30072021484375,355.96166229248047,0,0,0,0,0,Understand
2565,0.785790205001831,0.8103698492050171,0.767916202545166,0.0179685335606336,0.042453646659851,0.0418300653594771,0.0297511285666432,0.0,0.0,0.7659845352172852,0.0251307990401983,40.750526428222656,34.88923692703247,5.8612895011901855,10.710115432739258,0,0,0,0,0,Understand
2566,0.8391752243041992,0.8528168201446533,0.8296332359313965,0.0098986271768808,0.0231835842132568,0.0362745098039215,0.0259016564972998,0.0,0.0,0.8231400847434998,0.0170902106910944,34.42702102661133,28.517342567443848,5.9096784591674805,14.305519104003906,0,0,0,0,0,Understand
2567,0.9126599431037904,0.9385167360305786,0.891941487789154,0.0193582717329263,0.0465752482414245,0.0666666666666666,0.0942809041582063,0.0,0.0,0.8651015162467957,0.008635745383799,47.26938629150391,558.2061195373535,510.9367332458496,864.5855255126953,0,0,0,0,0,Remember
2568,0.8673877120018005,0.9051780104637146,0.838583767414093,0.0279197040945291,0.0665942430496215,0.1900252525252525,0.0919595940179474,0.0,0.0,0.837254524230957,0.0329452939331531,58.25918960571289,36.45243167877197,21.80675792694092,6.405281066894531,0,0,0,0,0,Understand
2569,0.8998217582702637,0.9321597814559937,0.8673454523086548,0.0264605209231376,0.0648143291473388,0.0666666666666666,0.0942809041582063,0.0,0.0,0.8856928944587708,0.0169886723160743,41.029579162597656,553.9544258117676,512.9248466491699,879.6309051513672,0,0,0,0,0,Remember
2570,0.8243429064750671,0.8604974150657654,0.7991670966148376,0.0262138675898313,0.0613303184509277,0.0144927536231884,0.0204958487300448,0.0,0.0,0.7771251797676086,0.0112683707848191,41.36067581176758,29.38388681411743,11.976788997650146,19.72711563110352,0,0,0,0,0,Remember
2571,0.8117904663085938,0.8244100213050842,0.7973292469978333,0.0111321089789271,0.0270807743072509,0.0303030303030303,0.0428549564355483,0.0,0.0,0.8049737811088562,0.0359873510897159,72.82860565185547,33.264699935913086,39.56390571594238,20.601381301879883,0,0,0,0,0,Evaluate
2572,0.8268478512763977,0.8420577645301819,0.7989096641540527,0.0197812430560588,0.0431481003761291,0.0,0.0,0.0,0.0,0.8379462361335754,0.0332315787672996,31.70618438720703,139.72310543060303,108.016921043396,190.8782081604004,0,0,0,0,1,Remember
2573,0.8268942832946777,0.8415660262107849,0.8008449077606201,0.0184686928987503,0.0407211184501647,0.0,0.0,0.0,0.0,0.8430201411247253,0.0283666215837001,43.50380325317383,73.72158718109131,30.21778392791748,46.404293060302734,0,0,0,0,0,Remember
2574,0.8233809471130371,0.8515967130661011,0.7947407960891724,0.0232132691890001,0.0568559169769287,0.0,0.0,0.0,0.0,0.8145031929016113,0.0435863025486469,47.62857437133789,73.46376705169678,25.835192680358887,79.9314956665039,0,0,0,0,0,Understand
2575,0.8770623207092285,0.8870880603790283,0.8711592555046082,0.0071264202706515,0.0159288048744201,0.25,0.0,0.0,0.0,0.9076361656188964,0.006075678858906,79.49971008300781,63.45668888092041,16.043021202087402,29.790298461914062,0,0,0,0,0,Understand
2576,0.9102180004119872,0.9480522274971008,0.8800091743469238,0.0282969251275062,0.068043053150177,0.0666666666666666,0.0942809041582063,0.0,0.0,0.8763543963432312,0.0080863684415817,30.7601261138916,438.5678424835205,407.8077163696289,939.7151565551758,0,0,0,0,0,Remember
2577,0.817101776599884,0.8329246044158936,0.8012456893920898,0.0129328845068812,0.0316789150238037,0.2784313725490195,0.0408797275061748,0.0,0.0,0.8310578465461731,0.0376973450183868,45.99301528930664,58.80185508728027,12.808839797973633,42.6049919128418,0,0,0,0,0,Remember
2578,0.8765890002250671,0.8880200386047363,0.8555711507797241,0.0148808835074305,0.0324488878250122,0.0256410256410256,0.0362618862146947,0.0,0.0,0.8852624893188477,0.0266191475093364,23.671714782714844,92.4349594116211,68.76324462890625,44.57460021972656,0,0,0,0,0,Create
2579,0.8697935938835144,0.8856797218322754,0.856595516204834,0.0120247555896639,0.0290842056274414,0.3111111111111111,0.0831479419283098,0.0,0.0,0.8989771008491516,0.0134566100314259,31.624156951904297,61.94612884521485,30.321971893310547,64.08904266357422,0,0,0,0,0,Analyze
2580,0.8205475807189941,0.8386644124984741,0.807745099067688,0.013170220889151,0.0309193134307861,0.0,0.0,0.0,0.0,0.8055248260498047,0.0366852954030036,44.29393768310547,63.496901512146,19.202963829040527,32.43962097167969,0,0,0,0,0,Remember
2581,0.8503432869911194,0.8733176589012146,0.8158301115036011,0.0248470306396484,0.0574875473976135,0.2356902356902357,0.1691395634021065,0.0,0.0,0.843926727771759,0.0431206636130809,109.06454467773438,38.10806179046631,70.95648288726807,23.22408676147461,0,0,0,0,0,Evaluate
2582,0.8558244705200195,0.868991494178772,0.834894597530365,0.0149631677195429,0.0340968966484069,0.0,0.0,0.0,0.0,0.8585197329521179,0.01957468688488,33.281890869140625,140.69546127319336,107.41357040405272,83.6252670288086,0,0,0,0,0,Remember
2583,0.8209967017173767,0.8343417644500732,0.8051862716674805,0.0120296590030193,0.0291554927825927,0.0972222222222222,0.0553381161476014,0.0,0.0,0.8345031142234802,0.0217389930039644,47.255332946777344,40.41897535324097,6.836357593536377,18.929845809936523,0,0,1,0,0,Remember
2584,0.910061538219452,0.928605616092682,0.8960962295532227,0.01366110984236,0.0325093865394592,0.0,0.0,0.0,0.0,0.9329888224601746,0.0017396713374182,39.74726867675781,61.87018775939941,22.1229190826416,146.01268005371094,0,0,0,0,0,Remember
2585,0.9075146317481996,0.9162508249282836,0.8998578786849976,0.0067357746884226,0.0163929462432861,0.257098007098007,0.1015093523420966,0.0,0.0,0.9352497458457948,0.0058082952164113,38.72135925292969,26.14274883270264,12.57861042022705,4.597362518310547,0,0,0,0,0,Understand
2586,0.8978476524353027,0.9168106317520142,0.8803138732910156,0.0149339726194739,0.0364967584609985,0.0666666666666666,0.0942809041582063,0.0,0.0,0.8690080642700195,0.0034603553358465,50.23733901977539,569.9237327575684,519.686393737793,865.6647491455078,0,0,0,0,0,Understand
2587,0.9696087837219238,0.9748753905296326,0.9600558280944824,0.0067667909897863,0.0148195624351501,0.2,2.775557561562892e-17,0.0,0.0,0.9657647609710692,0.0055610770359635,38.9857177734375,666.1887474060059,627.2030296325684,1203.644027709961,0,0,0,0,0,Understand
2588,0.947080135345459,0.9571219086647034,0.9381366968154908,0.0077894940041005,0.0189852118492126,0.0,0.0,0.0,0.0,0.9357172846794128,0.0050132246688008,68.2055892944336,846.6487731933594,778.4431838989258,454.5759887695313,0,0,1,0,0,Understand
2589,0.904210329055786,0.91960871219635,0.8925142288208008,0.0113668497651815,0.0270944833755493,0.0476190476190476,0.0673435029701473,0.0,0.0,0.8703622221946716,0.0088766058906912,36.44275665283203,100.47279834747314,64.03004169464111,115.70606231689452,0,0,0,0,0,Remember
2590,0.8434248566627502,0.9121936559677124,0.7279039621353149,0.0821786448359489,0.1842896938323974,0.1333333333333333,0.0942809041582063,0.0,0.0,0.8306252360343933,0.0721408352255821,40.18482971191406,157.7772798538208,117.59245014190674,283.79128646850586,0,0,0,0,0,Understand
2591,0.934253752231598,0.934253752231598,0.934253752231598,0.0,0.0,0.0,0.0,0.0,0.0,0.0,0.0,38.18022918701172,1902.5765075683596,1864.396278381348,3230.844055175781,0,0,0,0,1,Apply
2592,0.9228975176811218,0.9299173951148988,0.9134534597396852,0.006936511490494,0.0164639353752136,0.716008092819687,0.0819355521562323,0.0,0.0,0.918221950531006,0.0124630536884069,64.207763671875,28.15424919128418,36.05351448059082,2.657754898071289,0,0,0,0,0,Remember
2593,0.8503687977790833,0.8900461196899414,0.781826376914978,0.0486673898994922,0.1082197427749633,0.0952380952380952,0.1346870059402947,0.0,0.0,0.8345125317573547,0.016830638051033,43.94807434082031,94.5229663848877,50.57489204406738,78.3568115234375,0,0,0,0,1,Understand
2594,0.8360627293586731,0.8655526041984558,0.8061354756355286,0.0242589153349399,0.0594171285629272,0.1308142150247413,0.0199137530648772,0.0,0.0,0.7912033200263977,0.028691416606307,57.60527420043945,92.2910542488098,34.68578004837036,138.02988243103027,0,0,0,0,0,Understand
2595,0.7952011227607727,0.8234843015670776,0.7568573355674744,0.0281152408570051,0.0666269659996032,0.0808588761174968,0.0215537934771165,0.0,0.0,0.8024582862854004,0.0115791726857423,41.785003662109375,41.3382420539856,0.4467616081237793,36.1400318145752,0,0,0,0,0,Understand
2596,0.932713508605957,0.94439959526062,0.9196673035621644,0.0101426197215914,0.0247322916984558,0.2,2.775557561562892e-17,0.0,0.0,0.932101547718048,0.0069937449879944,47.255332946777344,493.2963943481445,446.0410614013672,133.92428588867188,0,0,1,0,0,Remember
2597,0.912315845489502,0.9170475006103516,0.9043773412704468,0.0056477808393538,0.0126701593399047,0.0,0.0,0.0,0.0,0.927712857723236,0.0080938879400491,40.0446662902832,61.87018775939941,21.82552146911621,146.01268005371094,0,0,0,0,0,Understand
2598,0.8735957145690918,0.8983073830604553,0.8410143852233887,0.0240426026284694,0.0572929978370666,0.369047619047619,0.0841793787126842,0.0,0.0,0.8745208382606506,0.0214924793690443,33.56320571899414,112.26305961608888,78.69985389709473,13.3057861328125,0,0,0,0,0,Understand
2599,0.818859338760376,0.8283816576004028,0.8035913705825806,0.0109056234359741,0.0247902870178222,0.109391124871001,0.0861450433630927,0.0,0.0,0.7992334365844727,0.0169697981327772,53.38825607299805,58.84490346908569,5.456647396087647,135.3943862915039,0,0,0,0,0,Evaluate
2600,0.8735039830207825,0.894033670425415,0.8357596397399902,0.0267235841602087,0.0582740306854248,0.0952380952380952,0.1346870059402947,0.0,0.0,0.8716568946838379,0.0240819845348596,48.15410232543945,94.5229663848877,46.36886405944824,78.3568115234375,0,0,0,0,0,Understand
2601,0.9266743063926696,0.9426968097686768,0.8998578786849976,0.0190818440169096,0.0428389310836792,0.3799283154121864,0.0354820607047013,0.0,0.0,0.9280762076377868,0.014404509216547,38.72135925292969,25.114800930023197,13.606558322906494,4.332672119140625,0,0,0,0,0,Understand
2602,0.7992289662361145,0.8470866680145264,0.7705199718475342,0.0340648032724857,0.0765666961669921,0.0330112721417069,0.023857540080562,0.0,0.0,0.8435308933258057,0.0180704779922962,44.42937850952149,35.66461420059204,8.764764308929443,20.89938163757324,0,0,0,0,0,Understand
2603,0.7979450225830078,0.8271353244781494,0.7735263109207153,0.0221443474292755,0.053609013557434,0.0,0.0,0.0,0.0,0.8197782635688782,0.0439978614449501,33.225101470947266,183.52582168579104,150.30072021484375,355.96166229248047,0,0,0,0,0,Understand
2604,0.8259541988372803,0.8399745225906372,0.8168196678161621,0.0100644612684845,0.023154854774475,0.0505108926161557,0.0021177632611379,0.0,0.0,0.8716735243797302,0.0182810202240943,34.14862823486328,28.75499439239502,5.393633842468262,9.684097290039062,0,0,0,0,0,Understand
2605,0.8526350855827332,0.8583118915557861,0.8480086922645569,0.0042713438160717,0.0103031992912292,0.1967592592592592,0.0849256311474265,0.0,0.0,0.8635371327400208,0.0074373427778482,38.41883850097656,45.27710580825806,6.858267307281494,36.24714469909668,0,0,0,0,0,Understand
2606,0.7766492962837219,0.8144799470901489,0.7312713265419006,0.0343864411115646,0.0832086205482482,0.0476190476190476,0.0673435029701473,0.0,0.0,0.8546407222747803,0.0286018513143062,53.84810256958008,271.65931510925293,217.81121253967285,440.85668182373047,0,0,0,0,0,Understand
2607,0.8978476524353027,0.9168106317520142,0.8803138732910156,0.0149339726194739,0.0364967584609985,0.0666666666666666,0.0942809041582063,0.0,0.0,0.8690080642700195,0.0034603553358465,50.23733901977539,569.9237327575684,519.686393737793,865.6647491455078,0,0,0,0,0,Understand
2608,0.8205475807189941,0.8386644124984741,0.807745099067688,0.013170220889151,0.0309193134307861,0.0,0.0,0.0,0.0,0.8055248260498047,0.0366852954030036,44.29393768310547,63.496901512146,19.202963829040527,32.43962097167969,0,0,0,0,0,Remember
2609,0.844942569732666,0.861932635307312,0.8342236876487732,0.0121502438560128,0.0277089476585388,0.074074074074074,0.0523782800878924,0.0,0.0,0.8698696494102478,0.0219842586666345,26.26542854309082,191.1416940689087,164.87626552581787,465.1283798217773,0,0,0,0,0,Remember
2610,0.9102180004119872,0.9480522274971008,0.8800091743469238,0.0282969251275062,0.068043053150177,0.0666666666666666,0.0942809041582063,0.0,0.0,0.8763543963432312,0.0080863684415817,30.7601261138916,438.5678424835205,407.8077163696289,939.7151565551758,0,0,0,0,0,Remember
2611,0.817101776599884,0.8329246044158936,0.8012456893920898,0.0129328845068812,0.0316789150238037,0.2784313725490195,0.0408797275061748,0.0,0.0,0.8310578465461731,0.0376973450183868,45.99301528930664,58.80185508728027,12.808839797973633,42.6049919128418,0,0,0,0,0,Remember
2612,0.8827133178710938,0.8980613350868225,0.8671054840087891,0.012639008462429,0.0309558510780334,0.362962962962963,0.1466591842460987,0.0,0.0,0.8860573768615723,0.0242111347615718,31.624156951904297,61.94612884521485,30.321971893310547,64.08904266357422,0,0,0,0,0,Analyze
2613,0.8106532096862793,0.8301260471343994,0.7921780347824097,0.0155082643032073,0.0379480123519897,0.0,0.0,0.0,0.0,0.7925395965576172,0.0527911148965358,33.443580627441406,45.464534282684326,12.02095365524292,42.19619560241699,0,0,0,0,0,Understand
2614,0.8401906490325928,0.8606134057044983,0.8134399056434631,0.0197714902460575,0.0471735000610351,0.1195302445302445,0.0669499411669346,0.0,0.0,0.7997980117797852,0.0282281693071126,37.35198593139648,31.61889696121216,5.733088970184326,23.97820854187012,0,0,0,0,1,Understand
2616,0.8420245051383972,0.8576767444610596,0.8311600089073181,0.0113424239680171,0.0265167355537414,0.1222222222222222,0.087488976377909,0.0,0.0,0.7965895533561707,0.016079993918538,40.13812255859375,49.67790412902832,9.53978157043457,43.15582656860352,0,0,0,0,0,Create
2617,0.872924268245697,0.8929765820503235,0.8571351170539856,0.0149395177140831,0.0358414649963378,0.0,0.0,0.0,0.0,0.9181833267211914,0.0055275382474064,40.37390899658203,229.5023622512817,189.1284532546997,402.3947143554688,0,0,0,0,0,Create
2618,0.687685489654541,0.7233109474182129,0.6487126350402832,0.0305464770644903,0.0745983123779296,0.0,0.0,0.0,0.0,0.7972171902656555,0.0272293537855148,52.74616241455078,36.99288272857666,15.75327968597412,49.65310859680176,0,0,0,0,0,Remember
2619,0.9241032004356384,0.9339589476585388,0.9175081253051758,0.0071007781662046,0.016450822353363,0.3461538461538461,0.1830058038980049,0.0,0.0,0.9401116967201232,0.0150141566991806,13.717019081115724,77.85000610351562,64.1329870223999,48.48533630371094,0,0,0,0,0,Understand
2620,0.8426585793495178,0.8458172678947449,0.8375414609909058,0.0036513877566903,0.0082758069038391,0.1333333333333333,0.0942809041582063,0.0,0.0,0.8010815978050232,0.0040493826381862,30.596134185791016,171.4002685546875,140.80413436889648,266.7938995361328,0,0,0,0,0,Create
2621,0.9443955421447754,0.9443955421447754,0.9443955421447754,0.0,0.0,0.0,0.0,0.0,0.0,0.0,0.0,47.52388000488281,1902.5765075683596,1855.0526275634768,3230.844055175781,0,0,0,0,1,Apply
2622,0.8420245051383972,0.8576767444610596,0.8311600089073181,0.0113424239680171,0.0265167355537414,0.1222222222222222,0.087488976377909,0.0,0.0,0.7965895533561707,0.016079993918538,40.13812255859375,49.67790412902832,9.53978157043457,43.15582656860352,0,0,0,0,0,Create
2623,0.7918508052825928,0.8255982398986816,0.744544267654419,0.0344511494040489,0.0810539722442627,0.0995085995085995,0.0711470871526794,0.0,0.0,0.8193817138671875,0.0212513972073793,52.74616241455078,29.415607452392575,23.330554962158203,34.752309799194336,0,0,0,0,0,Remember
2624,0.8842447400093079,0.9051434397697448,0.86565101146698,0.0162048786878585,0.0394924283027648,0.0,0.0,0.0,0.0,0.8328313827514648,0.0170379225164651,29.449960708618164,243.8100070953369,214.36004638671875,519.549674987793,0,0,0,0,0,Understand
2625,0.812356173992157,0.8337658643722534,0.7753947973251343,0.026244793087244,0.0583710670471191,0.0,0.0,0.0,0.0,0.8544263243675232,0.0256037879735231,42.32882690429688,58.58840560913086,16.259578704833984,40.47865295410156,0,0,0,0,0,Evaluate
2626,0.7617995142936707,0.7845023274421692,0.7426753044128418,0.0172622948884964,0.0418270230293273,0.0416666666666666,0.0589255650988789,0.0,0.0,0.7925578951835632,0.0159487500786781,36.41093444824219,48.26986122131348,11.858926773071287,48.31386184692383,0,0,0,0,0,Evaluate
2627,0.8529384732246399,0.8811431527137756,0.7978572249412537,0.0389520861208438,0.0832859277725219,0.0104166666666666,0.0147313912747197,0.0,0.0,0.8212957382202148,0.0426465645432472,38.09089660644531,28.544721603393555,9.546175003051758,4.990262985229492,0,0,0,0,1,Understand
2628,0.8275423049926758,0.848151445388794,0.8078939914703369,0.0164490714669227,0.040257453918457,0.093073593073593,0.0658663378991469,0.0,0.0,0.8121601939201355,0.035204280167818,30.560665130615234,89.71312427520752,59.152459144592285,131.7699432373047,0,0,0,0,1,Understand
2629,0.9224897027015686,0.9334415793418884,0.9136371612548828,0.0082202609628438,0.0198044180870056,0.3461538461538461,0.1830058038980049,0.0,0.0,0.9374229311943054,0.0100227780640125,13.456323623657228,77.85000610351562,64.3936824798584,48.48533630371094,0,0,0,0,0,Understand
2630,0.9276778101921082,0.9416574239730836,0.911708414554596,0.0123073169961571,0.0299490094184875,0.1333333333333333,0.0942809041582063,0.0,0.0,0.9237257838249208,0.0115471929311752,13.456323623657228,171.4002685546875,157.94394493103027,266.7938995361328,0,0,0,0,0,Understand
2631,0.687685489654541,0.7233109474182129,0.6487126350402832,0.0305464770644903,0.0745983123779296,0.0,0.0,0.0,0.0,0.7972171902656555,0.0272293537855148,52.74616241455078,36.99288272857666,15.75327968597412,49.65310859680176,0,0,0,0,0,Remember
2632,0.921311378479004,0.9323153495788574,0.913788080215454,0.0079541038721799,0.0185272693634033,0.3461538461538461,0.1830058038980049,0.0,0.0,0.939691722393036,0.0139459194615483,13.690495491027832,77.85000610351562,64.1595106124878,48.48533630371094,0,0,0,0,0,Understand
2633,0.8426585793495178,0.8458172678947449,0.8375414609909058,0.0036513877566903,0.0082758069038391,0.1333333333333333,0.0942809041582063,0.0,0.0,0.8010815978050232,0.0040493826381862,30.596134185791016,171.4002685546875,140.80413436889648,266.7938995361328,0,0,0,0,0,Create
2634,0.9443955421447754,0.9443955421447754,0.9443955421447754,0.0,0.0,0.0,0.0,0.0,0.0,0.0,0.0,47.52388000488281,1902.5765075683596,1855.0526275634768,3230.844055175781,0,0,0,0,1,Apply
2635,0.8420245051383972,0.8576767444610596,0.8311600089073181,0.0113424239680171,0.0265167355537414,0.1222222222222222,0.087488976377909,0.0,0.0,0.7965895533561707,0.016079993918538,40.13812255859375,49.67790412902832,9.53978157043457,43.15582656860352,0,0,0,0,0,Create
2636,0.8649643063545227,0.8839904069900513,0.8329828977584839,0.0227496735751628,0.0510075092315673,0.0,0.0,0.0,0.0,0.8556159138679504,0.016307620331645,22.690608978271484,124.73517990112305,102.04457092285156,189.1811294555664,0,0,0,0,0,Understand
2637,0.9655572772026062,0.9725310802459716,0.9595769643783568,0.005334947258234,0.0129541158676147,0.2,2.775557561562892e-17,0.0,0.0,0.9597377777099608,0.0026240739971399,30.547487258911133,134.23333168029785,103.68584442138672,32.953697204589844,0,0,0,0,0,Understand
2638,0.819822371006012,0.8369991779327393,0.7868454456329346,0.0233249813318252,0.0501537322998046,0.0625,0.0883883476483184,0.0,0.0,0.8286652565002441,0.017379704862833,27.696748733520508,46.651970863342285,18.955222129821777,23.511417388916016,0,0,0,0,0,Create
2639,0.8021653294563293,0.812110424041748,0.783576250076294,0.013155180029571,0.0285341739654541,0.0222222222222222,0.0314269680527354,0.0,0.0,0.8181053996086121,0.0467813536524772,41.7999382019043,34.984495639801025,6.815442562103272,13.745075225830078,0,0,0,0,1,Understand
2640,0.8291869163513184,0.8496394157409668,0.8172965049743652,0.0145257925614714,0.0323429107666015,0.0786435786435786,0.0234681904289907,0.0,0.0,0.8548409342765808,0.0223951991647481,29.59548568725586,47.70207691192627,18.10659122467041,16.480384826660156,0,0,0,0,1,Understand
2641,0.8539350032806396,0.8681801557540894,0.8279491066932678,0.0184032134711742,0.0402310490608215,0.2962962962962963,0.0523782800878924,0.0,0.0,0.8645772337913513,0.0265076551586389,36.3206787109375,62.220412254333496,25.899733543396,20.61507797241211,0,0,0,0,0,Analyze
2643,0.8353717923164368,0.8586905002593994,0.8200466632843018,0.0167582537978887,0.0386438369750976,0.0729517396184062,0.0784510981697027,0.0,0.0,0.7949325442314148,0.0328835770487785,29.67251205444336,32.71672296524048,3.044210910797119,25.69049072265625,0,0,0,0,0,Understand
2644,0.8692536354064941,0.8865381479263306,0.8465186953544617,0.0167863015085458,0.0400194525718688,0.1310148383677795,0.0770593850483645,0.0,0.0,0.8555204272270203,0.0104153351858258,37.35198593139648,31.548901557922363,5.803084373474121,24.337587356567383,0,0,0,0,1,Understand
2646,0.8420245051383972,0.8576767444610596,0.8311600089073181,0.0113424239680171,0.0265167355537414,0.1222222222222222,0.087488976377909,0.0,0.0,0.7965895533561707,0.016079993918538,40.13812255859375,49.67790412902832,9.53978157043457,43.15582656860352,0,0,0,0,0,Create
2647,0.872924268245697,0.8929765820503235,0.8571351170539856,0.0149395177140831,0.0358414649963378,0.0,0.0,0.0,0.0,0.9181833267211914,0.0055275382474064,40.37390899658203,229.5023622512817,189.1284532546997,402.3947143554688,0,0,0,0,0,Create
2648,0.9487093687057496,0.9487093687057496,0.9487093687057496,0.0,0.0,0.0,0.0,0.0,0.0,0.0,0.0,27.93125915527344,1902.5765075683596,1874.645248413086,3230.844055175781,0,0,0,0,1,Apply
2649,0.7929094433784485,0.8564471006393433,0.7182178497314453,0.0569803342223167,0.1382292509078979,0.0833333333333333,0.1178511301977579,0.0,0.0,0.7884912490844727,0.0208175666630268,39.35372924804688,46.390989780426025,7.03726053237915,36.1230411529541,0,0,0,0,0,Understand
2650,0.8471581339836121,0.8725244998931885,0.8269950151443481,0.0189479887485504,0.0455294847488403,0.0,0.0,0.0,0.0,0.8241849541664124,0.0195309072732925,37.41353988647461,83.64274883270264,46.22920894622803,98.99860000610352,0,0,0,0,0,Understand
2651,0.8100223541259766,0.8254422545433044,0.7975276112556458,0.0115822926163673,0.0279146432876586,0.0,0.0,0.0,0.0,0.8324616551399231,0.0202542319893836,36.31979370117188,58.82506847381592,22.505274772644043,62.29615783691406,0,0,0,0,0,Understand
2652,0.8053590655326843,0.8332911133766174,0.785072922706604,0.0204139687120914,0.0482181906700134,0.2289418993403813,0.0290511069120821,0.0,0.0,0.760339081287384,0.0185330566018819,39.15733337402344,24.570104122161865,14.587229251861572,18.348344802856445,0,0,0,0,0,Remember
2653,0.8444187045097351,0.8647159337997437,0.8327897787094116,0.0144031355157494,0.031926155090332,0.0833333333333333,0.1178511301977579,0.0,0.0,0.8123393058776855,0.0179418623447418,35.46693420410156,42.75579357147217,7.288859367370605,33.11977005004883,0,0,0,0,0,Understand
2654,0.8234497904777527,0.8339197635650635,0.8121709823608398,0.0088972989469766,0.0217487812042236,0.0,0.0,0.0,0.0,0.9131307601928712,0.0118949199095368,63.76854705810547,92.33864212036131,28.57009506225586,153.50499725341797,0,0,0,0,0,Understand
2655,0.846656322479248,0.8614383935928345,0.8210198879241943,0.018198499456048,0.0404185056686401,0.1025641025641025,0.0725237724293895,0.0,0.0,0.8459141850471497,0.0052661714144051,36.2300910949707,102.15854454040527,65.92845344543457,171.8489112854004,0,0,0,0,0,Understand
2656,0.8981363773345947,0.9703910946846008,0.8359131813049316,0.0553567260503768,0.1344779133796692,0.0476190476190476,0.0673435029701473,0.0,0.0,0.8773177266120911,0.0343114361166954,67.09081268310547,187.9528131484985,120.86200046539308,479.785457611084,0,0,0,0,0,Create
2657,0.8618497848510742,0.891105055809021,0.8405598402023315,0.0213898438960313,0.0505452156066894,0.1369047619047619,0.1169457303832648,0.0,0.0,0.8586265444755554,0.0316543877124786,38.177040100097656,2284.1955966949463,2246.0185565948486,8771.193946838379,0,0,0,0,0,Understand
2658,0.8503177165985107,0.8566384315490723,0.8381532430648804,0.0086037991568446,0.0184851884841918,0.2619047619047619,0.0168358757425368,0.0,0.0,0.8936746716499329,0.0102421073243021,43.60861587524414,68.08383655548096,24.475220680236816,27.99232482910156,0,0,0,0,0,Understand
2659,0.9167360663414,0.9368469715118408,0.8862733840942383,0.0219057090580463,0.0505735874176025,0.0,0.0,0.0,0.0,0.9008659720420836,0.0185842905193567,47.50584411621094,305.0110664367676,257.50522232055664,488.580322265625,0,0,0,0,0,Remember
2660,0.8182515501976013,0.8559610843658447,0.7512618899345398,0.0474936440587043,0.1046991944313049,0.075091575091575,0.0628608142920531,0.0,0.0,0.8576622605323792,0.0342520326375961,36.92603302001953,38.65410900115967,1.7280759811401367,38.53215789794922,0,0,0,0,0,Remember
2661,0.8560851216316223,0.8713769912719727,0.8425293564796448,0.0118408007547259,0.0288476347923278,0.0,0.0,0.0,0.0,0.8261076807975769,0.0110975466668605,58.8870735168457,96.350811958313,37.463738441467285,183.57143783569336,0,0,0,0,0,Remember
2662,0.9202448725700378,0.9409051537513732,0.9039896726608276,0.0153892114758491,0.0369154810905456,0.0,0.0,0.0,0.0,0.924852192401886,0.0015266851987689,47.98298645019531,202.79010009765625,154.80711364746094,389.0640258789063,0,0,0,0,0,Understand
2663,0.9352774024009703,0.942065179347992,0.9311243891716005,0.0048395716585218,0.0109407901763916,0.0,0.0,0.0,0.0,0.9504964351654052,0.0075378408655524,78.0730972290039,633.4138946533203,555.3407974243164,403.28717041015625,0,0,1,0,0,Remember
2664,0.8506860136985779,0.865312933921814,0.8333727121353149,0.0131771676242351,0.031940221786499,0.1101190476190476,0.0547165961632447,0.0,0.0,0.8631916642189026,0.0270263515412807,44.93935012817383,63.79207992553711,18.85272979736328,84.70127487182617,0,0,1,0,0,Understand
2665,0.9781320691108704,0.980530083179474,0.9744099378585817,0.002668238710612,0.0061201453208923,0.2698412698412698,0.0897913372935298,0.0,0.0,0.9762609004974364,0.0066423900425434,49.63337707519531,214.4305534362793,164.79717636108398,305.7024841308594,0,0,0,0,0,Understand
2666,0.9230937361717224,0.944405734539032,0.9098124504089355,0.0152215445414185,0.0345932841300964,0.0555555555555555,0.0785674201318386,0.0,0.0,0.9027957916259766,0.0128918597474694,43.46801376342773,94.6449089050293,51.17689514160156,59.37969970703125,0,0,1,0,0,Understand
2667,0.8372048735618591,0.8516579270362854,0.8210198879241943,0.0125677343457937,0.030638039112091,0.3189588189588189,0.2245001187395147,0.0,0.0,0.8553657531738281,0.0060279536992311,36.2300910949707,102.15854454040527,65.92845344543457,171.8489112854004,0,0,0,0,0,Understand
2668,0.8038291335105896,0.8080452680587769,0.7970933318138123,0.004813021980226,0.0109519362449646,0.0,0.0,0.0,0.0,0.7919729351997375,0.0145229659974575,123.43160247802734,297.19407892227173,173.76247644424438,1038.3034992218018,0,0,1,0,0,Understand
2669,0.8918147683143616,0.9059891700744628,0.8759757876396179,0.0123093165457248,0.0300133824348449,0.0,0.0,0.0,0.0,0.8947506546974182,0.0255823601037263,37.67170715332031,158.56683158874512,120.8951244354248,228.6526107788086,0,0,0,0,1,Understand
2670,0.8770544528961182,0.8808898329734802,0.8706966638565063,0.0045274556614458,0.0101931691169738,0.0,0.0,0.0,0.0,0.8619260191917419,0.0167443808168172,33.2332763671875,83.07230377197266,49.83902740478516,101.44056701660156,0,0,0,0,0,Create
2671,0.7975718379020691,0.8212209939956665,0.7848836779594421,0.0167373903095722,0.0363373160362243,0.0,0.0,0.0,0.0,0.7945670485496521,0.0689424946904182,51.93951797485352,415.67206478118896,363.73254680633545,1344.933330535889,0,0,0,0,1,Understand
2672,0.8175452351570129,0.835577666759491,0.7818132042884827,0.0252667274326086,0.0537644624710083,0.0746090770404271,0.0244372309774258,0.0,0.0,0.8099668622016907,0.0168876517564058,46.103328704833984,26.892306804656982,19.211021900177,9.204761505126951,0,0,0,0,0,Understand
2673,0.8549469113349915,0.8664534091949463,0.8390174508094788,0.0116291427984833,0.0274359583854675,0.25,0.0,0.0,0.0,0.8781276345252991,0.0427201241254806,23.083574295043945,55.49948978424072,32.41591548919678,78.47097778320312,0,0,0,0,0,Understand
2674,0.8933616280555725,0.9082518815994264,0.8678002953529358,0.0181564800441265,0.0404515862464904,0.0666666666666666,0.0942809041582063,0.0,0.0,0.8874654769897461,0.0270105451345443,57.60016632080078,325.2657985687256,267.6656322479248,545.4316635131836,0,0,0,0,0,Remember
2675,0.80767422914505,0.8463243246078491,0.7430589199066162,0.0459824949502944,0.1032654047012329,0.075091575091575,0.0628608142920531,0.0,0.0,0.8216544985771179,0.040199164301157,45.19588470458984,38.65410900115967,6.541775703430176,38.53215789794922,0,0,0,0,0,Remember
2676,0.8367510437965393,0.8425293564796448,0.8317775726318359,0.0044261305592954,0.0107517838478088,0.0,0.0,0.0,0.0,0.8454416394233704,0.0255994647741317,58.8870735168457,96.350811958313,37.463738441467285,183.57143783569336,0,0,0,0,0,Remember
2677,0.8345518708229065,0.8475414514541626,0.8252754211425781,0.0094616534188389,0.0222660303115844,0.0,0.0,0.0,0.0,0.8200281262397766,0.0231176391243934,37.41353988647461,83.36301898956299,45.94947910308838,98.99860000610352,0,0,0,0,0,Understand
2678,0.8215198516845703,0.8472090363502502,0.8038221597671509,0.0185921527445316,0.0433868765830993,0.037037037037037,0.0523782800878924,0.0,0.0,0.810138463973999,0.0283027552068233,36.31979370117188,42.77135467529297,6.451560974121094,30.346267700195312,0,0,0,0,0,Understand
2679,0.7602153420448303,0.7835438847541809,0.7390318512916565,0.0182351507246494,0.0445120334625244,0.338235294117647,0.0621344880452011,0.0,0.0,0.815481960773468,0.0218722596764564,40.14636993408203,24.811431407928467,15.334938526153564,19.31365394592285,0,0,0,0,0,Remember
2680,0.8213493824005127,0.8647159337997437,0.7986499071121216,0.0306760054081678,0.066066026687622,0.0833333333333333,0.1178511301977579,0.0,0.0,0.835408627986908,0.0020133487414568,35.46693420410156,42.75579357147217,7.288859367370605,33.11977005004883,0,0,0,0,0,Understand
2681,0.8259239196777344,0.8489998579025269,0.7917321920394897,0.02466531842947,0.0572676658630371,0.0,0.0,0.0,0.0,0.8410353064537048,0.0326052978634834,25.92256546020508,39.49984407424927,13.57727861404419,20.13014411926269,0,0,0,0,0,Understand
2682,0.8555116057395935,0.8782573938369751,0.8175325393676758,0.0270298067480325,0.0607248544692993,0.0456609195402298,0.0121181946168382,0.0,0.0,0.8643142580986023,0.0112126730382442,40.89900970458984,31.076262950897217,9.822746753692629,11.584220886230469,0,0,0,0,0,Understand
2683,0.9077489972114564,0.9377789497375488,0.8599942922592163,0.0341392941772937,0.0777846574783325,0.1507936507936507,0.0112239171616912,0.0,0.0,0.8928459286689758,0.0342176333069801,35.06134033203125,301.3689270019531,266.3075866699219,538.9243621826172,0,0,0,0,0,Understand
2684,0.8489304184913635,0.920713484287262,0.7669073343276978,0.0632072016596794,0.1538061499595642,0.1333333333333333,0.0942809041582063,0.0,0.0,0.8050934672355652,0.0418270826339721,52.31985855102539,672.3222789764404,620.002420425415,1102.140724182129,0,0,0,0,0,Understand
2685,0.8727023005485535,0.8783979415893555,0.8641554117202759,0.0061541204340755,0.0142425298690795,0.1286231884057971,0.035592178812298,0.0,0.0,0.897839367389679,0.0067353970371186,64.5882568359375,34.53805589675903,30.050200939178467,37.973575592041016,0,0,0,0,0,Understand
2686,0.9121150374412536,0.9312171936035156,0.8913431167602539,0.0163212865591049,0.0398740768432617,0.0,0.0,0.0,0.0,0.8945140838623047,0.0114975478500127,44.04916763305664,95.59929084777832,51.55012321472168,33.34423065185547,0,0,0,0,0,Understand
2687,0.842496395111084,0.8758124709129333,0.8143018484115601,0.0253714025020599,0.0615106225013732,0.2435897435897436,0.0090654715536736,0.0,0.0,0.8370161652565002,0.019363272935152,33.58494567871094,43.16197919845581,9.577033519744871,38.33721733093262,0,0,0,0,0,Understand
2688,0.8902154564857483,0.90632426738739,0.8591682314872742,0.0219589304178953,0.0471560359001159,0.2037037037037037,0.0654728501098655,0.0,0.0,0.8865845203399658,0.0200470872223377,31.43739318847656,63.54552745819092,32.108134269714355,29.41339492797852,0,0,0,0,0,Understand
2689,0.8364855647087097,0.8612356185913086,0.8073341846466064,0.0222241561859846,0.0539014339447021,0.074074074074074,0.1047565601757848,0.0,0.0,0.7910688519477844,0.0245014578104019,50.717193603515625,27.568207263946533,23.14898633956909,14.461929321289062,0,0,0,0,1,Understand
2690,0.905163586139679,0.9125638008117676,0.8921291828155518,0.0092449076473712,0.0204346179962158,0.3395604395604396,0.1074940239331415,0.0,0.0,0.9003095626831055,0.0099253188818693,50.32180404663086,31.326661586761475,18.995142459869385,21.80257225036621,0,0,0,0,0,Understand
2691,0.8219442963600159,0.833325207233429,0.8007705211639404,0.0149861760437488,0.0325546860694885,0.0576628114247813,0.0276315269259813,0.0,0.0,0.8224656581878662,0.0038958429358899,69.057373046875,51.78353500366211,17.27383804321289,58.745792388916016,0,0,0,0,0,Evaluate
2692,0.8753601908683777,0.8898934125900269,0.8535293936729431,0.0157167855650186,0.0363640189170837,0.0,0.0,0.0,0.0,0.9135642647743224,0.0194014273583889,49.30882263183594,257.3427257537842,208.03390312194824,335.46215057373047,0,0,0,0,0,Understand
2693,0.9206250309944152,0.940759301185608,0.8859457969665527,0.0246278569102287,0.0548135042190551,0.1333333333333333,0.0942809041582063,0.0,0.0,0.911731481552124,0.0061981729231774,53.687530517578125,2805.369873046875,2751.682342529297,1504.50927734375,0,0,0,0,0,Understand
2694,0.9115816950798036,0.9405653476715088,0.8898934125900269,0.0213202126324176,0.0506719350814819,0.0666666666666666,0.0942809041582063,0.0,0.0,0.8773427605628967,0.0176778063178062,49.30882263183594,257.3427257537842,208.03390312194824,335.46215057373047,0,0,0,0,0,Understand
2695,0.8242895007133484,0.8564121723175049,0.8051051497459412,0.0228568408638238,0.0513070225715637,0.0640732265446224,0.0459188922754917,0.0,0.0,0.8246407508850098,0.0431849956512451,43.60371780395508,56.24117708206177,12.63745927810669,105.01059341430664,0,0,0,0,0,Understand
2696,0.8306309580802917,0.8528479337692261,0.8070534467697144,0.0187202598899602,0.0457944869995117,0.0392156862745098,0.0554593553871802,0.0,0.0,0.9100346565246582,0.0102673061192035,44.04916763305664,60.77107620239258,16.721908569335938,79.46915817260742,0,0,0,0,0,Understand
2697,0.7489212155342102,0.7901330590248108,0.7051560878753662,0.034738652408123,0.0849769711494445,0.0454545454545454,0.0642824346533225,0.0,0.0,0.8203323483467102,0.045720599591732,31.198665618896484,57.88475131988525,26.68608570098877,91.233060836792,0,0,0,0,0,Understand
2698,0.8276063799858093,0.8560739755630493,0.8045669794082642,0.02137509919703,0.0515069961547851,0.0,0.0,0.0,0.0,0.8694465756416321,0.0668359696865081,70.1029052734375,173.25189208984375,103.14898681640624,268.1435775756836,0,0,0,0,0,Understand
2699,0.8198162913322449,0.8444536924362183,0.7947819232940674,0.0202803574502468,0.0496717691421508,0.0,0.0,0.0,0.0,0.8053126335144043,0.0586907640099525,50.67463684082031,203.87519931793213,153.20056247711182,562.9541206359863,0,0,0,0,0,Remember
2700,0.8606328368186951,0.8738647699356079,0.8472775220870972,0.0108545497059822,0.0265872478485107,0.4227941176470589,0.1098438521583164,0.0,0.0,0.8897202014923096,0.0294206738471984,54.47695159912109,17.50176167488098,36.97518992424011,5.418007850646973,0,0,0,0,0,Understand
2701,0.7760016322135925,0.8406908512115479,0.692828357219696,0.0617633871734142,0.1478624939918518,0.0238095238095238,0.0336717514850736,0.0,0.0,0.7272739410400391,0.0523064248263835,43.79762649536133,55.405306816101074,11.607680320739746,68.00375366210938,0,0,0,0,0,Understand
2702,0.7673707604408264,0.81583571434021,0.7126821279525757,0.0423415973782539,0.1031535863876342,0.0615079365079365,0.0599849859437736,0.0,0.0,0.7864977717399597,0.0246093422174453,59.7255744934082,27.519038677215576,32.20653581619263,21.805683135986328,0,0,0,0,0,Understand
2703,0.8455610871315002,0.9095983505249025,0.7969245314598083,0.0472703725099563,0.112673819065094,0.1851851851851852,0.2618914004394621,0.0,0.0,0.812065601348877,0.0342516489326953,36.02473068237305,58.261502265930176,22.23677158355713,67.5955810546875,0,0,0,0,0,Understand
2704,0.9311076998710632,0.9416202902793884,0.9195454120635986,0.0090425461530685,0.0220748782157897,0.0303030303030303,0.0428549564355483,0.0,0.0,0.9085610508918762,0.0376305133104324,30.296037673950195,96.97955417633057,66.68351650238037,90.33388900756836,0,0,1,0,0,Understand
2705,0.8618572354316711,0.888408899307251,0.8127920627593994,0.034733485430479,0.0756168365478515,0.0418300653594771,0.0297511285666432,0.0,0.0,0.8689349293708801,0.0344281904399395,25.8215274810791,53.47345542907715,27.651927947998047,43.54813003540039,0,0,0,0,1,Understand
2706,0.7747065424919128,0.7977068424224854,0.7532439231872559,0.0181844495236873,0.0444629192352294,0.2380952380952381,0.3367175148507369,0.0,0.0,0.7971982955932617,0.089003674685955,94.67616271972656,57.26766204833984,37.40850067138672,68.29180908203125,0,0,0,0,0,Remember
2707,0.762457549571991,0.7707401514053345,0.7522381544113159,0.0076765492558479,0.0185019969940185,0.1590123456790123,0.1992627778232032,0.0,0.0,0.8087565302848816,0.0193244721740484,99.50930786132812,47.93751811981201,51.57178974151611,55.598052978515625,0,0,0,0,0,Remember
2708,0.7594587206840515,0.7827010154724121,0.7333341240882874,0.0202567428350448,0.0493668913841247,0.0360576923076923,0.0315871848468381,0.0,0.0,0.7956706881523132,0.0245416704565286,59.13615798950195,37.870041370391846,21.266116619110107,19.89911460876465,0,0,0,0,0,Understand
2709,0.8672757148742676,0.879313588142395,0.8561681509017944,0.009471958503127,0.0231454372406005,0.2450980392156863,0.0069324194233975,0.0,0.0,0.8610081076622009,0.0145125919952988,20.85326766967773,55.73090648651123,34.877638816833496,35.222923278808594,0,0,0,0,0,Understand
2710,0.72320955991745,0.7722872495651245,0.6370925307273865,0.0610919147729873,0.135194718837738,0.0138888888888888,0.0196418550329596,0.0,0.0,0.7714352011680603,0.0792746841907501,87.68343353271484,50.12957191467285,37.55386161804199,39.04629898071289,0,0,0,0,0,Understand
2711,0.8039326667785645,0.9230605363845824,0.7354934215545654,0.0845472812652587,0.1875671148300171,0.1851851851851852,0.2618914004394621,0.0,0.0,0.7679721713066101,0.0266542471945285,94.67616271972656,57.26766204833984,37.40850067138672,68.29180908203125,0,0,0,0,0,Remember
2712,0.790051281452179,0.8242467641830444,0.764394223690033,0.0251695606857538,0.0598525404930114,0.0,0.0,0.0,0.0,0.7811627388000488,0.0288297124207019,99.50930786132812,47.93751811981201,51.57178974151611,55.598052978515625,0,0,0,0,0,Remember
2713,0.8013479709625244,0.8257831931114197,0.7827010154724121,0.0180581696331501,0.0430821776390075,0.0104166666666666,0.0147313912747197,0.0,0.0,0.7537813782691956,0.0145220812410116,59.13615798950195,37.870041370391846,21.266116619110107,19.89911460876465,0,0,0,0,0,Understand
2714,0.8672757148742676,0.879313588142395,0.8561681509017944,0.009471958503127,0.0231454372406005,0.2450980392156863,0.0069324194233975,0.0,0.0,0.8610081076622009,0.0145125919952988,20.85326766967773,55.73090648651123,34.877638816833496,35.222923278808594,0,0,0,0,0,Understand
2715,0.7818326950073242,0.8825119733810425,0.7027373313903809,0.0749627873301506,0.1797746419906616,0.0972222222222222,0.1374929852307176,0.0,0.0,0.7128120064735413,0.0563755743205547,87.68343353271484,50.12957191467285,37.55386161804199,39.04629898071289,0,0,0,0,0,Understand
2716,0.8455610871315002,0.9095983505249025,0.7969245314598083,0.0472703725099563,0.112673819065094,0.1851851851851852,0.2618914004394621,0.0,0.0,0.812065601348877,0.0342516489326953,36.02473068237305,58.261502265930176,22.23677158355713,67.5955810546875,0,0,0,0,0,Understand
2717,0.9311076998710632,0.9416202902793884,0.9195454120635986,0.0090425461530685,0.0220748782157897,0.0303030303030303,0.0428549564355483,0.0,0.0,0.9085610508918762,0.0376305133104324,30.296037673950195,96.97955417633057,66.68351650238037,90.33388900756836,0,0,1,0,0,Understand
2718,0.8678989410400391,0.8954744338989258,0.8180181980133057,0.0353365652263164,0.0774562358856201,0.0418300653594771,0.0297511285666432,0.0,0.0,0.8667691349983215,0.0339451320469379,26.41560935974121,53.47345542907715,27.057846069335938,43.54813003540039,0,0,0,0,1,Understand
2719,0.8308877348899841,0.939487636089325,0.7612648010253906,0.0778042525053024,0.1782228350639343,0.1959378733572282,0.2546288851038632,0.0,0.0,0.8032652735710144,0.0351186990737915,30.390512466430664,52.48936653137207,22.098854064941406,80.28175926208496,0,0,0,0,0,Apply
2720,0.8813095688819885,0.8842946887016296,0.8760194182395935,0.003750991076231,0.0082752704620361,0.0,0.0,0.0,0.0,0.908078134059906,0.0099115837365388,28.79760360717773,139.03280353546145,110.23519992828368,350.2513732910156,0,0,0,0,1,Understand
2721,0.9104788303375244,0.9104788303375244,0.9104788303375244,0.0,0.0,0.0,0.0,0.0,0.0,0.0,0.0,23.675683975219727,1902.5765075683596,1878.90082359314,3230.844055175781,0,0,0,0,1,Apply
2722,0.7871825695037842,0.8317230939865112,0.7601821422576904,0.031730830669403,0.0715409517288208,0.1280864197530864,0.105864647445324,0.0,0.0,0.7845876812934875,0.0121899601072072,34.42462158203125,38.94243764877319,4.517816066741943,55.08113861083984,0,0,0,0,0,Understand
2723,0.9251543283462524,0.9251543283462524,0.9251543283462524,0.0,0.0,0.0,0.0,0.0,0.0,0.0,0.0,23.91861724853516,1902.5765075683596,1878.657890319824,3230.844055175781,0,0,0,0,1,Apply
2724,0.7489661574363708,0.7789926528930664,0.7057415843009949,0.031326986849308,0.0732510685920715,0.0,0.0,0.0,0.0,0.841558039188385,0.055185217410326,29.29589462280273,82.41328382492065,53.11738920211792,168.4392604827881,0,0,0,0,0,Understand
2725,0.8318033814430237,0.8495094776153564,0.8075772523880005,0.017728716135025,0.0419322252273559,0.0828328328328328,0.0602422578438975,0.0,0.0,0.8589033484458923,0.0096900518983602,31.12651634216309,22.739076137542725,8.387440204620361,11.257196426391602,0,0,0,0,1,Understand
2726,0.8245968818664551,0.8535137176513672,0.7912266850471497,0.0256228186190128,0.0622870326042175,0.1153816153816153,0.049059251085986,0.0,0.0,0.8422339558601379,0.0209495238959789,34.12107849121094,23.68467712402344,10.4364013671875,11.828588485717772,0,0,0,0,0,Remember
2727,0.8559797406196594,0.9029566049575806,0.8203730583190918,0.0346599891781806,0.0825835466384887,0.0,0.0,0.0,0.0,0.8699418902397156,0.007793799508363,27.605567932128903,86.07243156433105,58.46686363220215,142.12857818603516,0,0,0,0,0,Understand
2728,0.8649094104766846,0.8837101459503174,0.8533963561058044,0.0134055754169821,0.0303137898445129,0.0666666666666666,0.0942809041582063,0.0,0.0,0.8717828392982483,0.0120266312733292,31.176002502441406,29.147851943969727,2.02815055847168,12.01925277709961,0,0,0,0,1,Understand
2729,0.8326559662818909,0.9177628755569458,0.7621641159057617,0.0643580704927444,0.155598759651184,0.1481481481481481,0.2095131203515696,0.0,0.0,0.757868230342865,0.0370790101587772,29.29589462280273,82.41328382492065,53.11738920211792,168.4392604827881,0,0,0,0,0,Understand
2730,0.9251543283462524,0.9251543283462524,0.9251543283462524,0.0,0.0,0.0,0.0,0.0,0.0,0.0,0.0,23.91861724853516,1902.5765075683596,1878.657890319824,3230.844055175781,0,0,0,0,1,Apply
2731,0.7802736163139343,0.8146941661834717,0.7196818590164185,0.0429770126938819,0.0950123071670532,0.0972222222222222,0.0708197154665664,0.0,0.0,0.7928882241249084,0.022761795669794,23.10971450805664,38.94243764877319,15.832723140716553,55.08113861083984,0,0,0,0,0,Understand
2732,0.9104788303375244,0.9104788303375244,0.9104788303375244,0.0,0.0,0.0,0.0,0.0,0.0,0.0,0.0,23.675683975219727,1902.5765075683596,1878.90082359314,3230.844055175781,0,0,0,0,1,Apply
2733,0.9304298162460328,0.9304298162460328,0.9304298162460328,0.0,0.0,0.0,0.0,0.0,0.0,0.0,0.0,19.486669540405277,1902.5765075683596,1883.089838027954,3230.844055175781,0,0,0,0,1,Apply
2734,0.7459316253662109,0.8142503499984741,0.6946592330932617,0.0502887926995754,0.1195911169052124,0.2267025089605735,0.2552521234698885,0.0,0.0,0.6881796717643738,0.0303113218396902,53.11075592041016,39.35789155960083,13.752864360809326,53.23048210144043,0,0,0,0,0,Analyze
2735,0.9372856616973876,0.9372856616973876,0.9372856616973876,0.0,0.0,0.0,0.0,0.0,0.0,0.0,0.0,40.883079528808594,1902.5765075683596,1861.6934280395508,3230.844055175781,0,0,0,0,1,Apply
2736,0.8123219013214111,0.8285885453224182,0.7852027416229248,0.0193031169474124,0.0433858036994934,0.1114341085271318,0.0859840719049574,0.0,0.0,0.7862626910209656,0.0532846190035343,23.78473663330078,42.19521331787109,18.410476684570312,49.18611526489258,0,0,0,0,0,Understand
2737,0.9492408037185668,0.9492408037185668,0.9492408037185668,0.0,0.0,0.0,0.0,0.0,0.0,0.0,0.0,19.36164093017578,1902.5765075683596,1883.214866638184,3230.844055175781,0,0,0,0,1,Apply
2738,0.8091303706169128,0.8613166213035583,0.7428998947143555,0.0493528693914413,0.1184167265892028,0.1111111111111111,0.0856168611523469,0.0,0.0,0.7894542813301086,0.0303664878010749,23.78473663330078,42.19521331787109,18.410476684570312,49.18611526489258,0,0,0,0,0,Understand
2740,0.964571475982666,0.9709383249282836,0.9606995582580566,0.0045369705185294,0.010238766670227,0.2,2.775557561562892e-17,0.0,0.0,0.9625944495201112,0.0054116784594953,26.65252494812012,134.23333168029785,107.58080673217772,32.953697204589844,0,0,0,0,0,Understand
2742,0.8859307169914246,0.8932340145111084,0.8738099336624146,0.0086305495351552,0.0194240808486938,0.2406657669815564,0.0719635618743003,0.0,0.0,0.8781203627586365,0.012898901477456,24.727783203125,38.76762676239014,14.039843559265137,8.156475067138672,0,0,0,0,0,Analyze
2744,0.7459316253662109,0.8142503499984741,0.6946592330932617,0.0502887926995754,0.1195911169052124,0.2267025089605735,0.2552521234698885,0.0,0.0,0.6881796717643738,0.0303113218396902,53.11075592041016,39.35789155960083,13.752864360809326,53.23048210144043,0,0,0,0,0,Analyze
2745,0.8922358155250549,0.9214552640914916,0.8557527661323547,0.0273102577775716,0.0657024979591369,0.0,0.0,0.0,0.0,0.856644332408905,0.0370422750711441,58.37542724609375,584.3211002349854,525.9456729888916,1626.1128158569336,0,0,0,0,0,Remember
2746,0.8697354197502136,0.9126865863800048,0.8355515599250793,0.0320946797728538,0.0771350264549255,0.0883838383838383,0.003571246369629,0.0,0.0,0.8680420517921448,0.0211189221590757,59.06026840209961,71.94047260284424,12.880204200744627,91.31794357299805,0,0,0,0,0,Remember
2747,0.8281876444816589,0.8341510891914368,0.817070484161377,0.0078679667785763,0.0170806050300598,0.3291062801932367,0.0264738046096412,0.0,0.0,0.8517500758171082,0.0145076103508472,47.91257858276367,36.22985363006592,11.682724952697754,6.770744323730469,0,0,0,0,0,Remember
2748,0.947803556919098,0.9774377346038818,0.9273225665092468,0.0214587524533271,0.050115168094635,0.4850427350427351,0.1088276203268961,0.0,0.0,0.9394481778144836,0.0060864412225782,65.96514129638672,41.276588439941406,24.688552856445312,16.35525131225586,0,0,0,0,0,Understand
2749,0.8137083053588867,0.8649619817733765,0.7462522983551025,0.0497988238930702,0.1187096834182739,0.3688725490196078,0.0586957353668041,0.0,0.0,0.815626323223114,0.0322875343263149,45.59236526489258,28.57249689102173,17.01986837387085,13.262088775634766,0,0,0,0,0,Remember
2750,0.7940718531608582,0.8189651966094971,0.7659276723861694,0.021774148568511,0.0530375242233276,0.0856504887091337,0.0446189759176189,0.0,0.0,0.8582479357719421,0.0166231654584407,53.83512496948242,29.988676071166992,23.84644889831543,24.22101402282715,0,0,0,0,0,Understand
2751,0.8918318748474121,0.9008049964904784,0.8835186958312988,0.0070725125260651,0.0172863006591796,0.2095238095238095,0.0587087047901807,0.0,0.0,0.8839921355247498,0.0300601627677679,40.71346664428711,49.32359075546265,8.610124111175537,35.852731704711914,0,0,0,0,0,Understand
2752,0.8453522324562073,0.8767447471618652,0.8089186549186707,0.0279183834791183,0.0678260922431945,0.1517857142857142,0.0262850025783566,0.0,0.0,0.8366073966026306,0.0252075809985399,55.89815902709961,63.8442907333374,7.946131706237793,69.58084106445312,0,0,0,0,0,Understand
2753,0.8017470240592957,0.8297712802886963,0.7827341556549072,0.0202324353158473,0.047037124633789,0.0266666666666666,0.0377123616632825,0.0,0.0,0.8088188171386719,0.0129146249964833,39.91723251342773,35.89506483078003,4.022167682647705,14.127269744873049,0,0,0,0,0,Remember
2754,0.763543426990509,0.7872563600540161,0.7405692338943481,0.0190670955926179,0.0466871261596679,0.0277777777777777,0.0392837100659193,0.0,0.0,0.7359387874603271,0.0133837154135108,45.70906448364258,123.51897811889648,77.8099136352539,262.96639251708984,0,0,0,0,1,Understand
2755,0.8090283870697021,0.8248649835586548,0.8003286123275757,0.0112163294106721,0.0245363712310791,0.0104166666666666,0.0147313912747197,0.0,0.0,0.830247700214386,0.016489990055561,64.47750854492188,80.98686385154724,16.509355306625366,236.7505369186401,0,0,0,0,0,Understand
2756,0.8728263974189758,0.8967446088790894,0.8464848399162292,0.0205898992717266,0.0502597689628601,0.1878557874762808,0.0532888229470602,0.0,0.0,0.8791559338569641,0.0248603243380785,42.170631408691406,26.38476514816284,15.785866260528564,24.720800399780277,0,0,0,0,1,Remember
2757,0.8182452321052551,0.8463642001152039,0.7664408683776855,0.0366759337484836,0.0799233317375183,0.0317460317460317,0.0448956686467649,0.0,0.0,0.7675740122795105,0.0336934886872768,58.99373245239258,36.29457330703735,22.699159145355225,18.7749137878418,0,0,0,0,0,Remember
2758,0.9075328707695008,0.9266037940979004,0.8866442441940308,0.0163639672100543,0.0399595499038696,0.4413919413919414,0.0745760918370048,0.0,0.0,0.935817539691925,0.00611691782251,65.96514129638672,42.722734451293945,23.242406845092773,16.35525131225586,0,0,0,0,0,Understand
2759,0.9532272815704346,0.969911813735962,0.923919439315796,0.0207899790257215,0.045992374420166,0.0,0.0,0.0,0.0,0.9354758262634276,0.0195134915411472,171.9552764892578,1088.068603515625,916.1133270263672,770.0517578125,0,0,1,0,0,Remember
2760,0.837696373462677,0.8415617942810059,0.8312805891036987,0.0045683342032134,0.0102812051773071,0.25,0.0,0.0,0.0,0.9087067246437072,0.0057904496788978,170.18946838378906,159.7367706298828,10.45269775390625,50.336822509765625,0,0,0,0,0,Understand
2761,0.8247126936912537,0.8560308218002319,0.7749385833740234,0.0355851463973522,0.0810922384262085,0.037037037037037,0.0523782800878924,0.0,0.0,0.7965717315673828,0.0400506854057312,49.88349151611328,127.24091720581056,77.35742568969727,113.8447265625,0,0,1,0,0,Understand
2762,0.8486607074737549,0.8685582876205444,0.8265643119812012,0.0172143261879682,0.0419939756393432,0.0416666666666666,0.0589255650988789,0.0,0.0,0.8665202260017395,0.0209980700165033,64.48516845703125,490.9525909423828,426.4674224853516,901.9631958007812,0,0,0,0,0,Understand
2763,0.8656513094902039,0.9040312767028807,0.8284780979156494,0.0308562573045492,0.0755531787872314,0.0,0.0,0.0,0.0,0.8222531676292419,0.0417442619800567,53.8534049987793,614.0966053009033,560.243200302124,2251.560661315918,0,0,1,0,0,Understand
2764,0.8495392203330994,0.8704138994216919,0.8323839902877808,0.0157468393445014,0.0380299091339111,0.0,0.0,0.0,0.0,0.9048487544059752,0.018650896847248,73.74944305419922,435.0910577774048,361.3416147232056,727.4767723083496,0,0,0,0,1,Understand
2765,0.8092158436775208,0.8284737467765808,0.7817037105560303,0.0199659578502178,0.0467700362205505,0.0158730158730158,0.0224478343233824,0.0,0.0,0.8071410059928894,0.042116392403841,61.45426940917969,49.25374031066895,12.200529098510742,35.59904479980469,0,0,0,0,1,Understand
2766,0.8781847953796387,0.8862866163253784,0.8740640878677368,0.0057291775010526,0.0122225284576416,0.0,0.0,0.0,0.0,0.8852975964546204,0.0200739279389381,43.19637680053711,477.2964553833008,434.1000785827637,369.2939758300781,0,0,0,0,1,Understand
2768,0.9034295082092284,0.944238543510437,0.8517355918884277,0.038540530949831,0.0925029516220092,0.0,0.0,0.0,0.0,0.8919668197631836,0.037601675838232,60.52037811279297,700.4919948577881,639.9716167449951,1911.0781326293943,0,0,0,0,0,Create
2769,0.8765785098075867,0.9107987880706788,0.8543518781661987,0.0245553664863109,0.0564469099044799,0.0,0.0,0.0,0.0,0.9046967029571532,0.0356984436511993,60.45648956298828,258.4530668258667,197.9965772628784,479.785457611084,0,0,0,0,0,Create
2770,0.846014678478241,0.9138847589492798,0.7511502504348755,0.0691238194704055,0.1627345085144043,0.0,0.0,0.0,0.0,0.7844042778015137,0.0740443989634513,69.15267181396484,397.0532460212708,327.9005742073059,945.1261119842528,0,0,0,0,0,Understand
2771,0.912517249584198,0.9276154041290284,0.897132396697998,0.0124462861567735,0.0304830074310302,0.0,0.0,0.0,0.0,0.9204180240631104,0.0020522577688097,47.626258850097656,696.4115829467773,648.7853240966797,619.1903076171875,0,0,1,0,0,Understand
2772,0.9193471074104308,0.9357527494430542,0.9034347534179688,0.0131983775645494,0.0323179960250854,0.2539682539682539,0.0809368176760759,0.0,0.0,0.9213457107543944,0.0037660531233996,70.0238265991211,230.1448516845703,160.12102508544922,138.05860900878906,0,0,0,0,0,Understand
2773,0.8355613350868225,0.8477271795272827,0.8179135322570801,0.0127737307921051,0.0298136472702026,0.0,0.0,0.0,0.0,0.854732096195221,0.0297710672020912,74.33970642089844,377.689302444458,303.3495960235596,775.4186935424805,0,0,0,0,0,Understand
2774,0.7480867505073547,0.7809109091758728,0.7275665998458862,0.0234512593597173,0.0533443093299865,0.0,0.0,0.0,0.0,0.8294944763183594,0.0179521702229976,60.94765472412109,60.645103931427,0.3025507926940918,94.88127899169922,0,0,0,0,0,Understand
2775,0.8258288502693176,0.8535668253898621,0.801891565322876,0.0212668217718601,0.051675260066986,0.0304445597647465,0.0216771495558838,0.0,0.0,0.8152411580085754,0.0102015174925327,64.47750854492188,80.29918932914734,15.821680784225464,236.7505369186401,0,0,0,0,0,Understand
2776,0.8027026057243347,0.8077737092971802,0.7977248430252075,0.0041029630228877,0.0100488662719726,0.1416666666666666,0.0180020574955773,0.0,0.0,0.8291218876838684,0.0432773903012275,34.236236572265625,36.55195426940918,2.3157176971435547,33.15290451049805,0,0,0,0,0,Understand
2777,0.8150014877319336,0.8332959413528442,0.8026955127716064,0.0131907109171152,0.0306004285812377,0.0,0.0,0.0,0.0,0.8278182148933411,0.0128523223102092,59.96842575073242,42.07549333572388,17.892932415008545,30.669836044311523,0,0,0,0,0,Understand
2778,0.8308043479919434,0.8600837588310242,0.8024184703826904,0.023550234735012,0.0576652884483337,0.3884432560903149,0.0684674668834908,0.0,0.0,0.7985302805900574,0.0494856350123882,45.59236526489258,28.57249689102173,17.01986837387085,13.262088775634766,0,0,0,0,0,Remember
2779,0.8340774178504944,0.8505485653877258,0.817070484161377,0.0136726191267371,0.0334780812263488,0.2686733556298774,0.0831125922836825,0.0,0.0,0.8458603024482727,0.0171350818127393,47.91257858276367,36.22985363006592,11.682724952697754,6.770744323730469,0,0,0,0,0,Remember
2780,0.8702953457832336,0.8978824019432068,0.8520355224609375,0.0198449417948722,0.0458468794822692,0.1212121212121212,0.0428549564355483,0.0,0.0,0.8674821853637695,0.0328592807054519,59.06026840209961,71.94047260284424,12.880204200744627,91.31794357299805,0,0,0,0,0,Remember
2781,0.8525808453559875,0.8737207651138306,0.8325810432434082,0.0168145541101694,0.0411397218704223,0.0,0.0,0.0,0.0,0.902174949645996,0.0101991677656769,62.308372497558594,584.3211002349854,522.0127277374268,1626.1128158569336,0,0,0,0,0,Understand
2782,0.7958147525787354,0.8463642001152039,0.7295951247215271,0.0489415973424911,0.1167690753936767,0.0604395604395604,0.0248886655807564,0.0,0.0,0.790004551410675,0.0367696098983287,58.99373245239258,36.29457330703735,22.699159145355225,18.7749137878418,0,0,0,0,0,Remember
2783,0.8719358444213867,0.896558940410614,0.8439987897872925,0.0215851720422506,0.0525601506233215,0.2218239745121465,0.0798265655260692,0.0,0.0,0.8800466060638428,0.0237318351864814,42.170631408691406,26.38476514816284,15.785866260528564,24.720800399780277,0,0,0,0,1,Remember
2784,0.7367808222770691,0.7511765956878662,0.7185965776443481,0.0135678183287382,0.032580018043518,0.0,0.0,0.0,0.0,0.7627014517784119,0.0200913250446319,45.70906448364258,123.51897811889648,77.8099136352539,262.96639251708984,0,0,0,0,1,Understand
2785,0.8043255805969238,0.8265676498413086,0.7827341556549072,0.0179008617997169,0.0438334941864013,0.0476190476190476,0.0388807895679869,0.0,0.0,0.8062402606010437,0.0166994296014308,39.91723251342773,35.89506483078003,4.022167682647705,14.127269744873049,0,0,0,0,0,Remember
2786,0.892543613910675,0.9260977506637572,0.868014395236969,0.0245561394840478,0.0580833554267883,0.192063492063492,0.1014135418727827,0.0,0.0,0.883280336856842,0.0183972083032131,40.71346664428711,49.32359075546265,8.610124111175537,35.852731704711914,0,0,0,0,0,Understand
2787,0.8187585473060608,0.8697454929351807,0.7861292362213135,0.0365209579467773,0.0836162567138671,0.0277777777777777,0.0392837100659193,0.0,0.0,0.800459086894989,0.0293650552630424,54.23445510864258,91.84426212310792,37.60980701446533,113.60924911499023,0,0,0,0,0,Evaluate
2788,0.8467023968696594,0.8665932416915894,0.827000617980957,0.0161641724407672,0.0395926237106323,0.0,0.0,0.0,0.0,0.8547282218933105,0.0114394109696149,33.87516021728516,111.42281150817873,77.54765129089355,118.26140594482422,0,0,0,0,1,Understand
2789,0.831146240234375,0.8582863807678223,0.8040060997009277,0.0271401405334472,0.0542802810668945,0.2068557919621749,0.0153664302600472,0.0,0.0,0.7904226183891296,0.0,71.62934875488281,22.14444669087728,49.48490206400554,1.9601936340332031,0,0,0,0,0,Evaluate
2790,0.8401667475700378,0.847275972366333,0.8296366930007935,0.0075965956784784,0.0176392793655395,0.2395833333333333,0.1177405929245399,0.0,0.0,0.8336396217346191,0.006080680526793,49.22248840332031,25.89066505432129,23.331823348999023,4.601722717285156,0,0,0,0,0,Understand
2791,0.8463646173477173,0.863817572593689,0.8289116621017456,0.0174529552459716,0.0349059104919433,0.0997807017543859,0.0581140350877193,0.0,0.0,0.8147544860839844,0.0,28.59456443786621,36.52089627583822,7.926331837972008,27.1220760345459,0,0,0,0,0,Remember
2792,0.9023730754852296,0.9564954042434692,0.8482507467269897,0.0541223287582397,0.1082446575164794,0.0,0.0,0.0,0.0,0.8734187483787537,0.0,65.14579010009766,287.16927337646484,222.0234832763672,339.66133880615234,0,0,0,0,0,Create
2793,0.8176929354667664,0.9307633638381958,0.6359026432037354,0.129814013838768,0.2948607206344604,0.3702686202686203,0.1801095792927563,0.0,0.0,0.7380688786506653,0.128529280424118,53.95293045043945,108.8222770690918,54.86934661865234,32.77447509765625,0,0,0,0,0,Understand
2794,0.8724709153175354,0.911674439907074,0.823658287525177,0.0365692377090454,0.0880161523818969,0.1245421245421245,0.0950971061226898,0.0,0.0,0.8374671339988708,0.033670287579298,55.38418960571289,82.97695064544678,27.592761039733887,74.05683517456055,0,0,1,0,1,Remember
2795,0.911628782749176,0.9629459381103516,0.8372582197189331,0.0538389347493648,0.1256877183914184,0.0,0.0,0.0,0.0,0.8608531951904297,0.0563163459300994,53.17244338989258,109.28859806060792,56.11615467071533,246.8858299255371,0,0,0,0,0,Remember
2796,0.9021748900413512,0.9232848286628724,0.891284704208374,0.0149294761940836,0.0320001244544982,0.0,0.0,0.0,0.0,0.8913738131523132,0.0068253986537456,42.48440933227539,216.32017040252688,173.83576107025146,546.9116706848145,0,0,0,0,0,Remember
2797,0.893304169178009,0.9128171801567078,0.8574399948120117,0.0253926180303096,0.055377185344696,0.0,0.0,0.0,0.0,0.8760307431221008,0.0488982945680618,25.11840438842773,331.3215675354004,306.20316314697266,467.2451629638672,0,0,0,0,0,Evaluate
2798,0.8318033814430237,0.8495094776153564,0.8075772523880005,0.017728716135025,0.0419322252273559,0.0828328328328328,0.0602422578438975,0.0,0.0,0.8589033484458923,0.0096900518983602,31.12651634216309,22.739076137542725,8.387440204620361,11.257196426391602,0,0,0,0,1,Understand
2799,0.7489661574363708,0.7789926528930664,0.7057415843009949,0.031326986849308,0.0732510685920715,0.0,0.0,0.0,0.0,0.841558039188385,0.055185217410326,29.29589462280273,82.41328382492065,53.11738920211792,168.4392604827881,0,0,0,0,0,Understand
2800,0.9251543283462524,0.9251543283462524,0.9251543283462524,0.0,0.0,0.0,0.0,0.0,0.0,0.0,0.0,23.91861724853516,1902.5765075683596,1878.657890319824,3230.844055175781,0,0,0,0,1,Apply
2801,0.8067107200622559,0.8149850368499756,0.7983211278915405,0.0068035004660487,0.016663908958435,0.1280864197530864,0.105864647445324,0.0,0.0,0.7825210690498352,0.0243169125169515,38.33466720581055,38.94243764877319,0.6077704429626465,55.08113861083984,0,0,0,0,0,Understand
2802,0.9104788303375244,0.9104788303375244,0.9104788303375244,0.0,0.0,0.0,0.0,0.0,0.0,0.0,0.0,23.675683975219727,1902.5765075683596,1878.90082359314,3230.844055175781,0,0,0,0,1,Apply
2803,0.8078670501708984,0.8147937655448914,0.8023623824119568,0.0051737576723098,0.0124313831329345,0.1280864197530864,0.105864647445324,0.0,0.0,0.7652948498725891,0.0388809032738208,23.10971450805664,38.94243764877319,15.832723140716553,55.08113861083984,0,0,0,0,0,Understand
2804,0.9104788303375244,0.9104788303375244,0.9104788303375244,0.0,0.0,0.0,0.0,0.0,0.0,0.0,0.0,23.675683975219727,1902.5765075683596,1878.90082359314,3230.844055175781,0,0,0,0,1,Apply
2805,0.9331977367401124,0.9331977367401124,0.9331977367401124,0.0,0.0,0.0,0.0,0.0,0.0,0.0,0.0,34.47832489013672,1902.5765075683596,1868.0981826782229,3230.844055175781,0,0,0,0,1,Remember
2806,0.844260036945343,0.8725533485412598,0.7978735566139221,0.0330634750425815,0.0746797919273376,0.0,0.0,0.0,0.0,0.829136848449707,0.0246900841593742,25.967016220092773,77.95834350585938,51.9913272857666,122.04779815673828,0,0,0,0,0,Understand
2807,0.8044614195823669,0.815731942653656,0.7971283793449402,0.0080891270190477,0.0186035633087158,0.2074592074592074,0.0923029830919502,0.0,0.0,0.8925636410713196,0.0290579050779342,33.926143646240234,64.87690734863281,30.950763702392575,69.35886001586914,0,0,0,0,0,Analyze
2808,0.79701828956604,0.8762096762657166,0.6786741614341736,0.0852633938193321,0.1975355148315429,0.0,0.0,0.0,0.0,0.7304394841194153,0.0803788006305694,40.33294296264648,137.3346209526062,97.00167798995972,180.90271186828613,0,0,0,0,0,Create
2809,0.8315232396125793,0.845565676689148,0.8218096494674683,0.0101699270308017,0.0237560272216796,0.0,0.0,0.0,0.0,0.8370936512947083,0.0051014269702136,32.64082336425781,91.63298988342284,58.99216651916504,154.3120880126953,0,0,0,0,0,Analyze
2810,0.8396493792533875,0.8491700291633606,0.8285531997680664,0.0084901954978704,0.0206168293952941,0.0,0.0,0.0,0.0,0.8340455889701843,0.0158900767564773,26.78959274291992,62.34293270111084,35.55333995819092,122.75176620483398,0,0,0,0,0,Create
2811,0.8203482031822205,0.8449575304985046,0.7889516353607178,0.0233625657856464,0.0560058951377868,0.0,0.0,0.0,0.0,0.8390478491783142,0.0153313912451267,25.621187210083008,77.60653972625732,51.98535251617432,90.09671783447266,0,0,0,0,0,Create
2812,0.8528019785881042,0.8715031147003174,0.8363968133926392,0.0144237466156482,0.0351063013076782,0.0,0.0,0.0,0.0,0.8199830055236816,0.0086894920095801,27.2937126159668,142.59556198120117,115.30184936523438,139.51731872558594,0,0,0,0,0,Understand
2813,0.8189122080802917,0.8546112775802612,0.78919517993927,0.0270389281213283,0.0654160976409912,0.0,0.0,0.0,0.0,0.8557329177856445,0.0252816285938024,27.48989486694336,77.95834350585938,50.468448638916016,122.04779815673828,0,0,0,0,0,Create
2814,0.9448678493499756,0.9448678493499756,0.9448678493499756,0.0,0.0,0.0,0.0,0.0,0.0,0.0,0.0,39.38773727416992,1902.5765075683596,1863.1887702941892,3230.844055175781,0,0,0,0,1,Apply
2815,0.816663920879364,0.828189492225647,0.7979996204376221,0.0133186234161257,0.0301898717880249,0.0,0.0,0.0,0.0,0.8503386974334717,0.0123940920457243,40.08607864379883,136.71036529541016,96.62428665161131,139.51731872558594,0,0,0,0,0,Understand
2816,0.7298855185508728,0.7387150526046753,0.7233316898345947,0.0064831105992197,0.0153833627700805,0.0519744483159117,0.0390099559888048,0.0,0.0,0.7701048851013184,0.1124623492360115,41.75434875488281,50.71648406982422,8.962135314941406,83.5102481842041,0,0,0,0,0,Remember
2817,0.7833516597747803,0.7913668155670166,0.773576021194458,0.0073689697310328,0.0177907943725585,0.0523076923076923,0.0370084483131665,0.0,0.0,0.8159944415092468,0.0041304747574031,36.4292221069336,25.20212316513061,11.22709894180298,22.943321228027344,0,0,0,0,0,Understand
2818,0.8173485398292542,0.8300659656524658,0.7947148680686951,0.0160452518612146,0.0353510975837707,0.0536130536130536,0.0474575129871849,0.0,0.0,0.7975307106971741,0.0424622632563114,28.464082717895508,26.998490810394287,1.4655919075012207,10.76445198059082,0,0,0,0,1,Understand
2819,0.8238351941108704,0.8329168558120728,0.8176922798156738,0.0065535707399249,0.0152245759963989,0.0,0.0,0.0,0.0,0.8293838500976562,0.0120528694242239,26.083232879638672,107.04919242858888,80.9659595489502,134.1396713256836,0,0,0,0,0,Create
2820,0.8173485398292542,0.8300659656524658,0.7947148680686951,0.0160452518612146,0.0353510975837707,0.0536130536130536,0.0474575129871849,0.0,0.0,0.7975307106971741,0.0424622632563114,28.464082717895508,26.998490810394287,1.4655919075012207,10.76445198059082,0,0,0,0,1,Understand
2822,0.8407998085021973,0.8623532056808472,0.7998230457305908,0.028987992554903,0.0625301599502563,0.0,0.0,0.0,0.0,0.832597017288208,0.0307116135954856,25.967016220092773,77.95834350585938,51.9913272857666,122.04779815673828,0,0,0,0,0,Understand
2823,0.8454480767250061,0.8674444556236267,0.8238027095794678,0.017818396911025,0.0436417460441589,0.0,0.0,0.0,0.0,0.8215544819831848,0.0171769447624683,40.08607864379883,136.71036529541016,96.62428665161131,139.51731872558594,0,0,0,0,0,Understand
2825,0.8216506838798523,0.8394230604171753,0.78919517993927,0.0229840967804193,0.0502278804779052,0.0,0.0,0.0,0.0,0.852994441986084,0.032072726637125,27.48989486694336,77.95834350585938,50.468448638916016,122.04779815673828,0,0,0,0,0,Create
2826,0.8528019785881042,0.8715031147003174,0.8363968133926392,0.0144237466156482,0.0351063013076782,0.0,0.0,0.0,0.0,0.8199830055236816,0.0086894920095801,27.2937126159668,142.59556198120117,115.30184936523438,139.51731872558594,0,0,0,0,0,Understand
2827,0.8279140591621399,0.8308048248291016,0.825802206993103,0.0021152521949261,0.0050026178359985,0.0,0.0,0.0,0.0,0.8314818739891052,0.0307385921478271,25.621187210083008,77.60653972625732,51.98535251617432,90.09671783447266,0,0,0,0,0,Create
2828,0.8249058127403259,0.8329168558120728,0.8194886445999146,0.0057807443663477,0.0134282112121582,0.0,0.0,0.0,0.0,0.8283132910728455,0.0128215523436665,26.083232879638672,107.04919242858888,80.9659595489502,134.1396713256836,0,0,0,0,0,Create
2829,0.8035661578178406,0.8209748268127441,0.773576021194458,0.021297600120306,0.0473988056182861,0.144313725490196,0.051427900131708,0.0,0.0,0.7957798838615417,0.0109652252867817,36.4292221069336,25.20212316513061,11.22709894180298,22.943321228027344,0,0,0,0,0,Understand
2830,0.9023730754852296,0.9564954042434692,0.8482507467269897,0.0541223287582397,0.1082446575164794,0.0,0.0,0.0,0.0,0.8734187483787537,0.0,65.14579010009766,287.16927337646484,222.0234832763672,339.66133880615234,0,0,0,0,0,Create
2831,0.831146240234375,0.8582863807678223,0.8040060997009277,0.0271401405334472,0.0542802810668945,0.2068557919621749,0.0153664302600472,0.0,0.0,0.7904226183891296,0.0,71.62934875488281,22.14444669087728,49.48490206400554,1.9601936340332031,0,0,0,0,0,Evaluate
2832,0.8401667475700378,0.847275972366333,0.8296366930007935,0.0075965956784784,0.0176392793655395,0.2395833333333333,0.1177405929245399,0.0,0.0,0.8336396217346191,0.006080680526793,49.22248840332031,25.89066505432129,23.331823348999023,4.601722717285156,0,0,0,0,0,Understand
2833,0.8706180453300476,0.9046207070350648,0.8503485918045044,0.0241911336779594,0.0542721152305603,0.0,0.0,0.0,0.0,0.8839142918586731,0.0072114812210202,47.02828598022461,548.6362075805664,501.6079216003418,1306.9346923828125,0,0,0,0,0,Remember
2834,0.893304169178009,0.9128171801567078,0.8574399948120117,0.0253926180303096,0.055377185344696,0.0,0.0,0.0,0.0,0.8760307431221008,0.0488982945680618,25.11840438842773,331.3215675354004,306.20316314697266,467.2451629638672,0,0,0,0,0,Evaluate
2835,0.8392251133918762,0.8559759855270386,0.829085648059845,0.0119319064542651,0.0268903374671936,0.4212454212454212,0.2178640522595296,0.0,0.0,0.801209032535553,0.0115831401199102,49.13328552246094,23.548216342926025,25.585069179534912,5.526422500610352,0,0,0,0,0,Remember
2836,0.7277572751045227,0.7729706764221191,0.6476266980171204,0.0568165779113769,0.1253439784049987,0.0166666666666666,0.0235702260395515,0.0,0.0,0.6920917630195618,0.0543287619948387,49.617454528808594,32.925270080566406,16.692184448242188,11.572395324707031,0,0,0,0,1,Understand
2837,0.8726707100868225,0.8850001692771912,0.8538526296615601,0.0135183669626712,0.0311475396156311,0.0,0.0,0.0,0.0,0.9234058260917664,0.003601394360885,14.95781707763672,217.133095741272,202.17527866363525,615.8883323669434,0,0,0,0,1,Create
2838,0.813605010509491,0.8472294807434082,0.7496223449707031,0.0452622361481189,0.097607135772705,0.1515151515151515,0.2142747821777416,0.0,0.0,0.7838282585144043,0.0314000993967056,62.40551376342773,210.46365070343015,148.05813694000244,653.0025062561035,0,0,0,0,1,Understand
2839,0.8681402206420898,0.874897837638855,0.8619399070739746,0.0053047146648168,0.0129579305648803,0.25,0.0,0.0,0.0,0.8745415806770325,0.0235855709761381,42.53728485107422,63.75345420837402,21.216169357299805,27.179405212402344,0,0,0,0,0,Understand
2840,0.8662765026092529,0.8709324598312378,0.8631526231765747,0.0033557822462171,0.007779836654663,0.25,0.0,0.0,0.0,0.8848481178283691,0.0268100649118423,42.54051971435547,63.75345420837402,21.212934494018555,27.179405212402344,0,0,0,0,0,Understand
2841,0.9009416699409484,0.920458436012268,0.8789321780204773,0.0170444175601005,0.0415262579917907,0.0858585858585858,0.003571246369629,0.0,0.0,0.8999552130699158,0.0133078377693891,34.65704345703125,36.286245822906494,1.629202365875244,13.699682235717772,0,0,0,0,0,Understand
2842,0.8535683155059814,0.8621883988380432,0.8444418907165527,0.0072538242675364,0.0177465081214904,0.2450980392156863,0.0069324194233975,0.0,0.0,0.8811010718345642,0.0384034402668476,24.443885803222656,55.65987014770508,31.215984344482425,38.12071228027344,0,0,0,0,0,Understand
2843,0.8193761706352234,0.8439261317253113,0.7828938961029053,0.0263061262667179,0.061032235622406,0.0441919191919191,0.0371564115392983,0.0,0.0,0.8229236602783203,0.0349277034401893,62.38575744628906,52.112629413604736,10.273128032684326,66.13133811950684,0,0,0,0,1,Understand
2844,0.8779365420341492,0.9181371331214904,0.8412749767303467,0.0314784720540046,0.0768621563911438,0.1049382716049382,0.1231477613781481,0.0,0.0,0.924087941646576,0.0112498356029391,16.91960334777832,26.604910850524902,9.685307502746582,24.90410804748535,0,0,1,0,0,Apply
2845,0.8481044173240662,0.8778290152549744,0.7946682572364807,0.0378647036850452,0.0831607580184936,0.0894163307956411,0.0442562465589121,0.0,0.0,0.832850992679596,0.0555518418550491,47.0894775390625,33.78825330734253,13.30122423171997,13.11615753173828,0,0,0,0,0,Understand
2846,0.9188714027404784,0.9188714027404784,0.9188714027404784,0.0,0.0,0.0,0.0,0.0,0.0,0.0,0.0,52.1585807800293,1902.5765075683596,1850.41792678833,3230.844055175781,0,0,0,0,1,Apply
2847,0.8074789643287659,0.8262335062026978,0.7958557605743408,0.0133876521140336,0.0303777456283569,0.0416666666666666,0.0589255650988789,0.0,0.0,0.8200082182884216,0.0136629417538642,21.566274642944336,43.25478172302246,21.688507080078125,31.812652587890625,0,0,0,0,0,Understand
2848,0.8398324847221375,0.8600906729698181,0.8241156339645386,0.0150337107479572,0.0359750390052795,0.1397745571658615,0.0458391629844352,0.0,0.0,0.8264281153678894,0.0138514647260308,33.145870208740234,23.54930639266968,9.596563816070557,9.378231048583984,0,0,0,0,0,Understand
2849,0.828322172164917,0.835720419883728,0.8205075263977051,0.0062176147475838,0.0152128934860229,0.0,0.0,0.0,0.0,0.8467493057250977,0.0125151760876178,27.843978881835938,39.89461994171143,12.050641059875488,23.060688018798828,0,0,0,0,1,Understand
2850,0.8544206619262695,0.8695876002311707,0.8314954042434692,0.0164903420954942,0.0380921959877014,0.0895061728395061,0.0455704415439302,0.0,0.0,0.830132007598877,0.0702699571847915,25.834495544433597,34.68661451339722,8.852118968963623,11.793615341186523,0,0,0,0,1,Understand
2851,0.7466875910758972,0.8101392984390259,0.6778358817100525,0.0541474483907222,0.1323034167289734,0.0233990147783251,0.0165532390424104,0.0,0.0,0.7329847812652588,0.0487096682190895,42.20561218261719,28.38110113143921,13.82451105117798,8.34807014465332,0,0,0,0,0,Understand
2852,0.9592254161834716,0.9592254161834716,0.9592254161834716,0.0,0.0,0.0,0.0,0.0,0.0,0.0,0.0,20.898460388183597,1902.5765075683596,1881.678047180176,3230.844055175781,0,0,0,0,1,Apply
2853,0.8706679940223694,0.8706679940223694,0.8706679940223694,0.0,0.0,0.0,0.0,0.0,0.0,0.0,0.0,22.000762939453125,1902.5765075683596,1880.5757446289065,3230.844055175781,0,0,0,0,0,Understand
2854,0.8049715161323547,0.8130170702934265,0.7911950349807739,0.0097871897742152,0.0218220353126525,0.2037037037037037,0.0654728501098655,0.0,0.0,0.8577460646629333,0.029389264062047,45.19969940185547,58.60955619812012,13.409856796264648,38.06731796264648,0,0,0,0,0,Understand
2855,0.8105783462524414,0.8178070783615112,0.8019252419471741,0.0065614813938736,0.0158818364143371,0.102020202020202,0.0247835235280511,0.0,0.0,0.8185712695121765,0.0035847357939928,106.32876586914062,30.822309494018555,75.50645637512207,14.851676940917969,0,0,0,0,0,Understand
2856,0.8018476366996765,0.8300734758377075,0.7874126434326172,0.0199604146182537,0.0426608324050903,0.1482498982498982,0.10563434667803,0.0,0.0,0.8171770572662354,0.011866370216012,115.14519500732422,49.67562007904053,65.46957492828369,77.41084289550781,0,0,0,0,0,Understand
2857,0.8323414325714111,0.8582495450973511,0.8133145570755005,0.0189789682626724,0.0449349880218505,0.0,0.0,0.0,0.0,0.8615379929542542,0.0037424496840685,73.2069320678711,37.09697866439819,36.1099534034729,30.31572532653809,0,0,0,0,1,Understand
2858,0.8492103219032288,0.8650091886520386,0.8340948224067688,0.0126299830153584,0.0309143662452697,0.0185185185185185,0.0261891400439462,0.0,0.0,0.8249030113220215,0.0069136805832386,47.81193161010742,66.63275003433228,18.820818424224854,93.93446922302246,0,0,0,0,0,Understand
2859,0.7448529601097107,0.8040153384208679,0.7074193358421326,0.0423225872218608,0.0965960025787353,0.0853455322895051,0.0381704851914551,0.0,0.0,0.7317066788673401,0.0477118045091629,33.4915885925293,25.350903511047363,8.140685081481934,13.62644386291504,0,0,0,0,0,Understand
2860,0.9365302920341492,0.946824073791504,0.9203317165374756,0.0115934032946825,0.0264923572540283,0.1031746031746031,0.0736001467896484,0.0,0.0,0.9254480004310608,0.0105417883023619,85.9270248413086,163.05499076843262,77.12796592712402,575.588399887085,0,0,0,0,0,Remember
2861,0.9000248908996582,0.9435765743255616,0.8654329776763916,0.0325250104069709,0.0781435966491699,0.3277777777777778,0.0613631167621514,0.0,0.0,0.8534151911735535,0.0232737082988023,50.61030578613281,3482.826201438904,3432.215895652771,12269.801593780518,0,0,0,0,0,Understand
2862,0.8529849052429199,0.8948514461517334,0.8071179389953613,0.035928588360548,0.087733507156372,0.1615949410067057,0.0412259481809089,0.0,0.0,0.7710049748420715,0.0682646557688713,54.78547668457031,32.84684705734253,21.938629627227783,23.897661209106445,0,0,0,0,0,Understand
2863,0.8059617877006531,0.8494565486907959,0.7680162191390991,0.0334786176681518,0.0814403295516967,0.1349725137431284,0.0839633943212823,0.0,0.0,0.7537291049957275,0.0425919294357299,54.4949836730957,28.07149028778076,26.42349338531494,17.403152465820312,0,0,0,0,0,Understand
2864,0.8210248947143555,0.8306020498275757,0.8116613626480103,0.0077339801937341,0.0189406871795654,0.0,0.0,0.0,0.0,0.8187122344970703,0.0257403068244457,32.360191345214844,60.99636602401733,28.63617467880249,75.13394355773926,0,0,0,0,0,Understand
2865,0.8410239219665527,0.8511286973953247,0.8337305784225464,0.0073757069185376,0.0173981189727783,0.0,0.0,0.0,0.0,0.8939123153686523,0.0119671849533915,40.22567367553711,158.87599754333496,118.65032386779784,168.53512573242188,0,0,0,0,0,Create
2866,0.9453710913658142,0.9513269662857056,0.938374638557434,0.0053387060761451,0.0129523277282714,0.0,0.0,0.0,0.0,0.9452133774757384,0.0077052903361618,63.135772705078125,412.7697448730469,349.63397216796875,207.05953979492188,0,0,1,0,0,Understand
2867,0.9451572895050048,0.9684994220733644,0.9283111095428468,0.0170376598834991,0.0401883125305175,0.2740740740740741,0.1673647930028889,0.0,0.0,0.9305253624916076,0.0065423836931586,45.67623901367188,353.40709400177,307.73085498809814,1183.6334342956543,0,0,0,0,0,Remember
2868,0.7940211892127991,0.7991805076599121,0.7882148623466492,0.0045000258833169,0.0109656453132629,0.0486371100164203,0.0162726359898157,0.0,0.0,0.886934220790863,0.0173036120831966,47.0894775390625,33.78825330734253,13.30122423171997,13.11615753173828,0,0,0,0,0,Understand
2871,0.8263799548149109,0.8443724513053894,0.8106518983840942,0.0138591583818197,0.0337205529212951,0.1266599258510279,0.0519183729375012,0.0,0.0,0.839880645275116,0.0149834938347339,33.145870208740234,23.54930639266968,9.596563816070557,9.378231048583984,0,0,0,0,0,Understand
2872,0.8466202616691589,0.8569772243499756,0.8287386298179626,0.0126969590783119,0.0282385945320129,0.1851851851851852,0.1385799032138496,0.0,0.0,0.8284513354301453,0.0062289298512041,27.843978881835938,39.89461994171143,12.050641059875488,23.060688018798828,0,0,0,0,1,Understand
2875,0.8529849052429199,0.8948514461517334,0.8071179389953613,0.035928588360548,0.087733507156372,0.1615949410067057,0.0412259481809089,0.0,0.0,0.7710049748420715,0.0682646557688713,54.78547668457031,32.84684705734253,21.938629627227783,23.897661209106445,0,0,0,0,0,Understand
2876,0.8059617877006531,0.8494565486907959,0.7680162191390991,0.0334786176681518,0.0814403295516967,0.1349725137431284,0.0839633943212823,0.0,0.0,0.7537291049957275,0.0425919294357299,54.4949836730957,28.07149028778076,26.42349338531494,17.403152465820312,0,0,0,0,0,Understand
2877,0.8276365399360657,0.8472775220870972,0.8116613626480103,0.0147694647312164,0.0356161594390869,0.0,0.0,0.0,0.0,0.8121004700660706,0.0196527130901813,32.360191345214844,60.99636602401733,28.63617467880249,75.13394355773926,0,0,0,0,0,Understand
2878,0.8243424892425537,0.8381688594818115,0.7990752458572388,0.01789316162467,0.0390936136245727,0.2037037037037037,0.0654728501098655,0.0,0.0,0.8403043746948242,0.0417846255004406,45.19969940185547,59.2128849029541,14.013185501098633,38.06731796264648,0,0,0,0,0,Understand
2879,0.8166411519050598,0.8178070783615112,0.8154846429824829,0.0009481538436375,0.0023224353790283,0.0797979797979798,0.0144976768630377,0.0,0.0,0.8125084042549133,0.0088548371568322,106.32876586914062,30.822309494018555,75.50645637512207,14.851676940917969,0,0,0,0,0,Understand
2880,0.8164951801300049,0.8300734758377075,0.8030903339385986,0.0110165039077401,0.0269831418991088,0.1820302303060923,0.0934868987411117,0.0,0.0,0.802529513835907,0.0209246538579463,115.14519500732422,49.67562007904053,65.46957492828369,77.41084289550781,0,0,0,0,0,Understand
2881,0.8462836146354675,0.8668263554573059,0.8133145570755005,0.0235469471663236,0.0535117983818054,0.0611111111111111,0.054997194092287,0.0,0.0,0.8475958704948425,0.0156558956950902,73.2069320678711,37.09697866439819,36.1099534034729,30.31572532653809,0,0,0,0,1,Understand
2882,0.8323677182197571,0.8485270142555237,0.8158878087997437,0.0133268274366855,0.03263920545578,0.0,0.0,0.0,0.0,0.8417456746101379,0.0167678631842136,47.81193161010742,66.63275003433228,18.820818424224854,93.93446922302246,0,0,0,0,0,Understand
2883,0.7780771255493164,0.8040153384208679,0.7568809986114502,0.019532486796379,0.0471343398094177,0.1127450980392156,0.020711496015067,0.0,0.0,0.6984825134277344,0.0245939400047063,33.4915885925293,25.350903511047363,8.140685081481934,13.62644386291504,0,0,0,0,0,Understand
2884,0.9222370982170104,0.9356623888015748,0.9120749235153198,0.0099021429196,0.0235874652862548,0.0,0.0,0.0,0.0,0.9492387771606444,0.0084171304479241,50.1761589050293,174.64731216430664,124.47115325927734,154.94668579101562,0,0,0,0,0,Understand
2885,0.9237187504768372,0.9390972852706908,0.9054925441741944,0.0138660548254847,0.0336047410964965,0.0,0.0,0.0,0.0,0.916635513305664,0.0031818384304642,73.41969299316406,534.8126907348633,461.3929977416992,419.6157531738281,0,0,1,0,0,Remember
2886,0.91047865152359,0.9161149263381958,0.9056383371353148,0.0043139192275702,0.0104765892028808,0.0,0.0,0.0,0.0,0.9195742011070251,0.0027948068454861,46.95151138305664,538.1992263793945,491.2477149963379,419.5988464355469,0,0,1,0,0,Understand
2887,0.9535059928894044,0.9563589692115784,0.9515074491500854,0.0020707249641418,0.0048515200614929,0.0,0.0,0.0,0.0,0.9582312703132628,0.0016211722977459,27.88947105407715,426.6753463745117,398.78587532043457,262.2623596191406,0,0,1,0,0,Remember
2888,0.8414562344551086,0.8561590909957886,0.8236209154129028,0.0134670715779066,0.0325381755828857,0.0904558404558404,0.0148380816638174,0.0,0.0,0.8574907779693604,0.006453554611653,32.752742767333984,43.47478199005127,10.722039222717283,49.36796188354492,0,0,0,0,1,Understand
2890,0.7211663722991943,0.7363341450691223,0.7102089524269104,0.0110732773318886,0.0261251926422119,0.041529334212261,0.0102546797535293,0.0,0.0,0.7741466164588928,0.0222362410277128,50.78715896606445,23.677368640899655,27.109790325164795,13.01597785949707,0,0,0,0,0,Understand
2891,0.850334882736206,0.8670624494552612,0.8225584030151367,0.0197772942483425,0.0445040464401245,0.0,0.0,0.0,0.0,0.8103483319282532,0.025177551433444,32.99851608276367,70.35895586013794,37.36043977737427,116.36015892028809,0,0,0,0,0,Create
2892,0.8471305966377258,0.8639544248580933,0.8302377462387085,0.0137648629024624,0.0337166786193847,0.0,0.0,0.0,0.0,0.8400393128395081,0.0134025970473885,55.91569900512695,118.32103157043456,62.40533256530762,65.93830871582031,0,0,0,0,1,Understand
2894,0.8988038897514343,0.9078274965286256,0.8846874237060547,0.0101100066676735,0.0231400728225708,0.25,0.0,0.0,0.0,0.9118142127990724,0.019395550712943,24.623065948486328,62.72705078125,38.10398483276367,19.57730865478516,0,0,0,0,0,Understand
2895,0.8656485676765442,0.8874750137329102,0.8415418863296509,0.0188213121145963,0.0459331274032592,0.0,0.0,0.0,0.0,0.8708193898200989,0.0349213033914566,35.17063903808594,169.50287437438965,134.3322353363037,141.89781188964844,0,0,1,0,0,Understand
2896,0.8954058289527893,0.9146567583084106,0.864716649055481,0.0219336804002523,0.0499401092529296,0.3636363636363636,0.1928473039599675,0.0,0.0,0.8619773983955383,0.0184666514396667,38.23423767089844,81.40309524536133,43.16885757446289,137.2268180847168,0,0,0,0,0,Understand
2897,0.9335098266601562,0.9411545991897584,0.928913116455078,0.0054425057023763,0.0122414827346801,0.1203703703703703,0.0065472850109865,0.0,0.0,0.9348807334899902,0.0084975939244031,26.8865966796875,241.01056671142575,214.12397003173828,368.7175827026367,0,0,0,0,1,Analyze
2898,0.8885459303855896,0.8982723951339722,0.8802624940872192,0.007422980852425,0.0180099010467529,0.25,0.0,0.0,0.0,0.867509663105011,0.0242931451648473,25.54059600830078,63.45668888092041,37.91609287261963,29.790298461914062,0,0,0,0,0,Understand
2899,0.8875865936279297,0.9128289818763732,0.8442918062210083,0.0307544246315956,0.0685371756553649,0.0208333333333333,0.0294627825494394,0.0,0.0,0.90457683801651,0.0215284116566181,56.34783172607422,137.6439447402954,81.29611301422119,280.4252128601074,0,0,0,0,1,Understand
2900,0.8535683155059814,0.8621883988380432,0.8444418907165527,0.0072538242675364,0.0177465081214904,0.2450980392156863,0.0069324194233975,0.0,0.0,0.8811010718345642,0.0384034402668476,24.443885803222656,55.65987014770508,31.215984344482425,38.12071228027344,0,0,0,0,0,Understand
2901,0.7725610136985779,0.7939975261688232,0.7593966722488403,0.0152889257296919,0.0346008539199829,0.0,0.0,0.0,0.0,0.8439647555351257,0.0144216027110815,112.82642364501952,151.34175205230713,38.5153284072876,336.1003761291504,0,0,0,0,1,Understand
2902,0.8722464442253113,0.9399160146713256,0.8045768737792969,0.0676695704460144,0.1353391408920288,0.4759398496240601,0.418796992481203,0.0,0.0,0.8166801929473877,0.0,81.96497344970703,20.6542428334554,61.31073061625163,3.0149803161621094,0,0,0,0,0,Remember
2903,0.8094895482063293,0.8361654281616211,0.7680405378341675,0.0297089777886867,0.0681248903274536,0.5746491833448355,0.1103639335810043,0.0,0.0,0.8083131313323975,0.0508689545094966,69.37110900878906,30.23808860778809,39.13302040100098,6.29582405090332,0,0,0,0,0,Understand
2904,0.8287997245788574,0.8405981659889221,0.8206287622451782,0.0085464948788285,0.0199694037437438,0.6476190476190475,0.0740778532671621,0.0,0.0,0.8869335055351257,0.0117148952558636,103.12604522705078,22.744446754455566,80.38159847259521,7.75395393371582,0,0,0,0,0,Understand
2905,0.8605084419250488,0.8772546052932739,0.8441916704177856,0.013501301407814,0.0330629348754882,0.5552469135802469,0.1743108668764889,0.0,0.0,0.8677101135253906,0.014855109155178,33.940181732177734,17.819836139678955,16.12034559249878,2.7848262786865234,0,0,0,0,0,Understand
2906,0.9005563259124756,0.9151182174682616,0.8867911696434021,0.0115781845524907,0.0283270478248596,0.0965909090909091,0.0958640207185133,0.0,0.0,0.9132102131843568,0.0094113564118742,36.6836166381836,141.66141319274902,104.97779655456544,326.4788627624512,0,0,0,0,1,Understand
2907,0.8969972729682922,0.9047421813011168,0.8902589082717896,0.0059554539620876,0.0144832730293273,0.1285714285714285,0.0202030508910442,0.0,0.0,0.926418125629425,0.0105669824406504,22.228565216064453,237.2951374053955,215.06657218933103,298.0099411010742,0,0,0,0,0,Create
2908,0.8083868622779846,0.8329113721847534,0.7891312837600708,0.0182573329657316,0.0437800884246826,0.0,0.0,0.0,0.0,0.812775194644928,0.0250862147659063,29.865264892578125,51.07668495178223,21.2114200592041,42.4085693359375,0,0,0,0,0,Create
2909,0.9273748397827148,0.9273748397827148,0.9273748397827148,0.0,0.0,0.0,0.0,0.0,0.0,0.0,0.0,52.40263748168945,432.1442565917969,379.7416191101074,328.20611572265625,0,0,0,0,1,Create
2910,0.8200418949127197,0.8409116268157959,0.79072105884552,0.0213438384234905,0.0501905679702758,0.0,0.0,0.0,0.0,0.823523223400116,0.0141826700419187,39.86762237548828,123.02821350097656,83.16059112548828,157.87969207763672,0,0,0,0,0,Create
2911,0.8141212463378906,0.8387179970741272,0.7771713733673096,0.0266013350337743,0.0615466237068176,0.0,0.0,0.0,0.0,0.868983268737793,0.0205446295440197,32.91106033325195,222.60853672027588,189.69747638702395,638.4918479919434,0,0,0,0,0,Analyze
2912,0.7987759709358215,0.8457518815994263,0.7351899147033691,0.0466398298740386,0.1105619668960571,0.2045454545454545,0.1340506789539914,0.0,0.0,0.7764334678649902,0.0579085499048233,58.99373245239258,31.834737300872803,27.158995151519772,24.066558837890625,0,0,0,0,0,Remember
2913,0.910114586353302,0.9415167570114136,0.8744814991950989,0.0275300703942775,0.0670352578163147,0.25,0.0,0.0,0.0,0.8805938363075256,0.0341504104435443,23.948694229125977,185.6482334136963,161.6995391845703,235.2929000854492,0,0,0,0,0,Understand
2914,0.8807416558265686,0.9030604362487792,0.8663580417633057,0.01599982380867,0.0367023944854736,0.25,0.0,0.0,0.0,0.847392737865448,0.0191571824252605,31.263900756835938,63.22075939178467,31.95685863494873,26.671798706054688,0,0,0,0,0,Create
2915,0.8105955719947815,0.8306846022605896,0.7925333976745605,0.0156409665942192,0.038151204586029,0.0,0.0,0.0,0.0,0.8109171986579895,0.0276030786335468,38.74201583862305,78.11164855957031,39.36963272094727,56.85323333740234,0,0,0,0,0,Create
2916,0.7798542976379395,0.8231779336929321,0.7377012968063354,0.0349055044353008,0.0854766368865966,0.0,0.0,0.0,0.0,0.7680220007896423,0.0280447397381067,29.382036209106445,59.45880699157715,30.076770782470703,46.96783065795898,0,0,0,0,1,Understand
2917,0.8436883091926575,0.8756972551345825,0.799592912197113,0.032223492860794,0.0761043429374694,0.1636363636363636,0.051425947722658,0.0,0.0,0.850274384021759,0.04577012732625,33.882606506347656,56.88099670410156,22.998390197753903,59.06254196166992,0,0,0,0,0,Understand
2918,0.8509628176689148,0.8680658340454102,0.8288575410842896,0.0163928680121898,0.0392082929611206,0.0,0.0,0.0,0.0,0.854261577129364,0.0114636607468128,64.30492401123047,344.78571033477783,280.48078632354736,997.1150932312012,0,0,0,0,0,Analyze
2919,0.8906993865966797,0.9177207946777344,0.8520054221153259,0.0280691385269165,0.0657153725624084,0.1698412698412698,0.0234362270797355,0.0,0.0,0.899120569229126,0.011588018387556,29.98732185363769,278.4324722290039,248.4451503753662,312.99900817871094,0,0,0,0,0,Analyze
2920,0.8103237152099609,0.8291974067687988,0.7786632776260376,0.0225247927010059,0.0505341291427612,0.0,0.0,0.0,0.0,0.7730837464332581,0.0114301238209009,59.24072647094727,68.96993684768677,9.729210376739502,71.02857398986816,0,0,0,0,0,Understand
2921,0.9669620394706726,0.9712675213813782,0.963847041130066,0.0031441743485629,0.0074204802513122,0.0,0.0,0.0,0.0,0.9902510643005372,0.0017595518147572,20.09467124938965,215.9857931137085,195.89112186431885,615.8883323669434,0,0,0,0,1,Analyze
2922,0.8097097277641296,0.8265191316604614,0.7880753874778748,0.0160611532628536,0.0384437441825866,0.0,0.0,0.0,0.0,0.8387303948402405,0.0279298331588506,62.44173812866211,103.88660335540771,41.444865226745605,163.45827865600586,0,0,0,0,0,Remember
2923,0.8009190559387207,0.8272481560707092,0.76090008020401,0.0287642776966094,0.0663480758666992,0.058080808080808,0.0411856222987376,0.0,0.0,0.76702481508255,0.0376990661025047,42.12744903564453,130.1633262634277,88.0358772277832,236.2662124633789,0,0,0,0,0,Understand
2924,0.797274112701416,0.8136112689971924,0.7817046046257019,0.0130371488630771,0.0319066643714904,0.0208333333333333,0.0294627825494394,0.0,0.0,0.8128384947776794,0.0232574585825204,33.46125411987305,50.999329566955566,17.53807544708252,25.809738159179688,0,0,0,0,0,Remember
2925,0.7999827265739441,0.8462098836898804,0.766727089881897,0.0337201841175556,0.0794827938079834,0.0,0.0,0.0,0.0,0.7789936661720276,0.0252600219100713,43.33821868896485,51.81081962585449,8.472600936889648,48.6876335144043,0,0,0,0,0,Understand
2926,0.8901424407958984,0.9016542434692384,0.8751400709152222,0.0111022032797336,0.0265141725540161,0.2666666666666666,0.1885618083164126,0.0,0.0,0.8861611485481262,0.0136086931452155,47.77140426635742,72.74436950683594,24.97296524047852,142.35982131958008,0,0,0,0,1,Understand
2927,0.9014947414398192,0.9158177971839904,0.8915141224861145,0.0103861996904015,0.0243036746978759,0.2,2.775557561562892e-17,0.0,0.0,0.8980671763420105,0.0050015728920698,65.66950988769531,514.3015594482422,448.6320495605469,211.1763916015625,0,0,1,0,0,Remember
2928,0.9113948941230774,0.9408127665519714,0.8660774230957031,0.0325160734355449,0.0747353434562683,0.0476190476190476,0.0673435029701473,0.0,0.0,0.88968825340271,0.0252288933843374,110.06139373779295,132.32680320739746,22.26540946960449,390.60177993774414,0,0,0,0,0,Understand
2929,0.8755763173103333,0.8892840147018433,0.8615615367889404,0.011319737881422,0.0277224779129028,0.0,0.0,0.0,0.0,0.8298166394233704,0.0112697388976812,32.37725067138672,219.62390422821045,187.24665355682373,594.3728294372559,0,0,0,0,0,Analyze
2930,0.8542373180389404,0.8625409603118896,0.839353621006012,0.0105478595942258,0.0231873393058776,0.2452056799882886,0.1036862857086655,0.0,0.0,0.8365386128425598,0.0140196988359093,50.78472518920898,33.18437623977661,17.600348949432373,12.814083099365234,0,0,0,0,0,Remember
2931,0.8327745795249939,0.8880358338356018,0.7602475881576538,0.0535788387060165,0.127788245677948,0.0344827586206896,0.048765984909417,0.0,0.0,0.8075335025787354,0.0439442135393619,40.24947738647461,39.08231019973755,1.1671671867370603,21.80378150939941,0,0,0,0,0,Understand
2932,0.7851176261901855,0.8031123876571655,0.7717411518096924,0.013217020779848,0.0313712358474731,0.0,0.0,0.0,0.0,0.8058040142059326,0.0098857535049319,52.816017150878906,42.96534538269043,9.850671768188477,29.1119384765625,0,0,0,0,0,Understand
2933,0.7593793869018555,0.8341140747070312,0.6970440149307251,0.0566413067281246,0.1370700597763061,0.0,0.0,0.0,0.0,0.8647130131721497,0.0176010839641094,25.869585037231445,71.93761730194092,46.06803226470947,66.208251953125,0,0,0,0,0,Understand
2934,0.8755763173103333,0.8892840147018433,0.8615615367889404,0.011319737881422,0.0277224779129028,0.0,0.0,0.0,0.0,0.8298166394233704,0.0112697388976812,32.37725067138672,219.62390422821045,187.24665355682373,594.3728294372559,0,0,0,0,0,Analyze
2935,0.9397082924842834,0.9545047283172609,0.931346595287323,0.0104921692982316,0.0231581330299377,0.0,0.0,0.0,0.0,0.9321690201759338,0.0100790979340672,109.23900604248048,385.4673690795898,276.2283630371094,1119.7731018066406,0,0,0,0,0,Understand
2936,0.949415922164917,0.9541090130805968,0.9414701461791992,0.0056491894647479,0.0126388669013977,0.0,0.0,0.0,0.0,0.9404668807983398,0.004401090554893,125.84651184082033,599.3915252685547,473.5450134277344,256.34442138671875,0,0,1,0,0,Remember
2937,0.7931151390075684,0.8292287588119507,0.7732245922088623,0.0255800429731607,0.0560041666030883,0.0476190476190476,0.0336717514850736,0.0,0.0,0.8330175280570984,0.0360821597278118,102.80916595458984,68.7364730834961,34.07269287109375,64.92370223999023,0,0,1,0,0,Understand
2938,0.8310973644256592,0.8444132804870605,0.8210717439651489,0.009809048846364,0.0233415365219116,0.1222222222222222,0.087488976377909,0.0,0.0,0.8419301509857178,0.0207219757139682,51.50680923461914,770.6563491821289,719.1495399475098,1103.0054626464844,0,0,0,0,0,Create
2939,0.8291099667549133,0.8375037908554077,0.8162299394607544,0.0092462142929434,0.0212738513946533,0.0144927536231884,0.0204958487300448,0.0,0.0,0.8153439164161682,0.0218328554183244,77.81463623046875,26.107179164886475,51.70745706558228,14.36855125427246,0,0,1,0,0,Create
2940,0.8031303286552429,0.8318920135498047,0.7878167629241943,0.0203518755733966,0.0440752506256103,0.0334632878492527,0.0306600409029344,0.0,0.0,0.8286955952644348,0.0119112767279148,50.64942932128906,31.11349868774414,19.53593063354492,27.336286544799805,0,0,0,0,0,Understand
2941,0.8724673390388489,0.8909229636192322,0.8556376695632935,0.0144509635865688,0.0352852940559387,0.0,0.0,0.0,0.0,0.8490235209465027,0.0148822711780667,53.60379409790039,55.8267388343811,2.222944736480713,65.35741996765137,0,0,0,0,0,Create
2942,0.841139018535614,0.8691846132278442,0.8073743581771851,0.0255559086799621,0.0618102550506591,0.0,0.0,0.0,0.0,0.8138606548309326,0.0413918085396289,81.9110107421875,345.9935369491577,264.0825262069702,894.4543266296387,0,0,0,0,1,Understand
2943,0.8620169758796692,0.8723100423812866,0.8441676497459412,0.012670736759901,0.0281423926353454,0.0,0.0,0.0,0.0,0.880017101764679,0.011718756519258,66.7070541381836,158.87599754333496,92.16894340515135,168.53512573242188,0,0,0,0,0,Remember
2944,0.9325482249259948,0.9357231855392456,0.9264264106750488,0.0043297912925481,0.0092967748641967,0.0,0.0,0.0,0.0,0.9326379895210266,0.0074974237941205,84.7314224243164,413.1422576904297,328.4108352661133,298.3069763183594,0,0,1,0,0,Create
2945,0.9210438132286072,0.9507331848144532,0.8800087571144104,0.029966976493597,0.0707244277000427,0.0952380952380952,0.0673435029701473,0.0,0.0,0.892719030380249,0.0300207715481519,97.13138580322266,132.32680320739746,35.195417404174805,390.60177993774414,0,0,0,0,0,Understand
2946,0.7864236831665039,0.7892314195632935,0.7815763354301453,0.0034419072326272,0.0076550841331481,0.0,0.0,0.0,0.0,0.8155030608177185,0.013419609516859,58.66504669189453,42.06210279464722,16.602943897247314,38.18649482727051,0,0,0,0,0,Understand
2947,0.848785400390625,0.8608173727989197,0.8294142484664917,0.0138307940214872,0.0314031243324279,0.2778787878787879,0.1117758809697997,0.0,0.0,0.8419905304908752,0.0158131550997495,50.78472518920898,33.18437623977661,17.600348949432373,12.814083099365234,0,0,0,0,0,Remember
2948,0.8542563319206238,0.8892840147018433,0.8299154043197632,0.0253878310322761,0.05936861038208,0.0,0.0,0.0,0.0,0.8511366844177246,0.0255481954663991,32.37725067138672,219.62390422821045,187.24665355682373,594.3728294372559,0,0,0,0,0,Analyze
2950,0.8372704386711121,0.852961540222168,0.8123013377189636,0.0178488735109567,0.0406602025032043,0.1851851851851852,0.1385799032138496,0.0,0.0,0.8172938227653503,0.0018295403569936,29.04964828491211,55.09377098083496,26.04412269592285,66.11796188354492,0,0,0,0,1,Understand
2951,0.7524426579475403,0.7667144536972046,0.7343956828117371,0.0134614249691367,0.0323187708854675,0.0,0.0,0.0,0.0,0.8135069012641907,0.0591300725936889,49.23746490478516,260.9271688461304,211.6897039413452,870.4095058441162,0,0,0,0,0,Understand
2952,0.8297310471534729,0.8331520557403564,0.8248100876808167,0.003566947998479,0.0083419680595397,0.2217893217893217,0.0160283622194076,0.0,0.0,0.8784491419792175,0.0208010729402303,94.20637512207033,49.25675964355469,44.949615478515625,15.882774353027344,0,0,0,0,0,Evaluate
2953,0.9460409283638,0.9650462865829468,0.9362462162971495,0.0134409191086888,0.0288000702857971,0.0,0.0,0.0,0.0,0.9438531398773192,0.0066320891492068,72.11080932617188,84.41681385040283,12.306004524230955,49.77835464477539,0,0,0,0,0,Understand
2954,0.820946216583252,0.846526563167572,0.7799173593521118,0.0293051302433013,0.0666092038154602,0.0779220779220779,0.0590397476059993,0.0,0.0,0.813789427280426,0.0281014237552881,91.5417938232422,8267.354599952698,8175.812806129456,32893.82004928589,0,0,0,0,0,Remember
2955,0.7920341491699219,0.8725156188011169,0.6791117191314697,0.0822215378284454,0.1934038996696472,0.167156862745098,0.0313188879313005,0.0,0.0,0.7438046932220459,0.0985834747552871,30.585390090942383,30.276371955871586,0.3090181350708008,7.813308715820312,0,0,0,0,0,Evaluate
2956,0.7874479293823242,0.831093966960907,0.7119570970535278,0.053597018122673,0.1191368699073791,0.0,0.0,0.0,0.0,0.7683532238006592,0.0415411666035652,70.00556182861328,45.31559658050537,24.68996524810791,39.17599487304688,0,0,0,0,0,Understand
2957,0.8006272315979004,0.8557746410369873,0.6970440149307251,0.0732956677675247,0.1587306261062622,0.0,0.0,0.0,0.0,0.8234651684761047,0.0585882440209388,25.869585037231445,71.93761730194092,46.06803226470947,66.208251953125,0,0,0,0,0,Understand
2958,0.7975698113441467,0.8734242916107178,0.7426304221153259,0.0554066188633441,0.1307938694953918,0.0,0.0,0.0,0.0,0.7944291234016418,0.0183595959097147,87.5037841796875,103.88660335540771,16.382819175720215,163.45827865600586,0,0,0,0,0,Remember
2959,0.9795010685920716,0.9904648661613464,0.9618558883666992,0.0125989383086562,0.0286089777946472,0.0,0.0,0.0,0.0,0.9756796956062316,0.0102079892531037,20.249542236328125,215.9857931137085,195.7362508773804,615.8883323669434,0,0,0,0,1,Analyze
2960,0.9500474333763124,0.9516465067863464,0.9482737183570862,0.0013824591878801,0.0033727884292602,0.0833333333333333,0.0,0.0,0.0,0.9819788932800292,0.0036782678216695,20.364709854125977,130.1633262634277,109.79861640930176,236.2662124633789,0,0,0,0,1,Understand
2961,0.6284952759742737,0.9521105289459229,0.0,0.4444790482521057,0.9521105289459229,0.0208333333333333,0.0294627825494394,0.0,0.0,0.3116096556186676,0.4406826198101043,20.364709854125977,50.999329566955566,30.63461971282959,25.809738159179688,0,0,0,0,1,Remember
2962,0.9497063755989076,0.9525222182273864,0.9462785720825196,0.0025854366831481,0.0062436461448669,0.0303030303030303,0.0428549564355483,0.0,0.0,0.9720892906188964,0.011282947845757,20.41976547241211,51.38086891174317,30.96110343933105,46.96783065795898,0,0,0,0,1,Understand
2963,0.962274730205536,0.9669604301452636,0.957223415374756,0.0039835120551288,0.0097370147705078,0.0,0.0,0.0,0.0,0.9655539393424988,0.0104761961847543,20.364709854125977,78.11164855957031,57.746938705444336,56.85323333740234,0,0,0,0,1,Create
2964,0.7526006102561951,0.76905757188797,0.7304949760437012,0.0162419024854898,0.0385625958442688,0.0333333333333333,0.0471404520791031,0.0,0.0,0.8047888278961182,0.0224133227020502,30.830411911010746,59.45880699157715,28.628395080566406,46.96783065795898,0,0,0,0,1,Understand
2965,0.9001007080078125,0.9131549000740052,0.8847752809524536,0.0116967149078845,0.0283796191215515,0.1698412698412698,0.0234362270797355,0.0,0.0,0.8897193074226379,0.0276932604610919,29.98732185363769,278.4324722290039,248.4451503753662,312.99900817871094,0,0,0,0,0,Analyze
2966,0.78924161195755,0.8231104016304016,0.7583730220794678,0.0265139304101467,0.0647373795509338,0.0,0.0,0.0,0.0,0.794165849685669,0.0248255468904972,59.24072647094727,68.96993684768677,9.729210376739502,71.02857398986816,0,0,0,0,0,Understand
2967,0.7776451110839844,0.7952215671539307,0.7491163015365601,0.0203533582389354,0.0461052656173706,0.0785042735042735,0.0532790993700913,0.0,0.0,0.7256142497062683,0.0218293499201536,36.59912109375,30.85739803314209,5.74172306060791,8.785531997680664,0,0,0,0,0,Remember
2968,0.8449850082397461,0.8563165664672852,0.8296456933021545,0.01125109475106,0.0266708731651306,0.0534188034188034,0.03786334433049,0.0,0.0,0.8491060137748718,0.0241761375218629,41.47011947631836,59.99253177642822,18.522412300109863,58.45140075683594,0,0,0,0,1,Understand
2969,0.7565510869026184,0.8081902265548706,0.6882827877998352,0.0503444485366344,0.1199074387550354,0.0185185185185185,0.0261891400439462,0.0,0.0,0.7670867443084717,0.0366038158535957,46.95206832885742,49.88430404663086,2.932235717773437,29.55118560791016,0,0,0,0,1,Understand
2970,0.6530380845069885,0.6686570644378662,0.6297515630722046,0.0167829953134059,0.0389055013656616,0.0,0.0,0.0,0.0,0.7591657042503357,0.0187440291047096,25.467823028564453,45.55901861190796,20.091195583343502,43.04029655456543,0,0,0,0,0,Create
2971,0.699783980846405,0.7450954914093018,0.6400810480117798,0.0440631508827209,0.1050144433975219,0.0,0.0,0.0,0.0,0.7183541655540466,0.0297197215259075,30.649490356445312,42.24401044845581,11.594520092010498,55.39571952819824,0,0,0,0,0,Understand
2972,0.8972463011741638,0.8972463011741638,0.8972463011741638,0.0,0.0,0.0,0.0,0.0,0.0,0.0,0.0,28.47820281982422,432.1442565917969,403.6660537719727,328.20611572265625,0,0,0,0,1,Understand
2973,0.7896282076835632,0.8455479145050049,0.7172502875328064,0.0536545813083648,0.1282976269721985,0.0325396825396825,0.023029552584995,0.0,0.0,0.7968980669975281,0.0495244078338146,51.15951156616211,31.86954641342163,19.28996515274048,34.880619049072266,0,0,0,0,1,Create
2974,0.709173858165741,0.8082765340805054,0.5781567096710205,0.0966184139251709,0.2301198244094848,0.1111111111111111,0.0831479419283098,0.0,0.0,0.6483649611473083,0.0864194259047508,57.22999572753906,33.39986610412598,23.83012962341309,53.49056243896485,0,0,0,0,0,Understand
2975,0.7743890881538391,0.7911217212677002,0.7514430284500122,0.016784019768238,0.0396786928176879,0.0,0.0,0.0,0.0,0.8228330016136169,0.0173472594469785,24.17289352416992,50.82415771484375,26.651264190673828,58.83462142944336,0,0,0,0,0,Understand
2976,0.9591369032859802,0.9628843665122986,0.9569801092147828,0.0026599047705531,0.0059042572975158,0.2,2.775557561562892e-17,0.0,0.0,0.9595654606819152,0.0079961298033595,39.992469787597656,134.55609893798828,94.56362915039062,15.736801147460938,0,0,0,0,0,Understand
2977,0.8095359206199646,0.8331263065338135,0.7896333932876587,0.0179463811218738,0.0434929132461547,0.0098039215686274,0.013864838846795,0.0,0.0,0.7978704571723938,0.0225381087511777,27.08909797668457,50.37246370315552,23.283365726470947,72.54961204528809,0,0,0,0,0,Create
2978,0.6956827640533447,0.8019331097602844,0.5340347290039062,0.1161724627017974,0.2678983807563782,0.1255504352278545,0.0622579632380787,0.0,0.0,0.5744218230247498,0.0893010050058364,70.2134017944336,33.41115188598633,36.80224990844727,53.43521690368652,0,0,0,0,0,Remember
2979,0.9608803391456604,0.9708258509635924,0.9548351764678956,0.0070868185721337,0.015990674495697,0.2,2.775557561562892e-17,0.0,0.0,0.9578220248222352,0.0040255659259855,39.992469787597656,134.55609893798828,94.56362915039062,15.736801147460938,0,0,0,0,0,Understand
2980,0.7689633965492249,0.7787221074104309,0.7598187923431396,0.0077294502407312,0.0189033150672912,0.0303030303030303,0.0428549564355483,0.0,0.0,0.7869947552680969,0.0327079892158508,27.08909797668457,51.011022090911865,23.92192411422729,72.54961204528809,0,0,0,0,0,Create
2981,0.8041305541992188,0.8128752708435059,0.7911217212677002,0.0093787526711821,0.0217535495758056,0.0,0.0,0.0,0.0,0.7930914759635925,0.0400891974568367,24.17289352416992,50.82415771484375,26.651264190673828,58.83462142944336,0,0,0,0,0,Understand
2982,0.8449850082397461,0.8563165664672852,0.8296456933021545,0.01125109475106,0.0266708731651306,0.0534188034188034,0.03786334433049,0.0,0.0,0.8491060137748718,0.0241761375218629,41.47011947631836,59.99253177642822,18.522412300109863,58.45140075683594,0,0,0,0,1,Understand
2983,0.7584636211395264,0.7952215671539307,0.7307784557342529,0.0270796995609998,0.0644431114196777,0.0138888888888888,0.0196418550329596,0.0,0.0,0.7447957992553711,0.0376519225537776,36.59912109375,30.85739803314209,5.74172306060791,8.785531997680664,0,0,0,0,0,Remember
2984,0.7797378897666931,0.8183503746986389,0.747683048248291,0.0292200818657875,0.0706673264503479,0.0476190476190476,0.0673435029701473,0.0,0.0,0.7438998818397522,0.0493346750736236,46.95206832885742,49.88430404663086,2.932235717773437,29.55118560791016,0,0,0,0,1,Understand
2985,0.7799288630485535,0.8009713888168335,0.7484644055366516,0.0226672608405351,0.0525069832801818,0.0,0.0,0.0,0.0,0.7482972145080566,0.039891317486763,29.384811401367188,62.010621547698975,32.62581014633179,74.54276084899902,0,0,0,0,0,Understand
2986,0.6584324240684509,0.6824640035629272,0.6192562580108643,0.0279383193701505,0.0632077455520629,0.0191033138401559,0.0144932789828,0.0,0.0,0.7760031819343567,0.0052087781950831,61.41761779785156,32.71117115020752,28.706446647644043,16.316368103027344,0,0,0,0,0,Understand
2987,0.9329794645309448,0.9329794645309448,0.9329794645309448,0.0,0.0,0.0,0.0,0.0,0.0,0.0,0.0,47.618072509765625,432.1442565917969,384.5261840820313,328.20611572265625,0,0,0,0,1,Understand
2988,0.838190495967865,0.8463570475578308,0.83318030834198,0.0058240070939064,0.0131767392158508,0.0,0.0,0.0,0.0,0.8637973666191101,0.0574263334274292,60.40298080444336,90.20707607269289,29.80409526824951,123.91373062133788,0,0,0,0,0,Understand
2989,0.8035151362419128,0.8263833522796631,0.7818226218223572,0.0182108283042907,0.0445607304573059,0.0529411764705882,0.0410361755616791,0.0,0.0,0.8195618987083435,0.028551435098052,51.03399658203125,149.16440677642822,98.13041019439696,250.1883583068848,0,0,0,0,0,Understand
2990,0.8201106190681458,0.8362596035003662,0.7976422309875488,0.0163865014910697,0.0386173725128173,0.0416666666666666,0.0589255650988789,0.0,0.0,0.860353410243988,0.0261080563068389,42.11748504638672,411.6725025177002,369.5550174713135,772.8340682983398,0,0,0,0,0,Understand
2991,0.7964394688606262,0.8355730772018433,0.7361193895339966,0.0432774685323238,0.0994536876678466,0.1203703703703703,0.1022718612702524,0.0,0.0,0.7907557487487793,0.0482436642050743,75.74736022949219,56.4029712677002,19.344388961791992,32.736724853515625,0,0,0,0,0,Evaluate
2992,0.830237865447998,0.8695828914642334,0.7872279286384583,0.0337209999561309,0.0823549628257751,0.1617647058823529,0.1145423671132149,0.0,0.0,0.8210163712501526,0.0083736553788185,88.8879165649414,66.33397960662842,22.55393695831299,40.81684112548828,0,0,0,0,1,Evaluate
2993,0.8231422901153564,0.8524311780929565,0.7990356683731079,0.0221044830977916,0.0533955097198486,0.0671550671550671,0.064308640206416,0.0,0.0,0.8122833371162415,0.0075849709101021,42.39421463012695,71.70341491699219,29.309200286865234,78.88385391235352,0,0,0,0,0,Understand
2994,0.9604030847549438,0.9604030847549438,0.9604030847549438,0.0,0.0,0.0,0.0,0.0,0.0,0.0,0.0,29.60441398620605,1902.5765075683596,1872.972093582153,3230.844055175781,0,0,1,0,1,Apply
2995,0.8975805640220642,0.9112050533294678,0.8817682862281799,0.0121166724711656,0.0294367671012878,0.0,0.0,0.0,0.0,0.8902359008789062,0.0272907670587301,29.85773277282715,1187.1323776245115,1157.2746448516846,2039.0100402832031,0,0,0,0,0,Remember
2996,0.9042152762413024,0.9237468242645264,0.866034984588623,0.0269999485462903,0.0577118396759033,0.0,0.0,0.0,0.0,0.8646630644798279,0.0267484672367572,77.01581573486328,1950.6337432861328,1873.6179275512693,6556.363342285156,0,0,0,0,0,Create
2997,0.8115983009338379,0.8161853551864624,0.806643545627594,0.0039040986448526,0.0095418095588684,0.1024120806729502,0.0595367534950109,0.0,0.0,0.8373734354972839,0.0370277129113674,64.79852294921875,68.15008163452148,3.3515586853027344,46.672645568847656,0,0,0,0,0,Remember
2998,0.8398864269256592,0.856163740158081,0.8305904865264893,0.0115485209971666,0.0255732536315917,0.1179487179487179,0.0855042666694003,0.0,0.0,0.7893376350402832,0.0123959872871637,45.000465393066406,101.1515293121338,56.15106391906738,162.8819580078125,0,0,0,0,0,Understand
2999,0.8423805236816406,0.8585450649261475,0.8184620141983032,0.0172579418867826,0.0400830507278442,0.0833333333333333,0.1178511301977579,0.0,0.0,0.8896693587303162,0.0331452302634716,40.73494338989258,233.5661134719849,192.83117008209229,701.3824577331543,0,0,0,0,0,Understand
3000,0.8255289196968079,0.8482286930084229,0.8039580583572388,0.0180910266935825,0.044270634651184,0.0454785954785954,0.0181296668150385,0.0,0.0,0.7795677185058594,0.0083794491365551,56.01750946044922,35.88714075088501,20.13036870956421,34.522342681884766,0,0,0,0,0,Understand
3001,0.8711145520210266,0.8966473340988159,0.833131730556488,0.0273838136345148,0.0635156035423278,0.2,2.775557561562892e-17,0.0,0.0,0.8635802268981934,0.0196864865720272,42.49394226074219,329.490683555603,286.99674129486084,671.6233024597168,0,0,0,0,1,Understand
3002,0.8449821472167969,0.865197479724884,0.8110707998275757,0.0241262298077344,0.0541266798973083,0.2378341687552213,0.0534274688892952,0.0,0.0,0.8169637322425842,0.0233706589788198,49.7236442565918,57.628010749816895,7.904366493225098,21.67347717285156,0,0,0,0,0,Understand
3003,0.8017333149909973,0.831611156463623,0.7621617317199707,0.0291694216430187,0.0694494247436523,0.0672222222222222,0.0677732238907314,0.0,0.0,0.7930544018745422,0.0485698953270912,51.10378646850586,46.37491321563721,4.728873252868652,46.78161239624024,0,0,0,0,0,Understand
3004,0.907757580280304,0.9403526782989502,0.8684089183807373,0.0297566093504428,0.0719437599182128,0.0,0.0,0.0,0.0,0.9052680134773254,0.0177434794604778,26.0168514251709,983.6957998275756,957.6789484024048,2984.308506011963,0,0,0,0,0,Understand
3005,0.7858384251594543,0.8025739192962646,0.7687104940414429,0.0138274691998958,0.0338634252548217,0.0851851851851851,0.0842948642721558,0.0,0.0,0.7498586773872375,0.0294992979615926,37.10987091064453,43.60571098327637,6.495840072631836,10.162483215332031,0,0,0,0,0,Understand
3006,0.8193371891975403,0.8321044445037842,0.8125715255737305,0.0090332133695483,0.0195329189300537,0.0,0.0,0.0,0.0,0.808556079864502,0.0358231142163276,59.17350387573242,35.68641996383667,23.487083911895752,44.43082046508789,0,0,0,0,1,Analyze
3007,0.8082075715065002,0.8306235074996948,0.7877141237258911,0.0175703447312116,0.0429093837738037,0.0,0.0,0.0,0.0,0.8285991549491882,0.0306274648755788,32.062095642089844,92.85349798202516,60.7914023399353,151.82254600524902,0,0,0,0,0,Understand
3008,0.823773205280304,0.8393609523773193,0.8024389743804932,0.0156114427372813,0.0369219779968261,0.2698412698412698,0.0897913372935298,0.0,0.0,0.8713104128837585,0.039371058344841,33.18771743774414,66.62696838378906,33.43925094604492,68.39642333984375,0,0,0,0,0,Understand
3009,0.908987045288086,0.917059063911438,0.9031096696853638,0.0059024854563176,0.0139493942260742,0.0,0.0,0.0,0.0,0.9427377581596376,0.0037997623439878,27.45722198486328,983.6957998275756,956.2385778427124,2984.308506011963,0,0,0,0,1,Understand
3010,0.8548496961593628,0.8548496961593628,0.8548496961593628,0.0,0.0,0.2,0.0,0.0,0.0,0.0,0.0,23.962270736694336,495.0558624267578,471.0935916900635,44.876556396484375,0,0,0,0,0,Understand
3011,0.9193768501281738,0.9193768501281738,0.9193768501281738,0.0,0.0,0.0,0.0,0.0,0.0,0.0,0.0,24.436357498168945,1902.5765075683596,1878.1401500701904,3230.844055175781,0,0,0,0,1,Apply
3012,0.7615492343902588,0.8367542028427124,0.6620209217071533,0.0733786895871162,0.174733281135559,0.2431077694235589,0.2409406548682619,0.0,0.0,0.6790817379951477,0.0834248885512352,62.02814865112305,36.690892696380615,25.33725595474243,47.75742721557617,0,0,0,0,0,Understand
3013,0.8499705195426941,0.8765143752098083,0.8361531496047974,0.0187746360898017,0.0403612256050109,0.0559440559440559,0.0399683641013572,0.0,0.0,0.7767197489738464,0.0382693521678447,43.335105895996094,31.95440435409546,11.380701541900637,31.847074508666992,0,0,0,0,0,Understand
3014,0.9284276962280272,0.9284276962280272,0.9284276962280272,0.0,0.0,0.0,0.0,0.0,0.0,0.0,0.0,22.885366439819336,1512.062026977539,1489.1766605377195,2421.186004638672,0,0,1,0,1,Apply
3015,0.8449850082397461,0.8563165664672852,0.8296456933021545,0.01125109475106,0.0266708731651306,0.0534188034188034,0.03786334433049,0.0,0.0,0.8491060137748718,0.0241761375218629,41.47011947631836,59.99253177642822,18.522412300109863,58.45140075683594,0,0,0,0,1,Understand
3016,0.7565510869026184,0.8081902265548706,0.6882827877998352,0.0503444485366344,0.1199074387550354,0.0185185185185185,0.0261891400439462,0.0,0.0,0.7670867443084717,0.0366038158535957,46.95206832885742,49.88430404663086,2.932235717773437,29.55118560791016,0,0,0,0,1,Understand
3017,0.6530380845069885,0.6686570644378662,0.6297515630722046,0.0167829953134059,0.0389055013656616,0.0,0.0,0.0,0.0,0.7591657042503357,0.0187440291047096,25.467823028564453,45.55901861190796,20.091195583343502,43.04029655456543,0,0,0,0,0,Create
3018,0.699783980846405,0.7450954914093018,0.6400810480117798,0.0440631508827209,0.1050144433975219,0.0,0.0,0.0,0.0,0.7183541655540466,0.0297197215259075,30.649490356445312,42.24401044845581,11.594520092010498,55.39571952819824,0,0,0,0,0,Understand
3019,0.8972463011741638,0.8972463011741638,0.8972463011741638,0.0,0.0,0.0,0.0,0.0,0.0,0.0,0.0,28.47820281982422,432.1442565917969,403.6660537719727,328.20611572265625,0,0,0,0,1,Understand
3020,0.7309978008270264,0.796173095703125,0.639101505279541,0.0668499916791915,0.1570715904235839,0.1473684210526316,0.143624111844884,0.0,0.0,0.6900742650032043,0.0374571867287159,29.439697265625,34.43728685379028,4.997589588165283,53.07465934753418,0,0,0,0,0,Understand
3021,0.748265266418457,0.7614617943763733,0.7303082942962646,0.0131562855094671,0.0311535000801086,0.0629629629629629,0.0546845298527162,0.0,0.0,0.8048405647277832,0.0186726693063974,23.39420890808105,36.14724349975586,12.753034591674805,33.09829330444336,0,0,0,0,0,Create
3022,0.7915043830871582,0.8040210604667664,0.7843443155288696,0.0088812103495001,0.0196767449378967,0.0158730158730158,0.0224478343233824,0.0,0.0,0.7940180897712708,0.0146701987832784,37.96052551269531,37.62396812438965,0.336557388305664,54.76399803161621,0,0,0,0,1,Create
3023,0.7482419610023499,0.7937297224998474,0.701217770576477,0.0377834700047969,0.0925119519233703,0.0,0.0,0.0,0.0,0.8203842639923096,0.0293093416839838,19.650239944458008,82.90338611602783,63.253146171569824,78.32969284057617,0,0,0,0,0,Understand
3024,0.7823221683502197,0.8247774839401245,0.74143385887146,0.0340429283678531,0.0833436250686645,0.094086394086394,0.0305594884404784,0.0,0.0,0.778888463973999,0.0145688718184828,31.07452964782715,29.583704948425293,1.4908246994018557,21.014036178588867,0,0,0,0,0,Remember
3025,0.8121392726898193,0.8247015476226807,0.8016862273216248,0.0095135997980833,0.0230153203010559,0.023015873015873,0.0163036814160112,0.0,0.0,0.8136072754859924,0.0232624728232622,44.39239501953125,39.564300537109375,4.828094482421875,22.35245132446289,0,0,0,0,0,Remember
3026,0.8233631253242493,0.858147382736206,0.7964698672294617,0.0257905591279268,0.0616775155067443,0.0256410256410256,0.0362618862146947,0.0,0.0,0.7962473034858704,0.0176943708211183,17.284236907958984,50.75937080383301,33.47513389587402,46.86152267456055,0,0,0,0,0,Create
3027,0.8242509365081787,0.8361246585845947,0.8009572625160217,0.0164721570909023,0.035167396068573,0.081174059434929,0.0271142497121392,0.0,0.0,0.8181864619255066,0.02922691591084,24.144451141357425,80.97366619110107,56.82921504974365,188.3452415466309,0,0,0,0,1,Understand
3028,0.8523812294006348,0.8827133178710938,0.8135110139846802,0.0288896113634109,0.0692023038864135,0.0952380952380952,0.0673435029701473,0.0,0.0,0.8226484656333923,0.0073899794369935,18.41808319091797,66.29241847991943,47.874335289001465,53.72999954223633,0,0,0,0,0,Understand
3029,0.9179030060768129,0.9179030060768129,0.9179030060768129,0.0,0.0,0.0,0.0,0.0,0.0,0.0,0.0,21.10624313354492,1902.5765075683596,1881.4702644348145,3230.844055175781,0,0,0,0,1,Apply
3030,0.8527054190635681,0.8746317625045776,0.8235042691230774,0.0214972309768199,0.0511274933815002,0.1777777777777777,0.0157134840263677,0.0,0.0,0.859666645526886,0.0243087727576494,180.95042419433597,138.8710479736328,42.079376220703125,152.91346740722656,0,0,0,0,0,Understand
3031,0.7957714200019836,0.8160405158996582,0.7686959505081177,0.019918555393815,0.0473445653915405,0.0639682539682539,0.0250663016007253,0.0,0.0,0.7820983529090881,0.0416718125343322,58.31038284301758,45.938170433044434,12.372212409973145,43.814449310302734,0,0,0,0,0,Understand
3032,0.8398016095161438,0.8476040363311768,0.8305650949478149,0.007029655855149,0.0170389413833618,0.0333333333333333,0.0471404520791031,0.0,0.0,0.8599767684936523,0.0156350526958704,61.53240966796875,150.31430912017822,88.78189945220947,370.38075256347656,0,0,0,0,1,Understand
3033,0.7919190526008606,0.8196215629577637,0.7380630970001221,0.0380871631205081,0.0815584659576416,0.0476190476190476,0.0388807895679869,0.0,0.0,0.7670229077339172,0.0558733828365802,33.34296798706055,31.96867799758911,1.3742899894714355,32.61214828491211,0,0,0,0,0,Remember
3034,0.7922515869140625,0.814934253692627,0.7749032974243164,0.0167722329497337,0.0400309562683105,0.0559210526315789,0.0432245687377785,0.0,0.0,0.8418195843696594,0.0266093350946903,40.258113861083984,51.25937175750733,11.00125789642334,31.49766159057617,0,0,0,0,0,Remember
3035,0.8553295135498047,0.8744009733200073,0.840147078037262,0.0142519231885671,0.0342538952827453,0.2142857142857142,0.0972019739199673,0.0,0.0,0.8368911743164062,0.007148474920541,38.848175048828125,68.88924407958984,30.04106903076172,87.81842422485352,0,0,0,0,0,Understand
3036,0.8456816077232361,0.8742538690567017,0.8134852051734924,0.0249406993389129,0.0607686638832092,0.1717171717171717,0.1142798838281288,0.0,0.0,0.8557961583137512,0.0245235543698072,28.655147552490234,97.85017776489258,69.19503021240234,166.36981964111328,0,0,0,0,0,Apply
3037,0.7754010558128357,0.8069795966148376,0.7412458658218384,0.0268974602222442,0.0657337307929992,0.0053763440860215,0.0076032987224359,0.0,0.0,0.7567722797393799,0.0675308108329773,35.755958557128906,31.41272211074829,4.343236446380615,37.906517028808594,0,0,0,0,0,Understand
3038,0.8422672748565674,0.8544750213623047,0.835179328918457,0.0086695067584514,0.0192956924438476,0.0905982905982906,0.0550071552468515,0.0,0.0,0.8204362988471985,0.0110053261741995,35.78114700317383,61.88680696487427,26.10565996170044,102.33893203735352,0,0,0,0,0,Understand
3039,0.992743194103241,0.9941467046737672,0.9908743500709534,0.0013758444692939,0.0032723546028137,0.0,0.0,0.0,0.0,0.9899871945381165,0.0017284302739426,28.245174407958984,239.86643981933597,211.62126541137692,247.82977294921875,0,0,0,0,0,Understand
3040,0.8467318415641785,0.879380464553833,0.8057495355606079,0.0306318588554859,0.0736309289932251,0.1111111111111111,0.1571348402636772,0.0,0.0,0.8107244372367859,0.0160201322287321,46.31199645996094,622.3582382202148,576.0462417602539,1398.3283004760742,0,0,0,0,1,Understand
3041,0.8812065124511719,0.9120293855667114,0.8642482757568359,0.0218316242098808,0.0477811098098754,0.2063492063492063,0.1472002935792968,0.0,0.0,0.8540472984313965,0.0251491535454988,37.0535888671875,214.0559062957764,177.00231742858887,187.06800079345703,0,0,0,0,0,Remember
3042,0.8034829497337341,0.8282544612884521,0.7833307981491089,0.0186286214739084,0.0449236631393432,0.0,0.0,0.0,0.0,0.83979731798172,0.0186853427439928,62.44400024414063,43.56475019454956,18.879250049591064,30.48408317565918,0,0,0,0,0,Understand
3043,0.8742426037788391,0.9038678407669068,0.8234419822692871,0.0360867567360401,0.0804258584976196,0.0,0.0,0.0,0.0,0.8259325623512268,0.0327751226723194,32.43850326538086,1033.9096946716309,1001.47119140625,2308.232437133789,0,0,0,0,0,Remember
3044,0.9088914394378662,0.9170875549316406,0.8964881896972656,0.0089203212410211,0.020599365234375,0.0,0.0,0.0,0.0,0.9286810755729676,0.0035301819443702,53.9359245300293,1053.3946628570557,999.4587383270264,1812.4275131225584,0,0,0,0,0,Remember
3045,0.906039535999298,0.913936734199524,0.8950175642967224,0.008033582009375,0.0189191699028015,0.4444444444444444,0.0785674201318386,0.0,0.0,0.9034170508384703,0.0097608640789985,49.303802490234375,69.50820541381836,20.204402923583984,22.708309173583984,0,0,0,0,0,Understand
3046,0.8422672748565674,0.8544750213623047,0.835179328918457,0.0086695067584514,0.0192956924438476,0.0905982905982906,0.0550071552468515,0.0,0.0,0.8204362988471985,0.0110053261741995,35.78114700317383,61.88680696487427,26.10565996170044,102.33893203735352,0,0,0,0,0,Understand
3047,0.9536611437797546,0.9597309827804564,0.9453303813934326,0.0060925032012164,0.0144006013870239,0.0,0.0,0.0,0.0,0.9642474055290222,0.0027491759974509,53.59231948852539,321.5592231750488,267.96690368652344,651.3741989135742,0,0,1,0,0,Remember
3048,0.9176640510559082,0.9176640510559082,0.9176640510559082,0.0,0.0,0.0,0.0,0.0,0.0,0.0,0.0,30.13430404663086,1902.5765075683596,1872.4422035217283,3230.844055175781,0,0,0,0,1,Apply
3049,0.8575471043586731,0.8820910453796387,0.8352319598197937,0.0191949494183063,0.0468590855598449,0.0,0.0,0.0,0.0,0.8256871104240417,0.0219582170248031,55.53095245361328,153.74686431884766,98.21591186523438,166.3679656982422,0,0,0,0,0,Create
3050,0.8199272155761719,0.8613559007644653,0.7598881125450134,0.0434640496969223,0.1014677882194519,0.0,0.0,0.0,0.0,0.8022956848144531,0.0332931950688362,52.22429656982422,523.9753680229187,471.7510714530945,1164.1828174591064,0,0,0,0,0,Understand
3051,0.890436589717865,0.8944565057754517,0.8875152468681335,0.0029383229557424,0.0069412589073181,0.2,2.775557561562892e-17,0.0,0.0,0.8960750699043274,0.0090399766340851,55.47249221801758,521.6480712890625,466.1755790710449,225.16143798828125,0,0,1,0,0,Remember
3052,0.947339653968811,0.947339653968811,0.947339653968811,0.0,0.0,0.0,0.0,0.0,0.0,0.0,0.0,22.898820877075195,1512.062026977539,1489.163206100464,2421.186004638672,0,0,1,0,1,Apply
3053,0.8916100859642029,0.9512948989868164,0.8509500622749329,0.0431178882718086,0.1003448367118835,0.1999999999999999,0.282842712474619,0.0,0.0,0.8456690311431885,0.0194913800805807,39.59061050415039,35.42607402801514,4.164536476135254,32.136497497558594,0,0,1,0,0,Understand
3054,0.9605153799057008,0.9605153799057008,0.9605153799057008,0.0,0.0,0.0,0.0,0.0,0.0,0.0,0.0,26.803577423095703,1902.5765075683596,1875.772930145264,3230.844055175781,0,0,1,0,1,Apply
3055,0.8196346759796143,0.8544830083847046,0.7729496955871582,0.0343220122158527,0.0815333127975463,0.0,0.0,0.0,0.0,0.7949450612068176,0.0507135763764381,65.4548568725586,134.85193061828613,69.39707374572754,122.16178131103516,0,0,0,0,0,Understand
3056,0.8986291885375977,0.912261962890625,0.8892368674278259,0.0098666045814752,0.023025095462799,0.2,2.775557561562892e-17,0.0,0.0,0.907249927520752,0.0139170633628964,56.0836067199707,505.0084533691406,448.9248466491699,113.15353393554688,0,0,1,0,0,Remember
3057,0.838886022567749,0.8543749451637268,0.8195871710777283,0.0144552998244762,0.0347877740859985,0.0185185185185185,0.0261891400439462,0.0,0.0,0.8590713143348694,0.0059908344410359,54.96421813964844,88.03903865814209,33.07482051849365,108.19208145141602,0,0,0,0,1,Understand
3058,0.7495880126953125,0.7667537927627563,0.7221817970275879,0.0195842832326889,0.0445719957351684,0.0466792131126445,0.0089015780300355,0.0,0.0,0.7956573367118835,0.0402568317949771,62.01338958740234,25.036688804626465,36.97670078277588,2.917734146118164,0,0,0,0,0,Remember
3059,0.7999983429908752,0.8547489047050476,0.7415909171104431,0.0462688691914081,0.1131579875946044,0.2532695374800637,0.1474850577875714,0.0,0.0,0.8248721957206726,0.0374931767582893,29.37627220153809,137.77540683746338,108.3991346359253,350.0719146728516,0,0,0,0,0,Understand
3060,0.9262831211090088,0.9353007078170776,0.9200886487960817,0.0065232492052018,0.015212059020996,0.2,2.775557561562892e-17,0.0,0.0,0.916783332824707,0.0092698307707905,48.016231536865234,557.1607437133789,509.1445121765137,129.14553833007812,0,0,1,0,0,Remember
3061,0.8014289736747742,0.8259955048561096,0.7594918012619019,0.0297992397099733,0.0665037035942077,0.15,0.1080123449734643,0.0,0.0,0.7000373005867004,0.0686446204781532,44.972599029541016,43.61632442474365,1.3562746047973633,19.023048400878903,0,0,0,0,0,Understand
3062,0.945734679698944,0.945734679698944,0.945734679698944,0.0,0.0,0.0,0.0,0.0,0.0,0.0,0.0,56.66512680053711,1902.5765075683596,1845.9113807678225,3230.844055175781,0,0,0,0,1,Apply
3063,0.8982219696044922,0.9183563590049744,0.8699605464935303,0.0205762758851051,0.048395812511444,0.25,0.0,0.0,0.0,0.889643669128418,0.0064395829103887,28.42992210388184,63.05503559112549,34.62511348724365,26.671798706054688,0,0,0,0,0,Understand
3064,0.9370244145393372,0.9570900201797484,0.9043373465538024,0.0233122110366821,0.052752673625946,0.0,0.0,0.0,0.0,0.923866093158722,0.029559452086687,31.82107353210449,165.7370567321777,133.91598320007324,169.48143005371094,0,0,0,0,0,Understand
3065,0.9183688759803772,0.9282972812652588,0.90580415725708,0.0093700913712382,0.0224931240081787,0.1666666666666666,0.0,0.0,0.0,0.9090625643730164,0.0116936983540654,98.60060119628906,375.8214626312256,277.2208614349365,904.2900466918944,0,0,0,0,0,Understand
3066,0.7985451221466064,0.8176818490028381,0.7609923481941223,0.0265554785728454,0.0566895008087158,0.0,0.0,0.0,0.0,0.8374740481376648,0.0181439258158206,46.22758483886719,127.4431219100952,81.21553707122803,179.41061782836914,0,0,0,0,0,Understand
3067,0.8473410606384277,0.8933031558990479,0.8061290979385376,0.0357468165457248,0.0871740579605102,0.1888888888888888,0.0157134840263677,0.0,0.0,0.8003371357917786,0.0126985153183341,35.64088439941406,375.8214626312256,340.1805782318115,904.2900466918944,0,0,0,0,0,Understand
3068,0.7016366124153137,0.718982458114624,0.6710929274559021,0.0216639097779989,0.0478895306587219,0.0,0.0,0.0,0.0,0.8276728987693787,0.0263213831931352,83.73580169677734,53.39462852478027,30.34117317199707,40.569854736328125,0,0,0,0,1,Understand
3069,0.8250967860221863,0.8530666828155518,0.7993279695510864,0.0219938810914754,0.0537387132644653,0.125,0.0,0.0,0.0,0.8762311935424805,0.0427552461624145,31.29086685180664,122.78007698059082,91.48921012878418,125.86309051513672,0,0,0,0,0,Understand
3070,0.7964401841163635,0.8208476305007935,0.7617564797401428,0.0251944735646247,0.0590911507606506,0.0492592592592592,0.0512906134036201,0.0,0.0,0.788787841796875,0.0162778422236442,42.35348892211914,45.86410713195801,3.510618209838867,41.01922225952149,0,0,0,0,0,Remember
3071,0.9592093825340272,0.9653520584106444,0.9472613334655762,0.0084496550261974,0.0180907249450683,0.0,0.0,0.0,0.0,0.9459653496742249,0.0055357133969664,66.10794830322266,92.89617252349854,26.78822422027588,89.3445930480957,0,0,0,0,0,Understand
3072,0.8128552436828613,0.8503638505935669,0.760124146938324,0.0383804850280284,0.0902397036552429,0.0,0.0,0.0,0.0,0.8162228465080261,0.047462411224842,36.68442153930664,119.20440483093262,82.51998329162598,168.34803009033203,0,0,0,0,1,Understand
3073,0.9052534699440002,0.910846710205078,0.8996602296829224,0.0055932402610778,0.0111864805221557,0.626984126984127,0.1507936507936508,0.0,0.0,0.8696498870849609,0.0,44.50940704345703,57.67682011922201,13.167413075764976,6.925506591796875,0,0,1,0,0,Create
3074,0.879591166973114,0.9168460369110109,0.8432413339614868,0.0300558060407638,0.0736047029495239,0.25,0.0,0.0,0.0,0.8572246432304382,0.0172839872539043,62.89463806152344,86.63167667388916,23.737038612365723,145.18324661254883,0,0,0,0,0,Remember
3075,0.6787499785423279,0.7143439054489136,0.6302262544631958,0.0355371050536632,0.0841176509857177,0.0,0.0,0.0,0.0,0.7627506256103516,0.0167926624417305,81.87937927246094,46.4202995300293,35.45907974243164,29.401138305664062,0,0,0,0,0,Understand
3076,0.8388344645500183,0.8721380233764648,0.7873069047927856,0.0369519107043743,0.0848311185836792,0.1777777777777777,0.0157134840263677,0.0,0.0,0.8404741287231445,0.0264860354363918,34.314842224121094,332.5369300842285,298.2220878601074,915.086166381836,0,0,0,0,0,Understand
3077,0.8665630221366882,0.9637629389762878,0.810399055480957,0.0690076351165771,0.1533638834953308,0.3428571428571428,0.3638419332360583,0.0,0.0,0.8390825390815735,0.037340722978115,53.58917617797852,141.11647367477417,87.52729749679565,192.4190845489502,0,0,0,0,0,Understand
3078,0.8026767373085022,0.8290339708328247,0.773449182510376,0.0227829813957214,0.0555847883224487,0.0,0.0,0.0,0.0,0.8448476791381836,0.0271062534302473,36.04790115356445,779.4926614761353,743.4447603225708,2625.1390419006348,0,0,0,0,0,Understand
3079,0.8329740166664124,0.8575364351272583,0.7968015670776367,0.0261186566203832,0.0607348680496215,0.0138888888888888,0.0196418550329596,0.0,0.0,0.812039315700531,0.0284340474754571,100.01187896728516,36.10382080078125,63.90805816650391,52.756309509277344,0,0,0,0,0,Understand
3080,0.8140254616737366,0.8492962121963501,0.7785283327102661,0.028891310095787,0.0707678794860839,0.0444862155388471,0.0455888966505795,0.0,0.0,0.7664945721626282,0.0111523931846022,43.96112060546875,33.33005952835083,10.63106107711792,23.5592098236084,0,0,0,0,0,Understand
3081,0.8074974417686462,0.8226741552352905,0.7965578436851501,0.0110749127343297,0.0261163115501403,0.0323267518389469,0.0304728991578302,0.0,0.0,0.7857994437217712,0.0184435117989778,37.09667205810547,37.58629322052002,0.4896211624145508,36.92641067504883,0,0,0,0,0,Understand
3082,0.9228110313415528,0.9228110313415528,0.9228110313415528,0.0,0.0,0.0,0.0,0.0,0.0,0.0,0.0,22.872350692749023,1902.5765075683596,1879.7041568756104,3230.844055175781,0,0,0,0,1,Apply
3083,0.7567784786224365,0.8196895122528076,0.6938675045967102,0.0629110038280487,0.1258220076560974,0.0666666666666666,0.0,0.0,0.0,0.6285895109176636,0.0,51.78050994873047,63.64444478352865,11.86393483479818,32.96211242675781,0,0,0,0,0,Remember
3084,0.8915916681289673,0.8915916681289673,0.8915916681289673,0.0,0.0,0.0,0.0,0.0,0.0,0.0,0.0,69.65885925292969,432.1442565917969,362.4853973388672,328.20611572265625,0,0,0,0,1,Understand
3085,0.8652081489562988,0.894939661026001,0.8333800435066223,0.0251752994954586,0.0615596175193786,0.037037037037037,0.0523782800878924,0.0,0.0,0.841532289981842,0.0101077929139137,53.26082992553711,455.2562007904053,401.99537086486816,1621.2365760803225,0,0,0,0,0,Remember
3086,0.8744727969169617,0.9413131475448608,0.8336219787597656,0.0476510636508464,0.1076911687850952,0.0,0.0,0.0,0.0,0.8544715046882629,0.0158596578985452,27.813751220703125,1630.5906829833984,1602.7769317626953,4180.462829589844,0,0,0,0,0,Understand
3087,0.857090175151825,0.8822454214096069,0.8236669898033142,0.0246187690645456,0.0585784316062927,0.0,0.0,0.0,0.0,0.8776564598083496,0.0259366780519485,31.2642879486084,182.69890975952148,151.4346218109131,224.14495849609372,0,0,0,0,0,Remember
3088,0.9023644328117372,0.9321336150169371,0.8473607301712036,0.0389375016093254,0.0847728848457336,0.0,0.0,0.0,0.0,0.8729991316795349,0.0317553915083408,59.72956085205078,964.7948751449584,905.0653142929076,2984.308506011963,0,0,0,0,0,Understand
3089,0.8346085548400879,0.8633453845977783,0.7882906794548035,0.0330668315291404,0.0750547051429748,0.4417735042735042,0.2920724064933493,0.0,0.0,0.7717025279998779,0.0349802747368812,63.06512451171875,41.43889904022217,21.626225471496586,14.199092864990234,0,0,0,0,0,Understand
3090,0.7804020643234253,0.7808096408843994,0.7799944281578064,0.0004076063632965,0.000815212726593,0.0488095238095238,0.0011904761904761,0.0,0.0,0.7167723774909973,0.0,29.189340591430664,47.31017875671387,18.120838165283203,39.26339530944824,0,0,0,0,0,Understand
3091,0.775987446308136,0.8661881685256958,0.7179346084594727,0.0646523982286453,0.1482535600662231,0.0208333333333333,0.0294627825494394,0.0,0.0,0.7162502408027649,0.0255940109491348,50.379844665527344,58.17779159545898,7.797946929931641,36.55734634399414,0,0,0,0,0,Understand
3092,0.8481044173240662,0.8778290152549744,0.7946682572364807,0.0378647036850452,0.0831607580184936,0.0894163307956411,0.0442562465589121,0.0,0.0,0.832850992679596,0.0555518418550491,47.0894775390625,33.78825330734253,13.30122423171997,13.11615753173828,0,0,0,0,0,Understand
3093,0.9188714027404784,0.9188714027404784,0.9188714027404784,0.0,0.0,0.0,0.0,0.0,0.0,0.0,0.0,52.1585807800293,1902.5765075683596,1850.41792678833,3230.844055175781,0,0,0,0,1,Apply
3094,0.7448529601097107,0.8040153384208679,0.7074193358421326,0.0423225872218608,0.0965960025787353,0.0853455322895051,0.0381704851914551,0.0,0.0,0.7317066788673401,0.0477118045091629,33.4915885925293,25.350903511047363,8.140685081481934,13.62644386291504,0,0,0,0,0,Understand
3095,0.9014947414398192,0.9158177971839904,0.8915141224861145,0.0103861996904015,0.0243036746978759,0.2,2.775557561562892e-17,0.0,0.0,0.8980671763420105,0.0050015728920698,65.66950988769531,514.3015594482422,448.6320495605469,211.1763916015625,0,0,1,0,0,Remember
3096,0.9177517890930176,0.9508401155471802,0.8689084053039551,0.035254955291748,0.0819317102432251,0.0476190476190476,0.0673435029701473,0.0,0.0,0.8921468257904053,0.0264172703027725,87.7159652709961,132.32680320739746,44.61083793640137,390.60177993774414,0,0,0,0,0,Understand
3097,0.8755763173103333,0.8892840147018433,0.8615615367889404,0.011319737881422,0.0277224779129028,0.0,0.0,0.0,0.0,0.8298166394233704,0.0112697388976812,32.37725067138672,219.62390422821045,187.24665355682373,594.3728294372559,0,0,0,0,0,Analyze
3098,0.8542373180389404,0.8625409603118896,0.839353621006012,0.0105478595942258,0.0231873393058776,0.2452056799882886,0.1036862857086655,0.0,0.0,0.8365386128425598,0.0140196988359093,50.78472518920898,33.18437623977661,17.600348949432373,12.814083099365234,0,0,0,0,0,Remember
3099,0.8975805640220642,0.9112050533294678,0.8817682862281799,0.0121166724711656,0.0294367671012878,0.0,0.0,0.0,0.0,0.8902359008789062,0.0272907670587301,29.85773277282715,1187.1323776245115,1157.2746448516846,2039.0100402832031,0,0,0,0,0,Remember
3100,0.9042152762413024,0.9237468242645264,0.866034984588623,0.0269999485462903,0.0577118396759033,0.0,0.0,0.0,0.0,0.8646630644798279,0.0267484672367572,77.01581573486328,1950.6337432861328,1873.6179275512693,6556.363342285156,0,0,0,0,0,Create
3101,0.8115983009338379,0.8161853551864624,0.806643545627594,0.0039040986448526,0.0095418095588684,0.1024120806729502,0.0595367534950109,0.0,0.0,0.8373734354972839,0.0370277129113674,64.79852294921875,68.15008163452148,3.3515586853027344,46.672645568847656,0,0,0,0,0,Remember
3102,0.8447584509849548,0.8653488159179688,0.8324224948883057,0.0146546373143792,0.032926321029663,0.1888888888888888,0.0157134840263677,0.0,0.0,0.8958972096443176,0.0108125768601894,25.36428642272949,373.61186599731445,348.24757957458496,266.8221893310547,0,0,0,0,1,Analyze
3103,0.9021623730659484,0.910696268081665,0.8876391053199768,0.0103219300508499,0.0230571627616882,0.25,0.0,0.0,0.0,0.908493995666504,0.0085793696343898,27.203462600708008,63.17629337310791,35.9728307723999,26.150222778320312,0,0,0,0,1,Understand
3104,0.8785257935523987,0.8943763375282288,0.8528927564620972,0.0182938110083341,0.0414835810661315,0.25,0.0,0.0,0.0,0.8505541682243347,0.0088711865246295,40.185394287109375,62.25048542022705,22.06509113311768,25.755023956298828,0,0,0,0,0,Understand
3105,0.8537895679473877,0.8759275078773499,0.8321815729141235,0.0178631320595741,0.0437459349632263,0.1777777777777777,0.0157134840263677,0.0,0.0,0.897475004196167,0.0282633993774652,28.999914169311523,282.1135330200196,253.113618850708,199.1837310791016,0,0,0,0,0,Analyze
3106,0.7168564200401306,0.7439589500427246,0.6631972789764404,0.037943385541439,0.0807616710662841,0.1121014062190532,0.0872079534331705,0.0,0.0,0.908479869365692,0.0190834086388349,32.30082702636719,58.019545555114746,25.71871852874756,48.28484725952149,0,0,0,0,0,Understand
3107,0.9068984985351562,0.9213285446166992,0.8942596912384033,0.0111231654882431,0.0270688533782959,0.0,0.0,0.0,0.0,0.936829149723053,0.0086632585152983,32.04596328735352,1233.5751810073853,1201.5292177200315,4071.5965690612793,0,0,0,0,1,Understand
3108,0.9002676010131836,0.9036098718643188,0.8977838754653931,0.0024547073990106,0.0058259963989257,0.25,0.0,0.0,0.0,0.9323015213012696,0.0048380088992416,25.27430534362793,62.33209991455078,37.05779457092285,19.72207260131836,0,0,0,0,1,Understand
3109,0.8296311497688293,0.8501600027084351,0.8131452798843384,0.015379243530333,0.0370147228240966,0.0,0.0,0.0,0.0,0.8364887833595276,0.0255425721406936,43.75564956665039,227.5614643096924,183.805814743042,362.3253860473633,0,0,0,0,0,Understand
3110,0.9426355361938475,0.9434925317764282,0.941778600215912,0.0008569657802581,0.0017139315605163,0.0,0.0,0.0,0.0,0.943118691444397,0.0,59.37432098388672,246.9416478474935,187.5673268636068,282.6851272583008,0,0,0,0,0,Understand
3111,0.8447201251983643,0.8483837842941284,0.8410564661026001,0.0036636590957641,0.0073273181915283,0.0,0.0,0.0,0.0,0.8253329992294312,0.0,28.169233322143555,49.06893094380697,20.89969762166341,36.41999626159668,0,0,0,0,1,Understand
3112,0.806257426738739,0.8252243399620056,0.7798954248428345,0.0192300342023372,0.0453289151191711,0.2172222222222222,0.0551149192232707,0.0,0.0,0.8272040486335754,0.0101672755554318,38.74082565307617,22.24780941009521,16.493016242980957,11.179868698120115,0,0,0,0,0,Understand
3113,0.8346655368804932,0.8743948936462402,0.8088110089302063,0.0285154208540916,0.0655838847160339,0.0303030303030303,0.0428549564355483,0.0,0.0,0.820728063583374,0.0273277293890714,38.7322998046875,248.80386924743647,210.07156944274905,697.7380561828613,0,0,0,0,0,Understand
3114,0.9050936698913574,0.9329746961593628,0.8803777694702148,0.0215889271348714,0.0525969266891479,0.25,0.0,0.0,0.0,0.8813934922218323,0.0159595683217048,24.22618293762207,63.45668888092041,39.23050594329834,29.790298461914062,0,0,0,0,0,Understand
3115,0.8312131762504578,0.8754961490631104,0.8026043176651001,0.0317549556493759,0.0728918313980102,0.2066496163682864,0.1471054449987863,0.0,0.0,0.7973928451538086,0.0119245769456028,92.38848876953124,50.785356521606445,41.603132247924805,38.746192932128906,0,0,0,0,1,Understand
3116,0.8309668898582458,0.8524075150489807,0.8057644367218018,0.0192268434911966,0.0466430783271789,0.2368125701459034,0.1209103780499423,0.0,0.0,0.8512079119682312,0.031139513477683,54.77056121826172,35.42347717285156,19.34708404541016,14.492839813232422,0,0,0,0,0,Understand
3117,0.8523812294006348,0.8827133178710938,0.8135110139846802,0.0288896113634109,0.0692023038864135,0.0952380952380952,0.0673435029701473,0.0,0.0,0.8226484656333923,0.0073899794369935,18.41808319091797,66.29241847991943,47.874335289001465,53.72999954223633,0,0,0,0,0,Understand
3118,0.9179030060768129,0.9179030060768129,0.9179030060768129,0.0,0.0,0.0,0.0,0.0,0.0,0.0,0.0,21.10624313354492,1902.5765075683596,1881.4702644348145,3230.844055175781,0,0,0,0,1,Apply
3119,0.7309978008270264,0.796173095703125,0.639101505279541,0.0668499916791915,0.1570715904235839,0.1473684210526316,0.143624111844884,0.0,0.0,0.6900742650032043,0.0374571867287159,29.439697265625,34.43728685379028,4.997589588165283,53.07465934753418,0,0,0,0,0,Understand
3120,0.748265266418457,0.7614617943763733,0.7303082942962646,0.0131562855094671,0.0311535000801086,0.0629629629629629,0.0546845298527162,0.0,0.0,0.8048405647277832,0.0186726693063974,23.39420890808105,36.14724349975586,12.753034591674805,33.09829330444336,0,0,0,0,0,Create
3121,0.7915043830871582,0.8040210604667664,0.7843443155288696,0.0088812103495001,0.0196767449378967,0.0158730158730158,0.0224478343233824,0.0,0.0,0.7940180897712708,0.0146701987832784,37.96052551269531,37.62396812438965,0.336557388305664,54.76399803161621,0,0,0,0,1,Create
3122,0.8750594258308411,0.9192441701889038,0.8217633962631226,0.0403145030140876,0.0974807739257812,0.2628070175438596,0.1047719533260452,0.0,0.0,0.8480510711669922,0.0263273473829031,42.17605972290039,24.24596881866455,17.93009090423584,8.32219123840332,0,0,0,0,0,Understand
3123,0.8354460597038269,0.8815481066703796,0.8019357919692993,0.0336991362273693,0.0796123147010803,0.1748671118985961,0.101804853627139,0.0,0.0,0.8390138745307922,0.0027913975063711,38.13456726074219,37.6479287147522,0.4866385459899902,34.1584358215332,0,0,0,0,0,Understand
3124,0.8400645852088928,0.8782702684402466,0.8003803491592407,0.0318156071007251,0.0778899192810058,0.0,0.0,0.0,0.0,0.8274698853492737,0.0313303358852863,35.7237548828125,42.53512191772461,6.811367034912109,21.278263092041016,0,0,0,0,0,Understand
3125,0.8074656128883362,0.8226935863494873,0.7862600088119507,0.0154628762975335,0.0364335775375366,0.0558823529411764,0.0482089837378205,0.0,0.0,0.8328804969787598,0.0165790673345327,53.81801986694336,62.88226222991944,9.064242362976074,76.6397819519043,0,0,0,0,0,Evaluate
3126,0.7844797968864441,0.8181334137916565,0.7604404091835022,0.0245145559310913,0.0576930046081543,0.0,0.0,0.0,0.0,0.8396928906440735,0.0026966806035488,29.374317169189453,33.56550693511963,4.191189765930176,18.45492935180664,0,0,0,0,0,Understand
3127,0.785047709941864,0.820350170135498,0.7648012042045593,0.025052411481738,0.0555489659309387,0.0743219838213419,0.0192461764016675,0.0,0.0,0.7347494959831238,0.0074371993541717,35.230098724365234,20.277947902679443,14.952150821685793,11.38100814819336,0,0,0,0,0,Remember
3128,0.8517663478851318,0.8995097279548645,0.7863683700561523,0.0478470288217067,0.1131413578987121,0.1333333333333333,0.0942809041582063,0.0,0.0,0.8001698851585388,0.045424286276102,64.61447143554688,142.06595420837402,77.45148277282715,137.5392837524414,0,0,0,0,0,Remember
3129,0.8271675109863281,0.8314648866653442,0.8226810693740845,0.0035884706303477,0.0087838172912597,0.0256410256410256,0.0362618862146947,0.0,0.0,0.8426770567893982,0.0262544360011816,26.974727630615234,145.73929977416992,118.76457214355467,275.08436584472656,0,0,0,0,0,Understand
3130,0.8510909080505371,0.8678792715072632,0.8309634327888489,0.0152546567842364,0.0369158387184143,0.0833333333333333,0.1178511301977579,0.0,0.0,0.8393556475639343,0.0215089693665504,47.88558197021485,41.05004501342773,6.835536956787109,29.854297637939453,0,0,0,0,0,Evaluate
3131,0.921295702457428,0.9289548993110656,0.9146334528923036,0.0058890511281788,0.0143214464187622,0.0,0.0,0.0,0.0,0.9107920527458192,0.022376824170351,30.65389633178711,542.4283981323242,511.7745018005371,920.3974609375,0,0,0,0,0,Understand
3132,0.8760645389556885,0.9272864460945128,0.8444710969924927,0.036547265946865,0.0828153491020202,0.0666666666666666,0.0942809041582063,0.0,0.0,0.8505467772483826,0.027551220729947,27.209306716918945,189.15116453170776,161.94185781478882,307.35786628723145,0,0,0,0,0,Understand
3133,0.8436402678489685,0.8713510036468506,0.8110138177871704,0.0248765870928764,0.0603371858596801,0.3068364807495242,0.0660029846567939,0.0,0.0,0.8127885460853577,0.017780028283596,49.93996810913086,25.339900493621823,24.600067615509037,8.380590438842773,0,0,0,0,0,Understand
3134,0.9892213940620422,0.99252051115036,0.98381507396698,0.0038537224754691,0.0087054371833801,0.0,0.0,0.0,0.0,0.984447181224823,0.0046710278838872,15.241647720336914,2057.903594970703,2042.6619472503664,3089.2965087890625,0,0,0,0,0,Understand
3135,0.8074656128883362,0.8226935863494873,0.7862600088119507,0.0154628762975335,0.0364335775375366,0.0558823529411764,0.0482089837378205,0.0,0.0,0.8328804969787598,0.0165790673345327,53.81801986694336,62.88226222991944,9.064242362976074,76.6397819519043,0,0,0,0,0,Evaluate
3136,0.8465479016304016,0.8702114820480347,0.8179363012313843,0.02162616699934,0.0522751808166503,0.0,0.0,0.0,0.0,0.850652277469635,0.0375012792646884,38.63938522338867,436.4594039916992,397.82001876831055,632.3991088867188,0,0,0,0,0,Understand
3137,0.6513388752937317,0.7773391008377075,0.5387203097343445,0.0978741869330406,0.238618791103363,0.0,0.0,0.0,0.0,0.853827178478241,0.0516975373029708,47.73273849487305,260.1662511825561,212.4335126876831,659.7362098693848,0,0,0,0,0,Create
3138,0.912960946559906,0.9210708141326904,0.9008831977844238,0.0087060434743762,0.0201876163482666,0.0,0.0,0.0,0.0,0.9155738949775696,0.0077698426321148,73.97887420654297,1173.180320739746,1099.2014465332031,2447.0535888671875,0,0,0,0,0,Understand
3139,0.8455018401145935,0.871723473072052,0.8167926073074341,0.0224943123757839,0.0549308657646179,0.4155011655011655,0.2502966328811101,0.0,0.0,0.8662177920341492,0.0213167276233434,32.7662467956543,104.79263496398926,72.02638816833496,24.246368408203125,0,0,0,0,0,Remember
3140,0.8459518551826477,0.8720737099647522,0.8193129897117615,0.0215425752103328,0.0527607202529907,0.4608187134502923,0.1025511589089262,0.0,0.0,0.8880870938301086,0.0223801359534263,44.52959442138672,45.941359519958496,1.4117650985717771,24.164039611816406,0,0,0,0,0,Understand
3141,0.8465479016304016,0.8702114820480347,0.8179363012313843,0.02162616699934,0.0522751808166503,0.0,0.0,0.0,0.0,0.850652277469635,0.0375012792646884,38.63938522338867,436.4594039916992,397.82001876831055,632.3991088867188,0,0,0,0,0,Understand
3142,0.645419716835022,0.7773391008377075,0.5209628343582153,0.1047981083393096,0.2563762664794922,0.0,0.0,0.0,0.0,0.8503171801567078,0.0556625239551067,47.73273849487305,271.3415822982788,223.60884380340576,659.7362098693848,0,0,0,0,0,Create
3143,0.9075166583061218,0.917603611946106,0.8914715051651001,0.0114701595157384,0.0261321067810058,0.0,0.0,0.0,0.0,0.9100022912025452,0.013071876950562,73.65196228027344,1173.180320739746,1099.5283584594729,2447.0535888671875,0,0,0,0,0,Understand
3144,0.8658063411712646,0.876187264919281,0.8546461462974548,0.0088113714009523,0.0215411186218261,0.3093265132139812,0.1144022014239281,0.0,0.0,0.8653160929679871,0.0128863099962472,32.7662467956543,103.350736618042,70.5844898223877,19.07451629638672,0,0,0,0,0,Remember
3145,0.8459518551826477,0.8720737099647522,0.8193129897117615,0.0215425752103328,0.0527607202529907,0.4608187134502923,0.1025511589089262,0.0,0.0,0.8880870938301086,0.0223801359534263,44.52959442138672,45.941359519958496,1.4117650985717771,24.164039611816406,0,0,0,0,0,Understand
3146,0.8152623772621155,0.8317481279373169,0.8038861155509949,0.0119346296414732,0.027862012386322,0.0,0.0,0.0,0.0,0.8485062122344971,0.0415547080338001,33.645790100097656,1089.9454364776611,1056.2996463775637,4117.290786743164,0,0,0,0,0,Understand
3147,0.7854645252227783,0.810090959072113,0.7608381509780884,0.0246264040470123,0.0492528080940246,0.1478494623655913,0.0188172043010752,0.0,0.0,0.7870070338249207,0.0,32.401084899902344,26.159767786661785,6.241317113240559,1.4774188995361328,0,0,0,0,0,Remember
3148,0.8987135887145996,0.8987135887145996,0.8987135887145996,0.0,0.0,0.0,0.0,0.0,0.0,0.0,0.0,19.832582473754883,1512.062026977539,1492.2294445037842,2421.186004638672,0,0,0,0,1,Apply
3149,0.8327042460441589,0.8511408567428589,0.8148524761199951,0.0148204416036605,0.0362883806228637,0.0550586364539852,0.0281647504527241,0.0,0.0,0.8363616466522217,0.0032213069498538,36.58273696899414,24.58955478668213,11.993182182312012,7.688276290893555,0,0,0,0,0,Create
3150,0.8166919350624084,0.8235361576080322,0.8104672431945801,0.0053533143363893,0.0130689144134521,0.0,0.0,0.0,0.0,0.7831566333770752,0.009352677501738,28.518848419189453,33.90512418746948,5.386275768280029,28.29492950439453,0,0,0,0,1,Understand
3151,0.9453449249267578,0.9453449249267578,0.9453449249267578,0.0,0.0,0.0,0.0,0.0,0.0,0.0,0.0,15.880332946777344,1902.5765075683596,1886.696174621582,3230.844055175781,0,0,0,0,1,Apply
3152,0.853225588798523,0.853225588798523,0.853225588798523,0.0,0.0,0.0,0.0,0.0,0.0,0.0,0.0,56.01302337646485,434.1719512939453,378.15892791748047,232.95883178710935,0,0,0,0,1,Understand
3153,0.8434537053108215,0.8634533286094666,0.8206689953804016,0.0175773054361343,0.0427843332290649,0.25,0.0,0.0,0.0,0.8288588523864746,0.007095469161868,36.96360778808594,50.60946464538574,13.645856857299805,34.00754928588867,0,0,0,0,1,Understand
3154,0.8293408751487732,0.8513438701629639,0.8124344944953918,0.0162883754819631,0.038909375667572,0.0360623781676413,0.0255278769078144,0.0,0.0,0.829286515712738,0.0411304906010627,42.4803466796875,25.193443775177,17.286902904510498,17.45869255065918,0,0,0,0,0,Evaluate
3155,0.8049852252006531,0.8240257501602173,0.7886598110198975,0.0145651698112487,0.0353659391403198,0.0888888888888888,0.1257078722109417,0.0,0.0,0.8679875731468201,0.0323430486023426,31.514095306396484,105.07844638824464,73.56435108184814,106.87785720825195,0,0,0,0,0,Understand
3156,0.7747322916984558,0.827960729598999,0.7306703329086304,0.0402440540492534,0.0972903966903686,0.097069597069597,0.088634092546248,0.0,0.0,0.8156046271324158,0.0257515236735343,40.79275131225586,46.81199645996094,6.019245147705078,58.11074447631836,0,0,0,0,0,Evaluate
3157,0.8345072865486145,0.8419739007949829,0.828176736831665,0.0056896600872278,0.0137971639633178,0.0629629629629629,0.0052378280087892,0.0,0.0,0.8932865262031555,0.008116434328258,22.657848358154297,88.02261924743652,65.36477088928223,98.08337783813477,0,0,0,0,1,Understand
3158,0.8542656302452087,0.8851870894432068,0.8175870180130005,0.0278962422162294,0.0676000714302063,0.0333333333333333,0.0471404520791031,0.0,0.0,0.7843093872070312,0.0064670937135815,59.46515655517578,31.5587158203125,27.90644073486328,11.291475296020508,0,0,0,0,0,Understand
3159,0.9395382404327391,0.9446150660514832,0.9344614148139954,0.0050768256187438,0.0101536512374877,0.0,0.0,0.0,0.0,0.9169238805770874,0.0,37.1161003112793,95.31160227457684,58.19550196329753,125.36775970458984,0,0,0,0,0,Understand
3160,0.8089427947998047,0.8727667331695557,0.769385814666748,0.0455599762499332,0.1033809185028076,0.0,0.0,0.0,0.0,0.799031674861908,0.0138877052813768,37.25766372680664,52.86274099349976,15.605077266693115,55.17494010925293,0,0,0,0,0,Remember
3161,0.9591482877731324,0.9591482877731324,0.9591482877731324,0.0,0.0,0.0,0.0,0.0,0.0,0.0,0.0,21.16983413696289,1902.5765075683596,1881.4066734313965,3230.844055175781,0,0,0,0,1,Apply
3162,0.9702352285385132,0.9702352285385132,0.9702352285385132,0.0,0.0,0.0,0.0,0.0,0.0,0.0,0.0,16.860166549682617,432.1442565917969,415.2840900421143,328.20611572265625,0,0,0,0,1,Remember
3163,0.9067569375038148,0.9104462265968324,0.9003245830535889,0.0045647360384464,0.0101216435432434,0.0,0.0,0.0,0.0,0.934611976146698,0.007514982484281,58.57247161865234,203.3932228088379,144.82075119018555,395.4423599243164,0,0,0,0,0,Remember
3164,0.8275462985038757,0.8367372751235962,0.821617603302002,0.0065895654261112,0.0151196718215942,0.2718840579710145,0.107398247345435,0.0,0.0,0.8460068106651306,0.0088360160589218,65.9364013671875,42.62422275543213,23.31217861175537,12.3477783203125,0,0,0,0,0,Understand
3165,0.8315718770027161,0.8535861968994141,0.8069631457328796,0.0191219877451658,0.0466230511665344,0.1081871345029239,0.0765836307234432,0.0,0.0,0.818027913570404,0.0177136771380901,60.09285736083984,31.44157886505127,28.65127849578857,12.845989227294922,0,0,0,0,0,Create
3166,0.7979306578636169,0.8012502193450928,0.7913835048675537,0.0046296883374452,0.009866714477539,0.1884531590413943,0.0242114496414954,0.0,0.0,0.8376147747039795,0.0064996159635484,43.64803695678711,44.22253656387329,0.5744996070861816,44.96366691589356,0,0,0,0,0,Understand
3167,0.8249292373657227,0.8531553149223328,0.7782032489776611,0.0332779884338378,0.0749520659446716,0.1074074074074074,0.0052378280087892,0.0,0.0,0.8046674132347107,0.0200378783047199,31.851436614990234,75.12124252319336,43.269805908203125,123.25798797607422,0,0,0,0,0,Understand
3168,0.8539199829101562,0.8979289531707764,0.83051997423172,0.0311398562043905,0.0674089789390564,0.0,0.0,0.0,0.0,0.8030295968055725,0.0467695668339729,38.221168518066406,85.99602890014648,47.77486038208008,64.93991470336914,0,0,0,0,0,Understand
3169,0.7133275866508484,0.7488105893135071,0.6694506406784058,0.0329377502202987,0.0793599486351013,0.0,0.0,0.0,0.0,0.8055766224861145,0.0193599313497543,84.1941146850586,124.91373062133788,40.7196159362793,182.30946350097656,0,0,0,0,0,Understand
3170,0.8196592330932617,0.8433407545089722,0.7829614281654358,0.0263120103627443,0.0603793263435363,0.0,0.0,0.0,0.0,0.8150880932807922,0.03416283801198,47.00749206542969,40.6000394821167,6.407452583312988,32.94599151611328,0,0,0,0,1,Understand
3171,0.8222853541374207,0.8370645046234131,0.8148171901702881,0.0104506621137261,0.022247314453125,0.1413742690058479,0.1237517615153991,0.0,0.0,0.8556448817253113,0.0192066840827465,38.64245223999024,59.425021171569824,20.78256893157959,51.5540771484375,0,0,0,0,1,Understand
3172,0.7600903511047363,0.7855747938156128,0.7397990226745605,0.0190452374517917,0.0457757711410522,0.0,0.0,0.0,0.0,0.7525025010108948,0.0182689130306243,31.281593322753903,93.6083345413208,62.326741218566895,114.97260665893556,0,0,0,0,0,Remember
3173,0.8817157745361328,0.8996798992156982,0.8626657724380493,0.0151304518803954,0.0370141267776489,0.1725779967159277,0.0492287797747252,0.0,0.0,0.8857731819152832,0.0103467795997858,59.68329620361328,26.09933495521545,33.58396124839783,19.97469425201416,0,0,0,0,0,Understand
3174,0.879713237285614,0.8935215473175049,0.8615745306015015,0.0133969513699412,0.0319470167160034,0.2222222222222222,0.1571348402636772,0.0,0.0,0.8378057479858398,0.0157462637871503,70.1772232055664,56.22769355773926,13.949529647827148,55.0969123840332,0,0,0,0,0,Remember
3175,0.8057475090026855,0.8285812735557556,0.7694289684295654,0.0259631238877773,0.0591523051261901,0.0785004516711833,0.038529643445996,0.0,0.0,0.8131299018859863,0.0221081934869289,63.569114685058594,37.94832754135132,25.620787143707275,34.917673110961914,0,0,0,0,0,Understand
3176,0.7920020222663879,0.8135569095611572,0.7588046789169312,0.0238203145563602,0.054752230644226,0.0,0.0,0.0,0.0,0.8162534832954407,0.0288836248219013,33.193504333496094,121.93766498565674,88.74416065216064,220.0373954772949,0,0,0,0,1,Understand
3177,0.8462327122688293,0.8757453560829163,0.804913341999054,0.0300980992615222,0.0708320140838623,0.0,0.0,0.0,0.0,0.8311343789100647,0.0497157387435436,27.63249969482422,200.22308921813965,172.59058952331543,302.9555435180664,0,0,0,0,0,Evaluate
3178,0.8828703761100769,0.8920508623123169,0.8659366369247437,0.0119880912825465,0.0261142253875732,0.0,0.0,0.0,0.0,0.8740705847740173,0.0083474097773432,49.00290298461914,154.40106391906738,105.39816093444824,211.76261138916016,0,0,0,0,1,Understand
3179,0.8163173794746399,0.8544158339500427,0.7821990251541138,0.0296164061874151,0.0722168087959289,0.0,0.0,0.0,0.0,0.8167109489440918,0.042805653065443,59.55014419555664,256.2560110092163,196.70586681365967,665.5589637756348,0,0,0,0,1,Understand
3180,0.8492856025695801,0.8685871958732605,0.8299840688705444,0.019301563501358,0.038603127002716,0.2142857142857142,0.2142857142857142,0.0,0.0,0.8208593726158142,0.0,33.7738037109375,97.98396809895831,64.21016438802083,24.85758209228516,0,0,0,0,0,Understand
3181,0.8555063605308533,0.8760102391242981,0.8417420983314514,0.0147793283686041,0.0342681407928466,0.3333333333333333,0.1088662107903634,0.0,0.0,0.8258748054504395,0.030770618468523,94.67616271972656,47.95004844665527,46.72611427307129,18.924148559570312,0,0,0,0,0,Remember
3182,0.8470534682273865,0.8553476929664612,0.8416326642036438,0.0059564015828073,0.0137150287628173,0.0704539125591757,0.0288217188146713,0.0,0.0,0.8427932858467102,0.0119555536657571,51.36104202270508,47.52836608886719,3.83267593383789,33.6794319152832,0,0,0,0,0,Understand
3183,0.7755352854728699,0.8327124118804932,0.7457222938537598,0.040442731231451,0.0869901180267334,0.0,0.0,0.0,0.0,0.8036102652549744,0.010200135409832,35.83095169067383,40.30002498626709,4.469073295593262,21.607723236083984,0,0,0,0,1,Understand
3184,0.9240192770957948,0.9552597999572754,0.8727713823318481,0.036526758223772,0.0824884176254272,0.0666666666666666,0.0942809041582063,0.0,0.0,0.8889706134796143,0.0358849614858627,22.046817779541016,557.2843284606934,535.2375106811523,908.984603881836,0,0,0,0,0,Remember
3185,0.8964409828186035,0.9211967587471008,0.8736348748207092,0.0194659363478422,0.0475618839263916,0.0,0.0,0.0,0.0,0.8771817684173584,0.0060372157022356,27.18513298034668,268.3308868408203,241.14575386047363,447.0462188720703,0,0,0,0,0,Understand
3186,0.7799925804138184,0.8079593181610107,0.7607266306877136,0.0202403701841831,0.0472326874732971,0.0,0.0,0.0,0.0,0.7839061617851257,0.0470645241439342,26.783811569213867,119.0845832824707,92.30077171325684,200.01986694335935,0,0,0,0,0,Understand
3187,0.8725533485412598,0.901884913444519,0.8260447978973389,0.0332587696611881,0.0758401155471801,0.3470380194518125,0.0303272730082095,0.0,0.0,0.8729498982429504,0.020584337413311,56.81577301025391,30.76004457473755,26.05572843551636,4.612932205200195,0,0,0,0,0,Evaluate
3188,0.8621103167533875,0.8955252170562744,0.8432959318161011,0.0236904826015234,0.0522292852401733,0.1073683261183261,0.0112124975677881,0.0,0.0,0.8532077670097351,0.031285922974348,34.24146270751953,41.15239906311035,6.91093635559082,36.05214309692383,0,0,0,0,0,Understand
3189,0.8354699611663818,0.8599309921264648,0.8137345314025879,0.0189578458666801,0.0461964607238769,0.0317460317460317,0.0448956686467649,0.0,0.0,0.8352811336517334,0.0105383303016424,60.38158416748047,35.51521921157837,24.8663649559021,22.351110458374023,0,0,0,0,0,Understand
3190,0.8142358660697937,0.817707896232605,0.8096653819084167,0.0033739521168172,0.0080425143241882,0.1899335232668566,0.0033575820569161,0.0,0.0,0.8256545066833496,0.0372214131057262,26.43801498413086,31.249942779541016,4.811927795410156,18.80910301208496,0,0,0,0,0,Understand
3191,0.7380929589271545,0.7935560345649719,0.6826362609863281,0.045282807201147,0.1109197735786438,0.0,0.0,0.0,0.0,0.7989997863769531,0.0586525537073612,38.46390151977539,50.81268644332886,12.348784923553469,105.10742950439452,0,0,0,0,0,Understand
3192,0.7993986010551453,0.8263816833496094,0.7690160274505615,0.0235424749553203,0.0573656558990478,0.0833333333333333,0.1178511301977579,0.0,0.0,0.8347330093383789,0.043472833931446,31.27150535583496,83.5445728302002,52.273067474365234,76.32282257080078,0,0,0,0,0,Remember
3193,0.7621450424194336,0.7996602058410645,0.7360946536064148,0.0271873287856578,0.0635655522346496,0.0,0.0,0.0,0.0,0.770235538482666,0.0412903614342212,29.099767684936523,65.55806732177734,36.45829963684082,57.36262130737305,0,0,0,0,0,Understand
3194,0.836260974407196,0.8462610244750977,0.8190509676933289,0.0122224921360611,0.0272100567817688,0.1146608946608946,0.048377862448124,0.0,0.0,0.856876790523529,0.0363669767975807,42.645626068115234,78.38347864151001,35.737852573394775,126.56160926818848,0,0,0,0,0,Remember
3195,0.8351637721061707,0.8429656028747559,0.8224714994430542,0.0090531427413225,0.0204941034317016,0.0175438596491228,0.0248107642521595,0.0,0.0,0.822557270526886,0.0282096471637487,52.93728256225586,47.26642084121704,5.670861721038818,60.13458061218262,0,0,0,0,1,Evaluate
3196,0.850994348526001,0.857053279876709,0.843940019607544,0.0053995414637029,0.013113260269165,0.0,0.0,0.0,0.0,0.8710451126098633,0.0177793037146329,28.45109748840332,554.5224075317383,526.071310043335,1500.969955444336,0,0,0,0,0,Evaluate
3197,0.8621824383735657,0.9222970008850098,0.8013946413993835,0.0493604764342308,0.1209023594856262,0.25,0.0,0.0,0.0,0.8150558471679688,0.0177158545702695,30.05605125427246,102.934907913208,72.87885665893555,131.02349853515625,0,0,0,0,0,Understand
3198,0.7660803198814392,0.7928049564361572,0.7249483466148376,0.029516190290451,0.0678566098213195,0.2272727272727273,0.0321412173266612,0.0,0.0,0.6758458018302917,0.0168961063027381,59.27700805664063,63.7850227355957,4.508014678955078,34.90268325805664,0,0,0,0,0,Understand
3199,0.8781946301460266,0.9073079824447632,0.8552636504173279,0.0216920692473649,0.0520443320274353,0.0,0.0,0.0,0.0,0.8527560234069824,0.0196209792047739,47.34653472900391,594.7116250991821,547.3650903701782,1442.4347648620603,0,0,0,0,1,Understand
3200,0.833608090877533,0.8527746200561523,0.8144415616989136,0.0191665291786193,0.0383330583572387,0.0,0.0,0.0,0.0,0.8206180334091187,0.0,26.590431213378903,26.41005261739095,0.1803785959879569,20.93595123291016,0,0,0,1,0,Understand
3201,0.8633000254631042,0.8845062255859375,0.8405582904815674,0.0179744958877563,0.0439479351043701,0.0,0.0,0.0,0.0,0.8303251266479492,0.0173909813165664,21.559226989746094,34.9198112487793,13.360584259033203,33.30423164367676,0,0,0,0,0,Understand
3202,0.814918041229248,0.8577000498771667,0.7870063781738281,0.0307164117693901,0.0706936717033386,0.1078431372549019,0.1134885970861786,0.0,0.0,0.7804136276245117,0.0255625285208225,21.473506927490234,28.24359369277954,6.770086765289307,19.394962310791016,0,0,0,0,0,Create
3203,0.8209331631660461,0.873482346534729,0.769058108329773,0.0426336787641048,0.104424238204956,0.0,0.0,0.0,0.0,0.8190460205078125,0.0156953707337379,22.66841697692871,80.66666889190674,57.99825191497803,195.2408790588379,0,0,0,0,0,Understand
3204,0.762108325958252,0.7772417068481445,0.7469748854637146,0.0151334106922149,0.0302668213844299,0.0192307692307692,0.0192307692307692,0.0,0.0,0.7448416948318481,0.0,23.85586166381836,43.198141733805336,19.342280069986977,66.85019302368164,0,0,0,0,0,Create
3205,0.7593541145324707,0.7609198689460754,0.7577884197235107,0.0015657246112823,0.0031314492225646,0.0,0.0,0.0,0.0,0.7350999712944031,0.0,31.4704647064209,34.982346852620445,3.511882146199546,43.139068603515625,0,0,0,0,0,Create
3206,0.7636247873306274,0.7772921323776245,0.7499573826789856,0.0136673748493194,0.0273347496986389,0.0,0.0,0.0,0.0,0.72201007604599,0.0,28.80272674560547,75.60953013102214,46.80680338541667,146.88381385803223,0,0,0,0,0,Create
3207,0.7921333312988281,0.83891761302948,0.7680062055587769,0.0330869518220424,0.0709114074707031,0.0913043478260869,0.0061487546190134,0.0,0.0,0.7552205920219421,0.0020882792305201,34.59146499633789,24.72956705093384,9.861897945404053,5.294805526733398,0,0,0,0,0,Understand
3208,0.9608302116394044,0.9608302116394044,0.9608302116394044,0.0,0.0,0.0,0.0,0.0,0.0,0.0,0.0,57.57471084594727,1902.5765075683596,1845.001796722412,3230.844055175781,0,0,0,0,1,Apply
3209,0.7841846346855164,0.7929872870445251,0.7689230442047119,0.010833884589374,0.0240642428398132,0.075,0.0176776695296636,0.0,0.0,0.807053804397583,0.0318504199385643,37.242958068847656,24.72956705093384,12.513391017913818,5.294805526733398,0,0,0,0,0,Understand
3210,0.9281826019287108,0.9281826019287108,0.9281826019287108,0.0,0.0,0.0,0.0,0.0,0.0,0.0,0.0,38.02326965332031,1902.5765075683596,1864.553237915039,3230.844055175781,0,0,0,0,1,Apply
