mcq_id,group,entity_match_coverage,kg_num_correct_entities,kg_num_distractor_entities,kg_entity_diversity,kg_abstractness_mean,kg_bloom_level_mean,kg_prereq_depth_mean_correct,kg_prereq_depth_mean_distractors,kg_centrality_mean,jaccard_hard_max,jaccard_hard_mean,jaccard_soft_max,jaccard_soft_mean,jaccard_kg_max,jaccard_kg_mean,jaccard_stem_correct,jaccard_stem_distractor_max,rsi_correct,rsi_max_distractor,rsi_final,rsi_to_correct,rsi_eo_correct,rsi_sc_correct,rsi_dc,rsi_distractor_range,kad_entropy_stem,kad_entropy_correct,kad_path_distance_mean,kg_same_author_correct_distractor,kg_same_period_correct_distractor,kg_shared_theme_device_jaccard
su9_vj_0001,chuong_cu,0.0,0.0,0.0,0.0,,,0.0,0.0,0.0,0.0,0.0,0.0,0.0,0.0,0.0,0.0,0.0,,0.0,,0.0,0.0,0.0,,0.0,0.9281116962957955,0.8579252097338643,,0.0,0.0,0.0
su9_vj_0002,chuong_cu,0.0,0.0,0.0,0.0,,,0.0,0.0,0.0,0.0,0.0,0.0,0.0,0.0,0.0,0.0,0.0,,0.041666666666666664,,0.16666666666666666,0.0,0.0,,0.0,0.9239911777690938,0.9277775528087265,,0.0,0.0,0.0
su9_vj_0003,chuong_cu,1.0,1.0,1.0,0.25,4.0,,0.0,0.0,0.03926096997690531,1.0,1.0,1.0,1.0,0.7,0.6999999999999998,0.0,0.0,0.020833333333333332,0.020833333333333332,0.0,0.08333333333333333,0.0,0.0,1.0,0.0,0.9126872341427191,0.9328770862034136,0.0,0.0,0.0,0.0
su9_vj_0004,chuong_cu,1.0,1.0,2.3333333333333335,0.375,3.0,,0.0,0.0,0.019630484988452657,1.0,0.5555555555555555,1.0,1.0,0.5,0.5,0.25,0.3333333333333333,0.09583333333333333,0.09803921568627451,-0.0022058823529411825,0.0,0.0,0.25,0.7777777777777778,0.03553921568627451,0.9238658524561272,0.9429422814248312,0.0,0.0,0.0,0.0
su9_vj_0005,chuong_cu,1.0,1.0,1.3333333333333333,0.6,3.6,3.0,0.0,0.0,0.007390300230946882,0.0,0.0,0.3333333333333333,0.27777777777777773,0.1,0.06666666666666667,0.29166666666666663,0.16666666666666666,0.1784722222222222,0.0798611111111111,0.0986111111111111,0.2222222222222222,0.0,0.29166666666666663,0.6666666666666666,0.017361111111111105,0.9212957285470192,0.9450901958195764,0.2222222222222222,0.0,0.0,0.0
su9_vj_0006,chuong_cu,1.0,2.0,1.0,1.0,2.4,3.0,0.0,0.0,0.013394919168591224,0.0,0.0,0.0,0.0,0.07500000000000001,0.07500000000000001,0.3333333333333333,0.25,0.19952380952380952,0.0625,0.13702380952380952,0.0,0.0,0.3333333333333333,0.2253968253968254,0.03125,0.9207031669776623,0.9351785408162869,0.4444444444444445,0.0,0.0,0.0
su9_vj_0007,chuong_cu,1.0,1.0,1.3333333333333333,1.0,2.0,,0.0,0.0,0.018475750577367205,0.0,0.0,0.25,0.08333333333333333,0.1,0.10000000000000002,0.3333333333333333,0.3333333333333333,0.22022727272727272,0.1515151515151515,0.06871212121212122,0.09090909090909091,0.0,0.3333333333333333,0.2388888888888889,0.03333333333333331,0.9283197147870808,0.920019526684554,0.3055555555555555,0.0,0.0,0.0
su9_vj_0008,chuong_cu,1.0,2.0,1.6666666666666667,0.7142857142857143,2.2857142857142856,,0.0,0.0,0.01649620587264929,0.25,0.08333333333333333,0.5,0.27777777777777773,0.39999999999999997,0.1722222222222222,0.29166666666666663,0.29166666666666663,0.15625,0.07291666666666666,0.08333333333333334,0.0,0.0,0.29166666666666663,0.4444444444444444,0.016666666666666656,0.9324507338146526,0.921912506224037,0.1111111111111111,0.0,0.0,0.0
su9_vj_0009,chuong_cu,0.75,1.0,0.6666666666666666,1.0,3.0,,0.0,0.5,0.02386451116243264,0.0,0.0,0.3333333333333333,0.19444444444444442,0.06666666666666667,0.022222222222222223,0.6666666666666666,0.3333333333333333,0.50625,0.11458333333333333,0.39166666666666666,0.20833333333333334,0.5,0.6666666666666666,0.25,0.10416666666666666,0.9207844607097829,0.9284313916675618,0.20833333333333331,0.0,0.0,0.0
su9_vj_0010,chuong_cu,1.0,1.0,1.3333333333333333,0.8,2.2,,0.0,0.0,0.02494226327944573,0.0,0.0,0.3333333333333333,0.1111111111111111,0.1,0.10000000000000002,0.0,1.0,0.22267857142857145,0.6714285714285714,-0.4487499999999999,0.2857142857142857,0.0,0.2,0.325,0.6089285714285714,0.9417226561809727,0.9483885736889192,0.27777777777777773,0.0,0.0,0.0
su9_vj_0011,chuong_cu,0.0,0.0,0.0,0.0,,,0.0,0.0,0.0,0.0,0.0,0.0,0.0,0.0,0.0,0.0,0.0,,0.019230769230769232,,0.3076923076923077,0.0,0.0,,0.019230769230769232,0.9286154678587574,0.9515251896746498,,0.0,0.0,0.0
su9_vj_0012,chuong_cu,1.0,1.0,1.0,0.5,2.5,,0.0,0.0,0.02367205542725173,1.0,0.6666666666666666,1.0,0.7777777777777778,0.7,0.4888888888888889,1.0,1.0,0.6979166666666666,0.646875,0.05104166666666665,0.125,1.0,1.0,0.5555555555555555,0.5635416666666666,0.9288352296641947,0.9377087122598625,0.05555555555555555,0.0,0.0,0.0
su9_vj_0013,chuong_cu,0.5,2.0,0.3333333333333333,1.0,3.6666666666666665,3.0,0.5,0.0,0.003079291762894534,0.0,0.0,0.0,0.0,0.13333333333333333,0.044444444444444446,0.0,0.0,,0.03869047619047619,,0.0,0.0,0.15476190476190477,,0.03869047619047619,0.916449714357151,0.9334183311789607,0.3333333333333333,0.0,0.0,0.0
su9_vj_0014,chuong_cu,0.25,0.0,0.3333333333333333,1.0,4.0,,0.0,0.0,0.03926096997690531,0.0,0.0,0.0,0.0,0.0,0.0,0.0,0.0,,0.06470588235294118,,0.17647058823529413,0.0,0.0,,0.06470588235294118,0.9123337029406304,0.9399874675362792,,0.0,0.0,0.0
su9_vj_0015,chuong_cu,0.5,0.0,0.6666666666666666,0.5,4.0,,0.0,0.0,0.03926096997690531,0.0,0.0,0.0,0.0,0.0,0.0,0.0,0.3333333333333333,0.0,0.08333333333333333,-0.08333333333333333,0.0,0.0,0.0,1.0,0.08333333333333333,0.9341321373234976,0.9251219503237336,,0.0,0.0,0.0
su9_vj_0016,chuong_cu,0.75,1.0,0.6666666666666666,0.3333333333333333,4.0,,0.0,0.0,0.03926096997690531,1.0,0.6666666666666666,1.0,0.6666666666666666,0.7,0.4666666666666666,0.3333333333333333,0.3333333333333333,0.09722222222222221,0.09722222222222221,0.0,0.05555555555555555,0.0,0.3333333333333333,1.0,0.08333333333333331,0.9255833378417206,0.9396270739399326,0.0,0.0,0.0,0.0
su9_vj_0017,chuong_cu,0.75,1.0,0.6666666666666666,0.6666666666666666,4.333333333333333,3.0,0.0,0.0,0.02617397998460354,1.0,0.3333333333333333,1.0,0.3333333333333333,0.7,0.26666666666666666,0.6666666666666666,0.6666666666666666,0.5504901960784314,0.37107843137254903,0.17941176470588238,0.23529411764705882,0.5,0.6666666666666666,0.0,0.37107843137254903,0.9288051836508974,0.9219864184597266,0.5,0.0,0.0,0.0
su9_vj_0018,chuong_cu,0.0,0.0,0.0,0.0,,,0.0,0.0,0.0,0.0,0.0,0.0,0.0,0.0,0.0,0.0,0.0,,0.0,,0.0,0.0,0.0,,0.0,0.9367266685351556,0.8671918918252381,,0.0,0.0,0.0
su9_vj_0019,chuong_cu,0.0,0.0,0.0,0.0,,,0.0,0.0,0.0,0.0,0.0,0.0,0.0,0.0,0.0,0.0,0.0,,0.0,,0.0,0.0,0.0,,0.0,0.9181884022426927,0.938754026582244,,0.0,0.0,0.0
su9_vj_0020,chuong_cu,1.0,1.0,1.0,0.75,2.25,,0.0,0.0,0.010969976905311778,0.0,0.0,0.0,0.0,0.1,0.10000000000000002,0.0,1.0,0.10238095238095239,0.6555555555555556,-0.5531746031746032,0.0,0.0,0.14285714285714285,0.5555555555555555,0.5166666666666666,0.9336050921519347,0.9318037909866237,0.5555555555555555,0.0,0.0,0.0
su9_vj_0021,chuong_cu,0.25,1.0,0.0,1.0,3.0,,0.0,0.0,0.0023094688221709007,0.0,0.0,0.0,0.0,0.0,0.0,0.0,0.0,,0.009615384615384616,,0.038461538461538464,0.0,0.1125,,0.009615384615384616,0.9193776320152818,0.9077404874087287,,0.0,0.0,0.0
su9_vj_0022,chuong_cu,0.25,0.0,0.3333333333333333,1.0,1.0,,0.0,0.0,0.004618937644341801,0.0,0.0,0.0,0.0,0.0,0.0,0.0,0.0,,0.05,,0.0,0.0,0.0,,0.05,0.9297582349433963,0.9207081480345299,,0.0,0.0,0.0
su9_vj_0023,chuong_cu,0.25,0.0,0.3333333333333333,1.0,1.0,,0.0,0.0,0.009237875288683603,0.0,0.0,0.0,0.0,0.0,0.0,0.0,0.125,,0.05208333333333333,,0.0,0.0,0.0,,0.05208333333333333,0.9504019399426162,0.851829274799772,,0.0,0.0,0.0
su9_vj_0024,chuong_cu,0.25,0.0,0.3333333333333333,1.0,2.0,,0.0,0.0,0.018475750577367205,0.0,0.0,0.0,0.0,0.0,0.0,0.0,0.25,,0.11875,,0.0,0.0,0.0,,0.11875,0.9379275453129693,0.9614086525173211,,0.0,0.0,0.0
su9_vj_0025,chuong_cu,0.25,0.0,0.3333333333333333,1.0,3.0,,0.0,0.0,0.004618937644341801,0.0,0.0,0.0,0.0,0.0,0.0,0.0,0.0,,0.03571428571428571,,0.0,0.0,0.0,,0.03571428571428571,0.9386816219614967,0.8925807388631027,,0.0,0.0,0.0
su9_vj_0026,chuong_cu,1.0,3.0,3.0,0.3333333333333333,2.3333333333333335,,0.0,0.0,0.01578137028483449,1.0,0.6666666666666666,1.0,0.888888888888889,0.6999999999999998,0.5888888888888889,0.3333333333333333,0.3333333333333333,0.12916666666666668,0.09583333333333333,0.033333333333333354,0.05,0.0,0.3333333333333333,0.7777777777777777,0.012499999999999997,0.9232106188408231,0.9266203821149569,0.0,0.0,0.0,0.0
su9_vj_0027,chuong_cu,0.75,0.0,1.0,1.0,3.0,,0.0,0.0,0.020015396458814474,0.0,0.0,0.0,0.0,0.0,0.0,0.0,0.5,0.11619047619047619,0.15833333333333333,-0.042142857142857135,0.0,0.0,0.0,0.2253968253968254,0.12708333333333333,0.9324646476222789,0.9397042310011582,,0.0,0.0,0.0
su9_vj_0028,chuong_cu,0.5,0.0,0.6666666666666666,0.5,4.0,3.0,0.0,0.0,0.0023094688221709007,0.0,0.0,0.0,0.0,0.0,0.0,0.0,0.16666666666666666,0.0,0.0625,-0.0625,0.0,0.0,0.0,1.0,0.0625,0.9326912721318125,0.9381567140422841,,0.0,0.0,0.0
su9_vj_0029,chuong_cu,0.5,2.0,0.6666666666666666,1.0,1.75,,0.0,0.0,0.019630484988452657,0.0,0.0,0.16666666666666666,0.05555555555555555,0.2,0.06666666666666667,0.3333333333333333,0.3333333333333333,,0.08333333333333333,,0.1111111111111111,0.0,0.3333333333333333,,0.08333333333333333,0.9304463308048283,0.9282563077462447,0.16666666666666666,0.0,0.0,0.0
su9_vj_0030,chuong_cu,0.25,0.0,0.3333333333333333,1.0,2.0,,0.0,0.0,0.018475750577367205,0.0,0.0,0.0,0.0,0.0,0.0,0.0,0.4444444444444444,,0.28856209150326795,,0.23529411764705882,0.0,0.0,,0.28856209150326795,0.9335833510473662,0.9319707079938496,,0.0,0.0,0.0
su9_vj_0031,chuong_cu,0.5,1.0,0.3333333333333333,1.0,3.5,3.0,0.0,0.0,0.013856812933025403,0.0,0.0,0.0,0.0,0.05,0.016666666666666666,0.25,0.0,,0.03125,,0.0,0.0,0.25,,0.03125,0.9235890896659394,0.9330626892043502,0.5833333333333334,0.0,0.0,0.0
su9_vj_0032,chuong_cu,0.75,1.0,0.6666666666666666,0.6666666666666666,2.0,,0.0,0.0,0.011547344110854502,1.0,0.3333333333333333,1.0,0.4166666666666667,0.7,0.3,0.0,0.25,0.1482142857142857,0.0625,0.08571428571428569,0.0,0.0,0.14285714285714285,0.25,0.0625,0.9254747078689917,0.9443794695014601,0.125,0.0,0.0,0.0
su9_vj_0033,chuong_cu,0.25,0.0,0.3333333333333333,1.0,2.0,,0.0,0.0,0.004618937644341801,0.0,0.0,0.0,0.0,0.0,0.0,0.0,0.0,,0.0,,0.0,0.0,0.0,,0.0,0.9359052235972959,0.9295600727993665,,0.0,0.0,0.0
su9_vj_0034,chuong_cu,0.5,0.0,1.0,1.0,4.0,3.0,0.0,0.0,0.01770592763664357,0.0,0.0,0.0,0.0,0.0,0.0,0.0,0.6666666666666666,0.19411764705882353,0.3563725490196078,-0.16225490196078426,0.17647058823529413,0.0,0.0,0.0,0.3563725490196078,0.9353683277385145,0.9525425808195302,,0.0,0.0,0.0
su9_vj_0035,chuong_cu,0.75,0.0,2.0,0.8333333333333334,2.6666666666666665,,0.0,0.0,0.018090839107005388,0.0,0.0,0.0,0.0,0.0,0.0,0.0,0.6666666666666666,0.20627450980392156,0.4446078431372549,-0.2383333333333333,0.4117647058823529,0.0,0.0,0.3111111111111111,0.31286764705882353,0.9342947343296052,0.9525779090794741,,0.0,0.0,0.0
su9_vj_0036,chuong_cu,0.5,0.0,0.6666666666666666,1.0,3.5,,0.0,0.0,0.020785219399538108,0.0,0.0,0.0,0.0,0.0,0.0,0.0,0.14583333333333331,0.1557142857142857,0.0831845238095238,0.07252976190476189,0.14285714285714285,0.0,0.0,0.2,0.0831845238095238,0.9292155040533149,0.9550415402865255,,0.0,0.0,0.0
su9_vj_0037,chuong_cu,1.0,1.0,1.3333333333333333,0.8,3.8,3.0,0.0,0.25,0.018475750577367205,1.0,0.3333333333333333,1.0,0.3333333333333333,0.7,0.3,0.16666666666666666,0.16666666666666666,0.19345238095238093,0.1029040404040404,0.09054834054834053,0.0,0.0,0.26666666666666666,0.15476190476190477,0.036237373737373735,0.9325151315837703,0.9237582164178723,0.3055555555555556,0.0,0.0,0.0
su9_vj_0038,chuong_cu,0.5,1.0,0.3333333333333333,1.0,3.0,,0.0,0.0,0.004618937644341801,0.0,0.0,0.0,0.0,0.2,0.06666666666666667,0.0,0.0,,0.0,,0.0,0.0,0.0,,0.0,0.9320104066253495,0.8561021523653356,0.5833333333333334,0.0,0.0,0.0
su9_vj_0039,chuong_cu,0.5,1.0,0.3333333333333333,0.5,1.0,,0.0,0.0,0.12702078521939952,1.0,0.3333333333333333,1.0,0.3333333333333333,0.7,0.2333333333333333,0.3611111111111111,0.3611111111111111,,0.10277777777777777,,0.05,0.0,0.3611111111111111,,0.10277777777777777,0.9129603134918814,0.9683567283597928,0.0,0.0,0.0,0.0
su9_vj_0040,chuong_cu,0.25,0.0,0.3333333333333333,1.0,1.0,,0.0,0.0,0.011547344110854504,0.0,0.0,0.0,0.0,0.0,0.0,0.0,0.0,,0.045454545454545456,,0.18181818181818182,0.0,0.0,,0.045454545454545456,0.9400894821028731,0.9417739684027495,,0.0,0.0,0.0
su9_vj_0041,chuong_cu,0.5,0.0,0.6666666666666666,1.0,5.0,3.0,0.0,0.5,0.013856812933025403,0.0,0.0,0.0,0.0,0.0,0.0,0.0,0.0,0.075,0.0,0.075,0.0,0.0,0.0,0.5,0.0,0.9358255191576014,0.9568970134922699,,0.0,0.0,0.0
su9_vj_0042,chuong_cu,0.25,0.0,0.3333333333333333,1.0,3.0,,0.0,0.0,0.0023094688221709007,0.0,0.0,0.0,0.0,0.0,0.0,0.0,0.0,,0.05555555555555555,,0.2222222222222222,0.0,0.0,,0.05555555555555555,0.9152816906039437,0.9261695577341142,,0.0,0.0,0.0
su9_vj_0043,chuong_cu,0.25,0.0,0.3333333333333333,1.0,1.0,,0.0,0.0,0.011547344110854504,0.0,0.0,0.0,0.0,0.0,0.0,0.0,0.0,,0.0,,0.0,0.0,0.0,,0.0,0.9324167919448056,0.934684629865816,,0.0,0.0,0.0
su9_vj_0044,chuong_cu,0.25,0.0,0.3333333333333333,1.0,1.0,,0.0,0.0,0.12702078521939952,0.0,0.0,0.0,0.0,0.0,0.0,0.0,0.0,,0.0,,0.0,0.0,0.0,,0.0,0.9404850500171648,0.8066145005936178,,0.0,0.0,0.0
su9_vj_0045,chuong_cu,0.0,0.0,0.0,0.0,,,0.0,0.0,0.0,0.0,0.0,0.0,0.0,0.0,0.0,0.0,0.0,,0.013888888888888888,,0.05555555555555555,0.0,0.0,,0.0,0.9179306645411327,0.9381174702486992,,0.0,0.0,0.0
su9_vj_0046,chuong_cu,0.5,1.0,0.3333333333333333,1.0,4.0,3.0,0.0,0.0,0.0023094688221709007,0.0,0.0,0.0,0.0,0.06666666666666667,0.022222222222222223,0.125,0.0,,0.05,,0.0625,0.0,0.225,,0.05,0.9271786907868971,0.9478519779698661,0.5833333333333334,0.0,0.0,0.0
su9_vj_0047,chuong_cu,0.25,1.0,0.0,1.0,1.0,,0.0,0.0,0.011547344110854504,0.0,0.0,0.0,0.0,0.0,0.0,0.16666666666666666,0.0,,0.0,,0.0,0.0,0.23809523809523808,,0.0,0.9178914870009905,0.9800826790410035,,0.0,0.0,0.0
su9_vj_0048,chuong_cu,0.5,0.0,0.6666666666666666,1.0,3.5,3.0,0.0,0.0,0.0023094688221709007,0.0,0.0,0.0,0.0,0.0,0.0,0.0,0.0,0.15397727272727274,0.0,0.15397727272727274,0.09090909090909091,0.0,0.0,0.125,0.0,0.9244650128573009,0.95332918494669,,0.0,0.0,0.0
su9_vj_0049,chuong_cu,0.75,0.0,1.3333333333333333,1.0,3.5,3.0,0.0,0.0,0.013279445727482679,0.0,0.0,0.0,0.0,0.0,0.0,0.0,0.16666666666666666,0.13708333333333333,0.09077380952380952,0.046309523809523814,0.125,0.0,0.0,0.29444444444444445,0.01264880952380952,0.9133306551499997,0.9319115946771191,,0.0,0.0,0.0
su9_vj_0050,chuong_cu,0.5,0.0,1.0,1.0,4.0,3.0,0.0,0.0,0.010777521170130871,0.0,0.0,0.0,0.0,0.0,0.0,0.0,0.16666666666666666,0.1738095238095238,0.10238095238095238,0.07142857142857142,0.09523809523809523,0.0,0.0,0.0,0.10238095238095238,0.9164446863722197,0.9404517430870033,,0.0,0.0,0.0
su9_vj_0051,chuong_cu,0.75,1.0,1.0,1.0,3.0,,0.0,0.0,0.02020785219399538,0.0,0.0,0.5,0.27777777777777773,0.1,0.05555555555555556,0.5,0.25,0.4618849206349206,0.11527777777777777,0.34660714285714284,0.1111111111111111,0.5,0.5714285714285714,0.225,0.10138888888888889,0.9116786765396413,0.9370504091738134,0.125,0.0,0.0,0.0
su9_vj_0052,chuong_cu,0.75,1.0,0.6666666666666666,1.0,4.333333333333333,3.0,0.0,0.0,0.0069284064665127015,0.0,0.0,0.0,0.0,0.2,0.08888888888888889,0.0,0.16666666666666666,0.13541666666666666,0.078125,0.05729166666666666,0.041666666666666664,0.0,0.0,0.16666666666666666,0.029017857142857144,0.9172218979006224,0.9251063405545359,1.0,0.0,0.0,0.0
su9_vj_0053,chuong_cu,0.0,0.0,0.0,0.0,,,0.0,0.0,0.0,0.0,0.0,0.0,0.0,0.0,0.0,0.0,0.0,,0.0,,0.0,0.0,0.0,,0.0,0.9307677464399473,0.9690863321753793,,0.0,0.0,0.0
su9_vj_0054,chuong_cu,0.0,0.0,0.0,0.0,,,0.0,0.0,0.0,0.0,0.0,0.0,0.0,0.0,0.0,0.0,0.0,,0.0,,0.0,0.0,0.0,,0.0,0.9081821030891724,0.9558366514706906,,0.0,0.0,0.0
su9_vj_0055,chuong_cu,1.0,3.0,2.0,0.6666666666666666,3.5555555555555554,3.0,0.0,0.0,0.013600205286117526,0.3333333333333333,0.2611111111111111,0.4444444444444444,0.3703703703703704,0.3,0.28148148148148144,0.6666666666666666,1.0,0.45833333333333326,0.711111111111111,-0.25277777777777777,0.3333333333333333,0.5,0.6666666666666666,0.7777777777777778,0.3099206349206349,0.9195912837822267,0.920362921962269,0.0,0.0,0.0,0.0
su9_vj_0056,chuong_cu,0.25,0.0,0.3333333333333333,1.0,3.0,,0.0,0.0,0.004618937644341801,0.0,0.0,0.0,0.0,0.0,0.0,0.0,0.125,,0.06678921568627451,,0.058823529411764705,0.0,0.0,,0.05208333333333333,0.9107976995692152,0.8515289303560224,,0.0,0.0,0.0
su9_vj_0057,chuong_cu,0.25,1.0,0.0,1.0,4.0,3.0,0.0,0.0,0.0023094688221709007,0.0,0.0,0.0,0.0,0.0,0.0,0.3333333333333333,0.0,,0.025,,0.1,0.0,0.3333333333333333,,0.0,0.9247436859544994,0.7186730362855592,,0.0,0.0,0.0
su9_vj_0058,chuong_cu,0.75,2.0,1.0,0.6,2.2,,0.0,0.0,0.0013856812933025404,0.5,0.27777777777777773,0.5,0.3333333333333333,0.39999999999999997,0.26666666666666666,0.0,0.5,0.24166666666666667,0.125,0.11666666666666667,0.2,0.0,0.16666666666666666,0.0,0.1,0.9146061029847894,0.8723767701295323,0.0,0.0,0.0,0.0
su9_vj_0059,chuong_cu,0.75,1.0,0.6666666666666666,1.0,1.6666666666666667,,0.0,0.0,0.0069284064665127015,0.0,0.0,0.5,0.16666666666666666,0.2,0.08888888888888889,1.0,0.5,0.7512987012987012,0.125,0.6262987012987012,0.09090909090909091,1.0,1.0,0.14285714285714285,0.125,0.9363911216365,0.9390744278078018,0.25,0.0,0.0,0.0
su9_vj_0060,chuong_cu,0.0,0.0,0.0,0.0,,,0.0,0.0,0.0,0.0,0.0,0.0,0.0,0.0,0.0,0.0,0.0,,0.0,,0.0,0.0,0.0,,0.0,0.9401356404820344,0.9149760275169515,,0.0,0.0,0.0
su9_vj_0061,chuong_cu,0.75,0.0,1.3333333333333333,1.0,2.75,3.0,0.0,0.0,0.009237875288683603,0.0,0.0,0.0,0.0,0.0,0.0,0.0,0.16666666666666666,0.1367307692307692,0.0858974358974359,0.050833333333333314,0.07692307692307693,0.0,0.0,0.21666666666666667,0.03381410256410257,0.9302209377787377,0.938443248171404,,0.0,0.0,0.0
su9_vj_0062,chuong_cu,0.0,0.0,0.0,0.0,,,0.0,0.0,0.0,0.0,0.0,0.0,0.0,0.0,0.0,0.0,0.0,,0.0625,,0.16666666666666666,0.0,0.0,,0.020833333333333336,0.926903836555669,0.9439814865700257,,0.0,0.0,0.0
su9_vj_0063,chuong_cu,0.25,2.0,0.0,1.0,3.0,,0.0,0.0,0.02540415704387991,0.0,0.0,0.0,0.0,0.0,0.0,0.0,0.0,,0.06818181818181818,,0.0,0.0,0.16666666666666666,,0.06818181818181818,0.9253984462275066,0.9381596629100709,,0.0,0.0,0.0
su9_vj_0064,chuong_cu,0.75,0.0,1.0,0.3333333333333333,,,0.0,0.0,0.009237875288683603,0.0,0.0,0.0,0.0,0.0,0.0,0.0,0.5,0.0,0.125,-0.125,0.0,0.0,0.0,1.0,0.0,0.9414280823922279,0.9389533663313927,,0.0,0.0,0.0
su9_vj_0065,chuong_cu,0.75,2.0,1.0,0.8,3.4,3.0,0.0,0.0,0.012471131639722863,0.5,0.16666666666666666,0.5,0.16666666666666666,0.3833333333333333,0.1722222222222222,0.0,1.0,0.1863095238095238,0.6535714285714285,-0.46726190476190466,0.07142857142857142,0.0,0.16666666666666666,0.15476190476190477,0.6535714285714285,0.9278367064200921,0.9237764021560995,0.16666666666666666,0.0,0.0,0.0
su9_vj_0066,chuong_cu,0.75,2.0,0.6666666666666666,1.0,4.0,3.0,0.0,0.0,0.016166281755196306,0.0,0.0,0.125,0.041666666666666664,0.06666666666666667,0.044444444444444446,0.25,0.16666666666666666,0.23169642857142858,0.05952380952380952,0.17217261904761905,0.0625,0.0,0.35,0.14285714285714285,0.05952380952380952,0.9279781299828354,0.9373091963867823,0.29166666666666663,0.0,0.0,0.0
su9_vj_0067,chuong_cu,0.5,0.0,0.6666666666666666,1.0,4.0,3.0,0.0,0.0,0.020785219399538108,0.0,0.0,0.0,0.0,0.0,0.0,0.0,0.0,0.128125,0.05208333333333333,0.07604166666666666,0.0625,0.0,0.0,0.25,0.03645833333333333,0.9319566395607704,0.9301838042149809,,0.0,0.0,0.0
su9_vj_0068,chuong_cu,0.25,0.0,0.6666666666666666,1.0,3.0,3.0,0.0,0.0,0.008083140877598151,0.0,0.0,0.0,0.0,0.0,0.0,0.0,0.0,,0.041666666666666664,,0.0,0.0,0.0,,0.041666666666666664,0.9149766156312521,0.9362920397053784,,0.0,0.0,0.0
su9_vj_0069,chuong_cu,0.25,1.0,0.0,1.0,1.0,,0.0,0.0,0.013856812933025403,0.0,0.0,0.0,0.0,0.0,0.0,0.5,0.0,,0.03125,,0.125,0.5,0.5833333333333334,,0.03125,0.928080916061613,0.9406816208044563,,0.0,0.0,0.0
su9_vj_0070,chuong_cu,0.75,0.0,1.6666666666666667,0.8,3.0,,0.0,0.0,0.022170900692840646,0.0,0.0,0.0,0.0,0.0,0.0,0.0,0.6666666666666666,0.08083333333333334,0.47435897435897434,-0.393525641025641,0.0,0.0,0.0,0.4611111111111111,0.20256410256410257,0.9111061763358759,0.9344559554043923,,0.0,0.0,0.0
su9_vj_0071,chuong_cu,1.0,1.0,1.0,0.5,2.5,,0.0,0.0,0.005196304849884526,1.0,0.6666666666666666,1.0,0.6666666666666666,0.7,0.4888888888888889,0.0,1.0,0.15,0.675,-0.525,0.1,0.0,0.16666666666666666,0.4444444444444444,0.6083333333333334,0.9369285001617179,0.9495204144077156,0.1388888888888889,0.0,0.0,0.0
su9_vj_0072,chuong_cu,0.25,0.0,0.3333333333333333,1.0,3.0,,0.0,0.0,0.0023094688221709007,0.0,0.0,0.0,0.0,0.0,0.0,0.0,0.0,,0.034102182539682536,,0.0,0.0,0.0,,0.034102182539682536,0.9281801713431169,0.9405566990994111,,0.0,0.0,0.0
su9_vj_0073,chuong_cu,0.75,1.0,1.0,0.75,3.75,3.0,0.0,0.0,0.019053117782909933,0.0,0.0,0.25,0.16666666666666666,0.1,0.05555555555555556,0.25,1.0,0.0625,0.6227272727272727,-0.5602272727272727,0.0,0.0,0.25,1.0,0.6227272727272727,0.9303861603345416,0.9249640839044325,0.25,0.0,0.0,0.0
su9_vj_0074,chuong_cu,0.25,0.0,0.3333333333333333,1.0,4.0,3.0,0.0,0.0,0.0023094688221709007,0.0,0.0,0.0,0.0,0.0,0.0,0.0,0.1111111111111111,,0.07833333333333332,,0.2,0.0,0.0,,0.05833333333333332,0.9160336148421002,0.9282257782398726,,0.0,0.0,0.0
su9_vj_0075,chuong_cu,0.75,1.0,1.0,1.0,3.25,3.0,0.0,0.0,0.04330254041570439,0.0,0.0,0.25,0.08333333333333333,0.1,0.05000000000000001,0.125,0.625,0.18482142857142858,0.3669642857142857,-0.1821428571428571,0.14285714285714285,0.0,0.19642857142857142,0.3333333333333333,0.3669642857142857,0.9402379508791202,0.9322329466352155,0.29166666666666663,0.0,0.0,0.0
su9_vj_0076,chuong_cu,0.0,0.0,0.0,0.0,,,0.0,0.0,0.0,0.0,0.0,0.0,0.0,0.0,0.0,0.0,0.0,,0.0,,0.0,0.0,0.0,,0.0,0.9109481156794931,0.9487611315227634,,0.0,0.0,0.0
su9_vj_0077,chuong_cu,1.0,1.0,1.0,0.25,1.0,,0.0,0.0,0.12702078521939952,1.0,1.0,1.0,1.0,0.7,0.6999999999999998,0.3611111111111111,0.3611111111111111,0.10590277777777778,0.10590277777777778,0.0,0.0625,0.0,0.3611111111111111,1.0,0.0,0.9114345551164603,0.9683567283597928,0.0,0.0,0.0,0.0
su9_vj_0078,chuong_cu,0.5,0.0,1.0,1.0,2.0,,0.0,0.0,0.05311778290993071,0.0,0.0,0.0,0.0,0.0,0.0,0.0,0.0,0.125,0.0,0.125,0.0,0.0,0.0,0.16666666666666666,0.0,0.9262430057026391,0.9594015072585246,,0.0,0.0,0.0
su9_vj_0079,chuong_cu,0.5,1.0,0.3333333333333333,1.0,3.0,3.0,0.0,0.0,0.0034642032332563508,0.0,0.0,0.0,0.0,0.04000000000000001,0.013333333333333336,0.1111111111111111,0.4444444444444444,,0.2643939393939394,,0.0,0.0,0.2222222222222222,,0.2643939393939394,0.9316374025107423,0.9167450339694073,0.4166666666666667,0.0,0.0,0.0
su9_vj_0080,chuong_cu,0.5,1.0,0.3333333333333333,1.0,2.0,,0.0,0.0,0.0034642032332563508,0.0,0.0,0.0,0.0,0.2,0.06666666666666667,0.0,0.0,,0.007575757575757576,,0.0,0.0,0.0,,0.007575757575757576,0.91472481052029,0.9728563270408193,0.5,0.0,0.0,0.0
su9_vj_0081,chuong_cu,0.0,0.0,0.0,0.0,,,0.0,0.0,0.0,0.0,0.0,0.0,0.0,0.0,0.0,0.0,0.0,,0.0,,0.0,0.0,0.0,,0.0,0.9103359394159084,0.9684797341412607,,0.0,0.0,0.0
su9_vj_0082,chuong_cu,0.0,0.0,0.0,0.0,,,0.0,0.0,0.0,0.0,0.0,0.0,0.0,0.0,0.0,0.0,0.0,,0.0,,0.0,0.0,0.0,,0.0,0.947723956848766,0.9727151683732972,,0.0,0.0,0.0
su9_vj_0083,chuong_cu,0.25,0.0,0.3333333333333333,1.0,1.0,,0.0,0.0,0.004618937644341801,0.0,0.0,0.0,0.0,0.0,0.0,0.0,0.0,,0.03571428571428571,,0.0,0.0,0.0,,0.03571428571428571,0.9167374351969381,0.935440909102698,,0.0,0.0,0.0
su9_vj_0084,chuong_cu,1.0,2.0,2.3333333333333335,0.6666666666666666,2.4444444444444446,3.0,0.0,0.0,0.011290736463946625,0.3333333333333333,0.3055555555555555,0.6666666666666666,0.6666666666666666,0.39999999999999997,0.39999999999999997,0.25,0.3333333333333333,0.1602777777777778,0.08333333333333333,0.07694444444444447,0.0,0.0,0.25,0.3481481481481481,0.033333333333333326,0.9192009496229238,0.9385710751445872,0.0,0.0,0.0,0.0
su9_vj_0085,chuong_cu,0.5,2.0,0.6666666666666666,0.75,2.75,3.0,0.0,0.0,0.014434180138568129,0.3333333333333333,0.1111111111111111,0.6666666666666666,0.2222222222222222,0.39999999999999997,0.13333333333333333,0.0,0.0,,0.07631578947368421,,0.0,0.0,0.2,,0.07631578947368421,0.9135119321634794,0.9355460307259706,0.0,0.0,0.0,0.0
su9_vj_0086,chuong_cu,0.75,1.0,0.6666666666666666,1.0,3.0,3.0,0.0,0.0,0.0023094688221709007,0.0,0.0,0.0,0.0,0.2,0.08333333333333333,0.25,0.0,0.21191176470588236,0.03571428571428571,0.17619747899159666,0.11764705882352941,0.0,0.25,0.2,0.021008403361344536,0.9188066996906463,0.9443283844252083,0.4166666666666667,0.0,0.0,0.0
su9_vj_0087,chuong_cu,0.5,0.0,0.6666666666666666,1.0,2.5,,0.0,0.0,0.08314087759815242,0.0,0.0,0.0,0.0,0.0,0.0,0.0,0.375,0.11249999999999999,0.10336538461538461,0.00913461538461538,0.0,0.0,0.0,0.25,0.10336538461538461,0.9129519480618906,0.9636749483437967,,0.0,0.0,0.0
su9_vj_0088,chuong_cu,0.5,1.0,0.3333333333333333,1.0,1.5,,0.0,0.0,0.011547344110854504,0.0,0.0,0.25,0.08333333333333333,0.1,0.03333333333333333,0.25,0.0,,0.041666666666666664,,0.0,0.0,0.25,,0.041666666666666664,0.9230043276508959,0.9364838861274689,0.25,0.0,0.0,0.0
su9_vj_0089,chuong_cu,0.5,0.0,1.0,1.0,3.6666666666666665,3.0,0.0,0.0,0.010777521170130871,0.0,0.0,0.0,0.0,0.0,0.0,0.0,0.1111111111111111,0.1502777777777778,0.10264550264550265,0.04763227513227514,0.1111111111111111,0.0,0.0,0.18333333333333335,0.06560846560846562,0.9116144488167138,0.931045001965698,,0.0,0.0,0.0
su9_vj_0090,chuong_cu,0.5,0.0,0.6666666666666666,1.0,2.0,,0.0,0.0,0.009237875288683603,0.0,0.0,0.0,0.0,0.0,0.0,0.0,1.0,0.1,0.6357142857142857,-0.5357142857142857,0.0,0.0,0.0,0.3333333333333333,0.6357142857142857,0.9439879305136664,0.9214706060613151,,0.0,0.0,0.0
su9_vj_0091,chuong_cu,0.75,2.0,1.3333333333333333,0.6666666666666666,2.4,,0.0,0.0,0.013856812933025403,0.3333333333333333,0.1111111111111111,0.75,0.2916666666666667,0.35,0.13333333333333333,0.25,0.6666666666666666,0.18173076923076922,0.36089743589743584,-0.1791666666666666,0.07692307692307693,0.0,0.35,0.5,0.36089743589743584,0.9199276655349928,0.945691732899012,0.125,0.0,0.0,0.0
su9_vj_0092,chuong_cu,0.75,1.0,1.6666666666666667,0.8333333333333334,3.6666666666666665,3.0,0.0,0.0,0.012702078521939953,0.3333333333333333,0.1111111111111111,1.0,0.3333333333333333,0.7,0.25555555555555554,0.0,1.0,0.1833695652173913,0.6108695652173912,-0.4274999999999999,0.043478260869565216,0.0,0.2,0.18333333333333335,0.5999999999999999,0.927833507659177,0.9296960763263725,0.16666666666666666,0.0,0.0,0.0
su9_vj_0093,chuong_cu,0.75,3.0,0.6666666666666666,0.6,2.4,3.0,0.0,0.0,0.005542725173210162,0.3333333333333333,0.2222222222222222,0.3333333333333333,0.2222222222222222,0.3222222222222222,0.2148148148148148,0.3333333333333333,0.3333333333333333,0.10833333333333334,0.10833333333333334,0.0,0.1,0.0,0.3333333333333333,1.0,0.08333333333333334,0.9248738670000844,0.9252690574747857,0.0,0.0,0.0,0.0
su9_vj_0094,chuong_cu,0.75,1.0,0.6666666666666666,1.0,2.6666666666666665,,0.0,0.0,0.02386451116243264,0.0,0.0,0.5,0.16666666666666666,0.1,0.05555555555555556,0.0,0.0,0.16666666666666666,0.06388888888888888,0.10277777777777777,0.0,0.0,0.16666666666666666,0.16666666666666666,0.06388888888888888,0.9342846760815552,0.9317788014527707,0.20833333333333331,0.0,0.0,0.0
su9_vj_0095,chuong_cu,0.0,0.0,0.0,0.0,,,0.0,0.0,0.0,0.0,0.0,0.0,0.0,0.0,0.0,0.0,0.0,,0.06,,0.12,0.0,0.0,,0.06,0.9168900226477508,0.9292014662409156,,0.0,0.0,0.0
su9_vj_0096,chuong_cu,0.25,1.0,0.0,1.0,2.0,,0.0,0.0,0.0,0.0,0.0,0.0,0.0,0.0,0.0,0.0,0.0,,0.017857142857142856,,0.07142857142857142,0.0,0.0,,0.0,0.9126878894204974,0.6200631451924881,,0.0,0.0,0.0
su9_vj_0097,chuong_cu,0.0,0.0,0.0,0.0,,,0.0,0.0,0.0,0.0,0.0,0.0,0.0,0.0,0.0,0.0,0.0,,0.03333333333333333,,0.0,0.0,0.0,,0.03333333333333333,0.9163432812440423,0.9609923948476067,,0.0,0.0,0.0
su9_vj_0098,chuong_cu,0.0,0.0,0.0,0.0,,,0.0,0.0,0.0,0.0,0.0,0.0,0.0,0.0,0.0,0.0,0.0,,0.0,,0.0,0.0,0.0,,0.0,0.944856771475599,0.8719663873536975,,0.0,0.0,0.0
su9_vj_0099,chuong_cu,0.25,0.0,0.3333333333333333,1.0,1.0,,0.0,0.0,0.0023094688221709007,0.0,0.0,0.0,0.0,0.0,0.0,0.0,0.0,,0.0,,0.0,0.0,0.0,,0.0,0.9444299330892221,0.8843320717498098,,0.0,0.0,0.0
su9_vj_0100,chuong_cu,0.75,1.0,0.6666666666666666,1.0,1.0,,0.0,0.0,0.006158583525789068,0.0,0.0,0.3333333333333333,0.2222222222222222,0.2,0.13333333333333333,0.0,0.0,0.1,0.0,0.1,0.0,0.0,0.0,0.3333333333333333,0.0,0.9265767800565954,0.5829817395127812,0.16666666666666666,0.0,0.0,0.0
su9_vj_0101,chuong_cu,0.5,0.0,0.6666666666666666,0.5,2.0,,0.0,0.0,0.011547344110854504,0.0,0.0,0.0,0.0,0.0,0.0,0.0,0.0,0.0375,0.0375,0.0,0.15,0.0,0.0,1.0,0.024999999999999998,0.919682580625041,0.9586216383669732,,0.0,0.0,0.0
su9_vj_0102,chuong_cu,0.25,0.0,0.3333333333333333,1.0,3.0,,0.0,0.0,0.0023094688221709007,0.0,0.0,0.0,0.0,0.0,0.0,0.0,0.0,,0.03125,,0.0,0.0,0.0,,0.03125,0.935226343720272,0.9535048585388771,,0.0,0.0,0.0
su9_vj_0103,chuong_cu,0.25,0.0,0.3333333333333333,1.0,1.0,,0.0,0.0,0.011547344110854504,0.0,0.0,0.0,0.0,0.0,0.0,0.0,0.0,,0.0,,0.0,0.0,0.0,,0.0,0.9357754663324169,0.8889963176507807,,0.0,0.0,0.0
su9_vj_0104,chuong_cu,0.0,0.0,0.0,0.0,,,0.0,0.0,0.0,0.0,0.0,0.0,0.0,0.0,0.0,0.0,0.0,,0.047619047619047616,,0.09523809523809523,0.0,0.0,,0.023809523809523808,0.9204138993537616,0.943820159602291,,0.0,0.0,0.0
su9_vj_0105,chuong_cu,0.75,0.0,1.6666666666666667,1.0,3.2,3.0,0.0,0.0,0.012933025404157045,0.0,0.0,0.0,0.0,0.0,0.0,0.0,1.0,0.17291666666666666,0.69375,-0.5208333333333333,0.20833333333333334,0.0,0.0,0.19444444444444442,0.6446428571428571,0.9218779890962445,0.9156492358492059,,0.0,0.0,0.0
su9_vj_0106,chuong_cu,0.0,0.0,0.0,0.0,,,0.0,0.0,0.0,0.0,0.0,0.0,0.0,0.0,0.0,0.0,0.0,,0.06666666666666667,,0.06666666666666667,0.0,0.0,,0.03333333333333333,0.9275252057434469,0.9390904020081784,,0.0,0.0,0.0
su9_vj_0107,chuong_cu,0.5,0.0,1.0,1.0,3.6666666666666665,3.0,0.0,0.0,0.006158583525789068,0.0,0.0,0.0,0.0,0.0,0.0,0.0,0.0,0.125,0.015625,0.109375,0.0,0.0,0.0,0.16666666666666666,0.015625,0.9146084154208942,0.9380190627225787,,0.0,0.0,0.0
su9_vj_0108,chuong_cu,0.0,0.0,0.0,0.0,,,0.0,0.0,0.0,0.0,0.0,0.0,0.0,0.0,0.0,0.0,0.0,,0.0,,0.0,0.0,0.0,,0.0,0.9578012363947206,0.946972875254289,,0.0,0.0,0.0
su9_vj_0109,chuong_cu,0.5,0.0,1.0,1.0,2.0,,0.0,0.0,0.015396458814472672,0.0,0.0,0.0,0.0,0.0,0.0,0.0,0.16666666666666666,0.1325,0.06666666666666667,0.06583333333333334,0.05,0.0,0.0,0.2,0.05416666666666667,0.9101102192682379,0.9404517430870033,,0.0,0.0,0.0
su9_vj_0110,chuong_cu,0.5,1.0,0.3333333333333333,1.0,3.0,3.0,0.0,0.0,0.006928406466512702,0.0,0.0,0.0,0.0,0.04000000000000001,0.013333333333333336,0.0,0.0,,0.0,,0.0,0.0,0.0,,0.0,0.9328400683399451,0.9232057576455145,0.5,0.0,0.0,0.0
su9_vj_0111,chuong_cu,0.25,1.0,0.0,1.0,2.0,,0.0,0.0,0.011547344110854504,0.0,0.0,0.0,0.0,0.0,0.0,0.1111111111111111,0.0,,0.013888888888888888,,0.05555555555555555,0.0,0.2333333333333333,,0.0,0.9134871936138889,0.9392410233864534,,0.0,0.0,0.0
su9_vj_0112,chuong_cu,0.75,0.0,1.6666666666666667,0.8,3.4,3.0,0.0,0.0,0.008314087759815241,0.0,0.0,0.0,0.0,0.0,0.0,0.0,0.3333333333333333,0.1407828282828283,0.0946969696969697,0.04608585858585859,0.09090909090909091,0.0,0.0,0.21296296296296294,0.03958333333333333,0.908884112540341,0.9190858250762953,,0.0,0.0,0.0
su9_vj_0113,chuong_cu,0.5,0.0,0.6666666666666666,1.0,3.0,3.0,0.0,0.0,0.008083140877598153,0.0,0.0,0.0,0.0,0.0,0.0,0.0,0.0,0.1285714285714286,0.0,0.1285714285714286,0.0,0.0,0.0,0.14285714285714285,0.0,0.9374630261149236,0.9282548788987128,,0.0,0.0,0.0
su9_vj_0114,chuong_cu,0.0,0.0,0.0,0.0,,,0.0,0.0,0.0,0.0,0.0,0.0,0.0,0.0,0.0,0.0,0.0,,0.020833333333333332,,0.041666666666666664,0.0,0.0,,0.010416666666666666,0.9244787973456109,0.9316094998159467,,0.0,0.0,0.0
su9_vj_0115,chuong_cu,0.0,0.0,0.0,0.0,,,0.0,0.0,0.0,0.0,0.0,0.0,0.0,0.0,0.0,0.0,0.0,,0.025,,0.1,0.0,0.0,,0.0,0.9430532816884627,0.9529784792406574,,0.0,0.0,0.0
su9_vj_0116,chuong_cu,0.75,0.0,1.0,1.0,1.6666666666666667,,0.0,0.0,0.014626635873749037,0.0,0.0,0.0,0.0,0.0,0.0,0.0,0.0,0.12386363636363636,0.0,0.12386363636363636,0.045454545454545456,0.0,0.0,0.25,0.0,0.9275089487093131,0.9566835565649408,,0.0,0.0,0.0
su9_vj_0117,chuong_cu,0.25,0.0,0.3333333333333333,1.0,4.0,,0.0,0.0,0.03926096997690531,0.0,0.0,0.0,0.0,0.0,0.0,0.0,0.0,,0.06666666666666667,,0.0,0.0,0.0,,0.06666666666666667,0.9105138586047492,0.9486993976869345,,0.0,0.0,0.0
su9_vj_0118,chuong_cu,0.0,0.0,0.0,0.0,,,0.0,0.0,0.0,0.0,0.0,0.0,0.0,0.0,0.0,0.0,0.0,,0.0,,0.0,0.0,0.0,,0.0,0.9432212632026484,0.9403709579943563,,0.0,0.0,0.0
su9_vj_0119,chuong_cu,0.0,0.0,0.0,0.0,,,0.0,0.0,0.0,0.0,0.0,0.0,0.0,0.0,0.0,0.0,0.0,,0.0,,0.0,0.0,0.0,,0.0,0.9386227875493044,0.8693375201123223,,0.0,0.0,0.0
su9_vj_0120,chuong_cu,0.0,0.0,0.0,0.0,,,0.0,0.0,0.0,0.0,0.0,0.0,0.0,0.0,0.0,0.0,0.0,,0.0,,0.0,0.0,0.0,,0.0,0.9375010265282638,0.9254814645248157,,0.0,0.0,0.0
su9_vj_0121,chuong_cu,0.25,0.0,0.3333333333333333,1.0,1.0,,0.0,0.0,0.011547344110854504,0.0,0.0,0.0,0.0,0.0,0.0,0.0,0.0,,0.0,,0.0,0.0,0.0,,0.0,0.9228920662431576,0.9277369424839964,,0.0,0.0,0.0
su9_vj_0122,chuong_cu,0.0,0.0,0.0,0.0,,,0.0,0.0,0.0,0.0,0.0,0.0,0.0,0.0,0.0,0.0,0.0,,0.013888888888888888,,0.0,0.0,0.0,,0.013888888888888888,0.9288591351266334,0.9262659958803626,,0.0,0.0,0.0
su9_vj_0123,chuong_cu,0.0,0.0,0.0,0.0,,,0.0,0.0,0.0,0.0,0.0,0.0,0.0,0.0,0.0,0.0,0.0,,0.02631578947368421,,0.15789473684210525,0.0,0.0,,0.02631578947368421,0.9175827641383515,0.897911439979738,,0.0,0.0,0.0
su9_vj_0124,chuong_cu,0.25,0.0,0.3333333333333333,1.0,1.0,,0.0,0.0,0.011547344110854504,0.0,0.0,0.0,0.0,0.0,0.0,0.0,1.0,,0.6625,,0.0,0.0,0.0,,0.65,0.9265646589918463,0.954966592445107,,0.0,0.0,0.0
su9_vj_0125,chuong_cu,0.0,0.0,0.0,0.0,,,0.0,0.0,0.0,0.0,0.0,0.0,0.0,0.0,0.0,0.0,0.0,,0.0,,0.0,0.0,0.0,,0.0,0.9184917269398639,0.9261695577341142,,0.0,0.0,0.0
su9_vj_0126,chuong_cu,0.5,0.0,1.0,0.6666666666666666,1.6666666666666667,,0.0,0.0,0.008468052347959968,0.0,0.0,0.0,0.0,0.0,0.0,0.0,1.0,0.075,0.6192307692307693,-0.5442307692307693,0.0,0.0,0.0,0.5,0.5807692307692308,0.9335304018775602,0.9589832303393252,,0.0,0.0,0.0
su9_vj_0127,chuong_cu,0.75,1.0,1.0,0.75,2.5,3.0,0.0,0.0,0.011547344110854504,0.5,0.16666666666666666,1.0,0.3333333333333333,0.7,0.24666666666666667,0.4444444444444444,0.4444444444444444,0.3952380952380953,0.26944444444444443,0.12579365079365085,0.1,0.3333333333333333,0.5,0.14285714285714285,0.2569444444444444,0.9383617927305398,0.9202081559424202,0.25,0.0,0.0,0.0
su9_vj_0128,chuong_cu,0.25,1.0,0.0,1.0,1.0,,0.0,0.0,0.011547344110854504,0.0,0.0,0.0,0.0,0.0,0.0,0.3333333333333333,0.0,,0.0,,0.05,0.0,0.3333333333333333,,0.0,0.9369445945141881,0.9452147512616483,,0.0,0.0,0.0
su9_vj_0129,chuong_cu,0.25,1.0,0.0,1.0,1.0,,0.0,0.0,0.011547344110854504,0.0,0.0,0.0,0.0,0.0,0.0,0.16666666666666666,0.0,,0.0,,0.0,0.0,0.23809523809523808,,0.0,0.9159856385602587,0.9800826790410035,,0.0,0.0,0.0
su9_vj_0130,chuong_cu,0.25,0.0,0.3333333333333333,1.0,1.0,,0.0,0.0,0.03233256351039261,0.0,0.0,0.0,0.0,0.0,0.0,0.0,0.16666666666666666,,0.0625,,0.0,0.0,0.0,,0.0625,0.9281484710434625,0.9528186832758904,,0.0,0.0,0.0
su9_vj_0131,chuong_cu,0.0,0.0,0.0,0.0,,,0.0,0.0,0.0,0.0,0.0,0.0,0.0,0.0,0.0,0.0,0.0,,0.011904761904761904,,0.0,0.0,0.0,,0.0,0.9062059845536106,0.9615402890558686,,0.0,0.0,0.0
su9_vj_0132,chuong_cu,0.25,0.0,0.3333333333333333,1.0,4.0,3.0,0.0,0.0,0.0023094688221709007,0.0,0.0,0.0,0.0,0.0,0.0,0.0,0.0,,0.041666666666666664,,0.1111111111111111,0.0,0.0,,0.041666666666666664,0.9159050887509004,0.925067334361659,,0.0,0.0,0.0
su9_vj_0133,chuong_cu,1.0,3.0,2.3333333333333335,0.4,1.4,,0.0,0.0,0.05404157043879907,0.75,0.4444444444444444,1.0,0.6851851851851851,0.6999999999999998,0.448148148148148,1.0,1.0,0.7208333333333333,0.6333333333333333,0.08750000000000002,0.13333333333333333,1.0,1.0,0.4166666666666667,0.0,0.9371782843596707,0.9569684574054828,0.0,0.0,0.0,0.0
su9_vj_0134,chuong_cu,0.0,0.0,0.0,0.0,,,0.0,0.0,0.0,0.0,0.0,0.0,0.0,0.0,0.0,0.0,0.0,,0.0,,0.0,0.0,0.0,,0.0,0.935040904896741,0.9704375325514166,,0.0,0.0,0.0
su9_vj_0135,chuong_cu,0.5,1.0,0.3333333333333333,1.0,2.5,,0.0,0.0,0.020785219399538105,0.0,0.0,0.3333333333333333,0.1111111111111111,0.1,0.03333333333333333,0.16666666666666666,0.125,,0.07291666666666667,,0.06666666666666667,0.0,0.26666666666666666,,0.03958333333333334,0.9132954339343043,0.9407995331680662,0.16666666666666666,0.0,0.0,0.0
su9_vj_0136,chuong_cu,0.75,0.0,1.0,1.0,1.0,,0.0,0.0,0.006158583525789068,0.0,0.0,0.0,0.0,0.0,0.0,0.0,0.0,0.1,0.041666666666666664,0.05833333333333334,0.0,0.0,0.0,0.3333333333333333,0.0,0.9358060519549112,0.9413289531962088,,0.0,0.0,0.0
su9_vj_0137,chuong_cu,1.0,1.0,1.0,1.0,1.25,,0.0,0.0,0.01789838337182448,0.0,0.0,0.25,0.08333333333333333,0.2,0.16666666666666666,0.0,0.0,0.12452380952380952,0.0,0.12452380952380952,0.0,0.0,0.0,0.16984126984126982,0.0,0.9286327253446555,0.3269809961146979,0.3055555555555555,0.0,0.0,0.0
su9_vj_0138,chuong_cu,0.25,0.0,0.3333333333333333,1.0,4.0,3.0,0.0,0.0,0.0023094688221709007,0.0,0.0,0.0,0.0,0.0,0.0,0.0,0.0,,0.0,,0.0,0.0,0.0,,0.0,0.9266115875761665,0.9649389453401396,,0.0,0.0,0.0
su9_vj_0139,chuong_cu,0.5,2.0,0.3333333333333333,1.0,3.6666666666666665,3.0,0.0,0.0,0.007698229407236335,0.0,0.0,0.0,0.0,0.06666666666666667,0.022222222222222223,0.0,0.0,,0.06666666666666667,,0.06666666666666667,0.0,0.2,,0.06666666666666667,0.9185458925558542,0.9423387305975557,0.4166666666666667,0.0,0.0,0.0
su9_vj_0140,chuong_cu,1.0,1.0,1.3333333333333333,1.0,4.0,3.0,0.0,0.0,0.013856812933025407,0.0,0.0,0.3333333333333333,0.1111111111111111,0.2,0.11111111111111112,0.0,0.0,0.12041666666666667,0.05555555555555555,0.06486111111111112,0.0,0.0,0.0,0.19722222222222222,0.05555555555555555,0.9240924479766379,0.9114776230235193,0.38888888888888884,0.0,0.0,0.0
su9_vj_0141,chuong_cu,0.0,0.0,0.0,0.0,,,0.0,0.0,0.0,0.0,0.0,0.0,0.0,0.0,0.0,0.0,0.0,,0.0,,0.0,0.0,0.0,,0.0,0.9122614438857376,0.9470702381279273,,0.0,0.0,0.0
su9_vj_0142,chuong_cu,1.0,2.0,1.6666666666666667,0.42857142857142855,2.4285714285714284,,0.0,0.0,0.003629165291982844,0.3333333333333333,0.2222222222222222,0.75,0.5,0.44999999999999996,0.3333333333333333,0.0,1.0,0.06071428571428571,0.6357142857142857,-0.575,0.14285714285714285,0.0,0.0,0.8333333333333334,0.0,0.9450861143231412,0.9123264809131715,0.3333333333333333,0.0,0.0,0.0
su9_vj_0143,chuong_cu,0.0,0.0,0.0,0.0,,,0.0,0.0,0.0,0.0,0.0,0.0,0.0,0.0,0.0,0.0,0.0,,0.02631578947368421,,0.10526315789473684,0.0,0.0,,0.02631578947368421,0.9185879154460111,0.9277387760385671,,0.0,0.0,0.0
su9_vj_0144,chuong_cu,0.0,0.0,0.0,0.0,,,0.0,0.0,0.0,0.0,0.0,0.0,0.0,0.0,0.0,0.0,0.0,,0.03260869565217391,,0.043478260869565216,0.0,0.0,,0.021739130434782608,0.9176677928406933,0.9431652210683027,,0.0,0.0,0.0
su9_vj_0145,chuong_cu,0.75,0.0,1.3333333333333333,1.0,1.3333333333333333,,0.0,0.25,0.01789838337182448,0.0,0.0,0.0,0.0,0.0,0.0,0.0,1.0,0.1,0.6714285714285714,-0.5714285714285714,0.0,0.0,0.0,0.3333333333333333,0.5910714285714285,0.9156076981909836,0.9445884280326391,,0.0,0.0,0.0
su9_vj_0146,chuong_cu,1.0,1.0,1.0,0.75,4.0,3.0,0.0,0.0,0.02424942263279446,1.0,0.3333333333333333,1.0,0.4444444444444444,0.7,0.3,0.5,0.5,0.4511904761904762,0.346875,0.10431547619047621,0.125,0.5,0.5,0.20039682539682538,0.32901785714285714,0.9183830544887046,0.9319820678193758,0.2222222222222222,0.0,0.0,0.0
su9_vj_0147,chuong_cu,0.75,0.0,1.3333333333333333,1.0,4.5,3.0,0.0,0.0,0.016166281755196306,0.0,0.0,0.0,0.0,0.0,0.0,0.0,0.0,0.12817460317460316,0.03571428571428571,0.09246031746031745,0.07142857142857142,0.0,0.0,0.26455026455026454,0.03571428571428571,0.9266046146902235,0.9641042143741745,,0.0,0.0,0.0
su9_vj_0148,chuong_cu,0.75,4.0,0.6666666666666666,0.8333333333333334,2.0,,0.0,0.0,0.018475750577367205,0.0,0.0,0.0,0.0,0.05,0.03333333333333333,0.0,0.0,0.09166666666666667,0.06944444444444445,0.022222222222222227,0.16666666666666666,0.0,0.2,1.0,0.04166666666666667,0.9294630047353315,0.9359916111390869,0.3333333333333333,0.0,0.0,0.0
su9_vj_0149,chuong_cu,0.0,0.0,0.0,0.0,,,0.0,0.0,0.0,0.0,0.0,0.0,0.0,0.0,0.0,0.0,0.0,,0.011904761904761904,,0.0,0.0,0.0,,0.0,0.9146120083296576,0.9357098639936521,,0.0,0.0,0.0
su9_vj_0150,chuong_cu,0.0,0.0,0.0,0.0,,,0.0,0.0,0.0,0.0,0.0,0.0,0.0,0.0,0.0,0.0,0.0,,0.022727272727272728,,0.09090909090909091,0.0,0.0,,0.022727272727272728,0.9309164905287295,0.926958413507479,,0.0,0.0,0.0
su9_vj_0151,chuong_cu,0.75,2.0,0.6666666666666666,0.75,3.0,,0.0,0.0,0.03233256351039261,0.5,0.16666666666666666,0.6666666666666666,0.3194444444444444,0.375,0.1527777777777778,1.0,0.3333333333333333,0.7192307692307692,0.08333333333333333,0.6358974358974359,0.07692307692307693,1.0,1.0,0.3333333333333333,0.08333333333333333,0.9169624178590043,0.9339344395343071,0.08333333333333333,0.0,0.0,0.0
su9_vj_0152,chuong_cu,1.0,1.0,1.3333333333333333,0.4,1.2,,0.0,0.0,0.10392609699769051,1.0,0.8333333333333334,1.0,1.0,0.7,0.6999999999999998,0.4444444444444444,0.4444444444444444,0.33611111111111114,0.26944444444444443,0.06666666666666671,0.3333333333333333,0.3333333333333333,0.4444444444444444,0.8333333333333334,0.0,0.9065739811088375,0.9214060162824218,0.0,0.0,0.0,0.0
su9_vj_0153,chuong_cu,0.0,0.0,0.0,0.0,,,0.0,0.0,0.0,0.0,0.0,0.0,0.0,0.0,0.0,0.0,0.0,,0.0,,0.0,0.0,0.0,,0.0,0.9461103752890075,0.9543993785590407,,0.0,0.0,0.0
su9_vj_0154,chuong_cu,0.25,0.0,0.3333333333333333,1.0,5.0,3.0,0.0,0.0,0.0,0.0,0.0,0.0,0.0,0.0,0.0,0.0,0.0,,0.020833333333333332,,0.041666666666666664,0.0,0.0,,0.020833333333333332,0.9245257863530592,0.9394565156399132,,0.0,0.0,0.0
su9_vj_0155,chuong_cu,0.75,0.0,1.0,1.0,1.3333333333333333,,0.0,0.0,0.010777521170130871,0.0,0.0,0.0,0.0,0.0,0.0,0.0,0.1111111111111111,0.11666666666666667,0.05634920634920635,0.06031746031746032,0.0,0.0,0.0,0.2222222222222222,0.004960317460317457,0.9195940466758087,0.9413289531962088,,0.0,0.0,0.0
su9_vj_0156,chuong_cu,0.25,1.0,0.0,1.0,3.0,,0.0,0.0,0.004618937644341801,0.0,0.0,0.0,0.0,0.0,0.0,0.3333333333333333,0.0,,0.0,,0.0,0.0,0.3333333333333333,,0.0,0.9050137340731136,0.8456180988800365,,0.0,0.0,0.0
su9_vj_0157,chuong_cu,1.0,1.0,1.6666666666666667,0.5,2.0,3.0,0.0,0.0,0.012317167051578136,1.0,0.6666666666666666,1.0,1.0,0.7,0.6999999999999998,0.0,0.3333333333333333,0.15,0.1375,0.012499999999999983,0.3,0.0,0.2,0.8333333333333334,0.012500000000000011,0.9314930932294513,0.9416029352086432,0.0,0.0,0.0,0.0
su9_vj_0158,chuong_cu,0.0,0.0,0.0,0.0,,,0.0,0.0,0.0,0.0,0.0,0.0,0.0,0.0,0.0,0.0,0.0,,0.038461538461538464,,0.0,0.0,0.0,,0.038461538461538464,0.9096487154476659,0.9561019213695637,,0.0,0.0,0.0
su9_vj_0159,chuong_cu,0.0,0.0,0.0,0.0,,,0.0,0.0,0.0,0.0,0.0,0.0,0.0,0.0,0.0,0.0,0.0,,0.0,,0.0,0.0,0.0,,0.0,0.9338604151734362,0.9493386503905775,,0.0,0.0,0.0
su9_vj_0160,chuong_cu,0.5,0.0,0.6666666666666666,1.0,2.0,,0.0,0.0,0.012702078521939953,0.0,0.0,0.0,0.0,0.0,0.0,0.0,0.16666666666666666,0.17882352941176471,0.09607843137254901,0.0827450980392157,0.23529411764705882,0.0,0.0,0.2,0.08137254901960783,0.9190402751472857,0.9285332140604643,,0.0,0.0,0.0
su9_vj_0161,chuong_cu,0.0,0.0,0.0,0.0,,,0.0,0.0,0.0,0.0,0.0,0.0,0.0,0.0,0.0,0.0,0.0,,0.0,,0.0,0.0,0.0,,0.0,0.9423392582067025,0.969363561604948,,0.0,0.0,0.0
su9_vj_0162,chuong_cu,0.0,0.0,0.0,0.0,,,0.0,0.0,0.0,0.0,0.0,0.0,0.0,0.0,0.0,0.0,0.0,,0.0,,0.0,0.0,0.0,,0.0,0.9350059873125071,0.9453748968015,,0.0,0.0,0.0
su9_vj_0163,chuong_cu,0.75,1.0,1.0,0.75,1.3333333333333333,,0.0,0.0,0.010969976905311778,0.0,0.0,0.0,0.0,0.0,0.0,0.125,0.625,0.0825657894736842,0.3575657894736842,-0.275,0.10526315789473684,0.0,0.225,1.0,0.3575657894736842,0.9248784918590948,0.9547469534344922,0.3333333333333333,0.0,0.0,0.0
su9_vj_0164,chuong_cu,0.25,1.0,0.0,1.0,4.0,,0.0,0.0,0.03926096997690531,0.0,0.0,0.0,0.0,0.0,0.0,0.0,0.0,,0.0,,0.0,0.0,0.2,,0.0,0.9336038569550871,0.9137611458408283,,0.0,0.0,0.0
su9_vj_0165,chuong_cu,0.25,1.0,0.0,1.0,2.0,,0.0,0.0,0.011547344110854504,0.0,0.0,0.0,0.0,0.0,0.0,0.16666666666666666,0.0,,0.03571428571428571,,0.14285714285714285,0.0,0.26666666666666666,,0.03571428571428571,0.9340454091252124,0.9390246241293602,,0.0,0.0,0.0
su9_vj_0166,chuong_cu,0.75,2.0,1.0,0.6,1.8,,0.0,0.0,0.018475750577367205,0.5,0.27777777777777773,0.6666666666666666,0.38888888888888884,0.39999999999999997,0.26666666666666666,0.7777777777777777,0.5555555555555555,0.4866013071895424,0.2849673202614379,0.20163398692810452,0.23529411764705882,0.6666666666666666,0.7777777777777777,1.0,0.2702614379084967,0.9194497278628729,0.9305728119070654,0.0,0.0,0.0,0.0
su9_vj_0167,chuong_cu,0.75,1.0,0.6666666666666666,1.0,1.3333333333333333,,0.0,0.0,0.050808314087759814,0.0,0.0,0.3333333333333333,0.19444444444444442,0.2,0.10000000000000002,0.25,0.5,0.2088157894736842,0.3644736842105263,-0.15565789473684208,0.10526315789473684,0.0,0.25,0.2,0.3644736842105263,0.9159987231788425,0.931031035356802,0.20833333333333331,0.0,0.0,0.0
su9_vj_0168,chuong_cu,0.0,0.0,0.0,0.0,,,0.0,0.0,0.0,0.0,0.0,0.0,0.0,0.0,0.0,0.0,0.0,,0.0,,0.0,0.0,0.0,,0.0,0.9213619864536635,0.9481451571138425,,0.0,0.0,0.0
su9_vj_0169,chuong_cu,0.25,0.0,0.3333333333333333,1.0,2.0,,0.0,0.0,0.011547344110854504,0.0,0.0,0.0,0.0,0.0,0.0,0.0,0.125,,0.05625,,0.0,0.0,0.0,,0.0430921052631579,0.9153373626646218,0.9332364438028676,,0.0,0.0,0.0
su9_vj_0170,chuong_cu,0.0,0.0,0.0,0.0,,,0.0,0.0,0.0,0.0,0.0,0.0,0.0,0.0,0.0,0.0,0.0,,0.041666666666666664,,0.08333333333333333,0.0,0.0,,0.041666666666666664,0.9407348994444767,0.9386265940133013,,0.0,0.0,0.0
su9_vj_0171,chuong_cu,0.25,0.0,0.3333333333333333,1.0,1.0,,0.0,0.0,0.004618937644341801,0.0,0.0,0.0,0.0,0.0,0.0,0.0,0.0,,0.15000000000000002,,0.3333333333333333,0.0,0.0,,0.15000000000000002,0.9376019371229338,0.9274347456355464,,0.0,0.0,0.0
su9_vj_0172,chuong_cu,0.0,0.0,0.0,0.0,,,0.0,0.0,0.0,0.0,0.0,0.0,0.0,0.0,0.0,0.0,0.0,,0.027777777777777776,,0.0,0.0,0.0,,0.027777777777777776,0.9429818133559437,0.9400065985710403,,0.0,0.0,0.0
su9_vj_0173,chuong_cu,1.0,1.0,1.0,0.75,2.5,,0.0,0.0,0.052540415704387985,0.0,0.0,0.0,0.0,0.2,0.10000000000000002,0.0,0.375,0.13392857142857142,0.22499999999999998,-0.09107142857142855,0.06666666666666667,0.0,0.16904761904761903,0.5,0.019791666666666652,0.915434304859999,0.9505032770623545,0.4166666666666667,0.0,0.0,0.0
su9_vj_0174,chuong_cu,0.5,0.0,1.3333333333333333,0.75,1.25,,0.0,0.0,0.009237875288683603,0.0,0.0,0.0,0.0,0.0,0.0,0.0,0.3333333333333333,0.08636363636363636,0.0946969696969697,-0.008333333333333331,0.045454545454545456,0.0,0.0,0.5,0.0946969696969697,0.9319017113321689,0.9338938489873303,,0.0,0.0,0.0
su9_vj_0175,chuong_cu,0.25,0.0,0.3333333333333333,1.0,1.0,,0.0,0.0,0.0023094688221709007,0.0,0.0,0.0,0.0,0.0,0.0,0.0,0.16666666666666666,,0.09821428571428571,,0.0,0.0,0.0,,0.09821428571428571,0.9117857083579789,0.9729781533452304,,0.0,0.0,0.0
su9_vj_0176,chuong_cu,0.25,1.0,0.0,1.0,4.0,,0.0,0.0,0.03926096997690531,0.0,0.0,0.0,0.0,0.0,0.0,0.125,0.0,,0.01,,0.0,0.0,0.20833333333333331,,0.01,0.9305374133489229,0.9508586345967884,,0.0,0.0,0.0
su9_vj_0177,chuong_cu,0.25,0.0,0.3333333333333333,1.0,3.0,,0.0,0.0,0.0069284064665127015,0.0,0.0,0.0,0.0,0.0,0.0,0.0,0.0,,0.06439393939393939,,0.13636363636363635,0.0,0.0,,0.018939393939393936,0.9150436752985883,0.9524772407787935,,0.0,0.0,0.0
su9_vj_0178,chuong_cu,0.75,3.0,1.0,1.0,3.1666666666666665,3.0,0.0,0.0,0.01578137028483449,0.0,0.0,0.2222222222222222,0.07407407407407407,0.13333333333333333,0.07037037037037037,0.3333333333333333,0.3333333333333333,0.20833333333333331,0.08333333333333333,0.12499999999999999,0.0,0.0,0.3333333333333333,0.16666666666666666,0.08333333333333333,0.9394507107206099,0.9341436310091612,0.2916666666666667,0.0,0.0,0.0
su9_vj_0179,chuong_cu,0.75,2.0,0.6666666666666666,0.5,1.25,,0.0,0.0,0.006351039260969977,0.5,0.3333333333333333,0.625,0.4166666666666667,0.39999999999999997,0.26666666666666666,1.0,1.0,0.6555555555555556,0.6555555555555556,0.0,0.2222222222222222,1.0,1.0,1.0,0.6555555555555556,0.9455333272932241,0.9736595107971293,0.0,0.0,0.0,0.0
su9_vj_0180,chuong_cu,0.5,0.0,0.6666666666666666,1.0,2.0,,0.0,0.0,0.010392609699769052,0.0,0.0,0.0,0.0,0.0,0.0,0.0,0.3333333333333333,0.15000000000000002,0.15,2.7755575615628914e-17,0.2,0.0,0.0,0.3333333333333333,0.13333333333333333,0.9150523804616375,0.9269927460387057,,0.0,0.0,0.0
su9_vj_0181,chuong_cu,0.0,0.0,0.0,0.0,,,0.0,0.0,0.0,0.0,0.0,0.0,0.0,0.0,0.0,0.0,0.0,,0.03125,,0.125,0.0,0.0,,0.015625,0.9180354864496798,0.967449695514194,,0.0,0.0,0.0
su9_vj_0182,chuong_cu,0.5,0.0,1.0,1.0,2.6666666666666665,,0.0,0.0,0.020015396458814474,0.0,0.0,0.0,0.0,0.0,0.0,0.0,0.3333333333333333,0.1,0.125,-0.024999999999999994,0.0,0.0,0.0,0.3333333333333333,0.125,0.9347504540802177,0.9272164833319166,,0.0,0.0,0.0
su9_vj_0183,chuong_cu,1.0,1.0,1.0,1.0,2.25,,1.0,0.0,0.01212471131639723,0.0,0.0,0.25,0.08333333333333333,0.2,0.16666666666666666,0.0,0.3333333333333333,0.19404761904761902,0.08333333333333333,0.1107142857142857,0.1,0.0,0.16666666666666666,0.15079365079365079,0.041666666666666664,0.9209977380104759,0.9263998057152807,0.3333333333333333,0.0,0.0,0.0
su9_vj_0184,chuong_cu,0.25,1.0,0.0,1.0,1.0,,0.0,0.0,0.004618937644341801,0.0,0.0,0.0,0.0,0.0,0.0,0.5,0.0,,0.0,,0.0,0.0,0.5,,0.0,0.9255234916378585,0.635969043215274,,0.0,0.0,0.0
su9_vj_0185,chuong_cu,0.25,0.0,0.3333333333333333,1.0,1.0,,0.0,0.0,0.004618937644341801,0.0,0.0,0.0,0.0,0.0,0.0,0.0,0.0,,0.09545454545454546,,0.18181818181818182,0.0,0.0,,0.05,0.9350949721406944,0.9314328570938489,,0.0,0.0,0.0
su9_vj_0186,chuong_cu,0.5,0.0,0.6666666666666666,1.0,2.0,,0.0,0.0,0.015011547344110854,0.0,0.0,0.0,0.0,0.0,0.0,0.0,0.625,0.12,0.3669642857142857,-0.2469642857142857,0.0,0.0,0.0,0.2,0.3431547619047619,0.9115602485562241,0.9454348974138583,,0.0,0.0,0.0
su9_vj_0187,chuong_cu,0.25,0.0,0.3333333333333333,1.0,3.0,,0.0,0.0,0.0069284064665127015,0.0,0.0,0.0,0.0,0.0,0.0,0.0,0.0,,0.041666666666666664,,0.0,0.0,0.0,,0.041666666666666664,0.9278100297322482,0.9440639371347112,,0.0,0.0,0.0
su9_vj_0188,chuong_cu,0.5,0.0,1.3333333333333333,1.0,3.25,3.0,0.0,0.0,0.012124711316397228,0.0,0.0,0.0,0.0,0.0,0.0,0.0,0.29166666666666663,0.1363888888888889,0.11527777777777777,0.021111111111111122,0.05555555555555555,0.0,0.0,0.18333333333333335,0.11527777777777777,0.9196139832209728,0.9216068588383911,,0.0,0.0,0.0
su9_vj_0189,chuong_cu,0.25,2.0,0.0,1.0,3.0,,0.0,0.0,0.017321016166281754,0.0,0.0,0.0,0.0,0.0,0.0,0.3333333333333333,0.0,,0.013888888888888888,,0.05555555555555555,0.0,0.3333333333333333,,0.013888888888888888,0.9102283589416666,0.923641250302828,,0.0,0.0,0.0
su9_vj_0190,chuong_cu,0.25,0.0,0.3333333333333333,1.0,4.0,,0.0,0.0,0.03926096997690531,0.0,0.0,0.0,0.0,0.0,0.0,0.0,0.25,,0.11607142857142858,,0.14285714285714285,0.0,0.0,,0.08035714285714286,0.9079738242783894,0.9392290395988124,,0.0,0.0,0.0
su9_vj_0191,chuong_cu,1.0,2.0,1.6666666666666667,0.7142857142857143,1.8571428571428572,3.0,0.0,0.0,0.007588254701418674,0.5,0.27777777777777773,0.5,0.4305555555555555,0.39999999999999997,0.3333333333333333,1.0,1.0,0.702840909090909,0.6227272727272727,0.08011363636363633,0.13636363636363635,1.0,1.0,0.5416666666666666,0.528030303030303,0.9209670165890836,0.9360523862548134,0.05555555555555555,0.0,0.0,0.0
su9_vj_0192,chuong_cu,0.0,0.0,0.0,0.0,,,0.0,0.0,0.0,0.0,0.0,0.0,0.0,0.0,0.0,0.0,0.0,,0.014705882352941176,,0.058823529411764705,0.0,0.0,,0.0,0.9076556768653923,0.9564772219370455,,0.0,0.0,0.0
su9_vj_0193,chuong_cu,0.75,1.0,0.6666666666666666,0.6666666666666666,2.3333333333333335,,0.0,0.0,0.020785219399538108,0.0,0.0,0.5,0.3333333333333333,0.06666666666666667,0.044444444444444446,0.0,0.25,0.06785714285714287,0.09821428571428571,-0.030357142857142846,0.07142857142857142,0.0,0.2,1.0,0.09821428571428571,0.9317892855215915,0.9588855809742229,0.08333333333333333,0.0,0.0,0.0
su9_vj_0194,chuong_cu,1.0,1.0,1.0,0.25,3.0,,0.0,0.0,0.03002309468822171,1.0,1.0,1.0,1.0,0.7,0.6999999999999998,1.0,1.0,0.6499999999999999,0.6499999999999999,0.0,0.2,1.0,1.0,1.0,0.0,0.9420895144005214,0.9397407775724377,0.0,0.0,0.0,0.0
su9_vj_0195,chuong_cu,0.0,0.0,0.0,0.0,,,0.0,0.0,0.0,0.0,0.0,0.0,0.0,0.0,0.0,0.0,0.0,,0.03333333333333333,,0.13333333333333333,0.0,0.0,,0.0,0.9212990047994142,0.9188735754994579,,0.0,0.0,0.0
su9_vj_0196,chuong_cu,1.0,2.0,2.6666666666666665,0.6,1.2,,0.0,0.0,0.009930715935334873,0.3333333333333333,0.27777777777777773,0.5,0.5,0.44999999999999996,0.4166666666666667,0.0,0.0,0.09722222222222222,0.0,0.09722222222222222,0.0,0.0,0.0,0.35185185185185186,0.0,0.939000500189458,0.9584437471466238,0.0,0.0,0.0,0.0
su9_vj_0197,chuong_cu,1.0,1.0,1.0,1.0,1.25,,0.0,0.0,0.02020785219399538,0.0,0.0,0.0,0.0,0.1,0.10000000000000002,0.19444444444444442,0.19444444444444442,0.1898015873015873,0.06249999999999999,0.1273015873015873,0.0,0.0,0.2611111111111111,0.16984126984126982,0.02827380952380952,0.925888682578634,0.704614107272605,0.4166666666666667,0.0,0.0,0.0
su9_vj_0198,chuong_cu,0.75,0.0,2.6666666666666665,0.75,1.125,,0.0,0.0,0.008660508083140877,0.0,0.0,0.0,0.0,0.0,0.0,0.0,0.6666666666666666,0.09722222222222221,0.3555555555555555,-0.2583333333333333,0.05555555555555555,0.0,0.0,0.4444444444444444,0.030555555555555558,0.9353738123047048,0.9626434602372562,,0.0,0.0,0.0
su9_vj_0199,chuong_cu,0.0,0.0,0.0,0.0,,,0.0,0.0,0.0,0.0,0.0,0.0,0.0,0.0,0.0,0.0,0.0,,0.0,,0.0,0.0,0.0,,0.0,0.925880180317305,0.9543119612544314,,0.0,0.0,0.0
su9_vj_0200,chuong_cu,0.5,2.0,0.3333333333333333,1.0,4.0,3.0,0.0,0.0,0.021555042340261742,0.0,0.0,0.3333333333333333,0.1111111111111111,0.1,0.03333333333333333,0.16666666666666666,0.6666666666666666,,0.3416666666666667,,0.125,0.0,0.26666666666666666,,0.3416666666666667,0.915748559735505,0.9178409312860775,0.16666666666666666,0.0,0.0,0.0
su9_vj_0201,chuong_cu,0.5,1.0,0.6666666666666666,1.0,2.6666666666666665,3.0,0.0,0.0,0.010007698229407237,0.0,0.0,0.0,0.0,0.05,0.016666666666666666,0.3333333333333333,0.3333333333333333,,0.08333333333333333,,0.0,0.0,0.3333333333333333,,0.08333333333333333,0.9349567129093354,0.9143139486565365,0.3333333333333333,0.0,0.0,0.0
su9_vj_0202,chuong_cu,0.25,0.0,0.3333333333333333,1.0,4.0,,0.0,0.0,0.03926096997690531,0.0,0.0,0.0,0.0,0.0,0.0,0.0,0.6666666666666666,,0.3563725490196078,,0.0,0.0,0.0,,0.3563725490196078,0.9227569930495685,0.9458817882991539,,0.0,0.0,0.0
su9_vj_0203,chuong_cu,0.75,3.0,1.3333333333333333,0.8571428571428571,3.2857142857142856,3.0,0.0,0.0,0.017815902342461234,0.25,0.08333333333333333,0.5555555555555555,0.25925925925925924,0.3333333333333333,0.14074074074074075,0.0,0.0,0.13777777777777778,0.027777777777777776,0.11,0.1111111111111111,0.0,0.0,0.26666666666666666,0.027777777777777776,0.9404006499887247,0.9280724573518472,0.08333333333333333,0.0,0.0,0.0
su9_vj_0204,chuong_cu,0.75,1.0,0.6666666666666666,1.0,4.0,3.0,0.0,0.5,0.014626635873749037,0.0,0.0,0.0,0.0,0.1,0.06666666666666667,0.4444444444444444,0.0,0.3894688644688644,0.048603479853479854,0.34086538461538457,0.07692307692307693,0.3333333333333333,0.5,0.14285714285714285,0.01014194139194139,0.9203340480746618,0.9227345664584653,0.41666666666666663,0.0,0.0,0.0
su9_vj_0205,chuong_cu,1.0,1.0,1.3333333333333333,1.0,3.0,3.0,0.0,0.0,0.019861431870669747,0.0,0.0,0.3333333333333333,0.2222222222222222,0.1,0.08333333333333333,0.16666666666666666,0.5,0.18982456140350876,0.3866228070175438,-0.19679824561403506,0.05263157894736842,0.0,0.25,0.2388888888888889,0.33060776942355885,0.9243295277518525,0.9234367358845385,0.2222222222222222,0.0,0.0,0.0
su9_vj_0206,chuong_cu,0.25,1.0,0.0,1.0,4.0,,0.0,0.0,0.03926096997690531,0.0,0.0,0.0,0.0,0.0,0.0,0.3333333333333333,0.0,,0.045454545454545456,,0.0,0.0,0.3333333333333333,,0.045454545454545456,0.9376202244309654,0.9545182095532541,,0.0,0.0,0.0
su9_vj_0207,chuong_cu,0.0,0.0,0.0,0.0,,,0.0,0.0,0.0,0.0,0.0,0.0,0.0,0.0,0.0,0.0,0.0,,0.013157894736842105,,0.10526315789473684,0.0,0.0,,0.0,0.9024797244400237,0.9460689574312526,,0.0,0.0,0.0
su9_vj_0208,chuong_cu,0.5,1.0,0.3333333333333333,1.0,4.0,3.0,0.0,0.0,0.020785219399538108,0.0,0.0,0.3333333333333333,0.1111111111111111,0.2,0.06666666666666667,0.3333333333333333,0.16666666666666666,,0.06666666666666667,,0.0,0.0,0.3333333333333333,,0.06666666666666667,0.9254083806149119,0.9351056873623499,0.16666666666666666,0.0,0.0,0.0
su9_vj_0209,chuong_cu,0.75,2.0,0.6666666666666666,0.5,4.25,3.0,0.0,0.0,0.03117782909930716,0.5,0.3333333333333333,0.6666666666666666,0.4444444444444444,0.39999999999999997,0.26666666666666666,0.4444444444444444,0.4444444444444444,0.27291666666666664,0.27291666666666664,0.0,0.125,0.3333333333333333,0.5,1.0,0.24166666666666664,0.9274278386038987,0.8976053330105612,0.0,0.0,0.0,0.0
su9_vj_0210,chuong_cu,0.75,3.0,1.6666666666666667,1.0,2.7142857142857144,3.0,0.0,0.2,0.011836027713625866,0.0,0.0,0.16666666666666666,0.0925925925925926,0.16666666666666666,0.08518518518518518,0.0,0.0,0.12428571428571428,0.03125,0.09303571428571428,0.0,0.0,0.0,0.17142857142857143,0.03125,0.9353944267256078,0.9431010782718969,0.20833333333333331,0.0,0.0,0.0
su9_vj_0211,chuong_cu,0.75,1.0,0.6666666666666666,0.3333333333333333,4.0,,0.0,0.0,0.03926096997690531,1.0,0.6666666666666666,1.0,0.6666666666666666,0.7,0.4666666666666666,0.3333333333333333,0.3333333333333333,0.10333333333333333,0.12333333333333332,-0.01999999999999999,0.08,0.0,0.3333333333333333,1.0,0.11333333333333333,0.9272292987820506,0.9302123563866264,0.0,0.0,0.0,0.0
su9_vj_0212,chuong_cu,1.0,1.0,1.6666666666666667,0.8333333333333334,2.0,3.0,0.0,0.0,0.011547344110854502,1.0,0.3333333333333333,1.0,0.3333333333333333,0.7,0.32222222222222224,0.5,0.5,0.500079365079365,0.36071428571428565,0.13936507936507936,0.21428571428571427,0.5,0.6,0.18994708994708995,0.294047619047619,0.9331588901619751,0.9273245846789405,0.2222222222222222,0.0,0.0,0.0
su9_vj_0213,chuong_cu,0.75,1.0,1.0,1.0,2.5,,0.0,0.0,0.019630484988452657,0.0,0.0,0.3333333333333333,0.19444444444444442,0.1,0.05555555555555556,0.3333333333333333,0.16666666666666666,0.2226190476190476,0.07559523809523809,0.1470238095238095,0.10714285714285714,0.0,0.3333333333333333,0.25,0.06666666666666667,0.9183683270474852,0.928208364679014,0.20833333333333331,0.0,0.0,0.0
su9_vj_0214,chuong_cu,0.0,0.0,0.0,0.0,,,0.0,0.0,0.0,0.0,0.0,0.0,0.0,0.0,0.0,0.0,0.0,,0.0,,0.045454545454545456,0.0,0.0,,0.0,0.9124121140129408,0.9411042978404541,,0.0,0.0,0.0
su9_vj_0215,chuong_cu,0.25,1.0,0.0,1.0,1.0,,0.0,0.0,0.011547344110854504,0.0,0.0,0.0,0.0,0.0,0.0,0.0,0.0,,0.017857142857142856,,0.07142857142857142,0.0,0.16666666666666666,,0.017857142857142856,0.9331536752628234,0.9539385135860682,,0.0,0.0,0.0
su9_vj_0216,chuong_cu,0.0,0.0,0.0,0.0,,,0.0,0.0,0.0,0.0,0.0,0.0,0.0,0.0,0.0,0.0,0.0,,0.0,,0.0,0.0,0.0,,0.0,0.941247490579184,0.9403870242296939,,0.0,0.0,0.0
su9_vj_0217,chuong_cu,0.0,0.0,0.0,0.0,,,0.0,0.0,0.0,0.0,0.0,0.0,0.0,0.0,0.0,0.0,0.0,,0.03333333333333333,,0.13333333333333333,0.0,0.0,,0.0,0.9337862307371744,0.958541240126694,,0.0,0.0,0.0
su9_vj_0218,chuong_cu,0.0,0.0,0.0,0.0,,,0.0,0.0,0.0,0.0,0.0,0.0,0.0,0.0,0.0,0.0,0.0,,0.0,,0.0,0.0,0.0,,0.0,0.9485964354366675,0.9221395538974176,,0.0,0.0,0.0
su9_vj_0219,chuong_cu,0.25,1.0,0.0,1.0,4.0,3.0,0.0,0.0,0.0023094688221709007,0.0,0.0,0.0,0.0,0.0,0.0,0.0,0.0,,0.02,,0.12,0.0,0.0,,0.02,0.9206704188805325,0.9052437083396778,,0.0,0.0,0.0
su9_vj_0220,chuong_cu,0.75,1.0,0.6666666666666666,1.0,1.3333333333333333,,0.0,0.0,0.013856812933025403,0.0,0.0,0.0,0.0,0.1,0.06666666666666667,0.0,0.0,0.1,0.019230769230769232,0.08076923076923077,0.0,0.0,0.0,0.3333333333333333,0.019230769230769232,0.9366691861812008,0.704614107272605,0.5,0.0,0.0,0.0
su9_vj_0221,chuong_cu,0.75,0.0,1.0,1.0,1.0,,0.0,0.0,0.009237875288683603,0.0,0.0,0.0,0.0,0.0,0.0,0.0,0.0,0.11333333333333333,0.0,0.11333333333333333,0.0,0.0,0.0,0.24444444444444446,0.0,0.9272345115679539,0.9413289531962088,,0.0,0.0,0.0
su9_vj_0222,chuong_cu,0.0,0.0,0.0,0.0,,,0.0,0.0,0.0,0.0,0.0,0.0,0.0,0.0,0.0,0.0,0.0,,0.057692307692307696,,0.15384615384615385,0.0,0.0,,0.019230769230769232,0.9357104982729689,0.9649389453401396,,0.0,0.0,0.0
su9_vj_0223,chuong_cu,0.25,0.0,0.3333333333333333,1.0,,,0.0,0.0,0.013856812933025403,0.0,0.0,0.0,0.0,0.0,0.0,0.0,0.0,,0.019230769230769232,,0.07692307692307693,0.0,0.0,,0.019230769230769232,0.9413955958234997,0.9468743589899085,,0.0,0.0,0.0
su9_vj_0224,chuong_cu,0.0,0.0,0.0,0.0,,,0.0,0.0,0.0,0.0,0.0,0.0,0.0,0.0,0.0,0.0,0.0,,0.0,,0.0,0.0,0.0,,0.0,0.9539065454562877,0.9174901602646264,,0.0,0.0,0.0
su9_vj_0225,chuong_cu,0.25,1.0,0.0,1.0,4.0,,0.0,0.0,0.03926096997690531,0.0,0.0,0.0,0.0,0.0,0.0,0.0,0.0,,0.03571428571428571,,0.047619047619047616,0.0,0.16666666666666666,,0.03571428571428571,0.928012520198667,0.9316907539706388,,0.0,0.0,0.0
su9_vj_0226,chuong_cu,0.0,0.0,0.0,0.0,,,0.0,0.0,0.0,0.0,0.0,0.0,0.0,0.0,0.0,0.0,0.0,,0.0,,0.0,0.0,0.0,,0.0,0.9224986514856219,0.9691518638658583,,0.0,0.0,0.0
su9_vj_0227,chuong_cu,0.0,0.0,0.0,0.0,,,0.0,0.0,0.0,0.0,0.0,0.0,0.0,0.0,0.0,0.0,0.0,,0.029411764705882353,,0.11764705882352941,0.0,0.0,,0.0,0.9178798502222032,0.931327642150839,,0.0,0.0,0.0
su9_vj_0228,chuong_cu,0.0,0.0,0.0,0.0,,,0.0,0.0,0.0,0.0,0.0,0.0,0.0,0.0,0.0,0.0,0.0,,0.011363636363636364,,0.0,0.0,0.0,,0.011363636363636364,0.9293873402767646,0.9369421934582598,,0.0,0.0,0.0
su9_vj_0229,chuong_cu,0.0,0.0,0.0,0.0,,,0.0,0.0,0.0,0.0,0.0,0.0,0.0,0.0,0.0,0.0,0.0,,0.0,,0.0,0.0,0.0,,0.0,0.9271542619300033,0.9708414146616953,,0.0,0.0,0.0
su9_vj_0230,chuong_cu,0.5,0.0,0.6666666666666666,0.5,4.0,,0.0,0.0,0.03926096997690531,0.0,0.0,0.0,0.0,0.0,0.0,0.0,0.3333333333333333,0.0125,0.09583333333333333,-0.08333333333333333,0.05,0.0,0.0,1.0,0.09583333333333333,0.9201834439364197,0.9532053314840114,,0.0,0.0,0.0
su9_vj_0231,chuong_cu,0.25,0.0,0.3333333333333333,1.0,4.0,,0.0,0.0,0.03926096997690531,0.0,0.0,0.0,0.0,0.0,0.0,0.0,0.0,,0.041666666666666664,,0.0,0.0,0.0,,0.02976190476190476,0.9291974434382279,0.9304339648992367,,0.0,0.0,0.0
su9_vj_0232,chuong_cu,0.0,0.0,0.0,0.0,,,0.0,0.0,0.0,0.0,0.0,0.0,0.0,0.0,0.0,0.0,0.0,,0.05263157894736842,,0.10526315789473684,0.0,0.0,,0.02631578947368421,0.9221329802935961,0.9344084011411418,,0.0,0.0,0.0
su9_vj_0233,chuong_cu,0.25,0.0,0.3333333333333333,1.0,4.0,,0.0,0.0,0.03926096997690531,0.0,0.0,0.0,0.0,0.0,0.0,0.0,0.3333333333333333,,0.08333333333333333,,0.0,0.0,0.0,,0.08333333333333333,0.9292649459439231,0.940583801652691,,0.0,0.0,0.0
su9_vj_0234,chuong_cu,0.0,0.0,0.0,0.0,,,0.0,0.0,0.0,0.0,0.0,0.0,0.0,0.0,0.0,0.0,0.0,,0.043478260869565216,,0.0,0.0,0.0,,0.03260869565217391,0.9118567588641153,0.9399633912269598,,0.0,0.0,0.0
su9_vj_0235,chuong_cu,0.25,0.0,0.3333333333333333,1.0,5.0,3.0,0.0,0.0,0.011547344110854504,0.0,0.0,0.0,0.0,0.0,0.0,0.0,0.3333333333333333,,0.18333333333333335,,0.3,0.0,0.0,,0.18333333333333335,0.9108602430917978,0.9437893071373795,,0.0,0.0,0.0
su9_vj_0236,chuong_cu,1.0,1.0,1.0,1.0,1.25,,0.0,0.0,0.040993071593533485,0.0,0.0,0.0,0.0,0.1,0.10000000000000002,0.0,0.3333333333333333,0.19166666666666665,0.08333333333333333,0.10833333333333332,0.09523809523809523,0.0,0.2,0.21428571428571427,0.047619047619047616,0.9301533996583661,0.9297288490541133,0.4444444444444445,0.0,0.0,0.0
su9_vj_0237,chuong_cu,0.25,2.0,0.0,1.0,3.5,3.0,0.0,0.0,0.016166281755196306,0.0,0.0,0.0,0.0,0.0,0.0,0.3333333333333333,0.0,,0.013157894736842105,,0.15789473684210525,0.0,0.3333333333333333,,0.0,0.8955969547776018,0.9449939726619379,,0.0,0.0,0.0
su9_vj_0238,chuong_cu,0.25,0.0,0.3333333333333333,1.0,4.0,,0.0,0.0,0.03926096997690531,0.0,0.0,0.0,0.0,0.0,0.0,0.0,1.0,,0.6,,0.0,0.0,0.0,,0.6,0.9219942207444265,0.9300843000225394,,0.0,0.0,0.0
su9_vj_0239,chuong_cu,0.0,0.0,0.0,0.0,,,0.0,0.0,0.0,0.0,0.0,0.0,0.0,0.0,0.0,0.0,0.0,,0.0,,0.0,0.0,0.0,,0.0,0.9308852998811945,0.9385885159785756,,0.0,0.0,0.0
su9_vj_0240,chuong_cu,0.75,0.0,1.0,1.0,4.0,3.0,0.0,0.0,0.01770592763664357,0.0,0.0,0.0,0.0,0.0,0.0,0.0,0.6666666666666666,0.15,0.375,-0.225,0.06666666666666667,0.0,0.0,0.1111111111111111,0.375,0.9223198607060517,0.9434387561425577,,0.0,0.0,0.0
su9_vj_0241,chuong_cu,1.0,1.0,1.3333333333333333,0.8,3.2,3.0,0.0,0.0,0.023094688221709007,0.5,0.16666666666666666,1.0,0.611111111111111,0.7,0.2833333333333333,0.3333333333333333,0.3333333333333333,0.27208333333333334,0.1388888888888889,0.13319444444444445,0.3333333333333333,0.0,0.3333333333333333,0.2972222222222222,0.0763888888888889,0.9202517413329927,0.9118663386628062,0.08333333333333333,0.0,0.0,0.0
su9_vj_0242,chuong_cu,0.0,0.0,0.0,0.0,,,0.0,0.0,0.0,0.0,0.0,0.0,0.0,0.0,0.0,0.0,0.0,,0.017857142857142856,,0.0,0.0,0.0,,0.017857142857142856,0.9205714363823873,0.9612049815045518,,0.0,0.0,0.0
su9_vj_0243,chuong_cu,1.0,1.0,1.3333333333333333,0.8,3.5,3.0,0.0,0.25,0.020323325635103924,1.0,0.3333333333333333,1.0,0.4444444444444444,0.7,0.32222222222222224,0.3333333333333333,0.5,0.21687499999999998,0.15625,0.060624999999999984,0.0625,0.0,0.3333333333333333,0.21388888888888888,0.10625,0.9174583284829498,0.9185098313872089,0.19444444444444445,0.0,0.0,0.0
su9_vj_0244,chuong_cu,0.5,0.0,1.0,0.6666666666666666,4.0,3.0,0.0,0.0,0.026943802925327175,0.0,0.0,0.0,0.0,0.0,0.0,0.0,1.0,0.0,0.6394736842105263,-0.6394736842105263,0.0,0.0,0.0,1.0,0.6394736842105263,0.9132900674178253,0.9183204667449978,,0.0,0.0,0.0
su9_vj_0245,chuong_cu,0.25,0.0,0.3333333333333333,1.0,4.0,,0.0,0.0,0.03926096997690531,0.0,0.0,0.0,0.0,0.0,0.0,0.0,0.3333333333333333,,0.09420289855072464,,0.0,0.0,0.0,,0.09420289855072464,0.9270342787322229,0.9309196595051795,,0.0,0.0,0.0
su9_vj_0246,chuong_cu,0.0,0.0,0.0,0.0,,,0.0,0.0,0.0,0.0,0.0,0.0,0.0,0.0,0.0,0.0,0.0,,0.010869565217391304,,0.043478260869565216,0.0,0.0,,0.010869565217391304,0.9203248330227753,0.9593064121771679,,0.0,0.0,0.0
su9_vj_0247,chuong_cu,0.25,1.0,0.0,1.0,,,0.0,0.0,0.013856812933025403,0.0,0.0,0.0,0.0,0.0,0.0,0.25,0.0,,0.04,,0.04,0.0,0.25,,0.04,0.9206017276047987,0.9207635340585624,,0.0,0.0,0.0
su9_vj_0248,chuong_cu,0.75,2.0,0.6666666666666666,0.5,4.25,3.0,0.0,0.0,0.03117782909930716,0.5,0.3333333333333333,0.6666666666666666,0.4444444444444444,0.39999999999999997,0.26666666666666666,0.4444444444444444,0.4444444444444444,0.27291666666666664,0.31979166666666664,-0.046875,0.125,0.3333333333333333,0.5,1.0,0.28854166666666664,0.9274278386038987,0.8976053330105612,0.0,0.0,0.0,0.0
su9_vj_0249,chuong_cu,0.5,0.0,1.0,1.0,2.3333333333333335,,0.0,0.0,0.014626635873749037,0.0,0.0,0.0,0.0,0.0,0.0,0.0,1.0,0.12,0.7176470588235294,-0.5976470588235294,0.0,0.0,0.0,0.2,0.7029411764705883,0.9272604648246995,0.9418520650411861,,0.0,0.0,0.0
su9_vj_0250,chuong_cu,0.0,0.0,0.0,0.0,,,0.0,0.0,0.0,0.0,0.0,0.0,0.0,0.0,0.0,0.0,0.0,,0.04411764705882353,,0.058823529411764705,0.0,0.0,,0.04411764705882353,0.9251741295346597,0.9483829966881451,,0.0,0.0,0.0
su9_vj_0251,chuong_cu,0.75,1.0,0.6666666666666666,1.0,4.333333333333333,3.0,0.0,0.0,0.003079291762894534,0.0,0.0,0.0,0.0,0.2,0.08888888888888889,0.0,0.0,0.22916666666666669,0.10416666666666667,0.125,0.4166666666666667,0.0,0.0,0.16666666666666666,0.07291666666666667,0.9189022530571036,0.9267118616386779,0.7083333333333333,0.0,0.0,0.0
su9_vj_0252,chuong_cu,0.0,0.0,0.0,0.0,,,0.0,0.0,0.0,0.0,0.0,0.0,0.0,0.0,0.0,0.0,0.0,,0.009259259259259259,,0.0,0.0,0.0,,0.009259259259259259,0.9167237463254997,0.9267046775908886,,0.0,0.0,0.0
su9_vj_0253,chuong_cu,0.5,2.0,0.6666666666666666,1.0,4.0,3.0,0.0,0.0,0.007505773672055427,0.0,0.0,0.0,0.0,0.2,0.06666666666666667,0.1833333333333333,0.15,,0.09992424242424242,,0.0,0.0,0.2519047619047619,,0.09992424242424242,0.9316192674154309,0.9331842770479184,0.5,0.0,0.0,0.0
su9_vj_0254,chuong_cu,0.5,1.0,0.3333333333333333,1.0,1.5,,0.0,0.0,0.006928406466512702,0.0,0.0,0.25,0.08333333333333333,0.1,0.03333333333333333,0.0,0.0,,0.06558441558441558,,0.0,0.0,0.16666666666666666,,0.04285714285714285,0.911744877102392,0.9191978586981139,0.25,0.0,0.0,0.0
su9_vj_0255,chuong_cu,0.0,0.0,0.0,0.0,,,0.0,0.0,0.0,0.0,0.0,0.0,0.0,0.0,0.0,0.0,0.0,,0.0,,0.0,0.0,0.0,,0.0,0.9270368206377253,0.9714425346252007,,0.0,0.0,0.0
su9_vj_0256,chuong_cu,0.0,0.0,0.0,0.0,,,0.0,0.0,0.0,0.0,0.0,0.0,0.0,0.0,0.0,0.0,0.0,,0.041666666666666664,,0.16666666666666666,0.0,0.0,,0.0,0.928669005823442,0.972124785327983,,0.0,0.0,0.0
su9_vj_0257,chuong_cu,0.25,0.0,0.3333333333333333,1.0,1.0,,0.0,0.0,0.004618937644341801,0.0,0.0,0.0,0.0,0.0,0.0,0.0,0.1111111111111111,,0.0734126984126984,,0.21428571428571427,0.0,0.0,,0.055555555555555546,0.9252083712589987,0.9383241324794631,,0.0,0.0,0.0
su9_vj_0258,chuong_cu,0.0,0.0,0.0,0.0,,,0.0,0.0,0.0,0.0,0.0,0.0,0.0,0.0,0.0,0.0,0.0,,0.025,,0.1,0.0,0.0,,0.0,0.9255642711776787,0.9427923264872614,,0.0,0.0,0.0
su9_vj_0259,chuong_cu,1.0,1.0,1.0,0.25,3.0,,0.0,0.0,0.004618937644341801,1.0,1.0,1.0,1.0,0.7,0.6999999999999998,0.0,0.0,0.03125,0.03125,0.0,0.125,0.0,0.0,1.0,0.0,0.9244410088035997,0.9334579734398375,0.0,0.0,0.0,0.0
su9_vj_0260,chuong_cu,0.5,0.0,0.6666666666666666,1.0,3.0,,0.0,0.0,0.004618937644341801,0.0,0.0,0.0,0.0,0.0,0.0,0.0,0.1111111111111111,0.11249999999999999,0.05833333333333333,0.05416666666666666,0.0,0.0,0.0,0.25,0.05833333333333333,0.9317041703269393,0.9576587185671576,,0.0,0.0,0.0
su9_vj_0261,chuong_cu,0.75,1.0,0.6666666666666666,1.0,3.0,,0.0,0.0,0.005388760585065436,0.0,0.0,0.0,0.0,0.2,0.13333333333333333,0.1111111111111111,0.1111111111111111,0.19356060606060604,0.08106060606060606,0.11249999999999999,0.09090909090909091,0.0,0.2333333333333333,0.25,0.05833333333333333,0.9203287322448498,0.9259495031923493,0.3333333333333333,0.0,0.0,0.0
su9_vj_0262,chuong_cu,0.75,1.0,0.6666666666666666,0.6666666666666666,1.6666666666666667,,0.0,0.0,0.08545034642032333,0.0,0.0,0.25,0.16666666666666666,0.06666666666666667,0.044444444444444446,0.5,0.125,0.3678571428571428,0.05625,0.3116071428571428,0.2,0.5,0.5714285714285714,1.0,0.05625,0.9327527967060087,0.9271635088297688,0.25,0.0,0.0,0.0
su9_vj_0263,chuong_cu,0.75,2.0,0.6666666666666666,0.75,2.75,,0.0,0.0,0.054272517321016164,0.5,0.16666666666666666,0.6666666666666666,0.3194444444444444,0.3833333333333333,0.15277777777777776,0.3333333333333333,0.6666666666666666,0.20899122807017542,0.381140350877193,-0.17214912280701758,0.05263157894736842,0.0,0.3333333333333333,0.25,0.3548245614035088,0.924415212462719,0.9215208795518882,0.08333333333333333,0.0,0.0,0.0
su9_vj_0264,chuong_cu,0.75,2.0,0.6666666666666666,0.5,2.5,,0.0,0.0,0.03348729792147806,0.5,0.3333333333333333,0.625,0.4166666666666667,0.3833333333333333,0.25555555555555554,0.6666666666666666,0.125,0.375,0.11875,0.25625,0.13333333333333333,0.5,0.6666666666666666,1.0,0.06666666666666667,0.9355580675216882,0.9524320489583089,0.0,0.0,0.0,0.0
su9_vj_0265,chuong_cu,0.75,1.0,0.6666666666666666,0.6666666666666666,1.3333333333333333,,0.0,0.0,0.09468822170900693,1.0,0.3333333333333333,1.0,0.4444444444444444,0.7,0.26666666666666666,0.4444444444444444,0.4444444444444444,0.4004901960784314,0.30049019607843136,0.10000000000000003,0.23529411764705882,0.3333333333333333,0.5,0.3333333333333333,0.30049019607843136,0.9306817319698844,0.9356128538982292,0.08333333333333333,0.0,0.0,0.0
su9_vj_0266,chuong_cu,1.0,1.0,1.6666666666666667,0.3333333333333333,3.0,,0.0,0.0,0.005773672055427251,0.5,0.3333333333333333,1.0,0.6666666666666666,0.7,0.5333333333333333,0.3333333333333333,0.3333333333333333,0.08333333333333333,0.08333333333333333,0.0,0.0,0.0,0.3333333333333333,1.0,0.0,0.9168306169509276,0.9133971522371687,0.1111111111111111,0.0,0.0,0.0
su9_vj_0267,chuong_cu,0.5,0.0,0.6666666666666666,1.0,2.0,,0.0,0.0,0.016166281755196306,0.0,0.0,0.0,0.0,0.0,0.0,0.0,0.0,0.12,0.08530701754385965,0.034692982456140345,0.0,0.0,0.0,0.2,0.08530701754385965,0.9246327437245306,0.954024780716934,,0.0,0.0,0.0
su9_vj_0268,chuong_cu,0.5,2.0,0.3333333333333333,1.0,2.0,,0.0,0.0,0.05465742879137798,0.0,0.0,0.16666666666666666,0.05555555555555555,0.08333333333333334,0.02777777777777778,0.5555555555555555,0.1111111111111111,,0.05833333333333333,,0.13333333333333333,0.3333333333333333,0.5555555555555555,,0.05833333333333333,0.9248550697071605,0.9369835011348336,0.16666666666666666,0.0,0.0,0.0
su9_vj_0269,chuong_cu,0.0,0.0,0.0,0.0,,,0.0,0.0,0.0,0.0,0.0,0.0,0.0,0.0,0.0,0.0,0.0,,0.0,,0.0,0.0,0.0,,0.0,0.9283978767122859,0.9419863542939062,,0.0,0.0,0.0
su9_vj_0270,chuong_cu,0.5,0.0,0.6666666666666666,0.5,1.0,,0.0,0.0,0.011547344110854504,0.0,0.0,0.0,0.0,0.0,0.0,0.0,0.0,0.0,0.098015873015873,-0.098015873015873,0.0,0.0,0.0,1.0,0.098015873015873,0.9124434748010182,0.9423445271520894,,0.0,0.0,0.0
su9_vj_0271,chuong_cu,0.25,0.0,0.3333333333333333,1.0,3.0,,0.0,0.0,0.0023094688221709007,0.0,0.0,0.0,0.0,0.0,0.0,0.0,0.3333333333333333,,0.27539682539682536,,0.0,0.0,0.0,,0.2515873015873016,0.9160460368494437,0.9346449456831628,,0.0,0.0,0.0
su9_vj_0272,chuong_cu,0.0,0.0,0.0,0.0,,,0.0,0.0,0.0,0.0,0.0,0.0,0.0,0.0,0.0,0.0,0.0,,0.0,,0.0,0.0,0.0,,0.0,0.9368845714156279,0.9092076991824581,,0.0,0.0,0.0
su9_vj_0273,chuong_cu,0.25,0.0,0.3333333333333333,1.0,3.0,,0.0,0.0,0.004618937644341801,0.0,0.0,0.0,0.0,0.0,0.0,0.0,0.0,,0.08571428571428572,,0.14285714285714285,0.0,0.0,,0.05,0.9298188001989406,0.9452936372921266,,0.0,0.0,0.0
su9_vj_0274,chuong_cu,0.75,0.0,1.3333333333333333,1.0,3.0,3.0,0.0,0.0,0.007505773672055427,0.0,0.0,0.0,0.0,0.0,0.0,0.0,0.25,0.11083333333333334,0.09018759018759018,0.02064574314574316,0.0,0.0,0.0,0.2611111111111111,0.03185425685425685,0.9270081248804783,0.9221192038676588,,0.0,0.0,0.0
su9_vj_0275,chuong_cu,0.25,0.0,0.3333333333333333,1.0,3.0,,0.0,0.0,0.0069284064665127015,0.0,0.0,0.0,0.0,0.0,0.0,0.0,0.16666666666666666,,0.06666666666666667,,0.0,0.0,0.0,,0.06666666666666667,0.9342293936434133,0.9433226688162942,,0.0,0.0,0.0
su9_vj_0276,chuong_cu,1.0,2.0,1.0,1.0,2.0,3.0,0.0,0.0,0.004157043879907621,0.0,0.0,0.16666666666666666,0.05555555555555555,0.2,0.10555555555555556,0.3333333333333333,0.3333333333333333,0.23910714285714285,0.08333333333333333,0.15577380952380954,0.125,0.0,0.3333333333333333,0.16984126984126982,0.033333333333333326,0.9250756678263741,0.955243203816285,0.3055555555555556,0.0,0.0,0.0
su9_vj_0277,chuong_cu,1.0,1.0,1.6666666666666667,1.0,1.6666666666666667,3.0,0.0,0.0,0.025404157043879907,0.0,0.0,0.0,0.0,0.06666666666666667,0.05555555555555556,0.0,1.0,0.2017948717948718,0.6384615384615384,-0.43666666666666665,0.15384615384615385,0.0,0.2,0.24444444444444446,0.5692307692307692,0.9088238892999673,0.8812120263109166,0.3333333333333333,0.0,0.0,0.0
su9_vj_0278,chuong_cu,0.5,1.0,0.3333333333333333,1.0,2.5,,0.0,0.0,0.009237875288683603,0.0,0.0,0.0,0.0,0.1,0.03333333333333333,0.125,0.625,,0.3645833333333333,,0.06666666666666667,0.0,0.225,,0.3645833333333333,0.9175665960783468,0.9599833242865902,0.3333333333333333,0.0,0.0,0.0
su9_vj_0279,chuong_cu,0.0,0.0,0.0,0.0,,,0.0,0.0,0.0,0.0,0.0,0.0,0.0,0.0,0.0,0.0,0.0,,0.0,,0.0,0.0,0.0,,0.0,0.9366326428001018,0.925459813059908,,0.0,0.0,0.0
su9_vj_0280,chuong_cu,1.0,1.0,1.0,0.75,2.25,,0.0,0.0,0.03464203233256351,1.0,0.3333333333333333,1.0,0.4444444444444444,0.7,0.28888888888888886,0.29166666666666663,0.75,0.19045289855072461,0.3842391304347826,-0.19378623188405797,0.043478260869565216,0.0,0.29166666666666663,0.2888888888888889,0.3113224637681159,0.9218016550728987,0.9248362032407108,0.16666666666666666,0.0,0.0,0.0
su9_vj_0281,chuong_cu,1.0,2.0,1.3333333333333333,1.0,2.2,,0.0,0.0,0.005773672055427251,0.0,0.0,0.29166666666666663,0.15277777777777776,0.05,0.044444444444444446,0.3333333333333333,0.75,0.20791666666666664,0.4125,-0.20458333333333334,0.05,0.0,0.3333333333333333,0.25277777777777777,0.3208333333333333,0.9091595396839841,0.9522515748705115,0.2222222222222222,0.0,0.0,0.0
su9_vj_0282,chuong_cu,0.25,0.0,0.3333333333333333,1.0,5.0,3.0,0.0,0.0,0.004618937644341801,0.0,0.0,0.0,0.0,0.0,0.0,0.0,0.0,,0.041666666666666664,,0.0,0.0,0.0,,0.041666666666666664,0.92572343148151,0.9559829431196663,,0.0,0.0,0.0
su9_vj_0283,chuong_cu,0.75,0.0,1.3333333333333333,1.0,2.6666666666666665,,0.0,0.25,0.01789838337182448,0.0,0.0,0.0,0.0,0.0,0.0,0.0,0.5555555555555555,0.11638888888888888,0.29722222222222217,-0.1808333333333333,0.05555555555555555,0.0,0.0,0.31666666666666665,0.2291666666666666,0.9128112458717645,0.9458909262655351,,0.0,0.0,0.0
su9_vj_0284,chuong_cu,0.25,1.0,0.0,1.0,4.0,,0.0,0.0,0.03926096997690531,0.0,0.0,0.0,0.0,0.0,0.0,0.25,0.0,,0.058823529411764705,,0.0,0.0,0.25,,0.058823529411764705,0.9271121774471929,0.95240821509053,,0.0,0.0,0.0
su9_vj_0285,chuong_cu,0.75,1.0,1.0,1.0,2.6666666666666665,3.0,0.0,0.0,0.006351039260969977,0.0,0.0,0.0,0.0,0.1,0.05555555555555556,0.16666666666666666,0.375,0.16944444444444445,0.12152777777777778,0.04791666666666668,0.1111111111111111,0.0,0.26666666666666666,0.5,0.12152777777777778,0.9288574836879948,0.9382354521852427,0.45833333333333337,0.0,0.0,0.0
su9_vj_0286,chuong_cu,0.0,0.0,0.0,0.0,,,0.0,0.0,0.0,0.0,0.0,0.0,0.0,0.0,0.0,0.0,0.0,,0.0625,,0.25,0.0,0.0,,0.0,0.930070857430703,0.9094552119761167,,0.0,0.0,0.0
su9_vj_0287,chuong_cu,1.0,1.0,1.3333333333333333,1.0,2.8,3.0,0.0,0.0,0.011085450346420323,0.0,0.0,0.25,0.08333333333333333,0.1,0.10000000000000002,0.3333333333333333,0.25,0.21642857142857141,0.09404761904761905,0.12238095238095237,0.03571428571428571,0.0,0.3333333333333333,0.1722222222222222,0.014880952380952384,0.9241098353111498,0.9192519853695144,0.3055555555555555,0.0,0.0,0.0
su9_vj_0288,chuong_cu,1.0,1.0,1.0,1.0,1.0,,0.0,0.3333333333333333,0.011547344110854502,0.0,0.0,0.0,0.0,0.2,0.13333333333333333,0.0,0.3333333333333333,0.15000000000000002,0.12280701754385964,0.02719298245614038,0.0,0.0,0.16666666666666666,0.27777777777777773,0.039473684210526314,0.9228053919407594,0.9571013805063574,0.3888888888888889,0.0,0.0,0.0
su9_vj_0289,chuong_cu,0.75,2.0,0.6666666666666666,1.0,2.75,3.0,0.0,0.0,0.044457274826789836,0.0,0.0,0.16666666666666666,0.09722222222222221,0.08333333333333334,0.04277777777777778,0.5555555555555555,0.1111111111111111,0.41388888888888886,0.05833333333333333,0.3555555555555555,0.13333333333333333,0.3333333333333333,0.5555555555555555,0.16666666666666666,0.05833333333333333,0.9206043745608142,0.9276450000521105,0.20833333333333331,0.0,0.0,0.0
su9_vj_0290,chuong_cu,1.0,1.0,1.3333333333333333,1.0,2.6,3.0,0.0,0.0,0.015242494226327943,0.0,0.0,0.25,0.08333333333333333,0.2,0.11111111111111112,0.25,0.1111111111111111,0.21507246376811592,0.10181159420289854,0.11326086956521739,0.08695652173913043,0.0,0.31666666666666665,0.2388888888888889,0.02257591442374049,0.910958126836487,0.936530648177219,0.36111111111111116,0.0,0.0,0.0
su9_vj_0291,chuong_cu,0.5,0.0,0.6666666666666666,1.0,4.0,3.0,0.0,0.0,0.010392609699769052,0.0,0.0,0.0,0.0,0.0,0.0,0.0,0.6666666666666666,0.125,0.4074561403508772,-0.2824561403508772,0.0,0.0,0.0,0.16666666666666666,0.4074561403508772,0.9283532925370339,0.9323057749031295,,0.0,0.0,0.0
su9_vj_0292,chuong_cu,0.25,0.0,0.3333333333333333,1.0,1.0,,0.0,0.0,0.011547344110854504,0.0,0.0,0.0,0.0,0.0,0.0,0.0,0.05,,0.060092592592592586,,0.0,0.0,0.0,,0.060092592592592586,0.9128056072324636,0.9364545016116252,,0.0,0.0,0.0
su9_vj_0293,chuong_cu,0.25,1.0,0.0,1.0,1.0,,0.0,0.0,0.011547344110854504,0.0,0.0,0.0,0.0,0.0,0.0,0.0,0.0,,0.021739130434782608,,0.0,0.0,0.2,,0.021739130434782608,0.9249258600603512,0.9407158954849597,,0.0,0.0,0.0
su9_vj_0294,chuong_cu,0.25,0.0,0.3333333333333333,1.0,,,0.0,0.0,0.0023094688221709007,0.0,0.0,0.0,0.0,0.0,0.0,0.0,0.41666666666666663,,0.23357843137254902,,0.0,0.0,0.0,,0.23357843137254902,0.9182420683858975,0.937616872335735,,0.0,0.0,0.0
su9_vj_0295,chuong_cu,0.25,1.0,0.0,1.0,1.0,,0.0,0.0,0.004618937644341801,0.0,0.0,0.0,0.0,0.0,0.0,0.27777777777777773,0.0,,0.03125,,0.125,0.0,0.32539682539682535,,0.0,0.9310593389553123,0.9403036840362407,,0.0,0.0,0.0
su9_vj_0296,chuong_cu,0.5,1.0,0.3333333333333333,1.0,3.0,,0.0,0.0,0.0069284064665127015,0.0,0.0,0.0,0.0,0.0,0.0,0.5,0.0,,0.04583333333333334,,0.0,0.0,0.5,,0.04583333333333334,0.9382856733195247,0.9646860508000817,0.4166666666666667,0.0,0.0,0.0
su9_vj_0297,chuong_cu,1.0,1.0,1.0,1.0,2.75,3.0,0.0,0.0,0.0069284064665127015,0.0,0.0,0.3333333333333333,0.2222222222222222,0.2,0.15,0.3333333333333333,0.3333333333333333,0.29358974358974355,0.14102564102564102,0.15256410256410252,0.3076923076923077,0.0,0.3333333333333333,0.1111111111111111,0.14102564102564102,0.9310292493800607,0.9246734462683802,0.4444444444444445,0.0,0.0,0.0
su9_vj_0298,chuong_cu,0.5,0.0,0.6666666666666666,1.0,4.0,,0.0,0.0,0.023094688221709007,0.0,0.0,0.0,0.0,0.0,0.0,0.0,0.25,0.17045454545454547,0.0625,0.10795454545454547,0.18181818181818182,0.0,0.0,0.16666666666666666,0.0625,0.9430208415688262,0.9552515025865855,,0.0,0.0,0.0
su9_vj_0299,chuong_cu,0.5,1.0,0.3333333333333333,1.0,2.0,,0.0,0.0,0.009237875288683603,0.0,0.0,0.0,0.0,0.06666666666666667,0.022222222222222223,0.0,0.611111111111111,,0.28031400966183573,,0.0,0.0,0.17777777777777778,,0.28031400966183573,0.9384472698859102,0.942240727145771,0.4166666666666667,0.0,0.0,0.0
su9_vj_0300,chuong_cu,0.5,1.0,0.3333333333333333,1.0,2.0,,0.0,0.0,0.020785219399538105,0.0,0.0,0.0,0.0,0.0,0.0,0.5,0.0,,0.0625,,0.0,0.0,0.5,,0.0625,0.9316146455752587,0.9569638357282729,0.3333333333333333,0.0,0.0,0.0
su9_vj_0301,chuong_cu,1.0,1.0,1.0,1.0,1.25,,0.0,0.0,0.04330254041570438,0.0,0.0,0.0,0.0,0.1,0.10000000000000002,0.0,0.3333333333333333,0.14404761904761906,0.08333333333333333,0.060714285714285735,0.0,0.0,0.14285714285714285,0.27777777777777773,0.033333333333333326,0.9527989347619856,0.704614107272605,0.47222222222222227,0.0,0.0,0.0
su9_vj_0302,chuong_cu,1.0,2.0,1.3333333333333333,0.8333333333333334,2.2,,0.0,0.0,0.0050038491147036184,0.5,0.16666666666666666,0.5,0.20833333333333334,0.39999999999999997,0.2111111111111111,0.3333333333333333,0.5,0.26166666666666666,0.14285714285714285,0.11880952380952381,0.21428571428571427,0.0,0.3333333333333333,0.16825396825396824,0.09285714285714285,0.9337565981750022,0.9242661717383418,0.22222222222222224,0.0,0.0,0.0
su9_vj_0303,chuong_cu,0.75,0.0,1.6666666666666667,0.6,1.6,,0.0,0.6,0.08360277136258659,0.0,0.0,0.0,0.0,0.0,0.0,0.0,0.29166666666666663,0.05,0.09374999999999999,-0.04374999999999998,0.0,0.0,0.0,0.6666666666666666,0.02083333333333333,0.935709229322847,0.9351992247849904,,0.0,0.0,0.0
su9_vj_0304,chuong_cu,1.0,1.0,1.3333333333333333,0.6,3.2,3.0,0.0,0.0,0.006466512702078523,0.0,0.0,0.0,0.0,0.06666666666666667,0.06666666666666667,0.125,0.16666666666666666,0.05625,0.09607843137254901,-0.03982843137254901,0.0,0.0,0.225,1.0,0.0,0.931743473227365,0.9438901452635144,0.3888888888888889,0.0,0.0,0.0
su9_vj_0305,chuong_cu,0.75,0.0,1.0,1.0,1.6666666666666667,,0.0,0.0,0.005388760585065436,0.0,0.0,0.0,0.0,0.0,0.0,0.0,0.2222222222222222,0.1408333333333333,0.08194444444444444,0.058888888888888866,0.08333333333333333,0.0,0.0,0.20000000000000004,0.025595238095238095,0.9312540449771226,0.9236474516462028,,0.0,0.0,0.0
su9_vj_0306,chuong_cu,0.25,0.0,0.3333333333333333,1.0,3.0,,0.0,0.0,0.0069284064665127015,0.0,0.0,0.0,0.0,0.0,0.0,0.0,0.0,,0.05848214285714286,,0.0,0.0,0.0,,0.05848214285714286,0.9279559289384341,0.9353363162684427,,0.0,0.0,0.0
su9_vj_0307,chuong_cu,1.0,1.0,1.3333333333333333,0.6,1.6,,0.0,0.0,0.0905311778290993,1.0,0.5,1.0,0.7777777777777778,0.7,0.5333333333333333,0.1111111111111111,0.4444444444444444,0.1561111111111111,0.27539682539682536,-0.11928571428571427,0.0,0.0,0.24444444444444446,0.3666666666666667,0.21428571428571425,0.9183151853718433,0.9308455233792687,0.05555555555555555,0.0,0.0,0.0
su9_vj_0308,chuong_cu,1.0,1.0,1.0,1.0,2.3333333333333335,,0.0,0.0,0.002886836027713626,0.0,0.0,0.0,0.0,0.2,0.10000000000000002,0.0,0.1875,0.12410714285714286,0.08693910256410256,0.0371680402930403,0.0,0.0,0.0,0.1726190476190476,0.02985347985347985,0.9287277320649565,0.9261527740367509,1.0,0.0,0.0,0.0
su9_vj_0309,chuong_cu,1.0,2.0,1.0,1.0,2.25,,0.0,0.0,0.030946882217090067,0.0,0.0,0.3333333333333333,0.1111111111111111,0.15000000000000002,0.07777777777777779,0.125,0.25,0.16874999999999998,0.1006578947368421,0.06809210526315788,0.0,0.0,0.225,0.25,0.05482456140350876,0.9300969098351338,0.9264963894108352,0.3055555555555556,0.0,0.0,0.0
su9_vj_0310,chuong_cu,0.5,0.0,0.6666666666666666,0.5,3.0,,0.0,0.0,0.0069284064665127015,0.0,0.0,0.0,0.0,0.0,0.0,0.0,0.0,0.03125,0.07708333333333334,-0.04583333333333334,0.125,0.0,0.0,1.0,0.04583333333333334,0.9374672303458483,0.9329171189675279,,0.0,0.0,0.0
su9_vj_0311,chuong_cu,0.0,0.0,0.0,0.0,,,0.0,0.0,0.0,0.0,0.0,0.0,0.0,0.0,0.0,0.0,0.0,,0.06666666666666667,,0.2,0.0,0.0,,0.016666666666666663,0.9475146078673813,0.9485561213586451,,0.0,0.0,0.0
su9_vj_0312,chuong_cu,0.25,1.0,0.0,1.0,1.0,,0.0,0.0,0.009237875288683603,0.0,0.0,0.0,0.0,0.0,0.0,0.0,0.0,,0.017241379310344827,,0.0,0.0,0.17142857142857143,,0.017241379310344827,0.9410027273293224,0.9625886304753464,,0.0,0.0,0.0
su9_vj_0313,chuong_cu,0.75,0.0,1.0,1.0,3.6666666666666665,3.0,0.0,0.0,0.008468052347959968,0.0,0.0,0.0,0.0,0.0,0.0,0.0,0.29166666666666663,0.14035714285714287,0.07291666666666666,0.06744047619047622,0.04,0.0,0.0,0.13095238095238096,0.027202380952380943,0.9278944166163675,0.9432412864346927,,0.0,0.0,0.0
su9_vj_0314,chuong_cu,0.75,1.0,0.6666666666666666,0.6666666666666666,1.6666666666666667,,0.0,0.0,0.010007698229407237,1.0,0.3333333333333333,1.0,0.3333333333333333,0.7,0.25555555555555554,0.3333333333333333,0.3333333333333333,0.3833333333333333,0.2444444444444444,0.1388888888888889,0.1111111111111111,0.3333333333333333,0.45555555555555555,0.16666666666666666,0.2444444444444444,0.9370437263383516,0.9312390383788222,0.20833333333333334,0.0,0.0,0.0
su9_vj_0315,chuong_cu,0.75,1.0,0.6666666666666666,1.0,1.6666666666666667,,0.0,0.0,0.04618937644341801,0.0,0.0,0.3333333333333333,0.2222222222222222,0.2,0.10000000000000002,0.3333333333333333,0.6666666666666666,0.2,0.375,-0.175,0.06666666666666667,0.0,0.3333333333333333,0.3333333333333333,0.35833333333333334,0.9359959306631487,0.8487144690519558,0.16666666666666666,0.0,0.0,0.0
su9_vj_0316,chuong_cu,1.0,1.0,1.3333333333333333,1.0,1.8,,0.0,0.0,0.030484988452655886,0.0,0.0,0.3333333333333333,0.3333333333333333,0.1,0.10000000000000002,0.5,0.25,0.23166666666666663,0.0625,0.16916666666666663,0.0,0.0,0.5,0.2888888888888889,0.0,0.961508833137045,0.9196607165778428,0.16666666666666666,0.0,0.0,0.0
su9_vj_0317,chuong_cu,1.0,1.0,1.0,1.0,2.25,,0.0,0.0,0.005196304849884526,0.0,0.0,0.3333333333333333,0.19444444444444442,0.2,0.16666666666666666,0.3333333333333333,0.3333333333333333,0.2008333333333333,0.08333333333333333,0.11749999999999998,0.0,0.0,0.3333333333333333,0.21666666666666667,0.033333333333333326,0.9341375587371641,0.9093661782582358,0.25,0.0,0.0,0.0
su9_vj_0318,chuong_cu,1.0,2.0,2.0,0.5,2.0,,0.0,0.0,0.002598152424942263,0.3333333333333333,0.3333333333333333,0.6666666666666666,0.6666666666666666,0.44999999999999996,0.44999999999999996,0.3333333333333333,0.3333333333333333,0.20614035087719296,0.14912280701754385,0.057017543859649106,0.15789473684210525,0.0,0.3333333333333333,0.4444444444444444,0.039473684210526314,0.9206589250494277,0.8814035863089564,0.0,0.0,0.0,0.0
su9_vj_0319,chuong_cu,0.0,0.0,0.0,0.0,,,0.0,0.0,0.0,0.0,0.0,0.0,0.0,0.0,0.0,0.0,0.0,,0.020833333333333332,,0.08333333333333333,0.0,0.0,,0.0,0.9437300603039759,0.9524755210020314,,0.0,0.0,0.0
su9_vj_0320,chuong_cu,1.0,2.0,2.0,0.75,1.375,,0.0,0.0,0.0539838337182448,0.3333333333333333,0.2222222222222222,0.75,0.5416666666666666,0.44999999999999996,0.3499999999999999,0.5,0.3333333333333333,0.2525,0.10833333333333334,0.14416666666666667,0.1,0.0,0.5,0.31666666666666665,0.04583333333333334,0.9504699466904898,0.9235405123513162,0.08333333333333333,0.0,0.0,0.0
su9_vj_0321,chuong_cu,1.0,1.0,1.0,1.0,2.0,,0.0,0.0,0.002886836027713626,0.0,0.0,0.3333333333333333,0.2222222222222222,0.2,0.20000000000000004,0.25,0.25,0.2052450980392157,0.09191176470588236,0.11333333333333334,0.11764705882352941,0.0,0.25,0.24444444444444446,0.02941176470588236,0.9139475335905781,0.8542386471497795,0.2222222222222222,0.0,0.0,0.0
su9_vj_0322,chuong_cu,1.0,1.0,1.0,1.0,2.0,,0.0,0.0,0.005196304849884526,0.0,0.0,0.25,0.16666666666666666,0.2,0.20000000000000004,0.0,0.0,0.1,0.0,0.1,0.0,0.0,0.0,0.3333333333333333,0.0,0.946957480997892,0.8432682236369557,0.27777777777777773,0.0,0.0,0.0
su9_vj_0323,chuong_cu,0.5,1.0,1.0,1.0,3.0,3.0,0.0,0.0,0.037528868360277134,0.0,0.0,0.3333333333333333,0.1111111111111111,0.2,0.06666666666666667,0.6666666666666666,0.6666666666666666,,0.3871212121212121,,0.18181818181818182,0.5,0.6666666666666666,,0.3871212121212121,0.9219301371482265,0.9467811122496866,0.16666666666666666,0.0,0.0,0.0
su9_vj_0324,chuong_cu,0.75,0.0,1.0,1.0,3.6666666666666665,3.0,0.0,0.0,0.007698229407236335,0.0,0.0,0.0,0.0,0.0,0.0,0.0,0.3333333333333333,0.14256410256410257,0.23717948717948717,-0.0946153846153846,0.07692307692307693,0.0,0.0,0.17777777777777778,0.1362179487179487,0.927503437610393,0.9383646780196445,,0.0,0.0,0.0
su9_vj_0325,chuong_cu,1.0,2.0,2.0,0.875,1.875,,0.0,0.0,0.02598152424942263,0.2,0.06666666666666667,0.5,0.2222222222222222,0.44999999999999996,0.22777777777777777,0.0,1.0,0.15666666666666665,0.6333333333333333,-0.4766666666666667,0.0,0.0,0.2,0.2888888888888889,0.5833333333333333,0.9237821118881313,0.9488397416621193,0.16666666666666666,0.0,0.0,0.0
su9_vj_0326,chuong_cu,1.0,2.0,1.6666666666666667,1.0,2.0,,0.0,0.0,0.028373474100956777,0.0,0.0,0.29166666666666663,0.19444444444444442,0.15000000000000002,0.15000000000000002,0.3333333333333333,1.0,0.25060897435897433,0.6961538461538461,-0.4455448717948718,0.23076923076923078,0.0,0.3333333333333333,0.26944444444444443,0.5951923076923077,0.9377020095957581,0.9241836383913009,0.19444444444444442,0.0,0.0,0.0
su9_vj_0327,chuong_cu,0.75,1.0,0.6666666666666666,1.0,4.333333333333333,3.0,0.0,0.0,0.008468052347959968,0.0,0.0,0.0,0.0,0.2,0.08888888888888889,0.0,0.2222222222222222,0.20293650793650791,0.11984126984126985,0.08309523809523807,0.14285714285714285,0.0,0.18888888888888888,0.2,0.10793650793650794,0.9267456689411715,0.9351869691360432,0.41666666666666663,0.0,0.0,0.0
su9_vj_0328,chuong_cu,1.0,1.0,1.6666666666666667,0.3333333333333333,1.0,,0.0,0.0,0.020015396458814474,1.0,0.6666666666666666,1.0,1.0,0.7,0.6999999999999998,0.25,0.25,0.0625,0.0625,0.0,0.0,0.0,0.25,1.0,0.0,0.9415579892189708,0.9196125095426283,0.0,0.0,0.0,0.0
su9_vj_0329,chuong_cu,1.0,1.0,1.0,0.75,4.0,3.0,0.0,0.0,0.008083140877598151,0.0,0.0,0.3333333333333333,0.1111111111111111,0.2,0.11111111111111112,0.29166666666666663,0.41666666666666663,0.17791666666666667,0.16666666666666666,0.01125000000000001,0.1,0.0,0.29166666666666663,0.4666666666666666,0.09166666666666666,0.9153234702108918,0.9209431872951874,0.3333333333333333,0.0,0.0,0.0
su9_vj_0330,chuong_cu,1.0,1.0,1.3333333333333333,1.0,3.0,3.0,0.0,0.0,0.03510392609699769,0.0,0.0,0.0,0.0,0.2,0.10000000000000002,0.0,0.75,0.1568452380952381,0.4201923076923077,-0.2633470695970696,0.0,0.0,0.16666666666666666,0.23214285714285712,0.3639423076923077,0.9217102823526161,0.9227255579940764,0.4166666666666667,0.0,0.0,0.0
su9_vj_0331,chuong_cu,0.5,0.0,0.6666666666666666,1.0,4.0,3.0,0.0,0.0,0.010392609699769052,0.0,0.0,0.0,0.0,0.0,0.0,0.0,0.16666666666666666,0.17555555555555555,0.08055555555555555,0.095,0.2222222222222222,0.0,0.0,0.2,0.08055555555555555,0.9269412323097743,0.9181634217997271,,0.0,0.0,0.0
su9_vj_0332,chuong_cu,0.75,0.0,1.3333333333333333,1.0,2.0,,0.0,0.25,0.012702078521939953,0.0,0.0,0.0,0.0,0.0,0.0,0.0,0.5,0.11517857142857144,0.125,-0.009821428571428564,0.0,0.0,0.0,0.23214285714285712,0.0630952380952381,0.9328412472989323,0.9397721659128009,,0.0,0.0,0.0
su9_vj_0333,chuong_cu,0.5,2.0,0.3333333333333333,1.0,4.333333333333333,3.0,0.0,0.0,0.008468052347959968,0.0,0.0,0.0,0.0,0.06666666666666667,0.022222222222222223,0.25,0.29166666666666663,,0.10416666666666666,,0.125,0.0,0.25,,0.10416666666666666,0.9269232247892267,0.9268990230387599,0.4166666666666667,0.0,0.0,0.0
su9_vj_0334,chuong_cu,0.75,1.0,1.0,1.0,1.5,,0.0,0.0,0.006928406466512702,0.0,0.0,0.25,0.08333333333333333,0.2,0.10000000000000002,0.3333333333333333,0.25,0.275,0.1125,0.16250000000000003,0.26666666666666666,0.0,0.3333333333333333,0.16666666666666666,0.1125,0.9301006273094689,0.9076051399956342,0.33333333333333337,0.0,0.0,0.0
su9_vj_0335,chuong_cu,1.0,1.0,1.3333333333333333,1.0,2.3333333333333335,,2.0,0.25,0.013394919168591224,0.0,0.0,0.3333333333333333,0.19444444444444442,0.0,0.0,0.3333333333333333,0.5,0.19416666666666665,0.12878787878787878,0.06537878787878787,0.0,0.0,0.3333333333333333,0.2611111111111111,0.0037878787878787845,0.9305399547129183,0.9312878478848464,0.25,0.0,0.0,0.0
su9_vj_0336,chuong_cu,1.0,2.0,2.6666666666666665,0.5,2.0,,0.0,0.0,0.027251732101616626,0.3333333333333333,0.19444444444444442,0.6666666666666666,0.5555555555555555,0.44999999999999996,0.36666666666666664,0.3333333333333333,0.3333333333333333,0.22499999999999998,0.16666666666666666,0.05833333333333332,0.26666666666666666,0.0,0.3333333333333333,0.5,0.033333333333333326,0.9187533082455287,0.8936416848557004,0.05555555555555555,0.0,0.0,0.0
su9_vj_0337,chuong_cu,1.0,1.0,1.3333333333333333,0.8,1.0,,0.0,0.0,0.010161662817551962,0.0,0.0,0.3333333333333333,0.3055555555555555,0.2,0.20000000000000004,0.41666666666666663,0.29166666666666663,0.18583333333333335,0.07291666666666666,0.11291666666666669,0.0,0.0,0.41666666666666663,0.45555555555555555,0.016666666666666656,0.8991754307963434,0.9575519996590232,0.19444444444444442,0.0,0.0,0.0
su9_vj_0338,chuong_cu,1.0,1.0,1.3333333333333333,0.8,2.4,,0.0,0.0,0.027713625866050806,0.0,0.0,0.3333333333333333,0.1111111111111111,0.2,0.16666666666666666,0.08333333333333333,0.47916666666666663,0.19374999999999998,0.24479166666666666,-0.05104166666666668,0.25,0.0,0.22499999999999998,0.5,0.15104166666666666,0.9103084903175345,0.8097833380098273,0.27777777777777773,0.0,0.0,0.0
su9_vj_0339,chuong_cu,0.5,0.0,0.6666666666666666,1.0,1.0,,0.0,0.0,0.017321016166281757,0.0,0.0,0.0,0.0,0.0,0.0,0.0,0.0,0.11249999999999999,0.05,0.062499999999999986,0.0,0.0,0.0,0.25,0.05,0.937545897006384,0.9455554182487493,,0.0,0.0,0.0
su9_vj_0340,chuong_cu,1.0,1.0,1.0,1.0,1.75,,0.0,0.0,0.03637413394919168,0.0,0.0,0.3333333333333333,0.3055555555555555,0.2,0.16666666666666666,0.0,0.3333333333333333,0.22559523809523807,0.15714285714285714,0.06845238095238093,0.2857142857142857,0.0,0.2,0.3055555555555555,0.03571428571428571,0.9339547532874236,0.8258718295620197,0.19444444444444442,0.0,0.0,0.0
su9_vj_0341,chuong_cu,0.5,0.0,0.6666666666666666,1.0,1.0,,0.0,0.0,0.018475750577367205,0.0,0.0,0.0,0.0,0.0,0.0,0.0,0.0,0.12,0.05,0.06999999999999999,0.0,0.0,0.0,0.2,0.05,0.9091241454843225,0.9455554182487493,,0.0,0.0,0.0
su9_vj_0342,chuong_cu,1.0,1.0,1.0,0.75,1.0,,0.0,0.0,0.010392609699769052,0.0,0.0,0.3333333333333333,0.2222222222222222,0.2,0.20000000000000004,0.125,0.375,0.13208333333333333,0.09375,0.03833333333333333,0.0,0.0,0.20833333333333331,0.4666666666666666,0.04166666666666667,0.9225726912240345,0.931742179496427,0.2222222222222222,0.0,0.0,0.0
su9_vj_0343,chuong_cu,1.0,1.0,1.3333333333333333,1.0,3.0,3.0,0.0,0.0,0.03510392609699769,0.0,0.0,0.0,0.0,0.2,0.10000000000000002,0.0,0.75,0.15416666666666665,0.41607142857142854,-0.26190476190476186,0.0,0.0,0.16666666666666666,0.25,0.3598214285714285,0.9136208418610928,0.9227255579940764,0.4166666666666667,0.0,0.0,0.0
su9_vj_0344,chuong_cu,0.75,1.0,0.6666666666666666,0.3333333333333333,1.0,,0.0,0.0,0.12702078521939952,1.0,0.6666666666666666,1.0,0.6666666666666666,0.7,0.4666666666666666,0.5277777777777778,0.5277777777777778,0.33194444444444443,0.3423611111111111,-0.010416666666666685,0.3333333333333333,0.3333333333333333,0.5277777777777778,1.0,0.33194444444444443,0.9255203505306555,0.9418843259166442,0.0,0.0,0.0,0.0
su9_vj_0345,chuong_cu,0.75,1.0,1.0,1.0,2.25,,0.0,0.0,0.007505773672055427,0.0,0.0,0.0,0.0,0.2,0.10000000000000002,0.16666666666666666,0.6666666666666666,0.22833333333333333,0.3972222222222222,-0.16888888888888887,0.16666666666666666,0.0,0.26666666666666666,0.2,0.3833333333333333,0.9136510197844913,0.9087952070246001,0.3333333333333333,0.0,0.0,0.0
su9_vj_0346,chuong_cu,0.75,0.0,1.3333333333333333,1.0,2.75,,0.0,0.0,0.013856812933025405,0.0,0.0,0.0,0.0,0.0,0.0,0.0,0.0,0.12595238095238095,0.1,0.02595238095238095,0.0,0.0,0.0,0.16031746031746033,0.0642857142857143,0.9216450578410588,0.940323669382213,,0.0,0.0,0.0
su9_vj_0347,chuong_cu,1.0,1.0,1.3333333333333333,0.8,2.25,,0.0,0.0,0.014318706697459585,0.0,0.0,0.3333333333333333,0.19444444444444442,0.2,0.13333333333333333,0.1111111111111111,0.3333333333333333,0.1923611111111111,0.1222222222222222,0.07013888888888889,0.1,0.0,0.24444444444444446,0.2916666666666667,0.04999999999999999,0.9351891763005322,0.9363725003646345,0.25,0.0,0.0,0.0
su9_vj_0348,chuong_cu,0.75,1.0,0.6666666666666666,0.6666666666666666,2.0,,0.0,0.0,0.01924557351809084,0.0,0.0,0.0,0.0,0.0,0.0,0.16666666666666666,0.625,0.0625,0.3590277777777778,-0.2965277777777778,0.0,0.0,0.25,1.0,0.3590277777777778,0.9285380366474201,0.9507868128879098,0.4166666666666667,0.0,0.0,0.0
su9_vj_0349,chuong_cu,1.0,1.0,1.3333333333333333,0.6,1.6,,0.0,0.0,0.07852193995381061,0.0,0.0,0.3333333333333333,0.3333333333333333,0.1,0.10000000000000002,0.0,0.3333333333333333,0.07083333333333333,0.08333333333333333,-0.012499999999999997,0.08333333333333333,0.0,0.2,1.0,0.0,0.944657260118478,0.928253629924325,0.16666666666666666,0.0,0.0,0.0
su9_vj_0350,chuong_cu,1.0,1.0,1.0,1.0,2.0,,2.0,0.0,0.018475750577367205,0.0,0.0,0.5,0.27777777777777773,0.0,0.0,0.3333333333333333,0.5,0.20666666666666667,0.125,0.08166666666666667,0.08333333333333333,0.0,0.3333333333333333,0.31666666666666665,0.04166666666666667,0.9219887013658622,0.8883051724429999,0.19444444444444442,0.0,0.0,0.0
su9_vj_0351,chuong_cu,0.5,0.0,1.0,1.0,3.6666666666666665,3.0,0.0,0.0,0.007698229407236335,0.0,0.0,0.0,0.0,0.0,0.0,0.0,0.1111111111111111,0.1225,0.08464912280701753,0.03785087719298247,0.0,0.0,0.0,0.18333333333333335,0.08464912280701753,0.9202722018026601,0.9388447383425149,,0.0,0.0,0.0
su9_vj_0352,chuong_cu,0.75,1.0,0.6666666666666666,1.0,2.6666666666666665,3.0,0.0,0.0,0.04541955350269438,0.0,0.0,0.3333333333333333,0.2222222222222222,0.1,0.05000000000000001,0.29166666666666663,0.6666666666666666,0.17291666666666666,0.36798245614035086,-0.1950657894736842,0.0,0.0,0.29166666666666663,0.3333333333333333,0.35482456140350876,0.9257934217057063,0.9266421667793386,0.16666666666666666,0.0,0.0,0.0
su9_vj_0353,chuong_cu,0.5,0.0,0.6666666666666666,1.0,3.0,3.0,0.0,0.0,0.006928406466512702,0.0,0.0,0.0,0.0,0.0,0.0,0.0,0.3333333333333333,0.12,0.20719696969696969,-0.08719696969696969,0.0,0.0,0.0,0.2,0.19583333333333333,0.9201204034185392,0.9305136643734738,,0.0,0.0,0.0
su9_vj_0354,chuong_cu,0.25,0.0,0.3333333333333333,1.0,1.0,,0.0,0.0,0.12702078521939952,0.0,0.0,0.0,0.0,0.0,0.0,0.0,0.25,,0.0625,,0.1111111111111111,0.0,0.0,,0.034722222222222224,0.9293078539967541,0.9350346421078116,,0.0,0.0,0.0
su9_vj_0355,chuong_cu,0.75,1.0,0.6666666666666666,0.6666666666666666,1.6666666666666667,,0.0,0.0,0.008468052347959968,1.0,0.3333333333333333,1.0,0.3333333333333333,0.7,0.25555555555555554,0.4166666666666667,0.4166666666666667,0.39662698412698416,0.26805555555555555,0.12857142857142861,0.13333333333333333,0.3333333333333333,0.47222222222222215,0.14285714285714285,0.26805555555555555,0.9225297939434545,0.9329287394163338,0.25,0.0,0.0,0.0
su9_vj_0356,chuong_cu,0.0,0.0,0.0,0.0,,,0.0,0.0,0.0,0.0,0.0,0.0,0.0,0.0,0.0,0.0,0.0,,0.0,,0.0,0.0,0.0,,0.0,0.9159795693485165,0.8629077066945078,,0.0,0.0,0.0
su9_vj_0357,chuong_cu,1.0,1.0,1.0,1.0,1.0,,0.0,0.0,0.006928406466512702,0.0,0.0,0.25,0.16666666666666666,0.2,0.20000000000000004,0.0,0.0,0.10833333333333335,0.0,0.10833333333333335,0.0,0.0,0.0,0.27777777777777773,0.0,0.9202624848401596,0.8935502920902684,0.27777777777777773,0.0,0.0,0.0
su9_vj_0358,chuong_cu,0.5,0.0,0.6666666666666666,1.0,5.0,3.0,0.0,0.0,0.005773672055427252,0.0,0.0,0.0,0.0,0.0,0.0,0.0,0.25,0.1285714285714286,0.09821428571428571,0.030357142857142874,0.0,0.0,0.0,0.14285714285714285,0.0625,0.9321729418930903,0.9352835436070074,,0.0,0.0,0.0
su9_vj_0359,chuong_cu,0.75,0.0,2.0,1.0,2.25,,0.0,0.16666666666666666,0.009237875288683603,0.0,0.0,0.0,0.0,0.0,0.0,0.0,0.0,0.11624999999999999,0.0,0.11624999999999999,0.0,0.0,0.0,0.225,0.0,0.9447973873463548,0.9572522071271754,,0.0,0.0,0.0
su9_vj_0360,chuong_cu,0.5,0.0,1.0,1.0,1.6666666666666667,,0.0,0.0,0.013856812933025403,0.0,0.0,0.0,0.0,0.0,0.0,0.0,0.3333333333333333,0.1225,0.08333333333333333,0.03916666666666667,0.0,0.0,0.0,0.18333333333333335,0.08333333333333333,0.9504418451367536,0.9472817855298779,,0.0,0.0,0.0
su9_vj_0361,chuong_cu,1.0,1.0,1.3333333333333333,0.4,3.0,,0.0,0.0,0.006466512702078521,1.0,0.8333333333333334,1.0,1.0,0.7,0.6999999999999998,0.3333333333333333,0.3333333333333333,0.10833333333333332,0.08333333333333333,0.024999999999999994,0.0,0.0,0.3333333333333333,0.8333333333333334,0.0,0.9308825042268603,0.9493548272995014,0.0,0.0,0.0,0.0
su9_vj_0362,chuong_cu,0.0,0.0,0.0,0.0,,,0.0,0.0,0.0,0.0,0.0,0.0,0.0,0.0,0.0,0.0,0.0,,0.022727272727272728,,0.09090909090909091,0.0,0.0,,0.0,0.9424529748605776,0.8842438004395351,,0.0,0.0,0.0
su9_vj_0363,chuong_cu,0.5,2.0,0.3333333333333333,1.0,2.6666666666666665,3.0,0.0,0.0,0.056966897613548874,0.0,0.0,0.125,0.041666666666666664,0.045000000000000005,0.015000000000000001,1.0,0.25,,0.0625,,0.2,1.0,1.0,,0.0375,0.9309803485503445,0.9347131239521524,0.25,0.0,0.0,0.0
su9_vj_0364,chuong_cu,0.0,0.0,0.0,0.0,,,0.0,0.0,0.0,0.0,0.0,0.0,0.0,0.0,0.0,0.0,0.0,,0.0,,0.125,0.0,0.0,,0.0,0.9471309149398522,0.9455931440881837,,0.0,0.0,0.0
su9_vj_0365,chuong_cu,0.75,1.0,1.0,0.5,1.75,,0.0,0.0,0.0040415704387990765,1.0,0.5,1.0,0.6666666666666666,0.7,0.4666666666666666,0.3333333333333333,0.3333333333333333,0.3503968253968254,0.2928571428571428,0.05753968253968256,0.19047619047619047,0.3333333333333333,0.4444444444444445,0.5,0.269047619047619,0.9406380339311236,0.9571475301704818,0.0,0.0,0.0,0.0
su9_vj_0366,chuong_cu,0.5,1.0,0.3333333333333333,1.0,2.5,,0.0,0.0,0.016166281755196306,0.0,0.0,0.0,0.0,0.1,0.03333333333333333,0.0,0.0,,0.041666666666666664,,0.0,0.0,0.0,,0.041666666666666664,0.9202662036998536,0.9310504694116118,0.3333333333333333,0.0,0.0,0.0
su9_vj_0367,chuong_cu,1.0,2.0,1.6666666666666667,0.8571428571428571,3.1666666666666665,3.0,0.0,0.0,0.025404157043879907,0.3333333333333333,0.1111111111111111,0.5,0.3055555555555555,0.3833333333333333,0.1611111111111111,0.3333333333333333,1.0,0.17916666666666664,0.711111111111111,-0.5319444444444443,0.0,0.0,0.3333333333333333,0.3611111111111111,0.5722222222222222,0.9327797359052017,0.9185882824857339,0.13888888888888887,0.0,0.0,0.0
su9_vj_0368,chuong_cu,1.0,2.0,1.6666666666666667,0.7142857142857143,1.8571428571428572,,0.0,0.0,0.007258330583965688,0.5,0.25,0.5,0.3333333333333333,0.44999999999999996,0.3222222222222222,1.0,1.0,0.7427450980392156,0.6441176470588235,0.09862745098039216,0.11764705882352941,1.0,1.0,0.24444444444444446,0.5941176470588234,0.9286407148927226,0.9562278896136902,0.1111111111111111,0.0,0.0,0.0
su9_vj_0369,chuong_cu,0.25,0.0,0.3333333333333333,1.0,1.0,,0.0,0.0,0.004618937644341801,0.0,0.0,0.0,0.0,0.0,0.0,0.0,0.4444444444444444,,0.2737734487734488,,0.045454545454545456,0.0,0.0,,0.2737734487734488,0.9291435911119751,0.9603473083130524,,0.0,0.0,0.0
su9_vj_0370,chuong_cu,0.25,0.0,0.3333333333333333,1.0,1.0,,0.0,0.0,0.0023094688221709007,0.0,0.0,0.0,0.0,0.0,0.0,0.0,0.08333333333333333,,0.04513888888888889,,0.0,0.0,0.0,,0.034722222222222224,0.9333609717185019,0.9564697621159518,,0.0,0.0,0.0
su9_vj_0371,chuong_cu,1.0,1.0,1.6666666666666667,1.0,3.3333333333333335,3.0,0.0,0.4,0.014241724403387222,0.0,0.0,0.3333333333333333,0.3055555555555555,0.0,0.0,0.3333333333333333,0.3333333333333333,0.22749999999999998,0.11458333333333333,0.11291666666666665,0.125,0.0,0.3333333333333333,0.24722222222222223,0.02083333333333333,0.9270249459909131,0.8621759787216627,0.19444444444444442,0.0,0.0,0.0
su9_vj_0372,chuong_cu,0.5,1.0,0.3333333333333333,1.0,2.5,,0.0,0.0,0.006928406466512702,0.0,0.0,0.0,0.0,0.1,0.03333333333333333,0.0,0.0,,0.05,,0.0,0.0,0.0,,0.05,0.9203151833211404,0.9341252829480876,0.3333333333333333,0.0,0.0,0.0
su9_vj_0373,chuong_cu,0.75,2.0,0.6666666666666666,0.75,5.0,3.0,0.0,0.0,0.0023094688221709007,0.5,0.16666666666666666,0.6666666666666666,0.2222222222222222,0.44999999999999996,0.21666666666666665,0.19444444444444442,0.16666666666666666,0.2152777777777778,0.05833333333333333,0.15694444444444447,0.0,0.0,0.2611111111111111,0.0,0.05833333333333333,0.9218418359790014,0.9319468262086582,0.5,0.0,0.0,0.0
su9_vj_0374,chuong_cu,0.0,0.0,0.0,0.0,,,0.0,0.0,0.0,0.0,0.0,0.0,0.0,0.0,0.0,0.0,0.0,,0.03125,,0.0,0.0,0.0,,0.015625,0.9282996014513927,0.9287862304916892,,0.0,0.0,0.0
su9_vj_0375,chuong_cu,0.75,2.0,1.6666666666666667,0.5714285714285714,1.0,,0.0,0.0,0.008907951171230616,0.6666666666666666,0.2222222222222222,1.0,0.3888888888888889,0.7,0.3,0.29166666666666663,0.29166666666666663,0.17291666666666666,0.07291666666666666,0.1,0.0,0.0,0.29166666666666663,0.3333333333333333,0.07291666666666666,0.9216781830358032,0.9340798726022633,0.08333333333333333,0.0,0.0,0.0
su9_vj_0376,chuong_cu,0.25,1.0,0.0,1.0,4.0,,0.0,0.0,0.03926096997690531,0.0,0.0,0.0,0.0,0.0,0.0,0.0,0.0,,0.013888888888888888,,0.0,0.0,0.16666666666666666,,0.013888888888888888,0.9230503795651384,0.9154730174072845,,0.0,0.0,0.0
su9_vj_0377,chuong_cu,0.25,1.0,0.0,1.0,5.0,3.0,0.0,0.0,0.0069284064665127015,0.0,0.0,0.0,0.0,0.0,0.0,0.0,0.0,,0.013157894736842105,,0.0,0.0,0.16666666666666666,,0.013157894736842105,0.9230426588449806,0.746411161145621,,0.0,0.0,0.0
su9_vj_0378,chuong_cu,1.0,1.0,1.6666666666666667,0.5,4.0,3.0,0.0,0.0,0.008083140877598151,0.5,0.3333333333333333,1.0,0.6666666666666666,0.7,0.5333333333333333,0.0,0.0,0.1261904761904762,0.05,0.07619047619047618,0.0,0.0,0.17142857142857143,0.4444444444444444,0.004166666666666666,0.9299165375541076,0.9224032709085285,0.16666666666666666,0.0,0.0,0.0
su9_vj_0379,chuong_cu,1.0,2.0,1.0,1.0,2.2,,0.0,0.0,0.004618937644341801,0.0,0.0,0.0,0.0,0.15000000000000002,0.15000000000000002,0.0,0.0,0.20882352941176469,0.04411764705882353,0.16470588235294115,0.23529411764705882,0.0,0.0,0.0,0.01470588235294118,0.9136508290229758,0.9500364702290838,0.7777777777777778,0.0,0.0,0.0
su9_vj_0380,chuong_cu,0.75,0.0,1.0,1.0,3.6666666666666665,3.0,0.0,0.0,0.0023094688221709007,0.0,0.0,0.0,0.0,0.0,0.0,0.0,0.0,0.11666666666666667,0.03333333333333333,0.08333333333333334,0.0,0.0,0.0,0.2222222222222222,0.0,0.9305523127491963,0.9485462222322986,,0.0,0.0,0.0
su9_vj_0381,chuong_cu,0.75,2.0,0.6666666666666666,1.0,1.5,,0.0,0.0,0.011547344110854504,0.0,0.0,0.0,0.0,0.15000000000000002,0.10000000000000002,0.0,0.0,0.1557142857142857,0.060897435897435896,0.09481684981684979,0.0,0.0,0.14285714285714285,0.2,0.060897435897435896,0.9318436288753574,0.9596672718446525,0.4166666666666667,0.0,0.0,0.0
su9_vj_0382,chuong_cu,0.25,1.0,0.0,1.0,,,0.0,0.0,0.0069284064665127015,0.0,0.0,0.0,0.0,0.0,0.0,0.25,0.0,,0.020833333333333332,,0.0,0.0,0.25,,0.020833333333333332,0.928871242320542,0.9646860508000817,,0.0,0.0,0.0
su9_vj_0383,chuong_cu,0.75,1.0,1.0,1.0,3.25,3.0,0.0,0.0,0.015011547344110854,0.0,0.0,0.25,0.08333333333333333,0.06666666666666667,0.03888888888888889,0.25,0.0625,0.31288919413919414,0.07923534798534798,0.23365384615384616,0.038461538461538464,0.25,0.3630952380952381,0.16666666666666666,0.06961996336996337,0.9146885562134954,0.9389853544793902,0.29166666666666663,0.0,0.0,0.0
su9_vj_0384,chuong_cu,0.75,1.0,0.6666666666666666,1.0,2.6666666666666665,3.0,0.0,0.0,0.003079291762894534,0.0,0.0,0.25,0.08333333333333333,0.06666666666666667,0.03888888888888889,0.0,0.0,0.15,0.0,0.15,0.1,0.0,0.0,0.16666666666666666,0.0,0.9273067319446127,0.9636432712939161,0.29166666666666663,0.0,0.0,0.0
su9_vj_0385,chuong_cu,0.5,2.0,0.3333333333333333,1.0,3.3333333333333335,3.0,0.0,0.0,0.0069284064665127015,0.0,0.0,0.125,0.041666666666666664,0.07500000000000001,0.025000000000000005,0.0,0.0,,0.0625,,0.125,0.0,0.0,,0.03125,0.9358107793921745,0.9344490480684975,0.25,0.0,0.0,0.0
su9_vj_0386,chuong_cu,0.5,2.0,0.3333333333333333,1.0,5.0,3.0,0.0,0.0,0.004618937644341801,0.0,0.0,0.0,0.0,0.2,0.06666666666666667,0.25,0.0,,0.05,,0.07692307692307693,0.0,0.25,,0.05,0.9314882786259425,0.9305408295882865,0.5,0.0,0.0,0.0
su9_vj_0387,chuong_cu,1.0,2.0,2.6666666666666665,0.4,3.1,3.0,0.0,0.0,0.017551963048498844,0.6666666666666666,0.4166666666666667,1.0,0.7222222222222222,0.7,0.5,0.0,0.0,0.125,0.05,0.075,0.0,0.0,0.16666666666666666,0.4444444444444444,0.008333333333333338,0.939361496868321,0.9296075775041843,0.0,0.0,0.0,0.0
su9_vj_0388,chuong_cu,1.0,1.0,1.3333333333333333,0.4,1.8,3.0,0.0,0.0,0.009699769053117783,1.0,0.8333333333333334,1.0,1.0,0.7,0.6999999999999998,0.5,0.625,0.35624999999999996,0.39375,-0.03750000000000003,0.125,0.5,0.6,1.0,0.03750000000000003,0.9133743027504728,0.9293449043884718,0.0,0.0,0.0,0.0
su9_vj_0389,chuong_cu,0.75,0.0,1.0,1.0,2.3333333333333335,,0.0,0.0,0.018475750577367205,0.0,0.0,0.0,0.0,0.0,0.0,0.0,0.3333333333333333,0.16346153846153846,0.15865384615384615,0.004807692307692318,0.15384615384615385,0.0,0.0,0.16666666666666666,0.08942307692307691,0.9184694889980539,0.91824697562682,,0.0,0.0,0.0
su9_vj_0390,chuong_cu,0.0,0.0,0.0,0.0,,,0.0,0.0,0.0,0.0,0.0,0.0,0.0,0.0,0.0,0.0,0.0,,0.0,,0.0,0.0,0.0,,0.0,0.9431115978322178,0.9299938948029575,,0.0,0.0,0.0
su9_vj_0391,chuong_cu,0.75,1.0,1.0,1.0,2.6666666666666665,3.0,0.0,0.0,0.008083140877598153,0.0,0.0,0.25,0.16666666666666666,0.0,0.0,0.625,0.25,0.5349999999999999,0.0875,0.4474999999999999,0.3125,0.5,0.625,0.1625,0.0875,0.9203115294994713,0.9471655055275793,0.25,0.0,0.0,0.0
su9_vj_0392,chuong_cu,0.5,1.0,0.6666666666666666,1.0,3.3333333333333335,3.0,0.0,0.0,0.0069284064665127015,0.0,0.0,0.0,0.0,0.1,0.03333333333333333,0.5,0.0,,0.06666666666666667,,0.13333333333333333,0.0,0.5,,0.03333333333333333,0.9174926479112979,0.9317223062641444,0.4166666666666667,0.0,0.0,0.0
su9_vj_0393,chuong_cu,1.0,1.0,1.0,1.0,3.0,3.0,0.0,0.0,0.010392609699769052,0.0,0.0,0.0,0.0,0.2,0.13333333333333333,0.29166666666666663,0.29166666666666663,0.18624999999999997,0.14434523809523808,0.04190476190476189,0.0,0.0,0.29166666666666663,0.24444444444444446,0.07142857142857142,0.9327518334269446,0.935565069452142,0.3333333333333333,0.0,0.0,0.0
su9_vj_0394,chuong_cu,0.75,1.0,1.0,1.0,3.25,3.0,0.0,0.0,0.005196304849884526,0.0,0.0,0.0,0.0,0.1,0.05555555555555556,0.29166666666666663,0.41666666666666663,0.19791666666666666,0.10416666666666666,0.09375,0.0,0.0,0.29166666666666663,0.16666666666666666,0.048611111111111105,0.8985543743712322,0.9315899517385096,0.375,0.0,0.0,0.0
su9_vj_0395,chuong_cu,0.5,1.0,0.3333333333333333,1.0,4.0,3.0,0.0,1.0,0.011547344110854502,0.0,0.0,0.0,0.0,0.0,0.0,0.1111111111111111,0.1111111111111111,,0.08015873015873015,,0.0,0.0,0.2333333333333333,,0.06825396825396825,0.9208150235749823,0.7291192877553808,0.5,0.0,0.0,0.0
su9_vj_0396,chuong_cu,1.0,2.0,2.3333333333333335,0.6666666666666666,2.4285714285714284,,0.5,0.0,0.009237875288683603,0.3333333333333333,0.19444444444444442,0.625,0.4583333333333333,0.35,0.26666666666666666,1.0,1.0,0.7454545454545455,0.6454545454545455,0.09999999999999998,0.18181818181818182,1.0,1.0,0.3333333333333333,0.6037878787878789,0.9385487672210737,0.9494843323613201,0.08333333333333333,0.0,0.0,0.0
su9_vj_0397,chuong_cu,1.0,1.0,1.0,0.5,5.0,3.0,0.0,0.0,0.004618937644341801,1.0,0.6666666666666666,1.0,0.75,0.5,0.3333333333333333,0.0,0.0,0.11071428571428571,0.03571428571428571,0.075,0.14285714285714285,0.0,0.0,0.5,0.03571428571428571,0.9441737802038023,0.9434294534943803,0.08333333333333333,0.0,0.0,0.0
su9_vj_0398,chuong_cu,1.0,1.0,3.0,1.0,2.0,3.0,0.0,0.2222222222222222,0.022170900692840646,0.0,0.0,0.3333333333333333,0.3055555555555555,0.2,0.16666666666666666,0.25,0.5,0.19281655844155843,0.17424242424242425,0.018574134199134174,0.09090909090909091,0.0,0.25,0.28273809523809523,0.0681818181818182,0.9131348976514372,0.9321671158191154,0.19444444444444442,0.0,0.0,0.0
su9_vj_0399,chuong_cu,1.0,1.0,1.6666666666666667,0.5,2.0,,0.0,0.0,0.008468052347959968,1.0,0.3333333333333333,1.0,0.3333333333333333,0.7,0.3,0.16666666666666666,0.5,0.19404761904761902,0.42500000000000004,-0.23095238095238102,0.2,0.0,0.23809523809523808,0.4365079365079365,0.3154761904761905,0.9249259283286937,0.9540569465992085,0.2777777777777778,0.0,0.0,0.0
su9_vj_0400,chuong_cu,0.75,1.0,0.6666666666666666,1.0,2.0,,0.0,0.0,0.004618937644341801,0.0,0.0,0.3333333333333333,0.2222222222222222,0.2,0.13333333333333333,0.0,0.25,0.15000000000000002,0.09027777777777778,0.059722222222222246,0.0,0.0,0.2,0.3333333333333333,0.09027777777777778,0.9468533963594304,0.7129838469241873,0.16666666666666666,0.0,0.0,0.0
su9_vj_0401,chuong_cu,1.0,2.0,1.6666666666666667,0.5714285714285714,1.0,,0.0,0.0,0.00395908940943583,0.5,0.38888888888888884,0.625,0.625,0.44999999999999996,0.44999999999999996,1.0,1.0,0.6666666666666666,0.6416666666666666,0.025000000000000022,0.16666666666666666,1.0,1.0,0.8333333333333334,0.0,0.9481502662616882,0.9661571469415946,0.0,0.0,0.0,0.0
su9_vj_0402,chuong_cu,1.0,1.0,1.0,0.5,2.0,,0.0,0.0,0.0040415704387990765,1.0,0.6666666666666666,1.0,0.6666666666666666,0.5,0.3333333333333333,0.0,0.0,0.08000000000000002,0.0,0.08000000000000002,0.0,0.0,0.0,0.4666666666666666,0.0,0.9495204933689648,0.9646452057030362,0.1111111111111111,0.0,0.0,0.0
su9_vj_0403,chuong_cu,1.0,1.0,1.6666666666666667,0.8333333333333334,2.8,3.0,0.0,0.2,0.008083140877598151,0.0,0.0,0.25,0.16666666666666666,0.1,0.10000000000000002,0.2222222222222222,0.3333333333333333,0.1949007936507936,0.26111111111111107,-0.06621031746031747,0.1111111111111111,0.0,0.27777777777777773,0.34880952380952385,0.21666666666666662,0.9245268914776137,0.9290978172127722,0.3055555555555556,0.0,0.0,0.0
su9_vj_0404,chuong_cu,1.0,3.0,2.3333333333333335,0.6,2.1,3.0,0.0,0.0,0.03418013856812933,0.5,0.25,0.7777777777777778,0.49074074074074076,0.5333333333333333,0.32592592592592595,1.0,1.0,0.7433712121212122,0.6454545454545455,0.09791666666666665,0.18181818181818182,1.0,1.0,0.34722222222222215,0.5829545454545455,0.9142059850412038,0.9452372464293047,0.08333333333333333,0.0,0.0,0.0
su9_vj_0405,chuong_cu,0.5,1.0,0.3333333333333333,1.0,2.5,3.0,0.0,0.0,0.06812933025404157,0.0,0.0,0.3333333333333333,0.1111111111111111,0.05,0.016666666666666666,0.4444444444444444,0.27777777777777773,,0.08415032679738561,,0.17647058823529413,0.3333333333333333,0.5111111111111111,,0.08415032679738561,0.9319317958945045,0.9666158143504786,0.16666666666666666,0.0,0.0,0.0
su9_vj_0406,chuong_cu,1.0,2.0,1.3333333333333333,1.0,2.2,,0.0,0.25,0.03695150115473441,0.0,0.0,0.3333333333333333,0.16666666666666666,0.125,0.09722222222222222,0.5,0.25,0.27267857142857144,0.0625,0.21017857142857144,0.1,0.0,0.5,0.18214285714285716,0.026785714285714288,0.9320040861849004,0.9212216401284261,0.25,0.0,0.0,0.0
su9_vj_0407,chuong_cu,0.25,2.0,0.0,1.0,5.0,3.0,0.0,0.0,0.005773672055427252,0.0,0.0,0.0,0.0,0.0,0.0,0.25,0.0,,0.0,,0.0,0.0,0.25,,0.0,0.9234805198842183,0.937020772215737,,0.0,0.0,0.0
su9_vj_0408,chuong_cu,1.0,3.0,2.0,0.8888888888888888,2.4444444444444446,3.0,0.0,0.0,0.01334359763920965,0.0,0.0,0.2222222222222222,0.12962962962962962,0.13333333333333333,0.1037037037037037,0.75,0.16666666666666666,0.5567982456140351,0.11169590643274854,0.4451023391812866,0.21052631578947367,0.6666666666666666,0.75,0.4444444444444444,0.053362573099415216,0.9303478901099959,0.9449013151547033,0.2222222222222222,0.0,0.0,0.0
su9_vj_0409,chuong_cu,1.0,1.0,2.0,0.42857142857142855,2.142857142857143,,0.0,0.0,0.008248102936324647,0.0,0.0,0.5,0.5,0.2,0.20000000000000004,0.27777777777777773,0.4166666666666667,0.10396825396825396,0.3061507936507936,-0.20218253968253966,0.07142857142857142,0.0,0.3444444444444444,1.0,0.01785714285714285,0.9353578752069021,0.9439479798237492,0.08333333333333333,0.0,0.0,0.0
su9_vj_0410,chuong_cu,0.75,2.0,0.6666666666666666,0.75,1.75,,0.0,0.0,0.009237875288683603,0.5,0.16666666666666666,0.625,0.20833333333333334,0.39999999999999997,0.1611111111111111,0.25,0.25,0.1910714285714286,0.10416666666666666,0.08690476190476193,0.0,0.0,0.25,0.14285714285714285,0.04166666666666666,0.9288136878259872,0.9315911092238558,0.16666666666666666,0.0,0.0,0.0
su9_vj_0411,chuong_cu,1.0,1.0,1.0,1.0,1.5,,0.0,0.0,0.004618937644341801,0.0,0.0,0.3333333333333333,0.19444444444444442,0.2,0.13333333333333333,0.41666666666666663,0.41666666666666663,0.24821428571428572,0.10863095238095237,0.13958333333333334,0.14285714285714285,0.0,0.41666666666666663,0.27777777777777773,0.05238095238095237,0.9352274463766684,0.960464640592895,0.25,0.0,0.0,0.0
su9_vj_0412,chuong_cu,0.0,0.0,0.0,0.0,,,0.0,0.0,0.0,0.0,0.0,0.0,0.0,0.0,0.0,0.0,0.0,,0.02,,0.08,0.0,0.0,,0.02,0.9224154130593746,0.9399601591084012,,0.0,0.0,0.0
su9_vj_0413,chuong_cu,0.25,0.0,0.3333333333333333,1.0,2.0,,0.0,0.0,0.013856812933025403,0.0,0.0,0.0,0.0,0.0,0.0,0.0,0.25,,0.10416666666666666,,0.0,0.0,0.0,,0.10416666666666666,0.9266369722658497,0.9339666946658144,,0.0,0.0,0.0
su9_vj_0414,chuong_cu,0.25,1.0,0.0,1.0,2.0,,0.0,0.0,0.011547344110854504,0.0,0.0,0.0,0.0,0.0,0.0,0.29166666666666663,0.0,,0.0,,0.0,0.0,0.29166666666666663,,0.0,0.9217792813160809,0.9394498176291167,,0.0,0.0,0.0
su9_vj_0415,chuong_cu,1.0,3.0,1.3333333333333333,0.7142857142857143,3.142857142857143,3.0,0.0,0.0,0.006928406466512702,0.25,0.08333333333333333,0.4166666666666667,0.1388888888888889,0.28888888888888886,0.1311111111111111,0.16666666666666666,0.125,0.1951831501831502,0.0717032967032967,0.12347985347985349,0.07692307692307693,0.0,0.26666666666666666,0.2714285714285714,0.01961996336996337,0.9146630404890554,0.9370055670461094,0.2222222222222222,0.0,0.0,0.0
su9_vj_0416,chuong_cu,0.25,1.0,0.0,1.0,2.0,,0.0,0.0,0.009237875288683603,0.0,0.0,0.0,0.0,0.0,0.0,1.0,0.0,,0.0,,0.0,1.0,1.0,,0.0,0.9459836245841066,0.9408295559391794,,0.0,0.0,0.0
su9_vj_0417,chuong_cu,0.75,1.0,0.6666666666666666,1.0,1.0,,0.0,0.0,0.006158583525789068,0.0,0.0,0.3333333333333333,0.19444444444444442,0.2,0.13333333333333333,0.3333333333333333,0.3333333333333333,0.1958333333333333,0.08333333333333333,0.11249999999999998,0.0,0.0,0.3333333333333333,0.25,0.08333333333333333,0.935846364396574,0.6349011101478418,0.20833333333333331,0.0,0.0,0.0
su9_vj_0418,chuong_cu,1.0,1.0,1.3333333333333333,1.0,2.0,,0.0,0.0,0.0069284064665127015,0.0,0.0,0.3333333333333333,0.3333333333333333,0.2,0.20000000000000004,0.3333333333333333,0.5,0.23503787878787877,0.14772727272727273,0.08731060606060603,0.18181818181818182,0.0,0.3333333333333333,0.2916666666666667,0.08522727272727273,0.9383823283723776,0.9026802246610779,0.16666666666666666,0.0,0.0,0.0
su9_vj_0419,chuong_cu,1.0,2.0,2.3333333333333335,0.5555555555555556,1.75,,0.0,0.0,0.022068257634077493,0.25,0.08333333333333333,0.75,0.4583333333333333,0.35,0.14444444444444443,1.0,1.0,0.7305555555555555,0.6555555555555556,0.07499999999999996,0.2222222222222222,1.0,1.0,0.5,0.6138888888888889,0.9433574188025143,0.9570436340594874,0.05555555555555555,0.0,0.0,0.0
su9_vj_0420,chuong_cu,1.0,1.0,1.3333333333333333,0.8,1.75,,1.0,0.0,0.020785219399538108,0.0,0.0,0.25,0.08333333333333333,0.0,0.0,0.0,0.41666666666666663,0.14583333333333334,0.15416666666666667,-0.008333333333333331,0.1,0.0,0.2,0.5277777777777778,0.0,0.9282890955410528,0.9325688660750076,0.3055555555555555,0.0,0.0,0.0
su9_vj_0421,chuong_cu,1.0,2.0,1.0,0.4,2.0,,0.0,0.0,0.004157043879907621,0.5,0.5,0.6666666666666666,0.6666666666666666,0.44999999999999996,0.44999999999999996,0.16666666666666666,0.16666666666666666,0.21145833333333333,0.14479166666666665,0.06666666666666668,0.3125,0.0,0.26666666666666666,0.5555555555555555,0.06666666666666665,0.9354024464955211,0.9363079349739842,0.0,0.0,0.0,0.0
su9_vj_0422,chuong_cu,1.0,1.0,1.0,1.0,1.3333333333333333,,0.0,0.3333333333333333,0.007505773672055427,0.0,0.0,0.5,0.25,0.0,0.0,0.19444444444444442,0.27777777777777773,0.18472222222222223,0.08134920634920634,0.1033730158730159,0.05555555555555555,0.0,0.25,0.27777777777777773,0.020833333333333322,0.940162166611433,0.7751825277047243,0.2222222222222222,0.0,0.0,0.0
su9_vj_0423,chuong_cu,0.75,0.0,1.0,0.6666666666666666,3.3333333333333335,,0.0,0.0,0.020785219399538108,0.0,0.0,0.0,0.0,0.0,0.0,0.0,0.4444444444444444,0.10833333333333334,0.32499999999999996,-0.21666666666666662,0.16666666666666666,0.0,0.0,0.5555555555555555,0.2458333333333333,0.9234068218298531,0.9284563633322918,,0.0,0.0,0.0
su9_vj_0424,chuong_cu,0.5,0.0,1.0,1.0,4.0,3.0,0.0,0.0,0.003079291762894534,0.0,0.0,0.0,0.0,0.0,0.0,0.0,0.0,0.1,0.0650062656641604,0.034993734335839605,0.0,0.0,0.0,0.3333333333333333,0.0650062656641604,0.9305220452771207,0.9251165221035899,,0.0,0.0,0.0
su9_vj_0425,chuong_cu,1.0,1.0,1.0,1.0,3.75,3.0,0.0,0.0,0.019630484988452657,0.0,0.0,0.0,0.0,0.1,0.08333333333333333,0.5,0.0,0.4804761904761905,0.07261904761904762,0.40785714285714286,0.17857142857142858,0.5,0.5833333333333334,0.2333333333333333,0.03392857142857143,0.9223918880198427,0.9309243163912095,0.4444444444444445,0.0,0.0,0.0
su9_vj_0426,chuong_cu,0.75,1.0,1.0,0.5,2.25,,0.0,0.0,0.009237875288683603,1.0,0.5,1.0,0.6666666666666666,0.7,0.4666666666666666,0.2222222222222222,0.5555555555555555,0.09325396825396824,0.29126984126984123,-0.19801587301587298,0.09523809523809523,0.0,0.27777777777777773,1.0,0.29126984126984123,0.9269774503317153,0.9380985201181377,0.0,0.0,0.0,0.0
su9_vj_0427,chuong_cu,0.5,1.0,0.3333333333333333,1.0,4.5,3.0,0.0,0.0,0.0034642032332563508,0.0,0.0,0.0,0.0,0.1,0.03333333333333333,0.25,0.25,,0.0625,,0.09090909090909091,0.0,0.25,,0.0625,0.9398981820529742,0.9433342000550399,0.3333333333333333,0.0,0.0,0.0
su9_vj_0428,chuong_cu,0.5,1.0,0.6666666666666666,1.0,2.6666666666666665,,0.0,0.0,0.007698229407236336,0.0,0.0,0.0,0.0,0.1,0.03333333333333333,0.25,0.0,,0.05357142857142857,,0.0,0.0,0.25,,0.05357142857142857,0.9347157948757197,0.9408295559391794,0.3333333333333333,0.0,0.0,0.0
su9_vj_0429,chuong_cu,1.0,1.0,2.0,0.5714285714285714,2.5714285714285716,,0.0,0.0,0.007258330583965688,0.0,0.0,0.0,0.0,0.2,0.16666666666666666,0.16666666666666666,0.6666666666666666,0.19358974358974357,0.457051282051282,-0.2634615384615384,0.3076923076923077,0.0,0.26666666666666666,0.6666666666666666,0.38413461538461535,0.9362991659348278,0.9420539022759831,0.3333333333333333,0.0,0.0,0.0
su9_vj_0430,chuong_cu,1.0,2.0,1.6666666666666667,0.5714285714285714,2.0,,0.0,0.0,0.008907951171230617,0.5,0.38888888888888884,0.625,0.625,0.39999999999999997,0.39999999999999997,0.5,0.5,0.2660714285714285,0.14285714285714285,0.12321428571428567,0.14285714285714285,0.0,0.5,0.2976190476190476,0.07499999999999998,0.9364877891960127,0.9454406002086845,0.0,0.0,0.0,0.0
su9_vj_0431,chuong_cu,0.0,0.0,0.0,0.0,,,0.0,0.0,0.0,0.0,0.0,0.0,0.0,0.0,0.0,0.0,0.0,,0.0625,,0.0625,0.0,0.0,,0.0625,0.948871093110873,0.9384343301414236,,0.0,0.0,0.0
su9_vj_0432,chuong_cu,0.75,1.0,0.6666666666666666,1.0,5.0,3.0,0.0,0.0,0.0069284064665127015,0.0,0.0,0.3333333333333333,0.1111111111111111,0.2,0.13333333333333333,0.0,0.0,0.19197722567287787,0.09347826086956522,0.09849896480331265,0.08695652173913043,0.0,0.16666666666666666,0.14285714285714285,0.06086956521739131,0.9203173822183254,0.920727371352185,0.3333333333333333,0.0,0.0,0.0
su9_vj_0433,chuong_cu,1.0,2.0,1.0,0.6,1.4,,0.0,0.0,0.045265588914549654,0.5,0.3333333333333333,0.6666666666666666,0.5,0.44999999999999996,0.3222222222222222,1.0,0.3333333333333333,0.6931578947368422,0.08333333333333333,0.6098245614035088,0.05263157894736842,1.0,1.0,0.4666666666666666,0.0,0.9508951904516232,0.9632002186233101,0.05555555555555555,0.0,0.0,0.0
su9_vj_0434,chuong_cu,0.0,0.0,0.0,0.0,,,0.0,0.0,0.0,0.0,0.0,0.0,0.0,0.0,0.0,0.0,0.0,,0.019230769230769232,,0.07692307692307693,0.0,0.0,,0.019230769230769232,0.9424403141152942,0.9335581065799442,,0.0,0.0,0.0
su9_vj_0435,chuong_cu,1.0,2.0,1.6666666666666667,0.8571428571428571,4.5,3.0,0.0,0.0,0.006598482349059716,0.3333333333333333,0.1111111111111111,0.625,0.34722222222222215,0.25,0.09999999999999999,0.25,0.25,0.1875,0.09583333333333333,0.09166666666666667,0.06666666666666667,0.0,0.25,0.27777777777777773,0.039583333333333325,0.9420116068890915,0.9291840754859662,0.13888888888888887,0.0,0.0,0.0
su9_vj_0436,chuong_cu,0.5,1.0,0.3333333333333333,1.0,3.5,3.0,0.0,0.0,0.0023094688221709007,0.0,0.0,0.0,0.0,0.05,0.016666666666666666,0.08333333333333333,0.16666666666666666,,0.08774509803921568,,0.0,0.0,0.20555555555555557,,0.08774509803921568,0.9228969234469145,0.9316340795832916,0.4166666666666667,0.0,0.0,0.0
su9_vj_0437,chuong_cu,0.25,0.0,0.3333333333333333,1.0,1.0,,0.0,0.0,0.0023094688221709007,0.0,0.0,0.0,0.0,0.0,0.0,0.0,0.125,,0.05625,,0.0,0.0,0.0,,0.05625,0.9069322908569284,0.9566370718236475,,0.0,0.0,0.0
su9_vj_0438,chuong_cu,0.5,1.0,0.6666666666666666,0.6666666666666666,1.0,,0.0,0.0,0.005388760585065436,0.5,0.16666666666666666,1.0,0.3333333333333333,0.7,0.2333333333333333,1.0,1.0,,0.6454545454545455,,0.18181818181818182,1.0,1.0,,0.6454545454545455,0.9348600868555098,0.9486256611362365,0.0,0.0,0.0,0.0
su9_vj_0439,chuong_cu,1.0,2.0,1.3333333333333333,1.0,1.25,,0.0,0.0,0.037721324095458045,0.0,0.0,0.41666666666666663,0.23611111111111108,0.1,0.06666666666666667,0.3333333333333333,1.0,0.18583333333333332,0.6454545454545455,-0.4596212121212122,0.0,0.0,0.3333333333333333,0.31666666666666665,0.5727272727272728,0.9354517824380264,0.9555481776369741,0.19444444444444442,0.0,0.0,0.0
su9_vj_0440,chuong_cu,1.0,1.0,1.3333333333333333,1.0,1.0,,0.0,0.0,0.011085450346420323,0.0,0.0,0.3333333333333333,0.1111111111111111,0.2,0.20000000000000004,0.0,0.5,0.16291666666666665,0.125,0.037916666666666654,0.0,0.0,0.2,0.24722222222222223,0.04166666666666667,0.9377250574662721,0.9561637633017681,0.3055555555555556,0.0,0.0,0.0
su9_vj_0441,chuong_cu,0.75,1.0,0.6666666666666666,1.0,1.0,,0.0,0.0,0.006158583525789068,0.0,0.0,0.25,0.16666666666666666,0.2,0.13333333333333333,0.125,0.25,0.16586538461538464,0.0625,0.10336538461538464,0.038461538461538464,0.0,0.225,0.3333333333333333,0.0625,0.9371205303922839,0.6704509669600989,0.25,0.0,0.0,0.0
su9_vj_0442,chuong_cu,1.0,2.0,1.0,0.8,1.0,,0.0,0.0,0.0069284064665127015,0.0,0.0,0.29166666666666663,0.24999999999999997,0.1,0.10000000000000002,0.375,0.25,0.16041666666666668,0.0625,0.09791666666666668,0.0,0.0,0.375,0.5555555555555555,0.0,0.9132573727028325,0.961061453701194,0.16666666666666666,0.0,0.0,0.0
su9_vj_0443,chuong_cu,0.75,1.0,1.0,1.0,3.0,3.0,0.0,0.0,0.0034642032332563508,0.0,0.0,0.0,0.0,0.2,0.10000000000000002,0.125,0.375,0.19541666666666666,0.11458333333333333,0.08083333333333333,0.08333333333333333,0.0,0.20833333333333331,0.18333333333333335,0.11458333333333333,0.9362892842592083,0.8921594904067331,0.3333333333333333,0.0,0.0,0.0
su9_vj_0444,chuong_cu,0.75,3.0,0.6666666666666666,0.8,3.0,3.0,0.0,0.0,0.031870669745958424,0.0,0.0,0.1111111111111111,0.07407407407407407,0.04888888888888889,0.0325925925925926,0.75,0.41666666666666663,0.4009615384615385,0.10416666666666666,0.29679487179487185,0.15384615384615385,0.5,0.75,1.0,0.10416666666666666,0.9411992591969863,0.9365153429287775,0.16666666666666666,0.0,0.0,0.0
su9_vj_0445,chuong_cu,0.5,0.0,0.6666666666666666,1.0,3.5,,0.0,0.0,0.020785219399538108,0.0,0.0,0.0,0.0,0.0,0.0,0.0,0.25,0.1388888888888889,0.0763888888888889,0.0625,0.05555555555555555,0.0,0.0,0.16666666666666666,0.04861111111111112,0.9386289754511595,0.9441963093929284,,0.0,0.0,0.0
su9_vj_0446,chuong_cu,1.0,3.0,2.3333333333333335,0.7,2.4,,0.0,0.0,0.02678983833718245,0.4,0.24444444444444446,0.75,0.47222222222222215,0.5333333333333333,0.3333333333333333,0.25,0.5,0.125,0.125,0.0,0.0,0.0,0.25,0.5833333333333334,0.0625,0.9410938220347859,0.955455543194072,0.05555555555555555,0.0,0.0,0.0
su9_vj_0447,chuong_cu,1.0,2.0,1.0,0.8,3.0,3.0,0.0,0.0,0.03002309468822171,0.0,0.0,0.0,0.0,0.13333333333333333,0.10666666666666667,0.125,0.75,0.15416666666666667,0.409375,-0.2552083333333333,0.125,0.0,0.225,0.5555555555555555,0.3364583333333333,0.9347888201988949,0.9248981487347623,0.4444444444444444,0.0,0.0,0.0
su9_vj_0448,chuong_cu,0.75,1.0,0.6666666666666666,1.0,1.0,,0.0,0.0,0.05388760585065435,0.0,0.0,0.25,0.08333333333333333,0.2,0.06666666666666667,0.29166666666666663,0.75,0.14791666666666664,0.425,-0.27708333333333335,0.0,0.0,0.29166666666666663,0.5,0.39375,0.9455534370497811,0.9421173014713577,0.29166666666666663,0.0,0.0,0.0
su9_vj_0449,chuong_cu,1.0,3.0,2.6666666666666665,0.7272727272727273,2.1818181818181817,,0.0,0.0,0.021625026243963886,0.5,0.2333333333333333,0.7777777777777777,0.47222222222222215,0.5333333333333333,0.3444444444444445,0.16666666666666666,0.625,0.16666666666666669,0.378125,-0.2114583333333333,0.0,0.0,0.26666666666666666,0.3333333333333333,0.29583333333333334,0.9244364104808312,0.9460301831842239,0.05555555555555555,0.0,0.0,0.0
su9_vj_0450,chuong_cu,1.0,1.0,1.3333333333333333,1.0,2.75,,0.0,0.25,0.040184757505773674,0.0,0.0,0.3333333333333333,0.1111111111111111,0.2,0.12222222222222223,0.125,0.41666666666666663,0.17041666666666666,0.10416666666666666,0.06625,0.0,0.0,0.225,0.2388888888888889,0.03125,0.9369032852578995,0.9280464645614211,0.3611111111111111,0.0,0.0,0.0
su9_vj_0451,chuong_cu,0.5,1.0,0.3333333333333333,1.0,3.0,,0.0,0.0,0.006928406466512702,0.0,0.0,0.0,0.0,0.2,0.06666666666666667,0.16666666666666666,0.08333333333333333,,0.04791666666666666,,0.05263157894736842,0.0,0.2333333333333333,,0.04791666666666666,0.9355965623965989,0.926865143038725,0.5,0.0,0.0,0.0
su9_vj_0452,chuong_cu,0.75,1.0,0.6666666666666666,1.0,1.0,,0.0,0.0,0.013856812933025405,0.0,0.0,0.3333333333333333,0.1111111111111111,0.2,0.13333333333333333,0.0,0.0,0.1285714285714286,0.0,0.1285714285714286,0.0,0.0,0.0,0.14285714285714285,0.0,0.9335126944631994,0.4487680494027953,0.25,0.0,0.0,0.0
su9_vj_0453,chuong_cu,0.5,0.0,0.6666666666666666,1.0,2.5,,0.0,0.0,0.011547344110854504,0.0,0.0,0.0,0.0,0.0,0.0,0.0,0.29166666666666663,0.12777777777777777,0.08680555555555555,0.040972222222222215,0.1111111111111111,0.0,0.0,0.3333333333333333,0.07291666666666666,0.9329923786900105,0.9468987234074772,,0.0,0.0,0.0
su9_vj_0454,chuong_cu,0.25,1.0,0.0,1.0,5.0,3.0,0.0,0.0,0.004618937644341801,0.0,0.0,0.0,0.0,0.0,0.0,0.25,0.0,,0.0,,0.0,0.0,0.25,,0.0,0.9289486968606383,0.9331707372634298,,0.0,0.0,0.0
su9_vj_0455,chuong_cu,1.0,1.0,1.6666666666666667,0.3333333333333333,1.0,,0.0,0.0,0.005388760585065436,1.0,0.6666666666666666,1.0,1.0,0.7,0.6999999999999998,0.125,0.125,0.07708333333333332,0.05416666666666667,0.022916666666666655,0.0,0.0,0.20833333333333331,0.8333333333333334,0.00208333333333334,0.924971525402356,0.917084799232852,0.0,0.0,0.0,0.0
su9_vj_0456,chuong_cu,0.75,0.0,1.0,1.0,1.3333333333333333,,0.0,0.0,0.010777521170130871,0.0,0.0,0.0,0.0,0.0,0.0,0.0,0.0625,0.11666666666666667,0.04747023809523809,0.06919642857142858,0.0,0.0,0.0,0.2222222222222222,0.004687500000000004,0.920709077595118,0.8983107408577905,,0.0,0.0,0.0
su9_vj_0457,chuong_cu,0.25,0.0,0.3333333333333333,1.0,2.0,,0.0,0.0,0.0023094688221709007,0.0,0.0,0.0,0.0,0.0,0.0,0.0,0.0,,0.06315789473684211,,0.0,0.0,0.0,,0.06315789473684211,0.9236815387236352,0.9433349752654657,,0.0,0.0,0.0
su9_vj_0458,chuong_cu,0.25,1.0,0.0,1.0,,,0.0,0.0,0.004618937644341801,0.0,0.0,0.0,0.0,0.0,0.0,0.4166666666666667,0.0,,0.0,,0.06666666666666667,0.3333333333333333,0.47222222222222215,,0.0,0.9274121717771779,0.9547757001518685,,0.0,0.0,0.0
su9_vj_0459,chuong_cu,0.75,1.0,0.6666666666666666,0.6666666666666666,,,0.0,0.0,0.004618937644341801,0.0,0.0,0.3333333333333333,0.2222222222222222,0.0,0.0,0.0,0.0,0.0,0.0,0.0,0.0,0.0,0.0,1.0,0.0,0.9348960899846634,0.953078854149086,0.16666666666666666,0.0,0.0,0.0
su9_vj_0460,chuong_cu,1.0,1.0,1.0,1.0,1.5,,0.0,0.0,0.004618937644341801,0.0,0.0,0.5,0.25,0.1,0.03333333333333333,0.16666666666666666,0.375,0.18571428571428572,0.09375,0.09196428571428572,0.0,0.0,0.26666666666666666,0.20634920634920637,0.053125,0.9320804212764225,0.8928554827734211,0.3055555555555556,0.0,0.0,0.0
su9_vj_0461,chuong_cu,0.75,1.0,0.6666666666666666,1.0,1.3333333333333333,,0.0,0.0,0.008468052347959968,0.0,0.0,0.3333333333333333,0.1111111111111111,0.2,0.10000000000000002,0.0,0.1111111111111111,0.16666666666666666,0.05833333333333333,0.10833333333333334,0.0,0.0,0.16666666666666666,0.16666666666666666,0.05833333333333333,0.9122669386531259,0.5829817395127812,0.2916666666666667,0.0,0.0,0.0
su9_vj_0462,chuong_cu,0.75,3.0,1.6666666666666667,0.625,1.75,,0.0,0.0,0.04157043879907621,1.0,0.3333333333333333,1.0,0.39814814814814814,0.6999999999999998,0.2666666666666666,0.0,0.0,0.14208333333333334,0.03125,0.11083333333333334,0.125,0.0,0.0,0.2611111111111111,0.03125,0.9511090409703905,0.9182162883303419,0.08333333333333333,0.0,0.0,0.0
su9_vj_0463,chuong_cu,0.75,2.0,0.6666666666666666,0.75,1.25,,0.0,0.0,0.04041570438799076,0.0,0.0,0.0,0.0,0.15000000000000002,0.10000000000000002,1.0,0.0,0.678125,0.11383928571428571,0.5642857142857143,0.3125,1.0,1.0,1.0,0.05133928571428571,0.9294528150301471,0.9354382114900383,0.3333333333333333,0.0,0.0,0.0
su9_vj_0464,chuong_cu,0.25,0.0,0.3333333333333333,1.0,3.0,,0.0,0.0,0.016166281755196306,0.0,0.0,0.0,0.0,0.0,0.0,0.0,0.4444444444444444,,0.27385620915032677,,0.0,0.0,0.0,,0.27385620915032677,0.9319838512877081,0.9686254254875172,,0.0,0.0,0.0
su9_vj_0465,chuong_cu,0.5,0.0,1.0,1.0,2.0,,0.0,0.0,0.05311778290993071,0.0,0.0,0.0,0.0,0.0,0.0,0.0,0.6666666666666666,0.14375,0.3729166666666667,-0.22916666666666669,0.125,0.0,0.0,0.25,0.3416666666666667,0.9359788192255687,0.9414286742612387,,0.0,0.0,0.0
su9_vj_0466,chuong_cu,0.25,0.0,0.3333333333333333,1.0,5.0,3.0,0.0,0.0,0.0023094688221709007,0.0,0.0,0.0,0.0,0.0,0.0,0.0,0.0,,0.041666666666666664,,0.05555555555555555,0.0,0.0,,0.041666666666666664,0.914830039181842,0.9682964001853572,,0.0,0.0,0.0
su9_vj_0467,chuong_cu,0.5,0.0,1.0,1.0,3.0,,0.0,0.0,0.013856812933025405,0.0,0.0,0.0,0.0,0.0,0.0,0.0,0.16666666666666666,0.135,0.08173076923076923,0.05326923076923078,0.0,0.0,0.0,0.1,0.08173076923076923,0.918780732104239,0.9453712748269362,,0.0,0.0,0.0
su9_vj_0468,chuong_cu,0.25,1.0,0.0,1.0,3.0,,0.0,0.0,0.016166281755196306,0.0,0.0,0.0,0.0,0.0,0.0,0.29166666666666663,0.0,,0.0,,0.15384615384615385,0.0,0.29166666666666663,,0.0,0.9382678622517798,0.9452778539272702,,0.0,0.0,0.0
su9_vj_0469,chuong_cu,0.5,0.0,1.3333333333333333,1.0,2.0,,0.0,0.0,0.03983833718244803,0.0,0.0,0.0,0.0,0.0,0.0,0.0,0.6666666666666666,0.12166666666666666,0.38928571428571423,-0.2676190476190476,0.0,0.0,0.0,0.18888888888888888,0.3773809523809523,0.9326252898158867,0.9427921619377478,,0.0,0.0,0.0
su9_vj_0470,chuong_cu,0.75,0.0,1.3333333333333333,1.0,2.5,,0.0,0.0,0.015011547344110854,0.0,0.0,0.0,0.0,0.0,0.0,0.0,0.4444444444444444,0.10333333333333333,0.3449456975772765,-0.24161236424394317,0.0,0.0,0.0,0.3111111111111111,0.26432748538011697,0.9277064864827003,0.9387413959086597,,0.0,0.0,0.0
su9_vj_0471,chuong_cu,1.0,1.0,1.0,0.25,1.0,,0.0,0.0,0.12702078521939952,1.0,1.0,1.0,1.0,0.7,0.6999999999999998,0.25,0.25,0.09191176470588236,0.10661764705882354,-0.01470588235294118,0.11764705882352941,0.0,0.25,1.0,0.01470588235294118,0.9291837621532892,0.949549971562656,0.0,0.0,0.0,0.0
su9_vj_0472,chuong_cu,0.75,1.0,0.6666666666666666,1.0,1.0,,0.0,0.0,0.013856812933025405,0.0,0.0,0.3333333333333333,0.1111111111111111,0.2,0.13333333333333333,0.0,0.0,0.1285714285714286,0.0,0.1285714285714286,0.0,0.0,0.0,0.14285714285714285,0.0,0.9367012710517976,0.4487680494027953,0.25,0.0,0.0,0.0
su9_vj_0473,chuong_cu,0.5,0.0,1.3333333333333333,0.75,2.25,,0.0,0.0,0.07505773672055427,0.0,0.0,0.0,0.0,0.0,0.0,0.0,0.4444444444444444,0.1,0.26111111111111107,-0.16111111111111107,0.0,0.0,0.0,0.3333333333333333,0.2444444444444444,0.9474559625739161,0.9423664947086867,,0.0,0.0,0.0
su9_vj_0474,chuong_cu,0.25,0.0,0.3333333333333333,1.0,1.0,,0.0,0.0,0.12702078521939952,0.0,0.0,0.0,0.0,0.0,0.0,0.0,0.3333333333333333,,0.09895833333333333,,0.125,0.0,0.0,,0.09895833333333333,0.9264455674658407,0.9297217716154395,,0.0,0.0,0.0
su9_vj_0475,chuong_cu,1.0,1.0,1.3333333333333333,0.8,1.8,,0.0,0.0,0.03510392609699769,0.0,0.0,0.3333333333333333,0.1111111111111111,0.2,0.11111111111111112,0.3333333333333333,1.0,0.15000000000000002,0.6454545454545455,-0.4954545454545455,0.0,0.0,0.3333333333333333,0.5555555555555555,0.5621212121212121,0.93595382114669,0.9418290980476798,0.27777777777777773,0.0,0.0,0.0
su9_vj_0476,chuong_cu,0.5,0.0,0.6666666666666666,1.0,1.5,,0.0,0.0,0.06928406466512702,0.0,0.0,0.0,0.0,0.0,0.0,0.0,1.0,0.1,0.6208333333333333,-0.5208333333333334,0.0,0.0,0.0,0.3333333333333333,0.6208333333333333,0.93097599548736,0.928285588255178,,0.0,0.0,0.0
su9_vj_0477,chuong_cu,1.0,2.0,1.0,0.4,4.2,3.0,0.0,0.0,0.03140877598152425,0.5,0.5,0.5,0.5,0.39999999999999997,0.39999999999999997,0.2222222222222222,0.2222222222222222,0.08472222222222223,0.07222222222222223,0.012499999999999997,0.05,0.0,0.2888888888888889,1.0,0.0,0.9194554666941995,0.9265221699862127,0.0,0.0,0.0,0.0
su9_vj_0478,chuong_cu,0.25,1.0,0.0,1.0,1.0,,0.0,0.0,0.016166281755196306,0.0,0.0,0.0,0.0,0.0,0.0,0.25,0.0,,0.027777777777777776,,0.16666666666666666,0.0,0.3333333333333333,,0.013888888888888888,0.9223913873426776,0.8986525036114534,,0.0,0.0,0.0
su9_vj_0479,chuong_cu,0.0,0.0,0.0,0.0,,,0.0,0.0,0.0,0.0,0.0,0.0,0.0,0.0,0.0,0.0,0.0,,0.04,,0.08,0.0,0.0,,0.010000000000000002,0.9322454579446956,0.9561431442393927,,0.0,0.0,0.0
su9_vj_0480,chuong_cu,0.75,1.0,0.6666666666666666,1.0,4.0,3.0,3.0,0.0,0.004618937644341801,0.0,0.0,0.0,0.0,0.1,0.05555555555555556,0.0,0.25,0.1907738095238095,0.0625,0.1282738095238095,0.07142857142857142,0.0,0.16666666666666666,0.125,0.0625,0.9356987947965141,0.9251439917770798,0.5416666666666667,0.0,0.0,0.0
su9_vj_0481,chuong_cu,1.0,1.0,1.0,1.0,1.25,,0.0,0.0,0.009237875288683603,0.0,0.0,0.0,0.0,0.2,0.16666666666666666,0.125,0.0,0.17930555555555555,0.09126984126984126,0.08803571428571429,0.05555555555555555,0.0,0.20833333333333331,0.24444444444444446,0.05555555555555555,0.9235702365557956,0.7051683187982106,0.5555555555555557,0.0,0.0,0.0
su9_vj_0482,chuong_cu,1.0,2.0,1.3333333333333333,0.8333333333333334,2.1666666666666665,3.0,0.0,0.25,0.03348729792147806,0.0,0.0,0.16666666666666666,0.16666666666666666,0.1,0.08888888888888889,0.0,0.0,0.1980952380952381,0.06458333333333333,0.13351190476190478,0.2,0.0,0.16666666666666666,0.2904761904761905,0.02291666666666666,0.9282003911710184,0.9398523900636729,0.16666666666666666,0.0,0.0,0.0
su9_vj_0483,chuong_cu,0.5,1.0,0.3333333333333333,1.0,1.5,,0.0,0.0,0.06928406466512702,0.0,0.0,0.3333333333333333,0.1111111111111111,0.1,0.03333333333333333,0.4444444444444444,0.3055555555555555,,0.0991161616161616,,0.09090909090909091,0.3333333333333333,0.5,,0.053661616161616146,0.9134648092815337,0.9560141139563975,0.16666666666666666,0.0,0.0,0.0
su9_vj_0484,chuong_cu,1.0,1.0,1.0,0.5,1.75,,0.0,0.0,0.025404157043879907,0.0,0.0,0.0,0.0,0.1,0.10000000000000002,0.0,0.5555555555555555,0.07076023391812866,0.3345029239766082,-0.2637426900584795,0.10526315789473684,0.0,0.17777777777777778,1.0,0.03947368421052633,0.905948382685516,0.9342696299761954,0.4166666666666667,0.0,0.0,0.0
su9_vj_0485,chuong_cu,0.5,1.0,0.3333333333333333,1.0,,,0.0,1.0,0.017321016166281754,0.0,0.0,0.5,0.16666666666666666,0.0,0.0,0.25,0.27777777777777773,,0.10333333333333333,,0.12,0.0,0.2976190476190476,,0.09333333333333334,0.9275561227922409,0.8486208617113296,0.08333333333333333,0.0,0.0,0.0
su9_vj_0486,chuong_cu,0.75,1.0,1.0,0.75,2.75,3.0,2.0,0.0,0.07390300230946882,0.0,0.0,0.25,0.16666666666666666,0.1,0.04666666666666667,0.0,0.0,0.046875,0.06145833333333334,-0.014583333333333337,0.0625,0.0,0.125,1.0,0.06145833333333334,0.9353700804648932,0.9323679321359807,0.25,0.0,0.0,0.0
su9_vj_0487,chuong_cu,0.25,1.0,0.0,1.0,4.0,3.0,1.0,0.0,0.0069284064665127015,0.0,0.0,0.0,0.0,0.0,0.0,0.27777777777777773,0.0,,0.015625,,0.0625,0.0,0.3444444444444444,,0.015625,0.9193743414470322,0.9675847863761545,,0.0,0.0,0.0
su9_vj_0488,chuong_cu,0.0,0.0,0.0,0.0,,,0.0,0.0,0.0,0.0,0.0,0.0,0.0,0.0,0.0,0.0,0.0,,0.0,,0.0,0.0,0.0,,0.0,0.9159352536340445,0.932594872344933,,0.0,0.0,0.0
su9_vj_0489,chuong_cu,0.5,1.0,0.3333333333333333,1.0,1.0,,0.0,0.0,0.06928406466512702,0.0,0.0,0.0,0.0,0.2,0.06666666666666667,0.0,0.16666666666666666,,0.07427536231884058,,0.08695652173913043,0.0,0.07142857142857142,,0.05253623188405797,0.9342789511363511,0.943658618594038,0.3333333333333333,0.0,0.0,0.0
su9_vj_0490,chuong_cu,1.0,1.0,1.0,0.75,1.25,,0.0,0.0,0.07390300230946882,1.0,0.3333333333333333,1.0,0.4444444444444444,0.7,0.3333333333333333,0.5,0.5,0.5233333333333333,0.3916666666666666,0.1316666666666667,0.3333333333333333,0.5,0.6,0.2333333333333333,0.2458333333333333,0.9215878861894785,0.9490880886588563,0.16666666666666666,0.0,0.0,0.0
su9_vj_0491,chuong_cu,0.0,0.0,0.0,0.0,,,0.0,0.0,0.0,0.0,0.0,0.0,0.0,0.0,0.0,0.0,0.0,,0.0,,0.13333333333333333,0.0,0.0,,0.0,0.9158944104618149,0.9695324414326725,,0.0,0.0,0.0
su9_vj_0492,chuong_cu,0.75,1.0,0.6666666666666666,0.6666666666666666,1.3333333333333333,,0.0,0.0,0.01770592763664357,1.0,0.3333333333333333,1.0,0.3333333333333333,0.7,0.26666666666666666,0.0,0.3333333333333333,0.18452380952380953,0.08333333333333333,0.1011904761904762,0.07142857142857142,0.0,0.16666666666666666,0.16666666666666666,0.06547619047619047,0.9022859773169831,0.9365759755281143,0.20833333333333334,0.0,0.0,0.0
su9_vj_0493,chuong_cu,0.25,0.0,0.3333333333333333,1.0,4.0,3.0,0.0,0.0,0.0023094688221709007,0.0,0.0,0.0,0.0,0.0,0.0,0.0,0.06666666666666667,,0.05607456140350878,,0.07894736842105263,0.0,0.0,,0.04291666666666667,0.9230972440515195,0.8954097774928359,,0.0,0.0,0.0
su9_vj_0494,chuong_cu,1.0,1.0,1.3333333333333333,0.6,1.4,,0.0,0.0,0.007852193995381063,1.0,0.5,1.0,0.6666666666666666,0.7,0.5333333333333333,0.0,1.0,0.146875,0.6277777777777778,-0.4809027777777778,0.0,0.0,0.14285714285714285,0.25892857142857145,0.5920634920634921,0.9371615187701999,0.9502909066167483,0.16666666666666666,0.0,0.0,0.0
su9_vj_0495,chuong_cu,0.5,1.0,0.3333333333333333,1.0,1.0,,0.0,0.0,0.005773672055427252,0.0,0.0,0.0,0.0,0.2,0.06666666666666667,0.125,0.25,,0.0625,,0.045454545454545456,0.0,0.20833333333333331,,0.0625,0.916926237170576,0.6186336237878132,0.3333333333333333,0.0,0.0,0.0
su9_vj_0496,chuong_cu,0.25,0.0,0.3333333333333333,1.0,1.0,,0.0,0.0,0.004618937644341801,0.0,0.0,0.0,0.0,0.0,0.0,0.0,0.25,,0.08333333333333333,,0.0,0.0,0.0,,0.08333333333333333,0.925743091799641,0.9613897500759814,,0.0,0.0,0.0
su9_vj_0497,chuong_cu,0.0,0.0,0.0,0.0,,,0.0,0.0,0.0,0.0,0.0,0.0,0.0,0.0,0.0,0.0,0.0,,0.018518518518518517,,0.07407407407407407,0.0,0.0,,0.0,0.9289959498916213,0.9455511886842506,,0.0,0.0,0.0
su9_vj_0498,chuong_cu,1.0,1.0,1.3333333333333333,0.6,3.0,,0.0,0.0,0.0023094688221709007,1.0,0.3333333333333333,1.0,0.3333333333333333,0.7,0.3666666666666667,0.0,1.0,0.18277777777777776,0.6277777777777778,-0.445,0.1111111111111111,0.0,0.2,0.3,0.5638888888888889,0.9227500459633263,0.7966495979877051,0.2222222222222222,0.0,0.0,0.0
su9_vj_0499,chuong_cu,1.0,1.0,1.0,0.25,1.0,,0.0,0.0,0.12702078521939952,1.0,1.0,1.0,1.0,0.7,0.6999999999999998,0.3333333333333333,0.3333333333333333,0.12179487179487179,0.12179487179487179,0.0,0.15384615384615385,0.0,0.3333333333333333,1.0,0.038461538461538464,0.8948589345707054,0.9496452088112862,0.0,0.0,0.0,0.0
su9_vj_0500,chuong_cu,0.0,0.0,0.0,0.0,,,0.0,0.0,0.0,0.0,0.0,0.0,0.0,0.0,0.0,0.0,0.0,,0.017857142857142856,,0.0,0.0,0.0,,0.017857142857142856,0.9347877002266595,0.9351800511552641,,0.0,0.0,0.0
su9_vj_0501,chuong_cu,0.0,0.0,0.0,0.0,,,0.0,0.0,0.0,0.0,0.0,0.0,0.0,0.0,0.0,0.0,0.0,,0.0,,0.0,0.0,0.0,,0.0,0.9310405441791023,0.9317957302497912,,0.0,0.0,0.0
su9_vj_0502,chuong_cu,0.5,0.0,0.6666666666666666,1.0,1.0,,0.0,0.0,0.005773672055427252,0.0,0.0,0.0,0.0,0.0,0.0,0.0,0.0,0.11249999999999999,0.0625,0.04999999999999999,0.0,0.0,0.0,0.25,0.0625,0.9307478725017098,0.9325063081469629,,0.0,0.0,0.0
su9_vj_0503,chuong_cu,0.75,1.0,1.0,1.0,2.25,,0.0,0.3333333333333333,0.02367205542725173,0.0,0.0,0.3333333333333333,0.2222222222222222,0.2,0.10000000000000002,0.16666666666666666,0.16666666666666666,0.20166666666666666,0.07916666666666666,0.1225,0.05,0.0,0.26666666666666666,0.18333333333333335,0.06666666666666667,0.9252165309624524,0.9452066757472846,0.16666666666666666,0.0,0.0,0.0
su9_vj_0504,chuong_cu,0.75,1.0,0.6666666666666666,1.0,3.6666666666666665,3.0,2.0,0.5,0.01770592763664357,0.0,0.0,0.25,0.08333333333333333,0.1,0.05000000000000001,0.16666666666666666,0.16666666666666666,0.20452380952380952,0.06666666666666667,0.13785714285714284,0.07142857142857142,0.0,0.26666666666666666,0.2,0.06666666666666667,0.9222552788550149,0.9318304027106311,0.29166666666666663,0.0,0.0,0.0
su9_vj_0505,chuong_cu,0.0,0.0,0.0,0.0,,,0.0,0.0,0.0,0.0,0.0,0.0,0.0,0.0,0.0,0.0,0.0,,0.0,,0.0,0.0,0.0,,0.0,0.9363904660992068,0.937308276746534,,0.0,0.0,0.0
su9_vj_0506,chuong_cu,0.75,1.0,0.6666666666666666,1.0,2.0,,0.0,0.0,0.003079291762894534,0.0,0.0,0.0,0.0,0.2,0.13333333333333333,0.0,0.0,0.17777777777777776,0.027777777777777776,0.14999999999999997,0.1111111111111111,0.0,0.0,0.0,0.027777777777777776,0.922872108399987,0.8026631331235389,1.0,0.0,0.0,0.0
su9_vj_0507,chuong_cu,0.5,1.0,0.3333333333333333,1.0,1.0,,0.0,0.0,0.005773672055427252,0.0,0.0,0.3333333333333333,0.1111111111111111,0.2,0.06666666666666667,0.3333333333333333,0.3333333333333333,,0.10606060606060605,,0.0,0.0,0.3333333333333333,,0.10606060606060605,0.9409606392461483,0.9528155106557537,0.16666666666666666,0.0,0.0,0.0
su9_vj_0508,chuong_cu,0.0,0.0,0.0,0.0,,,0.0,0.0,0.0,0.0,0.0,0.0,0.0,0.0,0.0,0.0,0.0,,0.016666666666666666,,0.06666666666666667,0.0,0.0,,0.0,0.9175214171533412,0.9540265783146648,,0.0,0.0,0.0
su9_vj_0509,chuong_cu,1.0,1.0,1.3333333333333333,0.6,3.2,,0.0,0.0,0.009699769053117783,1.0,0.5,1.0,0.6666666666666666,0.7,0.5333333333333333,1.0,1.0,0.6995535714285714,0.646875,0.05267857142857146,0.0625,1.0,1.0,0.44047619047619047,0.5895833333333333,0.9350111005063018,0.9349872828258684,0.1388888888888889,0.0,0.0,0.0
su9_vj_0510,chuong_cu,0.75,1.0,1.0,1.0,2.5,,0.0,0.0,0.03810623556581986,0.0,0.0,0.25,0.08333333333333333,0.2,0.13333333333333333,0.25,1.0,0.1725,0.6714285714285714,-0.4989285714285714,0.0,0.0,0.25,0.26666666666666666,0.6714285714285714,0.9415343747731133,0.9485868915813016,0.33333333333333337,0.0,0.0,0.0
su9_vj_0511,chuong_cu,0.75,0.0,1.3333333333333333,1.0,2.5,,0.0,0.0,0.018475750577367205,0.0,0.0,0.0,0.0,0.0,0.0,0.0,0.5,0.11666666666666667,0.3625,-0.24583333333333332,0.0,0.0,0.0,0.2222222222222222,0.3208333333333333,0.9306527944201527,0.9531630749659672,,0.0,0.0,0.0
su9_vj_0512,chuong_cu,0.0,0.0,0.0,0.0,,,0.0,0.0,0.0,0.0,0.0,0.0,0.0,0.0,0.0,0.0,0.0,,0.013157894736842105,,0.10526315789473684,0.0,0.0,,0.013157894736842105,0.9109254855326832,0.9535770127088121,,0.0,0.0,0.0
su9_vj_0513,chuong_cu,0.5,2.0,0.3333333333333333,1.0,2.0,,0.0,0.0,0.056966897613548874,0.0,0.0,0.16666666666666666,0.05555555555555555,0.1,0.03333333333333333,0.3333333333333333,0.6666666666666666,,0.3583333333333333,,0.0,0.0,0.3333333333333333,,0.3583333333333333,0.9404766458542307,0.932776710164429,0.16666666666666666,0.0,0.0,0.0
su9_vj_0514,chuong_cu,0.5,1.0,0.3333333333333333,1.0,5.0,3.0,5.0,2.0,0.009237875288683603,0.0,0.0,0.0,0.0,0.0,0.0,0.25,0.3333333333333333,,0.08333333333333333,,0.0,0.0,0.25,,0.08333333333333333,0.926515797884312,0.902791842419846,0.4166666666666667,0.0,0.0,0.0
su9_vj_0515,chuong_cu,0.75,1.0,0.6666666666666666,0.6666666666666666,2.3333333333333335,,0.0,0.0,0.004618937644341801,1.0,0.3333333333333333,1.0,0.3333333333333333,0.7,0.25555555555555554,0.0,0.0,0.145,0.025,0.12,0.1,0.0,0.0,0.2,0.025,0.9081423986028976,0.9412488924059718,0.16666666666666666,0.0,0.0,0.0
su9_vj_0516,chuong_cu,0.75,0.0,1.0,0.6666666666666666,2.6666666666666665,,0.0,0.0,0.003079291762894534,0.0,0.0,0.0,0.0,0.0,0.0,0.0,0.0,0.13020833333333331,0.10416666666666666,0.026041666666666657,0.1875,0.0,0.0,0.4444444444444444,0.015625,0.9347678524590631,0.9568078802144473,,0.0,0.0,0.0
su9_vj_0517,chuong_cu,0.25,0.0,0.3333333333333333,1.0,4.0,,0.0,0.0,0.03926096997690531,0.0,0.0,0.0,0.0,0.0,0.0,0.0,0.0,,0.03125,,0.0,0.0,0.0,,0.03125,0.9312190879082833,0.9413977594035464,,0.0,0.0,0.0
su9_vj_0518,chuong_cu,1.0,1.0,1.0,0.5,3.0,,2.0,0.6666666666666666,0.009237875288683603,1.0,0.3333333333333333,1.0,0.3333333333333333,0.5,0.16666666666666666,0.3333333333333333,0.3333333333333333,0.16666666666666666,0.08333333333333333,0.08333333333333333,0.0,0.0,0.3333333333333333,0.4444444444444444,0.02083333333333333,0.9372085140344945,0.9452354288154942,0.2777777777777778,0.0,0.0,0.0
su9_vj_0519,chuong_cu,0.5,1.0,0.3333333333333333,1.0,3.5,3.0,0.0,0.0,0.009237875288683603,0.0,0.0,0.0,0.0,0.05,0.016666666666666666,0.16666666666666666,0.16666666666666666,,0.06666666666666667,,0.058823529411764705,0.0,0.26666666666666666,,0.06666666666666667,0.9279701613972412,0.9367415419988607,0.3333333333333333,0.0,0.0,0.0
su9_vj_0520,chuong_cu,0.0,0.0,0.0,0.0,,,0.0,0.0,0.0,0.0,0.0,0.0,0.0,0.0,0.0,0.0,0.0,,0.019230769230769232,,0.07692307692307693,0.0,0.0,,0.019230769230769232,0.9349437500336188,0.9575260039702979,,0.0,0.0,0.0
su9_vj_0521,chuong_cu,0.5,1.0,0.3333333333333333,1.0,2.0,,0.0,0.0,0.0034642032332563508,0.0,0.0,0.0,0.0,0.06666666666666667,0.022222222222222223,0.0,0.0,,0.05,,0.0,0.0,0.14285714285714285,,0.05,0.9351299202724929,0.9562120615750394,0.4166666666666667,0.0,0.0,0.0
su9_vj_0522,chuong_cu,0.75,1.0,1.0,1.0,3.0,3.0,0.0,0.0,0.01674364896073903,0.0,0.0,0.3333333333333333,0.19444444444444442,0.1,0.05555555555555556,0.3333333333333333,0.29166666666666663,0.22756410256410256,0.09214743589743589,0.13541666666666669,0.07692307692307693,0.0,0.3333333333333333,0.16666666666666666,0.07291666666666666,0.9318188595366675,0.9187193395981513,0.20833333333333331,0.0,0.0,0.0
su9_vj_0523,chuong_cu,0.25,0.0,0.3333333333333333,1.0,1.0,,0.0,0.0,0.004618937644341801,0.0,0.0,0.0,0.0,0.0,0.0,0.0,0.25,,0.13295454545454544,,0.045454545454545456,0.0,0.0,,0.13295454545454544,0.9404160839206677,0.9524861054108932,,0.0,0.0,0.0
su9_vj_0524,chuong_cu,0.0,0.0,0.0,0.0,,,0.0,0.0,0.0,0.0,0.0,0.0,0.0,0.0,0.0,0.0,0.0,,0.0,,0.0,0.0,0.0,,0.0,0.9295896809147363,0.8922895579745161,,0.0,0.0,0.0
su9_vj_0525,chuong_cu,0.25,0.0,1.0,1.0,3.3333333333333335,3.0,0.0,0.0,0.013856812933025403,0.0,0.0,0.0,0.0,0.0,0.0,0.0,0.0,,0.05,,0.0,0.0,0.0,,0.05,0.900761016074452,0.9308474797953527,,0.0,0.0,0.0
su9_vj_0526,chuong_cu,0.75,1.0,0.6666666666666666,1.0,,,2.0,0.5,0.01693610469591994,0.0,0.0,0.3333333333333333,0.2222222222222222,0.0,0.0,0.41666666666666663,0.41666666666666663,0.19107142857142856,0.11755952380952381,0.07351190476190475,0.047619047619047616,0.0,0.41666666666666663,0.5,0.1056547619047619,0.9281771519263007,0.8914426872715644,0.16666666666666666,0.0,0.0,0.0
su9_vj_0527,chuong_cu,0.5,1.0,0.6666666666666666,1.0,3.0,3.0,0.0,0.0,0.005388760585065436,0.0,0.0,0.0,0.0,0.1,0.03333333333333333,0.0,0.3333333333333333,,0.11666666666666667,,0.13333333333333333,0.0,0.2,,0.11666666666666667,0.9182297914912136,0.9401849189498453,0.3333333333333333,0.0,0.0,0.0
su9_vj_0528,chuong_cu,0.75,1.0,1.0,0.75,1.75,,0.0,0.0,0.06812933025404157,0.0,0.0,0.3333333333333333,0.2222222222222222,0.1,0.05555555555555556,0.0,0.25,0.041666666666666664,0.0625,-0.020833333333333336,0.0,0.0,0.16666666666666666,1.0,0.0625,0.9398661498063908,0.9320372752786797,0.16666666666666666,0.0,0.0,0.0
su9_vj_0529,chuong_cu,0.75,1.0,0.6666666666666666,1.0,,,2.0,0.5,0.01693610469591994,0.0,0.0,0.3333333333333333,0.2222222222222222,0.0,0.0,0.0,0.0,0.12422779922779922,0.05518018018018018,0.06904761904761905,0.05405405405405406,0.0,0.14285714285714285,0.5,0.041666666666666664,0.9330749527747402,0.8914426872715644,0.16666666666666666,0.0,0.0,0.0
su9_vj_0530,chuong_cu,0.5,0.0,1.0,1.0,1.3333333333333333,,0.0,0.0,0.05003849114703618,0.0,0.0,0.0,0.0,0.0,0.0,0.0,0.75,0.1,0.39375,-0.29374999999999996,0.0,0.0,0.0,0.3333333333333333,0.39375,0.9485531926348909,0.945921519234837,,0.0,0.0,0.0
su9_vj_0531,chuong_cu,0.75,0.0,1.0,0.3333333333333333,2.0,,0.0,0.0,0.030023094688221712,0.0,0.0,0.0,0.0,0.0,0.0,0.0,0.41666666666666663,0.0,0.10416666666666666,-0.10416666666666666,0.0,0.0,0.0,1.0,0.0,0.9160530665891092,0.9245517384511964,,0.0,0.0,0.0
su9_vj_0532,chuong_cu,0.75,1.0,0.6666666666666666,0.6666666666666666,1.6666666666666667,,0.0,0.0,0.003849114703618168,0.0,0.0,0.0,0.0,0.06666666666666667,0.044444444444444446,0.5,0.16666666666666666,0.35416666666666663,0.12916666666666665,0.22499999999999998,0.13333333333333333,0.5,0.5833333333333334,1.0,0.062499999999999986,0.9219460139051289,0.93262208194668,0.4166666666666667,0.0,0.0,0.0
su9_vj_0533,chuong_cu,1.0,3.0,1.3333333333333333,0.8571428571428571,1.2857142857142858,,0.0,0.0,0.02903332233586275,0.25,0.08333333333333333,0.611111111111111,0.3611111111111111,0.36666666666666664,0.2111111111111111,1.0,0.5,0.7555555555555555,0.1527777777777778,0.6027777777777777,0.2222222222222222,1.0,1.0,0.3333333333333333,0.06944444444444446,0.9455166827563432,0.943444072171444,0.08333333333333333,0.0,0.0,0.0
su9_vj_0534,chuong_cu,0.0,0.0,0.0,0.0,,,0.0,0.0,0.0,0.0,0.0,0.0,0.0,0.0,0.0,0.0,0.0,,0.020833333333333332,,0.08333333333333333,0.0,0.0,,0.020833333333333332,0.9317148923540333,0.9734524054903311,,0.0,0.0,0.0
su9_vj_0535,chuong_cu,0.0,0.0,0.0,0.0,,,0.0,0.0,0.0,0.0,0.0,0.0,0.0,0.0,0.0,0.0,0.0,,0.03125,,0.0,0.0,0.0,,0.03125,0.914042351134084,0.9513188214049164,,0.0,0.0,0.0
su9_vj_0536,chuong_cu,0.0,0.0,0.0,0.0,,,0.0,0.0,0.0,0.0,0.0,0.0,0.0,0.0,0.0,0.0,0.0,,0.0125,,0.05,0.0,0.0,,0.0125,0.9174820602938617,0.9647657706919388,,0.0,0.0,0.0
su9_vj_0537,chuong_cu,0.0,0.0,0.0,0.0,,,0.0,0.0,0.0,0.0,0.0,0.0,0.0,0.0,0.0,0.0,0.0,,0.0,,0.0,0.0,0.0,,0.0,0.9641054345425509,0.9315829590138136,,0.0,0.0,0.0
su9_vj_0538,chuong_cu,1.0,1.0,1.3333333333333333,0.8,2.0,,3.0,0.0,0.017090069284064664,0.0,0.0,0.3333333333333333,0.2222222222222222,0.2,0.12222222222222223,0.41666666666666663,0.6666666666666666,0.2618589743589743,0.41858974358974355,-0.15673076923076923,0.23076923076923078,0.0,0.41666666666666663,0.3333333333333333,0.3238782051282051,0.9361767871166704,0.8437964004484603,0.25,0.0,0.0,0.0
su9_vj_0539,chuong_cu,0.75,1.0,1.0,0.5,1.5,,0.0,0.0,0.023094688221709007,0.5,0.16666666666666666,1.0,0.4166666666666667,0.7,0.26666666666666666,0.125,0.375,0.14440789473684212,0.12006578947368421,0.024342105263157915,0.05263157894736842,0.0,0.225,0.5,0.1069078947368421,0.9275989162577963,0.9344464255189352,0.125,0.0,0.0,0.0
su9_vj_0540,chuong_cu,1.0,1.0,1.3333333333333333,0.8,1.4,,0.0,0.0,0.04203233256351039,0.5,0.16666666666666666,1.0,0.6666666666666666,0.7,0.3666666666666667,0.5,0.5,0.439047619047619,0.3744047619047619,0.06464285714285711,0.14285714285714285,0.5,0.5833333333333334,0.45,0.2690476190476191,0.9365537581274209,0.9287469651791169,0.05555555555555555,0.0,0.0,0.0
su9_vj_0541,chuong_cu,0.5,1.0,0.3333333333333333,1.0,2.5,3.0,0.0,0.0,0.018475750577367205,0.0,0.0,0.25,0.08333333333333333,0.05,0.016666666666666666,0.5,0.25,,0.0625,,0.13333333333333333,0.0,0.5,,0.0625,0.9269396894726748,0.9268363161788867,0.25,0.0,0.0,0.0
su9_vj_0542,chuong_cu,0.0,0.0,0.0,0.0,,,0.0,0.0,0.0,0.0,0.0,0.0,0.0,0.0,0.0,0.0,0.0,,0.025,,0.2,0.0,0.0,,0.025,0.9318809495533734,0.9161390690286475,,0.0,0.0,0.0
su9_vj_0543,chuong_cu,0.0,0.0,0.0,0.0,,,0.0,0.0,0.0,0.0,0.0,0.0,0.0,0.0,0.0,0.0,0.0,,0.046875,,0.0,0.0,0.0,,0.046875,0.9326960649610339,0.9259226513711131,,0.0,0.0,0.0
su9_vj_0544,chuong_cu,0.25,0.0,0.3333333333333333,1.0,2.0,,0.0,0.0,0.011547344110854504,0.0,0.0,0.0,0.0,0.0,0.0,0.0,0.3333333333333333,,0.09226190476190475,,0.03571428571428571,0.0,0.0,,0.09226190476190475,0.9460081340005383,0.9583516659156824,,0.0,0.0,0.0
su9_vj_0545,chuong_cu,0.25,1.0,0.0,1.0,5.0,3.0,0.0,0.0,0.0,0.0,0.0,0.0,0.0,0.0,0.0,0.0,0.0,,0.0,,0.0,0.0,0.0,,0.0,0.9209013577932429,0.9447148328934378,,0.0,0.0,0.0
su9_vj_0546,chuong_cu,0.75,1.0,0.6666666666666666,0.6666666666666666,1.0,,0.0,0.0,0.026943802925327175,1.0,0.3333333333333333,1.0,0.5,0.7,0.3,0.25,0.5,0.1513888888888889,0.3555555555555555,-0.2041666666666666,0.05555555555555555,0.0,0.25,0.5,0.3416666666666666,0.9305507901157417,0.9346213442824212,0.041666666666666664,0.0,0.0,0.0
su9_vj_0547,chuong_cu,0.5,1.0,0.3333333333333333,1.0,3.0,3.0,0.0,3.0,0.06466512702078521,0.0,0.0,0.25,0.08333333333333333,0.04000000000000001,0.013333333333333336,0.375,0.625,,0.34595588235294117,,0.11764705882352941,0.0,0.375,,0.34595588235294117,0.9226545844887607,0.9678349215769508,0.25,0.0,0.0,0.0
su9_vj_0548,chuong_cu,0.5,0.0,0.6666666666666666,1.0,2.5,3.0,0.0,0.0,0.005773672055427252,0.0,0.0,0.0,0.0,0.0,0.0,0.0,0.27777777777777773,0.15,0.0986111111111111,0.0513888888888889,0.0,0.0,0.0,0.0,0.0986111111111111,0.9229812465951638,0.9489918263892946,,0.0,0.0,0.0
su9_vj_0549,chuong_cu,0.5,0.0,0.6666666666666666,1.0,1.0,,0.0,0.0,0.023094688221709007,0.0,0.0,0.0,0.0,0.0,0.0,0.0,0.4166666666666667,0.0967391304347826,0.27518115942028987,-0.17844202898550726,0.08695652173913043,0.0,0.0,0.5,0.26431159420289857,0.9253045433884843,0.9456007806135894,,0.0,0.0,0.0
su9_vj_0550,chuong_cu,0.75,1.0,0.6666666666666666,1.0,2.6666666666666665,3.0,3.0,0.0,0.013086989992301769,0.0,0.0,0.25,0.08333333333333333,0.05,0.030000000000000002,0.25,0.4444444444444444,0.17175925925925928,0.27093253968253966,-0.09917328042328039,0.0,0.0,0.28703703703703703,0.3333333333333333,0.25530753968253966,0.9379267262807803,0.9118073612807946,0.29166666666666663,0.0,0.0,0.0
su9_vj_0551,chuong_cu,0.25,1.0,0.0,1.0,5.0,3.0,3.0,0.0,0.0023094688221709007,0.0,0.0,0.0,0.0,0.0,0.0,0.125,0.0,,0.014705882352941176,,0.11764705882352941,0.0,0.18055555555555555,,0.014705882352941176,0.9347020034449093,0.8942151364958921,,0.0,0.0,0.0
su9_vj_0552,chuong_cu,0.75,1.0,0.6666666666666666,1.0,3.0,3.0,3.0,0.0,0.043879907621247105,0.0,0.0,0.25,0.08333333333333333,0.06666666666666667,0.035555555555555556,0.0625,0.41666666666666663,0.18526785714285712,0.15178571428571427,0.03348214285714285,0.09523809523809523,0.0,0.19583333333333333,0.25,0.12797619047619047,0.9184797188254995,0.7458185027426031,0.375,0.0,0.0,0.0
su9_vj_0553,chuong_cu,0.5,0.0,1.0,1.0,1.0,,0.0,0.0,0.016936104695919937,0.0,0.0,0.0,0.0,0.0,0.0,0.0,0.375,0.10138888888888889,0.12152777777777778,-0.020138888888888887,0.05555555555555555,0.0,0.0,0.41666666666666663,0.09375,0.9231129444177223,0.9721204113851369,,0.0,0.0,0.0
su9_vj_0554,chuong_cu,0.5,1.0,0.3333333333333333,1.0,1.0,,0.0,0.0,0.019630484988452657,0.0,0.0,0.0,0.0,0.2,0.06666666666666667,0.25,0.25,,0.0763888888888889,,0.05555555555555555,0.0,0.25,,0.0625,0.9171308970196039,0.9562563361457627,0.3333333333333333,0.0,0.0,0.0
su9_vj_0555,chuong_cu,0.5,1.0,0.3333333333333333,0.5,1.0,,0.0,0.0,0.011547344110854504,1.0,0.3333333333333333,1.0,0.3333333333333333,0.7,0.2333333333333333,0.5,0.5,,0.125,,0.0,0.0,0.5,,0.125,0.936221029005107,0.9278169859776809,0.0,0.0,0.0,0.0
su9_vj_0556,chuong_cu,0.0,0.0,0.0,0.0,,,0.0,0.0,0.0,0.0,0.0,0.0,0.0,0.0,0.0,0.0,0.0,,0.045454545454545456,,0.0,0.0,0.0,,0.045454545454545456,0.9181934917612242,0.9466909063079465,,0.0,0.0,0.0
su9_vj_0557,chuong_cu,0.0,0.0,0.0,0.0,,,0.0,0.0,0.0,0.0,0.0,0.0,0.0,0.0,0.0,0.0,0.0,,0.046875,,0.0,0.0,0.0,,0.046875,0.92178129763626,0.9570731131781328,,0.0,0.0,0.0
su9_vj_0558,chuong_cu,0.25,0.0,0.3333333333333333,1.0,4.0,3.0,0.0,0.0,0.0,0.0,0.0,0.0,0.0,0.0,0.0,0.0,0.0,,0.05,,0.0,0.0,0.0,,0.01666666666666667,0.9043740178290732,0.9429653032305862,,0.0,0.0,0.0
su9_vj_0559,chuong_cu,0.75,1.0,0.6666666666666666,1.0,2.3333333333333335,,0.0,0.0,0.028483448806774444,0.0,0.0,0.25,0.16666666666666666,0.1,0.05000000000000001,0.5,0.25,0.3798872180451127,0.0625,0.3173872180451127,0.10526315789473684,0.3333333333333333,0.5476190476190476,0.3333333333333333,0.0625,0.9420237503825212,0.9468102549687616,0.25,0.0,0.0,0.0
su9_vj_0560,chuong_cu,0.75,1.0,1.0,0.75,1.0,,0.0,0.0,0.04618937644341801,0.0,0.0,0.5,0.3333333333333333,0.2,0.13333333333333333,0.41666666666666663,0.625,0.13357843137254902,0.3900735294117647,-0.25649509803921566,0.11764705882352941,0.0,0.41666666666666663,1.0,0.34595588235294117,0.9162015844211334,0.9315219329312022,0.08333333333333333,0.0,0.0,0.0
su9_vj_0561,chuong_cu,0.75,2.0,0.6666666666666666,0.75,1.75,,0.0,0.0,0.03002309468822171,0.0,0.0,0.375,0.25,0.125,0.08333333333333333,0.5,0.25,0.3625,0.1220238095238095,0.24047619047619048,0.16666666666666666,0.5,0.5833333333333334,1.0,0.1220238095238095,0.9322383290702776,0.9389485427898369,0.08333333333333333,0.0,0.0,0.0
su9_vj_0562,chuong_cu,0.5,1.0,0.3333333333333333,1.0,5.0,3.0,3.0,0.0,0.006928406466512702,0.0,0.0,0.0,0.0,0.0,0.0,0.125,0.25,,0.08333333333333333,,0.21428571428571427,0.0,0.18055555555555555,,0.047619047619047616,0.917353700111781,0.865292439989052,0.3333333333333333,0.0,0.0,0.0
su9_vj_0563,chuong_cu,0.75,2.0,0.6666666666666666,0.75,1.5,,0.0,0.0,0.07390300230946881,0.5,0.16666666666666666,0.6666666666666666,0.34722222222222215,0.3833333333333333,0.1722222222222222,1.0,1.0,0.6958333333333333,0.6208333333333333,0.07499999999999996,0.08333333333333333,1.0,1.0,0.5,0.6208333333333333,0.9319090196814965,0.9277650487595768,0.041666666666666664,0.0,0.0,0.0
su9_vj_0564,chuong_cu,0.5,0.0,0.6666666666666666,1.0,4.0,3.0,0.0,0.0,0.020785219399538108,0.0,0.0,0.0,0.0,0.0,0.0,0.0,0.4166666666666667,0.1488095238095238,0.258531746031746,-0.1097222222222222,0.09523809523809523,0.0,0.0,0.16666666666666666,0.2347222222222222,0.9207411800831098,0.9638164913710664,,0.0,0.0,0.0
su9_vj_0565,chuong_cu,0.75,0.0,1.0,1.0,3.0,3.0,0.0,1.0,0.043879907621247105,0.0,0.0,0.0,0.0,0.0,0.0,0.0,1.0,0.14563492063492062,0.6694444444444444,-0.5238095238095237,0.1111111111111111,0.0,0.0,0.21428571428571427,0.5791666666666666,0.9176638862526123,0.730327647523734,,0.0,0.0,0.0
su9_vj_0566,chuong_cu,0.75,1.0,0.6666666666666666,0.3333333333333333,5.0,3.0,0.0,0.0,0.0,1.0,0.6666666666666666,1.0,0.6666666666666666,0.7,0.4666666666666666,0.5,0.5,0.3555555555555555,0.3833333333333333,-0.02777777777777779,0.2222222222222222,0.5,0.5,1.0,0.3138888888888889,0.9224159503912578,0.933566008928778,0.0,0.0,0.0,0.0
su9_vj_0567,chuong_cu,0.75,0.0,1.0,1.0,3.6666666666666665,3.0,0.0,0.6666666666666666,0.005388760585065436,0.0,0.0,0.0,0.0,0.0,0.0,0.0,0.125,0.19675324675324676,0.09456168831168832,0.10219155844155844,0.2727272727272727,0.0,0.0,0.14285714285714285,0.04545454545454546,0.9191942406000456,0.9272358024691024,,0.0,0.0,0.0
su9_vj_0568,chuong_cu,0.25,0.0,0.3333333333333333,1.0,1.0,,0.0,0.0,0.03464203233256351,0.0,0.0,0.0,0.0,0.0,0.0,0.0,0.125,,0.05625,,0.0,0.0,0.0,,0.03701923076923077,0.9346241461023652,0.9389394901896593,,0.0,0.0,0.0
su9_vj_0569,chuong_cu,0.75,0.0,1.0,1.0,1.3333333333333333,,0.0,0.0,0.05619707467282525,0.0,0.0,0.0,0.0,0.0,0.0,0.0,0.4444444444444444,0.11506410256410256,0.32136752136752134,-0.2063034188034188,0.07692307692307693,0.0,0.0,0.3611111111111111,0.21880341880341878,0.9165456281639687,0.9292269258923938,,0.0,0.0,0.0
su9_vj_0570,chuong_cu,0.0,0.0,0.0,0.0,,,0.0,0.0,0.0,0.0,0.0,0.0,0.0,0.0,0.0,0.0,0.0,,0.03571428571428571,,0.07142857142857142,0.0,0.0,,0.03571428571428571,0.9166137592553276,0.9208998430442719,,0.0,0.0,0.0
su9_vj_0571,chuong_cu,0.5,0.0,0.6666666666666666,1.0,3.5,,0.0,0.0,0.02540415704387991,0.0,0.0,0.0,0.0,0.0,0.0,0.0,0.125,0.12272727272727274,0.07897727272727273,0.04375000000000001,0.09090909090909091,0.0,0.0,0.3333333333333333,0.05625,0.9162557484376167,0.9480186841582519,,0.0,0.0,0.0
su9_vj_0572,chuong_cu,0.25,0.0,0.3333333333333333,1.0,2.0,,0.0,0.0,0.0023094688221709007,0.0,0.0,0.0,0.0,0.0,0.0,0.0,0.16666666666666666,,0.0625,,0.0,0.0,0.0,,0.0625,0.9206457885404609,0.9607108072216642,,0.0,0.0,0.0
su9_vj_0573,chuong_cu,0.0,0.0,0.0,0.0,,,0.0,0.0,0.0,0.0,0.0,0.0,0.0,0.0,0.0,0.0,0.0,,0.0,,0.0,0.0,0.0,,0.0,0.9157375124624976,0.946023206204295,,0.0,0.0,0.0
su9_vj_0574,chuong_cu,0.75,1.0,0.6666666666666666,0.6666666666666666,1.0,,0.0,0.0,0.026943802925327175,1.0,0.3333333333333333,1.0,0.5,0.7,0.3,0.625,0.625,0.4254807692307692,0.3697115384615385,0.05576923076923074,0.07692307692307693,0.5,0.625,0.5,0.3697115384615385,0.9198984432922269,0.9359371972771351,0.041666666666666664,0.0,0.0,0.0
su9_vj_0575,chuong_cu,0.75,1.0,1.0,1.0,1.5,,0.0,1.3333333333333333,0.0069284064665127015,0.0,0.0,0.3333333333333333,0.2222222222222222,0.2,0.10000000000000002,0.16666666666666666,0.16666666666666666,0.14166666666666666,0.041666666666666664,0.1,0.0,0.0,0.16666666666666666,0.3333333333333333,0.041666666666666664,0.9163577824046395,0.6926810583611479,0.16666666666666666,0.0,0.0,0.0
su9_vj_0576,chuong_cu,0.5,0.0,0.6666666666666666,1.0,1.0,,0.0,0.0,0.008083140877598153,0.0,0.0,0.0,0.0,0.0,0.0,0.0,0.16666666666666666,0.12,0.10347222222222223,0.016527777777777766,0.0,0.0,0.0,0.2,0.10347222222222223,0.9331997946775639,0.7432484979245895,,0.0,0.0,0.0
su9_vj_0577,chuong_cu,0.75,1.0,0.6666666666666666,1.0,1.0,,0.0,0.0,0.02617397998460354,0.0,0.0,0.25,0.08333333333333333,0.2,0.13333333333333333,0.3333333333333333,0.5,0.15833333333333333,0.14423076923076922,0.014102564102564108,0.0,0.0,0.3333333333333333,0.5,0.14423076923076922,0.9449323572454377,0.9589620813223146,0.29166666666666663,0.0,0.0,0.0
su9_vj_0578,chuong_cu,0.75,0.0,1.0,1.0,2.6666666666666665,3.0,0.0,0.0,0.016166281755196302,0.0,0.0,0.0,0.0,0.0,0.0,0.0,0.625,0.14202380952380952,0.35124999999999995,-0.20922619047619043,0.08,0.0,0.0,0.1865079365079365,0.29499999999999993,0.9239292597278547,0.9161390690286475,,0.0,0.0,0.0
su9_vj_0579,chuong_cu,0.75,1.0,0.6666666666666666,1.0,1.0,,0.0,0.0,0.02617397998460354,0.0,0.0,0.5,0.25,0.2,0.13333333333333333,0.0,0.0,0.12,0.038461538461538464,0.08153846153846153,0.0,0.0,0.0,0.2,0.038461538461538464,0.9320691846960643,0.9411698598254646,0.16666666666666666,0.0,0.0,0.0
su9_vj_0580,chuong_cu,1.0,1.0,1.0,1.0,1.6666666666666667,,0.0,2.0,0.015011547344110854,0.0,0.0,0.0,0.0,0.1,0.06666666666666667,0.3333333333333333,0.3333333333333333,0.22444444444444445,0.1111111111111111,0.11333333333333334,0.1111111111111111,0.0,0.3333333333333333,0.24444444444444446,0.0,0.9271481151679967,0.9602815568581692,0.3333333333333333,0.0,0.0,0.0
su9_vj_0581,chuong_cu,0.75,0.0,1.0,1.0,3.0,3.0,0.0,1.3333333333333333,0.004618937644341801,0.0,0.0,0.0,0.0,0.0,0.0,0.0,0.25,0.11666666666666667,0.0875,0.029166666666666674,0.0,0.0,0.0,0.2222222222222222,0.04464285714285714,0.9252613144445051,0.9463095091433115,,0.0,0.0,0.0
su9_vj_0582,chuong_cu,0.5,2.0,0.3333333333333333,1.0,1.6666666666666667,,0.0,0.0,0.016166281755196302,0.0,0.0,0.0,0.0,0.06666666666666667,0.022222222222222223,0.5,0.25,,0.09375,,0.0625,0.0,0.5,,0.078125,0.9294252135291834,0.9195208451858272,0.3333333333333333,0.0,0.0,0.0
su9_vj_0583,chuong_cu,1.0,1.0,1.0,1.0,2.0,,0.0,0.0,0.035796766743648956,0.0,0.0,0.3333333333333333,0.19444444444444442,0.2,0.11111111111111112,0.3333333333333333,1.0,0.21524509803921565,0.6735294117647059,-0.4582843137254903,0.11764705882352941,0.0,0.3333333333333333,0.31666666666666665,0.5669117647058823,0.9253398553030769,0.9589174594446565,0.2777777777777778,0.0,0.0,0.0
su9_vj_0584,chuong_cu,0.75,2.0,0.6666666666666666,1.0,3.25,3.0,0.0,2.0,0.004618937644341801,0.0,0.0,0.16666666666666666,0.1111111111111111,0.058333333333333334,0.03888888888888889,0.3333333333333333,0.5,0.18333333333333335,0.140625,0.04270833333333335,0.0,0.0,0.3333333333333333,0.3333333333333333,0.140625,0.9321997461443495,0.925647796471403,0.16666666666666666,0.0,0.0,0.0
su9_vj_0585,chuong_cu,1.0,2.0,1.0,0.6,2.2,,0.0,0.0,0.006004618937644342,0.5,0.3333333333333333,0.5,0.3333333333333333,0.44999999999999996,0.3333333333333333,1.0,1.0,0.7145833333333333,0.63125,0.08333333333333337,0.125,1.0,1.0,0.4444444444444444,0.5895833333333333,0.939652226381477,0.9496253853130096,0.1388888888888889,0.0,0.0,0.0
su9_vj_0586,chuong_cu,0.75,1.0,1.0,0.75,3.25,,0.0,0.0,0.025981524249422634,1.0,0.3333333333333333,1.0,0.4444444444444444,0.7,0.26666666666666666,0.47916666666666663,0.47916666666666663,0.3290307971014492,0.21816123188405795,0.11086956521739127,0.08695652173913043,0.25,0.47916666666666663,0.3333333333333333,0.20729166666666665,0.9199812644445283,0.9369578067578449,0.08333333333333333,0.0,0.0,0.0
su9_vj_0587,chuong_cu,0.5,0.0,0.6666666666666666,1.0,4.5,3.0,0.0,0.0,0.019630484988452657,0.0,0.0,0.0,0.0,0.0,0.0,0.0,0.625,0.18125,0.33125,-0.15,0.125,0.0,0.0,0.0,0.33125,0.92657239478496,0.9349875058529425,,0.0,0.0,0.0
su9_vj_0588,chuong_cu,0.5,1.0,0.3333333333333333,1.0,5.0,3.0,0.0,0.0,0.0034642032332563508,0.0,0.0,0.0,0.0,0.2,0.06666666666666667,0.0,0.0,,0.05,,0.0,0.0,0.0,,0.05,0.922363104630471,0.9375792067664518,1.0,0.0,0.0,0.0
su9_vj_0589,chuong_cu,0.0,0.0,0.0,0.0,,,0.0,0.0,0.0,0.0,0.0,0.0,0.0,0.0,0.0,0.0,0.0,,0.027777777777777776,,0.1111111111111111,0.0,0.0,,0.027777777777777776,0.9170519563633349,0.917581456087403,,0.0,0.0,0.0
su9_vj_0590,chuong_cu,0.75,0.0,1.0,1.0,2.3333333333333335,,0.0,0.0,0.008468052347959968,0.0,0.0,0.0,0.0,0.0,0.0,0.0,0.5,0.18221611721611722,0.14423076923076922,0.037985347985348,0.23076923076923078,0.0,0.0,0.16984126984126982,0.04487179487179485,0.9210601099100854,0.9272358024691024,,0.0,0.0,0.0
su9_vj_0591,chuong_cu,0.75,1.0,1.0,0.75,3.0,3.0,0.0,0.0,0.012702078521939953,1.0,0.3333333333333333,1.0,0.3333333333333333,0.7,0.26666666666666666,0.16666666666666666,0.16666666666666666,0.1825,0.0625,0.12,0.0,0.0,0.25,0.2,0.0625,0.9304583081405351,0.9352553009851315,0.16666666666666666,0.0,0.0,0.0
su9_vj_0592,chuong_cu,0.0,0.0,0.0,0.0,,,0.0,0.0,0.0,0.0,0.0,0.0,0.0,0.0,0.0,0.0,0.0,,0.05,,0.2,0.0,0.0,,0.05,0.927115576675974,0.9482115505400263,,0.0,0.0,0.0
su9_vj_0593,chuong_cu,0.5,0.0,0.6666666666666666,1.0,3.0,,0.0,0.0,0.005773672055427252,0.0,0.0,0.0,0.0,0.0,0.0,0.0,0.25,0.13125,0.0625,0.06875,0.0,0.0,0.0,0.125,0.0625,0.9311969040138955,0.9226350692601858,,0.0,0.0,0.0
su9_vj_0594,chuong_cu,0.5,1.0,0.3333333333333333,1.0,3.0,,0.0,0.0,0.017321016166281754,0.0,0.0,0.5,0.16666666666666666,0.2,0.06666666666666667,0.0,0.0,,0.041666666666666664,,0.0,0.0,0.16666666666666666,,0.041666666666666664,0.9130746797441969,0.9150738511279479,0.08333333333333333,0.0,0.0,0.0
su9_vj_0595,chuong_cu,0.5,1.0,0.6666666666666666,0.6666666666666666,4.0,3.0,0.0,0.0,0.008468052347959968,0.5,0.16666666666666666,1.0,0.3333333333333333,0.7,0.2333333333333333,0.0,0.0,,0.05,,0.045454545454545456,0.0,0.2,,0.05,0.9237660486907431,0.9328727967862935,0.0,0.0,0.0,0.0
su9_vj_0596,chuong_cu,1.0,1.0,1.0,0.5,2.75,,0.0,0.0,0.004618937644341801,0.0,0.0,0.0,0.0,0.1,0.10000000000000002,0.4166666666666667,0.0,0.3375,0.07857142857142857,0.25892857142857145,0.4,0.3333333333333333,0.48333333333333334,1.0,0.0,0.9300738771071905,0.9381036875481316,0.3333333333333333,0.0,0.0,0.0
su9_vj_0597,chuong_cu,1.0,1.0,1.3333333333333333,0.8,2.0,,0.0,0.0,0.03371824480369515,0.0,0.0,0.3333333333333333,0.1111111111111111,0.1,0.10000000000000002,0.16666666666666666,0.5,0.14702380952380953,0.3833333333333333,-0.23630952380952377,0.08333333333333333,0.0,0.23809523809523808,0.5555555555555555,0.30297619047619045,0.930881029639009,0.9020199739204842,0.27777777777777773,0.0,0.0,0.0
su9_vj_0598,chuong_cu,1.0,1.0,1.3333333333333333,0.6,2.2,,0.0,0.0,0.006004618937644342,0.5,0.16666666666666666,1.0,0.3333333333333333,0.7,0.3333333333333333,0.3333333333333333,0.3333333333333333,0.16333333333333333,0.12878787878787878,0.034545454545454546,0.0,0.0,0.3333333333333333,0.4666666666666666,0.045454545454545456,0.9343858429523377,0.9388871696663964,0.2222222222222222,0.0,0.0,0.0
su9_vj_0599,chuong_cu,0.0,0.0,0.0,0.0,,,0.0,0.0,0.0,0.0,0.0,0.0,0.0,0.0,0.0,0.0,0.0,,0.020833333333333332,,0.0,0.0,0.0,,0.020833333333333332,0.9309909794968348,0.9315796499085558,,0.0,0.0,0.0
su9_vj_0600,chuong_cu,0.5,0.0,1.0,0.6666666666666666,1.6666666666666667,,0.0,0.0,0.05003849114703618,0.0,0.0,0.0,0.0,0.0,0.0,0.0,0.3333333333333333,0.019230769230769232,0.13141025641025642,-0.11217948717948718,0.07692307692307693,0.0,0.0,1.0,0.11217948717948718,0.9312868628534305,0.9347583592382986,,0.0,0.0,0.0
su9_vj_0601,chuong_cu,0.25,0.0,0.6666666666666666,1.0,2.5,,0.0,0.0,0.016166281755196306,0.0,0.0,0.0,0.0,0.0,0.0,0.0,0.25,,0.0625,,0.0,0.0,0.0,,0.0625,0.926639842676326,0.927875261147618,,0.0,0.0,0.0
su9_vj_0602,chuong_cu,0.75,2.0,0.6666666666666666,1.0,2.0,,0.0,0.0,0.012702078521939953,0.0,0.0,0.25,0.08333333333333333,0.1,0.06666666666666667,0.16666666666666666,0.375,0.1958333333333333,0.11041666666666666,0.08541666666666664,0.06666666666666667,0.0,0.26666666666666666,0.25,0.09375,0.9343015660306686,0.9017379710116158,0.29166666666666663,0.0,0.0,0.0
su9_vj_0603,chuong_cu,0.25,1.0,0.0,1.0,3.0,,0.0,0.0,0.020785219399538105,0.0,0.0,0.0,0.0,0.0,0.0,0.0,0.0,,0.0,,0.0,0.0,0.17777777777777778,,0.0,0.9305782458543661,0.9217607312099864,,0.0,0.0,0.0
su9_vj_0604,chuong_cu,0.5,1.0,0.3333333333333333,1.0,3.5,3.0,0.0,0.0,0.009237875288683603,0.0,0.0,0.0,0.0,0.05,0.016666666666666666,0.3333333333333333,0.3333333333333333,,0.08333333333333333,,0.0,0.0,0.3333333333333333,,0.08333333333333333,0.9338790816899556,0.9281709237093418,0.3333333333333333,0.0,0.0,0.0
su9_vj_0605,chuong_cu,0.25,1.0,0.0,1.0,2.0,,0.0,0.0,0.011547344110854504,0.0,0.0,0.0,0.0,0.0,0.0,0.0,0.0,,0.027777777777777776,,0.05555555555555555,0.0,0.0,,0.027777777777777776,0.9334661764916593,0.9407579916895197,,0.0,0.0,0.0
su9_vj_0606,chuong_cu,0.5,0.0,0.6666666666666666,1.0,1.5,,0.0,0.0,0.011547344110854504,0.0,0.0,0.0,0.0,0.0,0.0,0.0,0.25,0.11249999999999999,0.0900297619047619,0.022470238095238085,0.0,0.0,0.0,0.25,0.0900297619047619,0.9347349098022627,0.9401570272677505,,0.0,0.0,0.0
su9_vj_0607,chuong_cu,0.5,0.0,0.6666666666666666,1.0,4.5,3.0,0.0,0.0,0.021939953810623556,0.0,0.0,0.0,0.0,0.0,0.0,0.0,0.16666666666666666,0.1285714285714286,0.05833333333333333,0.07023809523809527,0.0,0.0,0.0,0.14285714285714285,0.05833333333333333,0.9364869658118875,0.9414897844122597,,0.0,0.0,0.0
su9_vj_0608,chuong_cu,0.75,1.0,1.0,1.0,2.75,3.0,0.0,0.0,0.04387990762124711,0.0,0.0,0.3333333333333333,0.1111111111111111,0.1,0.04666666666666667,0.0,0.0,0.11875000000000001,0.019230769230769232,0.09951923076923078,0.0,0.0,0.0,0.20833333333333331,0.019230769230769232,0.9242225040688676,0.9292618177400616,0.25,0.0,0.0,0.0
su9_vj_0609,chuong_cu,1.0,1.0,1.3333333333333333,1.0,2.8,3.0,0.0,0.0,0.03741339491916859,0.0,0.0,0.3333333333333333,0.19444444444444442,0.1,0.07777777777777778,0.125,0.6666666666666666,0.1956439393939394,0.3871212121212121,-0.1914772727272727,0.09090909090909091,0.0,0.225,0.2222222222222222,0.2895833333333333,0.9358093318631427,0.9321672187014384,0.3055555555555555,0.0,0.0,0.0
su9_vj_0610,chuong_cu,0.5,1.0,0.3333333333333333,1.0,1.5,,0.0,0.0,0.06928406466512702,0.0,0.0,0.3333333333333333,0.1111111111111111,0.1,0.03333333333333333,0.16666666666666666,0.625,,0.3625,,0.0,0.0,0.25,,0.3625,0.9456738947096858,0.9527398937329564,0.16666666666666666,0.0,0.0,0.0
su9_vj_0611,chuong_cu,0.75,1.0,1.0,0.5,2.25,,0.0,0.0,0.013856812933025403,1.0,0.5,1.0,0.6666666666666666,0.7,0.4666666666666666,0.6666666666666666,0.6666666666666666,0.3871212121212121,0.3871212121212121,0.0,0.18181818181818182,0.5,0.6666666666666666,1.0,0.3643939393939394,0.9258574517231458,0.9296685544846548,0.0,0.0,0.0,0.0
su9_vj_0612,chuong_cu,0.0,0.0,0.0,0.0,,,0.0,0.0,0.0,0.0,0.0,0.0,0.0,0.0,0.0,0.0,0.0,,0.0,,0.0,0.0,0.0,,0.0,0.9176044494598175,0.9660296676718896,,0.0,0.0,0.0
su9_vj_0613,chuong_cu,0.0,0.0,0.0,0.0,,,0.0,0.0,0.0,0.0,0.0,0.0,0.0,0.0,0.0,0.0,0.0,,0.0,,0.0,0.0,0.0,,0.0,0.9342442046912035,0.9577110714499836,,0.0,0.0,0.0
su9_vj_0614,chuong_cu,0.5,1.0,0.3333333333333333,1.0,3.0,,0.0,2.0,0.008083140877598153,0.0,0.0,0.25,0.08333333333333333,0.0,0.0,0.0,0.25,,0.09821428571428571,,0.14285714285714285,0.0,0.2,,0.0625,0.9166867702331697,0.9405174932416153,0.25,0.0,0.0,0.0
su9_vj_0615,chuong_cu,1.0,2.0,1.3333333333333333,0.5,1.0,,0.0,0.0,0.08622016936104694,0.5,0.4444444444444444,0.75,0.75,0.44999999999999996,0.44999999999999996,0.0,0.0,0.05925925925925926,0.0,0.05925925925925926,0.037037037037037035,0.0,0.0,0.6666666666666666,0.0,0.9342929824823963,0.9354315879354738,0.0,0.0,0.0,0.0
su9_vj_0616,chuong_cu,0.0,0.0,0.0,0.0,,,0.0,0.0,0.0,0.0,0.0,0.0,0.0,0.0,0.0,0.0,0.0,,0.0,,0.0,0.0,0.0,,0.0,0.931378779547622,0.956340234189235,,0.0,0.0,0.0
su9_vj_0617,chuong_cu,0.5,0.0,0.6666666666666666,1.0,3.5,,0.0,0.0,0.03002309468822171,0.0,0.0,0.0,0.0,0.0,0.0,0.0,0.29166666666666663,0.1,0.1113095238095238,-0.011309523809523797,0.0,0.0,0.0,0.3333333333333333,0.1113095238095238,0.9242124686151434,0.9460818839375483,,0.0,0.0,0.0
su9_vj_0618,chuong_cu,0.75,1.0,0.6666666666666666,0.6666666666666666,1.0,,0.0,0.0,0.08929946112394149,1.0,0.3333333333333333,1.0,0.4166666666666667,0.7,0.3,0.125,0.5,0.17648809523809522,0.3416666666666667,-0.16517857142857145,0.047619047619047616,0.0,0.20833333333333331,0.25,0.31785714285714284,0.9282737990280168,0.9335528925314152,0.125,0.0,0.0,0.0
su9_vj_0619,chuong_cu,0.0,0.0,0.0,0.0,,,0.0,0.0,0.0,0.0,0.0,0.0,0.0,0.0,0.0,0.0,0.0,,0.023809523809523808,,0.0,0.0,0.0,,0.023809523809523808,0.9183628465444601,0.9534634737756049,,0.0,0.0,0.0
su9_vj_0620,chuong_cu,0.0,0.0,0.0,0.0,,,0.0,0.0,0.0,0.0,0.0,0.0,0.0,0.0,0.0,0.0,0.0,,0.016666666666666666,,0.0,0.0,0.0,,0.016666666666666666,0.925494309484999,0.9198412470538998,,0.0,0.0,0.0
su9_vj_0621,chuong_cu,0.0,0.0,0.0,0.0,,,0.0,0.0,0.0,0.0,0.0,0.0,0.0,0.0,0.0,0.0,0.0,,0.025,,0.0,0.0,0.0,,0.025,0.9327957709177255,0.9388261119937364,,0.0,0.0,0.0
su9_vj_0622,chuong_cu,0.75,1.0,0.6666666666666666,0.3333333333333333,1.0,,0.0,0.0,0.004618937644341801,1.0,0.6666666666666666,1.0,0.6666666666666666,0.7,0.4666666666666666,0.6666666666666666,0.6666666666666666,0.3773809523809524,0.3773809523809524,0.0,0.14285714285714285,0.5,0.6666666666666666,1.0,0.3773809523809524,0.9273114454350355,0.9461872993530046,0.0,0.0,0.0,0.0
su9_vj_0623,chuong_cu,0.0,0.0,0.0,0.0,,,0.0,0.0,0.0,0.0,0.0,0.0,0.0,0.0,0.0,0.0,0.0,,0.0,,0.0,0.0,0.0,,0.0,0.9402965962343972,0.9475659808360679,,0.0,0.0,0.0
su9_vj_0624,chuong_cu,0.0,0.0,0.0,0.0,,,0.0,0.0,0.0,0.0,0.0,0.0,0.0,0.0,0.0,0.0,0.0,,0.0,,0.0,0.0,0.0,,0.0,0.9227276939331147,0.9321024305180045,,0.0,0.0,0.0
su9_vj_0625,chuong_cu,0.25,0.0,0.3333333333333333,1.0,1.0,,0.0,0.0,0.12702078521939952,0.0,0.0,0.0,0.0,0.0,0.0,0.0,0.0,,0.0,,0.07692307692307693,0.0,0.0,,0.0,0.9238800952909848,0.9413548913630722,,0.0,0.0,0.0
su9_vj_0626,chuong_cu,0.0,0.0,0.0,0.0,,,0.0,0.0,0.0,0.0,0.0,0.0,0.0,0.0,0.0,0.0,0.0,,0.0,,0.13333333333333333,0.0,0.0,,0.0,0.9138681125093514,0.9277944111473972,,0.0,0.0,0.0
su9_vj_0627,chuong_cu,0.5,0.0,0.6666666666666666,1.0,2.5,,0.0,0.0,0.02540415704387991,0.0,0.0,0.0,0.0,0.0,0.0,0.0,0.0,0.14772727272727273,0.022727272727272728,0.125,0.09090909090909091,0.0,0.0,0.16666666666666666,0.022727272727272728,0.9174400300628329,0.9359385772538252,,0.0,0.0,0.0
su9_vj_0628,chuong_cu,0.25,0.0,0.3333333333333333,1.0,5.0,3.0,0.0,0.0,0.0069284064665127015,0.0,0.0,0.0,0.0,0.0,0.0,0.0,0.29166666666666663,,0.08854166666666666,,0.125,0.0,0.0,,0.07291666666666666,0.9311743755104567,0.9296201532776911,,0.0,0.0,0.0
su9_vj_0629,chuong_cu,0.25,0.0,0.3333333333333333,1.0,1.0,,0.0,0.0,0.12702078521939952,0.0,0.0,0.0,0.0,0.0,0.0,0.0,0.375,,0.10416666666666667,,0.0,0.0,0.0,,0.07291666666666667,0.9301915610503224,0.9484478569505072,,0.0,0.0,0.0
su9_vj_0630,chuong_cu,1.0,1.0,1.0,0.5,5.0,3.0,0.0,0.0,0.009237875288683603,1.0,0.3333333333333333,1.0,0.6666666666666666,0.7,0.3666666666666667,0.0,0.0,0.1475140056022409,0.0975140056022409,0.05,0.23529411764705882,0.0,0.15476190476190477,0.6666666666666666,0.058823529411764705,0.9319010165483392,0.9387653813508373,0.05555555555555555,0.0,0.0,0.0
su9_vj_0631,chuong_cu,0.0,0.0,0.0,0.0,,,0.0,0.0,0.0,0.0,0.0,0.0,0.0,0.0,0.0,0.0,0.0,,0.0,,0.0,0.0,0.0,,0.0,0.9204582987781815,0.8629077066945078,,0.0,0.0,0.0
su9_vj_0632,chuong_cu,0.5,1.0,0.3333333333333333,1.0,3.0,,2.0,0.0,0.008083140877598153,0.0,0.0,0.25,0.08333333333333333,0.0,0.0,0.25,0.0,,0.08571428571428572,,0.14285714285714285,0.0,0.25,,0.05,0.9197868827502639,0.9263834791100038,0.25,0.0,0.0,0.0
su9_vj_0633,chuong_cu,0.0,0.0,0.0,0.0,,,0.0,0.0,0.0,0.0,0.0,0.0,0.0,0.0,0.0,0.0,0.0,,0.013888888888888888,,0.0,0.0,0.0,,0.013888888888888888,0.919313780256826,0.9207081480345299,,0.0,0.0,0.0
su9_vj_0634,chuong_cu,0.25,1.0,0.0,1.0,5.0,3.0,0.0,0.0,0.004618937644341801,0.0,0.0,0.0,0.0,0.0,0.0,0.0,0.0,,0.03125,,0.0,0.0,0.0,,0.03125,0.937276942073949,0.9118577380613531,,0.0,0.0,0.0
su9_vj_0635,chuong_cu,0.25,0.0,0.3333333333333333,1.0,5.0,3.0,0.0,0.0,0.009237875288683603,0.0,0.0,0.0,0.0,0.0,0.0,0.0,0.0,,0.05,,0.0,0.0,0.0,,0.05,0.9256499635915334,0.9438333647285677,,0.0,0.0,0.0
su9_vj_0636,chuong_cu,0.25,0.0,0.3333333333333333,1.0,1.0,,0.0,0.0,0.004618937644341801,0.0,0.0,0.0,0.0,0.0,0.0,0.0,0.3333333333333333,,0.08333333333333333,,0.0,0.0,0.0,,0.08333333333333333,0.9208757153727137,0.9078266834802676,,0.0,0.0,0.0
su9_vj_0637,chuong_cu,0.0,0.0,0.0,0.0,,,0.0,0.0,0.0,0.0,0.0,0.0,0.0,0.0,0.0,0.0,0.0,,0.0,,0.0,0.0,0.0,,0.0,0.9308814696361388,0.9569078138143051,,0.0,0.0,0.0
su9_vj_0638,chuong_cu,0.5,1.0,0.6666666666666666,1.0,1.0,,0.0,0.0,0.0069284064665127015,0.0,0.0,0.25,0.08333333333333333,0.2,0.06666666666666667,0.0,0.0,,0.0,,0.0,0.0,0.0,,0.0,0.8976131918183812,0.6549533453060097,0.25,0.0,0.0,0.0
su9_vj_0639,chuong_cu,0.25,0.0,0.3333333333333333,1.0,1.0,,0.0,0.0,0.011547344110854504,0.0,0.0,0.0,0.0,0.0,0.0,0.0,0.0,,0.03571428571428571,,0.11764705882352941,0.0,0.0,,0.021008403361344536,0.9252463193118179,0.936281194706889,,0.0,0.0,0.0
su9_vj_0640,chuong_cu,0.5,0.0,1.0,0.6666666666666666,2.3333333333333335,3.0,0.0,0.0,0.08545034642032333,0.0,0.0,0.0,0.0,0.0,0.0,0.0,1.0,0.075,0.6333333333333333,-0.5583333333333333,0.0,0.0,0.0,0.5,0.6333333333333333,0.9234017666213238,0.9308798964657989,,0.0,0.0,0.0
su9_vj_0641,chuong_cu,0.0,0.0,0.0,0.0,,,0.0,0.0,0.0,0.0,0.0,0.0,0.0,0.0,0.0,0.0,0.0,,0.019230769230769232,,0.0,0.0,0.0,,0.019230769230769232,0.9211601080643018,0.961656135101578,,0.0,0.0,0.0
su9_vj_0642,chuong_cu,0.0,0.0,0.0,0.0,,,0.0,0.0,0.0,0.0,0.0,0.0,0.0,0.0,0.0,0.0,0.0,,0.0,,0.0,0.0,0.0,,0.0,0.9300482245900932,0.9573292579391438,,0.0,0.0,0.0
su9_vj_0643,chuong_cu,0.75,1.0,1.0,1.0,3.25,3.0,0.0,0.0,0.017321016166281754,0.0,0.0,0.3333333333333333,0.1111111111111111,0.1,0.05555555555555556,0.29166666666666663,0.75,0.23045343137254903,0.4213235294117647,-0.19087009803921567,0.11764705882352941,0.0,0.29166666666666663,0.14583333333333331,0.4213235294117647,0.9265337788521278,0.9421701321103007,0.2916666666666667,0.0,0.0,0.0
su9_vj_0644,chuong_cu,0.5,1.0,0.6666666666666666,1.0,3.0,3.0,0.0,0.0,0.01770592763664357,0.0,0.0,0.0,0.0,0.05,0.016666666666666666,0.16666666666666666,0.16666666666666666,,0.12549019607843137,,0.058823529411764705,0.0,0.21666666666666667,,0.12549019607843137,0.9208714763254141,0.9420519516579628,0.3333333333333333,0.0,0.0,0.0
su9_vj_0645,chuong_cu,0.5,1.0,0.3333333333333333,1.0,4.0,3.0,0.0,0.0,0.0034642032332563508,0.0,0.0,0.0,0.0,0.06666666666666667,0.022222222222222223,0.16666666666666666,0.125,,0.049107142857142856,,0.14285714285714285,0.0,0.25,,0.049107142857142856,0.938207771939887,0.9219833858738332,0.4166666666666667,0.0,0.0,0.0
su9_vj_0646,chuong_cu,0.75,0.0,1.0,1.0,2.6666666666666665,,0.0,0.0,0.01924557351809084,0.0,0.0,0.0,0.0,0.0,0.0,0.0,0.25,0.13833333333333334,0.0875,0.05083333333333334,0.1,0.0,0.0,0.24444444444444446,0.04583333333333333,0.9247683104950998,0.9359096213754352,,0.0,0.0,0.0
su9_vj_0647,chuong_cu,0.25,0.0,0.3333333333333333,1.0,3.0,,0.0,0.0,0.0023094688221709007,0.0,0.0,0.0,0.0,0.0,0.0,0.0,0.06666666666666667,,0.043948412698412695,,0.0,0.0,0.0,,0.020138888888888887,0.9252077313603878,0.9551765814995438,,0.0,0.0,0.0
su9_vj_0648,chuong_cu,0.75,1.0,1.0,1.0,1.5,,0.0,0.0,0.04272517321016166,0.0,0.0,0.25,0.08333333333333333,0.2,0.10000000000000002,0.625,0.16666666666666666,0.4848214285714285,0.075,0.4098214285714285,0.1,0.5,0.625,0.14285714285714285,0.075,0.9102150928321788,0.9604993525462754,0.33333333333333337,0.0,0.0,0.0
su9_vj_0649,chuong_cu,0.5,2.0,0.3333333333333333,0.6666666666666666,3.3333333333333335,3.0,0.0,0.0,0.004618937644341801,0.5,0.16666666666666666,0.5,0.16666666666666666,0.39999999999999997,0.13333333333333333,1.0,1.0,,0.6192307692307693,,0.23076923076923078,1.0,1.0,,0.6192307692307693,0.9356739229793113,0.9232428012333204,0.0,0.0,0.0,0.0
su9_vj_0650,chuong_cu,0.75,2.0,1.3333333333333333,1.0,3.0,3.0,0.0,0.0,0.03348729792147806,0.0,0.0,0.16666666666666666,0.09722222222222221,0.1,0.05833333333333334,1.0,0.25,0.725,0.07916666666666666,0.6458333333333333,0.1,1.0,1.0,0.3333333333333333,0.041666666666666664,0.9230307025640899,0.9318245161108578,0.20833333333333331,0.0,0.0,0.0
su9_vj_0651,chuong_cu,0.75,1.0,0.6666666666666666,1.0,3.3333333333333335,3.0,0.0,0.0,0.008468052347959968,0.0,0.0,0.0,0.0,0.1,0.05555555555555556,0.3333333333333333,0.3333333333333333,0.24094202898550723,0.10507246376811594,0.1358695652173913,0.13043478260869565,0.0,0.3333333333333333,0.16666666666666666,0.09420289855072464,0.9227538113383397,0.9054120753601397,0.375,0.0,0.0,0.0
su9_vj_0652,chuong_cu,0.75,1.0,0.6666666666666666,1.0,4.0,3.0,0.0,0.0,0.009237875288683603,0.0,0.0,0.25,0.08333333333333333,0.06666666666666667,0.022222222222222223,0.3055555555555555,0.4444444444444444,0.21305555555555555,0.1111111111111111,0.10194444444444445,0.06666666666666667,0.0,0.3055555555555555,0.2,0.07777777777777778,0.9318985204011391,0.9339289162541465,0.33333333333333337,0.0,0.0,0.0
su9_vj_0653,chuong_cu,1.0,2.0,2.0,0.625,2.4285714285714284,,0.0,0.0,0.009237875288683603,0.6666666666666666,0.3333333333333333,1.0,0.6805555555555555,0.7,0.36666666666666664,0.16666666666666666,0.375,0.15416666666666665,0.10625,0.04791666666666665,0.0,0.0,0.26666666666666666,0.4166666666666667,0.06339285714285714,0.9220808719447716,0.9558222693722954,0.027777777777777776,0.0,0.0,0.0
su9_vj_0654,chuong_cu,0.0,0.0,0.0,0.0,,,0.0,0.0,0.0,0.0,0.0,0.0,0.0,0.0,0.0,0.0,0.0,,0.0,,0.0,0.0,0.0,,0.0,0.9210688225125544,0.9312113155671815,,0.0,0.0,0.0
su9_vj_0655,chuong_cu,0.5,1.0,0.3333333333333333,1.0,1.0,,0.0,0.0,0.08083140877598152,0.0,0.0,0.5,0.16666666666666666,0.2,0.06666666666666667,0.625,0.25,,0.1232142857142857,,0.14285714285714285,0.5,0.625,,0.1232142857142857,0.9275733386334432,0.9357228037587565,0.08333333333333333,0.0,0.0,0.0
su9_vj_0656,chuong_cu,0.75,2.0,0.6666666666666666,1.0,4.75,3.0,0.0,0.0,0.004041570438799076,0.0,0.0,0.16666666666666666,0.05555555555555555,0.15000000000000002,0.10000000000000002,0.25,0.3333333333333333,0.20357142857142857,0.09583333333333333,0.10773809523809524,0.05,0.0,0.25,0.14285714285714285,0.09583333333333333,0.9208138558888254,0.9192401727321137,0.25,0.0,0.0,0.0
su9_vj_0657,chuong_cu,0.75,1.0,1.0,0.5,1.0,,0.0,0.0,0.0040415704387990765,1.0,0.5,1.0,0.6666666666666666,0.7,0.4666666666666666,0.0,0.0,0.04583333333333334,0.04583333333333334,0.0,0.0,0.0,0.18333333333333335,1.0,0.04583333333333334,0.9264422196303268,0.971110431197208,0.0,0.0,0.0,0.0
su9_vj_0658,chuong_cu,0.0,0.0,0.0,0.0,,,0.0,0.0,0.0,0.0,0.0,0.0,0.0,0.0,0.0,0.0,0.0,,0.022727272727272728,,0.09090909090909091,0.0,0.0,,0.0,0.9314959996470014,0.9317957302497912,,0.0,0.0,0.0
su9_vj_0659,chuong_cu,0.5,1.0,0.3333333333333333,1.0,2.0,,0.0,0.0,0.024249422632794455,0.0,0.0,0.0,0.0,0.06666666666666667,0.022222222222222223,0.3333333333333333,0.0,,0.08657796451914099,,0.23529411764705882,0.0,0.3333333333333333,,0.08657796451914099,0.9300806250833481,0.9287988247790271,0.4166666666666667,0.0,0.0,0.0
su9_vj_0660,chuong_cu,1.0,1.0,1.0,0.75,2.75,,0.0,0.0,0.04272517321016166,1.0,0.3333333333333333,1.0,0.4444444444444444,0.7,0.28888888888888886,0.16666666666666666,0.625,0.17333333333333334,0.38125,-0.20791666666666664,0.0,0.0,0.25,0.2611111111111111,0.33214285714285713,0.9329043287641184,0.9542829461022697,0.16666666666666666,0.0,0.0,0.0
su9_vj_0661,chuong_cu,0.5,1.0,0.3333333333333333,1.0,5.0,3.0,0.0,0.0,0.0034642032332563508,0.0,0.0,0.0,0.0,0.2,0.06666666666666667,0.25,0.0,,0.05,,0.0,0.0,0.25,,0.05,0.9114155593814455,0.7545441806664734,0.5,0.0,0.0,0.0
su9_vj_0662,chuong_cu,1.0,1.0,1.3333333333333333,1.0,2.2,3.0,0.0,0.0,0.014318706697459582,0.0,0.0,0.5,0.27777777777777773,0.2,0.1466666666666667,0.5,1.0,0.2800724637681159,0.6543478260869565,-0.3742753623188406,0.08695652173913043,0.0,0.5,0.1111111111111111,0.6543478260869565,0.9282412519700823,0.9350065271397333,0.4166666666666667,0.0,0.0,0.0
su9_vj_0663,chuong_cu,1.0,3.0,1.3333333333333333,1.0,3.2857142857142856,3.0,0.0,0.0,0.02507423292642692,0.0,0.0,0.1111111111111111,0.0925925925925926,0.1111111111111111,0.06962962962962964,0.75,0.41666666666666663,0.5286904761904762,0.10416666666666666,0.4245238095238095,0.16666666666666666,0.5,0.75,0.16984126984126982,0.047916666666666656,0.9403760850604218,0.9365153429287775,0.2222222222222222,0.0,0.0,0.0
su9_vj_0664,chuong_cu,0.0,0.0,0.0,0.0,,,0.0,0.0,0.0,0.0,0.0,0.0,0.0,0.0,0.0,0.0,0.0,,0.016666666666666666,,0.06666666666666667,0.0,0.0,,0.016666666666666666,0.9331725891922643,0.9559983188213168,,0.0,0.0,0.0
su9_vj_0665,chuong_cu,1.0,1.0,1.6666666666666667,0.8333333333333334,2.1666666666666665,,0.0,0.0,0.028098537336412623,0.0,0.0,0.3333333333333333,0.3333333333333333,0.1,0.08888888888888889,0.3055555555555555,0.3055555555555555,0.21263888888888888,0.12534722222222222,0.08729166666666666,0.125,0.0,0.3055555555555555,0.3,0.07118055555555555,0.9142852828477195,0.9417137062505835,0.16666666666666666,0.0,0.0,0.0
su9_vj_0666,chuong_cu,0.75,0.0,1.3333333333333333,1.0,2.5,,0.0,0.0,0.018475750577367205,0.0,0.0,0.0,0.0,0.0,0.0,0.0,0.5,0.11666666666666667,0.3625,-0.24583333333333332,0.0,0.0,0.0,0.2222222222222222,0.3208333333333333,0.9327544593540307,0.9531630749659672,,0.0,0.0,0.0
su9_vj_0667,chuong_cu,0.75,1.0,0.6666666666666666,1.0,3.3333333333333335,3.0,0.0,0.0,0.004618937644341801,0.0,0.0,0.0,0.0,0.1,0.05555555555555556,0.25,0.25,0.2125,0.10714285714285714,0.10535714285714286,0.0,0.0,0.25,0.0,0.10714285714285714,0.8789815893828609,0.9315899517385096,0.6666666666666666,0.0,0.0,0.0
su9_vj_0668,chuong_cu,1.0,1.0,1.0,1.0,1.5,,0.0,0.3333333333333333,0.04503464203233256,0.0,0.0,0.0,0.0,0.2,0.13333333333333333,0.5,0.5,0.44166666666666665,0.3583333333333333,0.08333333333333337,0.06666666666666667,0.5,0.6,0.3333333333333333,0.2583333333333333,0.9254763748456303,0.9486475509679594,0.3611111111111111,0.0,0.0,0.0
su9_vj_0669,chuong_cu,0.5,0.0,0.6666666666666666,1.0,3.5,,0.0,0.0,0.02540415704387991,0.0,0.0,0.0,0.0,0.0,0.0,0.0,0.625,0.14166666666666666,0.33125,-0.18958333333333333,0.16666666666666666,0.0,0.0,0.3333333333333333,0.3173611111111111,0.9177280535956223,0.9331885974908997,,0.0,0.0,0.0
su9_vj_0676,chuong_cu,1.0,1.0,1.3333333333333333,1.0,2.0,,0.0,0.0,0.018475750577367205,0.0,0.0,0.25,0.08333333333333333,0.1,0.10000000000000002,0.3333333333333333,0.3333333333333333,0.22022727272727272,0.1515151515151515,0.06871212121212122,0.09090909090909091,0.0,0.3333333333333333,0.2388888888888889,0.03333333333333331,0.9147305287720947,0.931877352937008,0.3055555555555555,0.0,0.0,0.0
su9_vj_0680,chuong_cu,0.0,0.0,0.0,0.0,,,0.0,0.0,0.0,0.0,0.0,0.0,0.0,0.0,0.0,0.0,0.0,,0.019230769230769232,,0.3076923076923077,0.0,0.0,,0.019230769230769232,0.9286154678587574,0.9479406659264801,,0.0,0.0,0.0
su9_vj_0687,chuong_cu,0.25,0.0,0.3333333333333333,1.0,3.0,,0.0,0.0,0.013856812933025403,0.0,0.0,0.0,0.0,0.0,0.0,0.0,0.0,,0.07083333333333333,,0.0,0.0,0.0,,0.07083333333333333,0.9068742966884809,0.9417965711817459,,0.0,0.0,0.0
su9_vj_0688,chuong_cu,0.0,0.0,0.0,0.0,,,0.0,0.0,0.0,0.0,0.0,0.0,0.0,0.0,0.0,0.0,0.0,,0.022727272727272728,,0.0,0.0,0.0,,0.022727272727272728,0.9006551954186965,0.966380892613573,,0.0,0.0,0.0
su9_vj_0689,chuong_cu,0.25,2.0,0.0,1.0,3.0,,0.0,0.0,0.02886836027713626,0.0,0.0,0.0,0.0,0.0,0.0,1.0,0.0,,0.027777777777777776,,0.3333333333333333,1.0,1.0,,0.0,0.9334231419715839,0.9321613992932828,,0.0,0.0,0.0
su9_vj_0690,chuong_cu,1.0,1.0,1.3333333333333333,0.8,2.4,3.0,0.0,0.0,0.010623556581986143,1.0,0.3333333333333333,1.0,0.4444444444444444,0.7,0.3333333333333333,0.29166666666666663,0.29166666666666663,0.2218452380952381,0.10416666666666666,0.11767857142857144,0.125,0.0,0.29166666666666663,0.21547619047619046,0.04166666666666666,0.9140211719905065,0.9544628857210843,0.16666666666666666,0.0,0.0,0.0
su9_vj_0691,chuong_cu,0.5,1.0,0.3333333333333333,0.5,2.0,,0.0,0.0,0.018475750577367205,1.0,0.3333333333333333,1.0,0.3333333333333333,0.7,0.2333333333333333,0.0,0.0,,0.015625,,0.125,0.0,0.0,,0.015625,0.9200459531760727,0.9436049951366057,0.0,0.0,0.0,0.0
su9_vj_0692,chuong_cu,1.0,2.0,2.0,0.5,3.0,3.0,0.0,0.0,0.02107390300230947,1.0,0.5833333333333334,1.0,0.7777777777777777,0.7,0.4944444444444444,1.0,1.0,0.6818181818181818,0.6568181818181817,0.025000000000000022,0.22727272727272727,1.0,1.0,0.8333333333333334,0.03409090909090906,0.911848155082893,0.9249236581753087,0.0,0.0,0.0,0.0
su9_vj_0693,chuong_cu,1.0,1.0,1.3333333333333333,0.4,3.6,,0.0,0.0,0.03510392609699769,1.0,0.8333333333333334,1.0,1.0,0.7,0.6999999999999998,0.3333333333333333,1.0,0.08333333333333333,0.6454545454545455,-0.5621212121212121,0.0,0.0,0.3333333333333333,1.0,0.5621212121212121,0.9242749084114463,0.9197809590241716,0.0,0.0,0.0,0.0
su9_vj_0694,chuong_cu,0.5,1.0,0.3333333333333333,0.5,4.0,,0.0,0.0,0.03926096997690531,1.0,0.3333333333333333,1.0,0.3333333333333333,0.7,0.2333333333333333,0.0,0.0,,0.03571428571428571,,0.0,0.0,0.14285714285714285,,0.03571428571428571,0.9196810602965707,0.9312772364409461,0.0,0.0,0.0,0.0
su9_vj_0695,chuong_cu,0.75,1.0,0.6666666666666666,1.0,3.0,3.0,0.0,0.0,0.004618937644341801,0.0,0.0,0.3333333333333333,0.1111111111111111,0.06666666666666667,0.035555555555555556,0.16666666666666666,0.16666666666666666,0.1869047619047619,0.05833333333333333,0.1285714285714286,0.0,0.0,0.2333333333333333,0.14285714285714285,0.05833333333333333,0.9148361074431148,0.9231031737120572,0.375,0.0,0.0,0.0
su9_vj_0698,chuong_cu,0.25,1.0,0.0,1.0,3.0,,0.0,0.0,0.0023094688221709007,0.0,0.0,0.0,0.0,0.0,0.0,0.0,0.0,,0.009615384615384616,,0.038461538461538464,0.0,0.1125,,0.009615384615384616,0.9172777098722902,0.9077404874087287,,0.0,0.0,0.0
su9_vj_0702,chuong_cu,0.25,0.0,0.3333333333333333,1.0,3.0,,0.0,0.0,0.004618937644341801,0.0,0.0,0.0,0.0,0.0,0.0,0.0,0.0,,0.03571428571428571,,0.0,0.0,0.0,,0.03571428571428571,0.9387313897419403,0.8966456364687098,,0.0,0.0,0.0
su9_vj_0706,chuong_cu,0.5,2.0,0.6666666666666666,1.0,1.75,,0.0,0.0,0.019630484988452657,0.0,0.0,0.16666666666666666,0.05555555555555555,0.2,0.06666666666666667,0.3333333333333333,0.3333333333333333,,0.08333333333333333,,0.1111111111111111,0.0,0.3333333333333333,,0.08333333333333333,0.9193994964583104,0.9339115284598392,0.16666666666666666,0.0,0.0,0.0
su9_vj_0713,chuong_cu,0.5,0.0,0.6666666666666666,1.0,3.5,,0.0,0.0,0.020785219399538108,0.0,0.0,0.0,0.0,0.0,0.0,0.0,0.14583333333333331,0.1557142857142857,0.0831845238095238,0.07252976190476189,0.14285714285714285,0.0,0.0,0.2,0.0831845238095238,0.9278024339356816,0.9550415402865255,,0.0,0.0,0.0
su9_vj_0716,chuong_cu,0.0,0.0,0.0,0.0,,,0.0,0.0,0.0,0.0,0.0,0.0,0.0,0.0,0.0,0.0,0.0,,0.0,,0.0,0.0,0.0,,0.0,0.9290209017856196,0.9746651215059395,,0.0,0.0,0.0
su9_vj_0717,chuong_cu,0.5,2.0,0.6666666666666666,1.0,1.75,,0.0,0.0,0.019630484988452657,0.0,0.0,0.16666666666666666,0.05555555555555555,0.2,0.06666666666666667,0.3333333333333333,0.3333333333333333,,0.08333333333333333,,0.1,0.0,0.3333333333333333,,0.08333333333333333,0.917563847005992,0.933734295114523,0.16666666666666666,0.0,0.0,0.0
su9_vj_0718,chuong_cu,0.75,1.0,0.6666666666666666,0.3333333333333333,4.0,,0.0,0.0,0.03926096997690531,1.0,0.6666666666666666,1.0,0.6666666666666666,0.7,0.4666666666666666,0.6666666666666666,0.6666666666666666,0.42499999999999993,0.42499999999999993,0.0,0.3333333333333333,0.5,0.6666666666666666,1.0,0.39722222222222214,0.9276115747368893,0.9365873533991703,0.0,0.0,0.0,0.0
su9_vj_0720,chuong_cu,0.5,1.0,0.3333333333333333,0.5,1.0,,0.0,0.0,0.12702078521939952,1.0,0.3333333333333333,1.0,0.3333333333333333,0.7,0.2333333333333333,0.3611111111111111,0.3611111111111111,,0.10277777777777777,,0.05,0.0,0.3611111111111111,,0.10277777777777777,0.9196934209206057,0.9546201783144881,0.0,0.0,0.0,0.0
su9_vj_0723,chuong_cu,0.25,0.0,0.3333333333333333,1.0,3.0,,0.0,0.0,0.0023094688221709007,0.0,0.0,0.0,0.0,0.0,0.0,0.0,0.0,,0.05555555555555555,,0.0,0.0,0.0,,0.05555555555555555,0.9157433532499136,0.9587978686610774,,0.0,0.0,0.0
su9_vj_0725,chuong_cu,0.25,0.0,0.3333333333333333,1.0,1.0,,0.0,0.0,0.12702078521939952,0.0,0.0,0.0,0.0,0.0,0.0,0.0,0.0,,0.0,,0.0,0.0,0.0,,0.0,0.9403540046167558,0.9208021309856047,,0.0,0.0,0.0
su9_vj_0731,chuong_cu,0.0,0.0,0.0,0.0,,,0.0,0.0,0.0,0.0,0.0,0.0,0.0,0.0,0.0,0.0,0.0,,0.125,,0.5,0.0,0.0,,0.125,0.9613317161312419,0.9461379284804845,,0.0,0.0,0.0
su9_vj_0739,chuong_cu,0.75,2.0,1.0,0.6,2.2,,0.0,0.0,0.0013856812933025404,0.5,0.27777777777777773,0.5,0.3333333333333333,0.39999999999999997,0.26666666666666666,0.0,0.5,0.24166666666666667,0.125,0.11666666666666667,0.2,0.0,0.16666666666666666,0.0,0.075,0.8895113976764885,0.8723767701295323,0.0,0.0,0.0,0.0
su9_vj_0743,chuong_cu,0.0,0.0,0.0,0.0,,,0.0,0.0,0.0,0.0,0.0,0.0,0.0,0.0,0.0,0.0,0.0,,0.057692307692307696,,0.15384615384615385,0.0,0.0,,0.019230769230769232,0.9258338955608396,0.9520575895535935,,0.0,0.0,0.0
su9_vj_0744,chuong_cu,0.5,2.0,0.3333333333333333,0.6666666666666666,3.3333333333333335,,0.0,0.0,0.030023094688221712,0.5,0.16666666666666666,0.6666666666666666,0.2222222222222222,0.3833333333333333,0.12777777777777777,0.0,0.0,,0.10389610389610389,,0.0,0.0,0.16666666666666666,,0.10389610389610389,0.9208723239161204,0.9437176471019619,0.0,0.0,0.0,0.0
su9_vj_0757,chuong_cu,0.75,1.0,0.6666666666666666,1.0,1.6666666666666667,,0.0,0.0,0.0069284064665127015,0.0,0.0,0.5,0.16666666666666666,0.2,0.08888888888888889,1.0,0.5,0.7512987012987012,0.125,0.6262987012987012,0.09090909090909091,1.0,1.0,0.14285714285714285,0.125,0.9331519037123304,0.9390744278078018,0.25,0.0,0.0,0.0
su9_vj_0758,chuong_cu,1.0,1.0,1.0,0.5,1.5,,0.0,0.0,0.013856812933025403,0.0,0.0,0.0,0.0,0.06666666666666667,0.06666666666666667,0.0,1.0,0.07738095238095238,0.6892857142857143,-0.611904761904762,0.14285714285714285,0.0,0.16666666666666666,1.0,0.0535714285714286,0.904859468602435,0.9170724817139617,0.4166666666666667,0.0,0.0,0.0
su9_vj_0759,chuong_cu,0.25,2.0,0.0,1.0,3.0,,0.0,0.0,0.02540415704387991,0.0,0.0,0.0,0.0,0.0,0.0,0.0,0.0,,0.045454545454545456,,0.18181818181818182,0.0,0.16666666666666666,,0.0,0.9208723239161204,0.9316871055091511,,0.0,0.0,0.0
su9_vj_0760,chuong_cu,0.5,0.0,0.6666666666666666,1.0,4.0,3.0,0.0,0.0,0.020785219399538108,0.0,0.0,0.0,0.0,0.0,0.0,0.0,0.0,0.12720588235294117,0.05116421568627451,0.07604166666666666,0.058823529411764705,0.0,0.0,0.25,0.03645833333333333,0.9234342293913983,0.905548781086981,,0.0,0.0,0.0
su9_vj_0770,chuong_cu,0.5,2.0,0.6666666666666666,0.75,2.75,3.0,0.0,0.0,0.014434180138568129,0.3333333333333333,0.1111111111111111,0.6666666666666666,0.2222222222222222,0.39999999999999997,0.13333333333333333,0.0,0.0,,0.07631578947368421,,0.0,0.0,0.2,,0.07631578947368421,0.91563935325189,0.9435567926421655,0.0,0.0,0.0,0.0
su9_vj_0771,chuong_cu,0.75,1.0,0.6666666666666666,1.0,3.0,3.0,0.0,0.0,0.0023094688221709007,0.0,0.0,0.0,0.0,0.2,0.08333333333333333,0.25,0.0,0.21191176470588236,0.03869047619047619,0.17322128851540616,0.11764705882352941,0.0,0.25,0.2,0.023984593837535016,0.9017573644077618,0.956539003036742,0.4166666666666667,0.0,0.0,0.0
su9_vj_0781,chuong_cu,0.0,0.0,0.0,0.0,,,0.0,0.0,0.0,0.0,0.0,0.0,0.0,0.0,0.0,0.0,0.0,,0.0,,0.0,0.0,0.0,,0.0,0.8953861089478088,0.9487611315227634,,0.0,0.0,0.0
su9_vj_0794,chuong_cu,0.25,0.0,0.3333333333333333,1.0,5.0,3.0,0.0,0.0,0.0023094688221709007,0.0,0.0,0.0,0.0,0.0,0.0,0.0,0.0,,0.0,,0.4,0.0,0.0,,0.0,0.9523331569529595,0.9417739684027495,,0.0,0.0,0.0
su9_vj_0813,chuong_cu,0.5,0.0,1.0,0.6666666666666666,1.6666666666666667,,0.0,0.0,0.008468052347959968,0.0,0.0,0.0,0.0,0.0,0.0,0.0,1.0,0.075,0.6192307692307693,-0.5442307692307693,0.0,0.0,0.0,0.5,0.5807692307692308,0.9287626561529557,0.9610490440636124,,0.0,0.0,0.0
su9_vj_0817,chuong_cu,0.5,1.0,0.3333333333333333,0.5,1.0,,0.0,0.0,0.03233256351039261,1.0,0.3333333333333333,1.0,0.3333333333333333,0.7,0.2333333333333333,0.16666666666666666,0.16666666666666666,,0.0625,,0.0,0.0,0.25,,0.0625,0.9252362810812318,0.952550288166418,0.0,0.0,0.0,0.0
su9_vj_0818,chuong_cu,0.0,0.0,0.0,0.0,,,0.0,0.0,0.0,0.0,0.0,0.0,0.0,0.0,0.0,0.0,0.0,,0.011904761904761904,,0.0,0.0,0.0,,0.011904761904761904,0.9062059845536106,0.9698057305723851,,0.0,0.0,0.0
su9_vj_0819,chuong_cu,0.25,0.0,0.3333333333333333,1.0,4.0,3.0,0.0,0.0,0.0023094688221709007,0.0,0.0,0.0,0.0,0.0,0.0,0.0,0.0,,0.041666666666666664,,0.1111111111111111,0.0,0.0,,0.041666666666666664,0.9275713967369049,0.9493846824675384,,0.0,0.0,0.0
su9_vj_0822,chuong_cu,0.0,0.0,0.0,0.0,,,0.0,0.0,0.0,0.0,0.0,0.0,0.0,0.0,0.0,0.0,0.0,,0.0,,0.0,0.0,0.0,,0.0,0.9441508567185027,0.9403709579943563,,0.0,0.0,0.0
su9_vj_0831,chuong_cu,0.0,0.0,0.0,0.0,,,0.0,0.0,0.0,0.0,0.0,0.0,0.0,0.0,0.0,0.0,0.0,,0.02631578947368421,,0.10526315789473684,0.0,0.0,,0.02631578947368421,0.9158051367390971,0.9366137183848088,,0.0,0.0,0.0
su9_vj_0840,chuong_cu,1.0,1.0,1.3333333333333333,0.4,1.2,,0.0,0.0,0.10392609699769051,1.0,0.8333333333333334,1.0,1.0,0.7,0.6999999999999998,0.4444444444444444,0.4444444444444444,0.33611111111111114,0.26944444444444443,0.06666666666666671,0.3333333333333333,0.3333333333333333,0.4444444444444444,0.8333333333333334,0.0,0.9223806663953753,0.9214060162824218,0.0,0.0,0.0,0.0
su9_vj_0847,chuong_cu,0.0,0.0,0.0,0.0,,,0.0,0.0,0.0,0.0,0.0,0.0,0.0,0.0,0.0,0.0,0.0,,0.0,,0.0,0.0,0.0,,0.0,0.928322320487889,0.9543814325674987,,0.0,0.0,0.0
su9_vj_0850,chuong_cu,0.0,0.0,0.0,0.0,,,0.0,0.0,0.0,0.0,0.0,0.0,0.0,0.0,0.0,0.0,0.0,,0.0,,0.0,0.0,0.0,,0.0,0.937578024206426,0.9453748968015,,0.0,0.0,0.0
su9_vj_0857,chuong_cu,0.25,0.0,0.3333333333333333,1.0,2.0,,0.0,0.0,0.011547344110854504,0.0,0.0,0.0,0.0,0.0,0.0,0.0,0.125,,0.05625,,0.0,0.0,0.0,,0.0430921052631579,0.9177902457385153,0.9329063612133157,,0.0,0.0,0.0
su9_vj_0884,chuong_cu,1.0,2.0,2.6666666666666665,0.6,1.2,,0.0,0.0,0.009930715935334873,0.3333333333333333,0.27777777777777773,0.5,0.5,0.44999999999999996,0.4166666666666667,0.0,0.0,0.09722222222222222,0.0,0.09722222222222222,0.0,0.0,0.0,0.35185185185185186,0.0,0.9135255930855176,0.9644521646425464,0.0,0.0,0.0,0.0
su9_vj_0892,chuong_cu,0.75,0.0,1.0,1.0,2.6666666666666665,,0.0,0.0,0.016936104695919937,0.0,0.0,0.0,0.0,0.0,0.0,0.0,0.4444444444444444,0.15881868131868132,0.26089743589743586,-0.10207875457875454,0.15384615384615385,0.0,0.0,0.1976190476190476,0.212293956043956,0.9193786685796804,0.9466521209773328,,0.0,0.0,0.0
su9_vj_0896,chuong_cu,0.5,1.0,0.3333333333333333,1.0,4.0,3.0,0.0,0.0,0.020785219399538108,0.0,0.0,0.3333333333333333,0.1111111111111111,0.2,0.06666666666666667,0.3333333333333333,0.16666666666666666,,0.06666666666666667,,0.0,0.0,0.3333333333333333,,0.06666666666666667,0.9306422458068739,0.9316183215111041,0.16666666666666666,0.0,0.0,0.0
su9_vj_0898,chuong_cu,1.0,3.0,2.0,0.8888888888888888,3.0,3.0,0.0,0.16666666666666666,0.011290736463946625,0.0,0.0,0.16666666666666666,0.12037037037037036,0.16666666666666666,0.1037037037037037,0.0,0.0,0.08413690476190476,0.027777777777777776,0.056359126984126984,0.0,0.0,0.0,0.4390873015873016,0.027777777777777776,0.906993253967405,0.9421517391254441,0.2222222222222222,0.0,0.0,0.0
su9_vj_0916,chuong_cu,0.0,0.0,0.0,0.0,,,0.0,0.0,0.0,0.0,0.0,0.0,0.0,0.0,0.0,0.0,0.0,,0.0,,0.0,0.0,0.0,,0.0,0.9276391896600229,0.9721115292689048,,0.0,0.0,0.0
su9_vj_0944,chuong_cu,0.0,0.0,0.0,0.0,,,0.0,0.0,0.0,0.0,0.0,0.0,0.0,0.0,0.0,0.0,0.0,,0.025,,0.1,0.0,0.0,,0.0,0.9279329748344689,0.9427923264872614,,0.0,0.0,0.0
su9_vj_0955,chuong_cu,0.0,0.0,0.0,0.0,,,0.0,0.0,0.0,0.0,0.0,0.0,0.0,0.0,0.0,0.0,0.0,,0.0,,0.0,0.0,0.0,,0.0,0.9263752764276076,0.9541479629309474,,0.0,0.0,0.0
su9_vj_0967,chuong_cu,1.0,2.0,1.3333333333333333,1.0,2.2,,0.0,0.0,0.005773672055427251,0.0,0.0,0.29166666666666663,0.15277777777777776,0.05,0.044444444444444446,0.3333333333333333,0.75,0.20791666666666664,0.4125,-0.20458333333333334,0.05,0.0,0.3333333333333333,0.25277777777777777,0.3208333333333333,0.9143750393916319,0.9214088546714493,0.2222222222222222,0.0,0.0,0.0
su9_vj_0975,chuong_cu,0.75,2.0,0.6666666666666666,1.0,2.75,3.0,0.0,0.0,0.044457274826789836,0.0,0.0,0.16666666666666666,0.09722222222222221,0.08333333333333334,0.04277777777777778,0.5555555555555555,0.1111111111111111,0.41388888888888886,0.05833333333333333,0.3555555555555555,0.13333333333333333,0.3333333333333333,0.5555555555555555,0.16666666666666666,0.05833333333333333,0.9206043745608142,0.9341308796286439,0.20833333333333331,0.0,0.0,0.0
su9_vj_0980,chuong_cu,0.25,0.0,0.3333333333333333,1.0,,,0.0,0.0,0.0023094688221709007,0.0,0.0,0.0,0.0,0.0,0.0,0.0,0.41666666666666663,,0.23357843137254902,,0.0,0.0,0.0,,0.23357843137254902,0.9105251795158761,0.9503985862500927,,0.0,0.0,0.0
su9_vj_0987,chuong_cu,1.0,1.0,1.0,1.0,1.25,,0.0,0.0,0.04330254041570438,0.0,0.0,0.0,0.0,0.1,0.10000000000000002,0.0,0.3333333333333333,0.14404761904761906,0.08333333333333333,0.060714285714285735,0.0,0.0,0.14285714285714285,0.27777777777777773,0.033333333333333326,0.9307339971390373,0.704614107272605,0.47222222222222227,0.0,0.0,0.0
su9_vj_0996,chuong_cu,0.5,0.0,0.6666666666666666,0.5,3.0,,0.0,0.0,0.0069284064665127015,0.0,0.0,0.0,0.0,0.0,0.0,0.0,0.0,0.046875,0.07708333333333334,-0.030208333333333337,0.1875,0.0,0.0,1.0,0.04583333333333334,0.9388337923097221,0.9392970346455057,,0.0,0.0,0.0
su9_vj_0999,chuong_cu,0.75,0.0,1.3333333333333333,1.0,3.75,3.0,0.0,0.0,0.016166281755196306,0.0,0.0,0.0,0.0,0.0,0.0,0.0,0.3333333333333333,0.1299404761904762,0.08333333333333333,0.04660714285714286,0.04,0.0,0.0,0.20039682539682538,0.037619047619047614,0.9165908298065016,0.9458056320545245,,0.0,0.0,0.0
su9_vj_1009,chuong_cu,1.0,1.0,1.0,1.0,3.0,3.0,0.0,0.0,0.037528868360277134,0.0,0.0,0.3333333333333333,0.3055555555555555,0.06666666666666667,0.05777777777777778,1.0,0.3333333333333333,0.7617948717948717,0.23717948717948717,0.5246153846153845,0.15384615384615385,1.0,1.0,0.17777777777777778,0.1362179487179487,0.9210762995961687,0.9385122056250311,0.19444444444444442,0.0,0.0,0.0
su9_vj_1016,chuong_cu,0.5,0.0,0.6666666666666666,1.0,4.0,3.0,0.0,0.0,0.010392609699769052,0.0,0.0,0.0,0.0,0.0,0.0,0.0,0.16666666666666666,0.17555555555555555,0.08055555555555555,0.095,0.2222222222222222,0.0,0.0,0.2,0.08055555555555555,0.9262219664378339,0.9365236859582087,,0.0,0.0,0.0
su9_vj_1018,chuong_cu,0.5,2.0,0.3333333333333333,1.0,4.333333333333333,3.0,0.0,0.0,0.008468052347959968,0.0,0.0,0.0,0.0,0.06666666666666667,0.022222222222222223,0.25,0.29166666666666663,,0.10416666666666666,,0.125,0.0,0.25,,0.10416666666666666,0.9213962756371038,0.9321860646027255,0.4166666666666667,0.0,0.0,0.0
su9_vj_1024,chuong_cu,0.5,0.0,0.6666666666666666,1.0,1.0,,0.0,0.0,0.017321016166281757,0.0,0.0,0.0,0.0,0.0,0.0,0.0,0.0,0.11249999999999999,0.05,0.062499999999999986,0.0,0.0,0.0,0.25,0.05,0.9233466269818646,0.9455554182487493,,0.0,0.0,0.0
su9_vj_1036,chuong_cu,0.5,0.0,1.0,1.0,3.6666666666666665,3.0,0.0,0.0,0.007698229407236335,0.0,0.0,0.0,0.0,0.0,0.0,0.0,0.1111111111111111,0.1225,0.08464912280701753,0.03785087719298247,0.0,0.0,0.0,0.18333333333333335,0.08464912280701753,0.918834450788056,0.9387860457402675,,0.0,0.0,0.0
su9_vj_1043,chuong_cu,1.0,1.0,1.3333333333333333,0.4,3.0,,0.0,0.0,0.006466512702078521,1.0,0.8333333333333334,1.0,1.0,0.7,0.6999999999999998,0.3333333333333333,0.3333333333333333,0.10833333333333332,0.08333333333333333,0.024999999999999994,0.0,0.0,0.3333333333333333,0.8333333333333334,0.0,0.930286868370344,0.9680528949653022,0.0,0.0,0.0,0.0
su9_vj_1044,chuong_cu,0.5,1.0,0.3333333333333333,1.0,5.0,3.0,0.0,0.0,0.005773672055427252,0.0,0.0,0.0,0.0,0.2,0.06666666666666667,0.0,0.0,,0.03571428571428571,,0.14285714285714285,0.0,0.0,,0.03571428571428571,0.9261596599994929,0.9270840023191242,0.5,0.0,0.0,0.0
su9_vj_1059,chuong_cu,0.0,0.0,0.0,0.0,,,0.0,0.0,0.0,0.0,0.0,0.0,0.0,0.0,0.0,0.0,0.0,,0.03125,,0.0,0.0,0.0,,0.015625,0.9230261704895535,0.9278307400999327,,0.0,0.0,0.0
su9_vj_1089,chuong_cu,1.0,3.0,2.3333333333333335,0.6,1.7777777777777777,,0.0,0.14285714285714285,0.03556581986143187,0.5,0.25,0.7777777777777778,0.49074074074074076,0.5333333333333333,0.32592592592592595,1.0,1.0,0.7425378787878788,0.6454545454545455,0.0970833333333333,0.18181818181818182,1.0,1.0,0.3527777777777778,0.5829545454545455,0.9085490410097159,0.9418109329210916,0.08333333333333333,0.0,0.0,0.0
su9_vj_1107,chuong_cu,0.75,1.0,0.6666666666666666,1.0,1.0,,0.0,0.0,0.006158583525789068,0.0,0.0,0.25,0.08333333333333333,0.0,0.0,0.19444444444444442,0.27777777777777773,0.1763888888888889,0.08134920634920634,0.09503968253968256,0.05555555555555555,0.0,0.25,0.3333333333333333,0.08134920634920634,0.9393915570804624,0.7751825277047243,0.29166666666666663,0.0,0.0,0.0
su9_vj_1142,chuong_cu,0.25,0.0,0.3333333333333333,1.0,2.0,,0.0,0.0,0.0023094688221709007,0.0,0.0,0.0,0.0,0.0,0.0,0.0,0.0,,0.06315789473684211,,0.0,0.0,0.0,,0.06315789473684211,0.912328166358471,0.9433349752654657,,0.0,0.0,0.0
su9_vj_1192,chuong_cu,0.5,1.0,0.3333333333333333,1.0,1.0,,0.0,0.0,0.005773672055427252,0.0,0.0,0.3333333333333333,0.1111111111111111,0.2,0.06666666666666667,0.3333333333333333,0.3333333333333333,,0.10416666666666666,,0.0,0.0,0.3333333333333333,,0.10416666666666666,0.9402875751173604,0.9510522650289402,0.16666666666666666,0.0,0.0,0.0
su9_vj_1193,chuong_cu,0.0,0.0,0.0,0.0,,,0.0,0.0,0.0,0.0,0.0,0.0,0.0,0.0,0.0,0.0,0.0,,0.016666666666666666,,0.06666666666666667,0.0,0.0,,0.0,0.9166607206035059,0.9290447677703068,,0.0,0.0,0.0
su9_vj_1251,chuong_cu,1.0,1.0,1.0,0.25,5.0,3.0,0.0,0.0,0.0,1.0,1.0,1.0,1.0,0.7,0.6999999999999998,0.5,0.5,0.3555555555555555,0.3833333333333333,-0.02777777777777779,0.2222222222222222,0.5,0.5,1.0,0.02777777777777779,0.9255362898127518,0.9513152337916102,0.0,0.0,0.0,0.0
su9_vj_1276,chuong_cu,0.75,1.0,0.6666666666666666,0.6666666666666666,2.3333333333333335,,0.0,0.0,0.014626635873749037,1.0,0.3333333333333333,1.0,0.3333333333333333,0.7,0.26666666666666666,0.16666666666666666,0.16666666666666666,0.1825,0.0625,0.12,0.0,0.0,0.25,0.2,0.0625,0.9304583081405351,0.9300781030617764,0.16666666666666666,0.0,0.0,0.0
su9_vj_1301,chuong_cu,0.0,0.0,0.0,0.0,,,0.0,0.0,0.0,0.0,0.0,0.0,0.0,0.0,0.0,0.0,0.0,,0.0,,0.0,0.0,0.0,,0.0,0.9209992154240332,0.9501262059379525,,0.0,0.0,0.0
su9_vj_1311,chuong_cu,0.0,0.0,0.0,0.0,,,0.0,0.0,0.0,0.0,0.0,0.0,0.0,0.0,0.0,0.0,0.0,,0.0,,0.14285714285714285,0.0,0.0,,0.0,0.9060814279976621,0.9341531659631083,,0.0,0.0,0.0
su9_vj_1318,chuong_moi,0.0,0.0,0.0,0.0,,,0.0,0.0,0.0,0.0,0.0,0.0,0.0,0.0,0.0,0.0,0.0,,0.0,,0.0,0.0,0.0,,0.0,0.9024417190101764,0.9463368917927328,,0.0,0.0,0.0
su9_vj_1322,chuong_moi,0.0,0.0,0.0,0.0,,,0.0,0.0,0.0,0.0,0.0,0.0,0.0,0.0,0.0,0.0,0.0,,0.0,,0.0,0.0,0.0,,0.0,0.9261500096696763,0.9604323656786383,,0.0,0.0,0.0
su9_vj_1347,chuong_cu,1.0,1.0,1.3333333333333333,1.0,2.2,3.0,0.0,0.0,0.014318706697459582,0.0,0.0,0.5,0.3333333333333333,0.2,0.1466666666666667,1.0,0.5,0.7924430641821947,0.1467391304347826,0.6457039337474121,0.21739130434782608,1.0,1.0,0.07936507936507936,0.1467391304347826,0.9239551529264073,0.9358521397860344,0.38888888888888884,0.0,0.0,0.0
su9_vj_1353,chuong_cu,1.0,1.0,1.0,1.0,1.5,,0.0,0.3333333333333333,0.04503464203233256,0.0,0.0,0.3333333333333333,0.2222222222222222,0.2,0.13333333333333333,0.16666666666666666,0.5,0.22583333333333333,0.3583333333333333,-0.13249999999999995,0.2,0.0,0.25,0.24444444444444446,0.2583333333333333,0.9108961796351561,0.9457252504544139,0.25,0.0,0.0,0.0
su9_vj_1702,chuong_cu,0.0,0.0,0.0,0.0,,,0.0,0.0,0.0,0.0,0.0,0.0,0.0,0.0,0.0,0.0,0.0,,0.014705882352941176,,0.17647058823529413,0.0,0.0,,0.014705882352941176,0.9033643017336985,0.9399841183502131,,0.0,0.0,0.0
su9_vj_1703,chuong_cu,0.75,1.0,0.6666666666666666,1.0,2.5,,0.0,0.5,0.014626635873749037,0.0,0.0,0.3333333333333333,0.1111111111111111,0.1,0.03333333333333333,0.0,0.0,0.1720833333333333,0.07291666666666666,0.09916666666666665,0.041666666666666664,0.0,0.16666666666666666,0.2,0.07291666666666666,0.9154955905105756,0.9364488191468011,0.25,0.0,0.0,0.0
su9_vj_1704,chuong_cu,0.75,0.0,1.6666666666666667,0.6,1.6,,0.0,0.0,0.015242494226327946,0.0,0.0,0.0,0.0,0.0,0.0,0.0,0.5,0.05,0.3619747899159664,-0.3119747899159664,0.0,0.0,0.0,0.6666666666666666,0.02941176470588236,0.918802059434212,0.9385875647733696,,0.0,0.0,0.0
su9_vj_1705,chuong_cu,0.75,1.0,0.6666666666666666,0.6666666666666666,2.0,,0.0,0.0,0.020785219399538108,0.0,0.0,0.5,0.3333333333333333,0.05,0.03333333333333333,0.4444444444444444,0.25,0.25284043441938175,0.10072055137844611,0.15211988304093566,0.05263157894736842,0.3333333333333333,0.4920634920634921,1.0,0.0744047619047619,0.9245297973414386,0.9404428554337149,0.08333333333333333,0.0,0.0,0.0
su9_vj_1706,chuong_cu,0.5,0.0,0.6666666666666666,1.0,4.0,3.0,0.0,0.0,0.005773672055427252,0.0,0.0,0.0,0.0,0.0,0.0,0.0,0.0,0.17045454545454547,0.11103896103896103,0.059415584415584435,0.18181818181818182,0.0,0.0,0.16666666666666666,0.06558441558441558,0.945196282555022,0.9311763343765767,,0.0,0.0,0.0
su9_vj_1707,chuong_cu,0.25,0.0,0.3333333333333333,1.0,5.0,3.0,0.0,0.0,0.0069284064665127015,0.0,0.0,0.0,0.0,0.0,0.0,0.0,0.0,,0.041666666666666664,,0.0,0.0,0.0,,0.041666666666666664,0.9277883187947845,0.968552320817271,,0.0,0.0,0.0
su9_vj_1708,chuong_cu,0.5,0.0,0.6666666666666666,1.0,3.0,,0.0,0.0,0.02540415704387991,0.0,0.0,0.0,0.0,0.0,0.0,0.0,0.125,0.146875,0.078125,0.06875,0.1875,0.0,0.0,0.3333333333333333,0.02604166666666667,0.9059361218783577,0.9309201875454058,,0.0,0.0,0.0
su9_vj_1709,chuong_cu,0.75,1.0,1.3333333333333333,0.8,3.4,3.0,0.0,0.0,0.009237875288683603,0.0,0.0,0.25,0.16666666666666666,0.2,0.10000000000000002,0.0,0.5,0.15833333333333333,0.16666666666666666,-0.008333333333333331,0.16666666666666666,0.0,0.16666666666666666,0.5,0.16666666666666666,0.9091724546592055,0.9289270750692512,0.25,0.0,0.0,0.0
su9_vj_1710,chuong_cu,1.0,2.0,1.3333333333333333,0.6666666666666666,2.3333333333333335,,0.0,0.0,0.015396458814472672,0.5,0.27777777777777773,0.75,0.4166666666666667,0.44999999999999996,0.3333333333333333,0.5,0.6666666666666666,0.44027777777777777,0.5111111111111111,-0.0708333333333333,0.2777777777777778,0.3333333333333333,0.5666666666666667,0.25,0.42893518518518514,0.9205702068345575,0.9208538641884675,0.19444444444444445,0.0,0.0,0.0
su9_vj_1711,chuong_cu,0.5,0.0,0.6666666666666666,1.0,1.0,,0.0,0.0,0.020785219399538105,0.0,0.0,0.0,0.0,0.0,0.0,0.0,0.125,0.12,0.05601503759398496,0.06398496240601503,0.0,0.0,0.0,0.2,0.003931704260651633,0.9222657638019911,0.9441166949488943,,0.0,0.0,0.0
su9_vj_1712,chuong_cu,0.0,0.0,0.0,0.0,,,0.0,0.0,0.0,0.0,0.0,0.0,0.0,0.0,0.0,0.0,0.0,,0.041666666666666664,,0.16666666666666666,0.0,0.0,,0.041666666666666664,0.9161003140155695,0.95309889978342,,0.0,0.0,0.0
su9_vj_1713,chuong_cu,0.0,0.0,0.0,0.0,,,0.0,0.0,0.0,0.0,0.0,0.0,0.0,0.0,0.0,0.0,0.0,,0.0,,0.0,0.0,0.0,,0.0,0.9316277179526323,0.9738041738552441,,0.0,0.0,0.0
su9_vj_1714,chuong_cu,1.0,2.0,1.3333333333333333,0.5,3.3333333333333335,,0.0,0.0,0.032717474980754425,0.3333333333333333,0.1111111111111111,0.6666666666666666,0.3333333333333333,0.39999999999999997,0.18888888888888888,1.0,0.3333333333333333,0.65,0.10833333333333334,0.5416666666666667,0.1,1.0,1.0,0.8333333333333334,0.02500000000000001,0.9076726098086988,0.9386344255657606,0.1111111111111111,0.0,0.0,0.0
su9_vj_1715,chuong_cu,1.0,1.0,1.0,0.75,3.3333333333333335,,0.0,0.3333333333333333,0.025404157043879907,0.0,0.0,0.0,0.0,0.06666666666666667,0.044444444444444446,0.5,0.16666666666666666,0.43412698412698414,0.05952380952380952,0.3746031746031746,0.21428571428571427,0.5,0.5555555555555556,0.5555555555555555,0.013690476190476183,0.9229339365455466,0.9274204228870254,0.47222222222222227,0.0,0.0,0.0
su9_vj_1716,chuong_cu,0.5,1.0,0.3333333333333333,1.0,1.5,,0.0,0.0,0.009237875288683603,0.0,0.0,0.0,0.0,0.1,0.03333333333333333,0.125,0.0,,0.045454545454545456,,0.18181818181818182,0.0,0.19642857142857142,,0.0025974025974025983,0.9025238627279022,0.964713321449522,0.3333333333333333,0.0,0.0,0.0
su9_vj_1717,chuong_cu,0.0,0.0,0.0,0.0,,,0.0,0.0,0.0,0.0,0.0,0.0,0.0,0.0,0.0,0.0,0.0,,0.0,,0.0,0.0,0.0,,0.0,0.9133747684260227,0.9642299069527868,,0.0,0.0,0.0
su9_vj_1718,chuong_cu,0.25,1.0,0.0,1.0,5.0,3.0,0.0,0.0,0.0069284064665127015,0.0,0.0,0.0,0.0,0.0,0.0,0.0,0.0,,0.010869565217391304,,0.0,0.0,0.16666666666666666,,0.010869565217391304,0.9228632169963283,0.9193189615796097,,0.0,0.0,0.0
su9_vj_1719,chuong_cu,0.25,0.0,0.6666666666666666,1.0,2.5,,0.0,0.0,0.020785219399538108,0.0,0.0,0.0,0.0,0.0,0.0,0.0,0.29166666666666663,,0.07291666666666666,,0.0625,0.0,0.0,,0.07291666666666666,0.9250009810239488,0.9347780167702922,,0.0,0.0,0.0
su9_vj_1720,chuong_cu,1.0,1.0,2.0,0.42857142857142855,3.2857142857142856,,0.0,0.0,0.026723853513691852,1.0,0.611111111111111,1.0,1.0,0.7,0.6999999999999998,0.16666666666666666,0.16666666666666666,0.11666666666666667,0.10238095238095238,0.01428571428571429,0.0,0.0,0.26666666666666666,0.6666666666666666,0.03571428571428571,0.9193832579775827,0.9369753404829028,0.0,0.0,0.0,0.0
su9_vj_1721,chuong_cu,0.75,2.0,0.6666666666666666,0.75,3.0,3.0,0.0,0.0,0.023094688221709007,0.5,0.16666666666666666,0.5,0.20833333333333334,0.37,0.16333333333333333,0.5,0.5,0.39006410256410257,0.2775641025641026,0.11249999999999999,0.07692307692307693,0.3333333333333333,0.5666666666666667,0.25,0.2775641025641026,0.9389778683081155,0.9334894148388302,0.125,0.0,0.0,0.0
su9_vj_1722,chuong_cu,0.0,0.0,0.0,0.0,,,0.0,0.0,0.0,0.0,0.0,0.0,0.0,0.0,0.0,0.0,0.0,,0.0,,0.0,0.0,0.0,,0.0,0.9324993065712462,0.9686040374503405,,0.0,0.0,0.0
su9_vj_1723,chuong_cu,1.0,2.0,1.3333333333333333,1.0,2.3333333333333335,,0.0,0.0,0.01193225558121632,0.0,0.0,0.25,0.125,0.2,0.13333333333333333,0.625,0.75,0.48236737677527153,0.3888157894736842,0.0935515873015873,0.10526315789473684,0.5,0.625,0.167989417989418,0.35012531328320806,0.8967871484752747,0.9232368662265741,0.25000000000000006,0.0,0.0,0.0
su9_vj_1724,chuong_cu,0.25,0.0,0.3333333333333333,1.0,3.0,,0.0,0.0,0.0069284064665127015,0.0,0.0,0.0,0.0,0.0,0.0,0.0,0.25,,0.0625,,0.0,0.0,0.0,,0.0625,0.9107966683286575,0.9271516007903674,,0.0,0.0,0.0
su9_vj_1725,chuong_cu,1.0,2.0,1.0,0.8,3.6,3.0,0.0,0.0,0.02817551963048499,0.5,0.16666666666666666,0.5,0.27777777777777773,0.39999999999999997,0.18055555555555555,0.25,0.25,0.1936904761904762,0.08035714285714285,0.11333333333333334,0.07142857142857142,0.0,0.25,0.24444444444444446,0.038690476190476185,0.9273279516499859,0.9252491809257856,0.1111111111111111,0.0,0.0,0.0
su9_vj_1726,chuong_cu,1.0,1.0,1.3333333333333333,0.6,3.8,3.0,0.0,0.0,0.015242494226327943,0.5,0.16666666666666666,1.0,0.5555555555555555,0.7,0.27777777777777773,0.5,0.5,0.22976190476190475,0.15833333333333333,0.07142857142857142,0.13333333333333333,0.0,0.5,0.5238095238095238,0.09583333333333333,0.8993621650791934,0.936454338575476,0.1111111111111111,0.0,0.0,0.0
su9_vj_1727,chuong_cu,0.5,0.0,0.6666666666666666,1.0,4.5,3.0,0.0,0.0,0.023094688221709007,0.0,0.0,0.0,0.0,0.0,0.0,0.0,0.0,0.125,0.0625,0.0625,0.0,0.0,0.0,0.16666666666666666,0.020833333333333336,0.9236990341911157,0.9571232665205102,,0.0,0.0,0.0
su9_vj_1728,chuong_cu,0.75,0.0,1.3333333333333333,0.5,2.25,,0.0,0.0,0.015588914549653578,0.0,0.0,0.0,0.0,0.0,0.0,0.0,0.3333333333333333,0.06071428571428571,0.2841269841269841,-0.2234126984126984,0.14285714285714285,0.0,0.0,0.8333333333333334,0.0,0.926109822354958,0.9503749725011734,,0.0,0.0,0.0
su9_vj_1729,chuong_cu,0.5,1.0,0.3333333333333333,1.0,2.5,,0.0,0.0,0.020785219399538105,0.0,0.0,0.5,0.16666666666666666,0.1,0.03333333333333333,0.3333333333333333,0.5,,0.2142857142857143,,0.14285714285714285,0.0,0.3333333333333333,,0.19642857142857145,0.9109305872090839,0.9312857524038638,0.08333333333333333,0.0,0.0,0.0
su9_vj_1730,chuong_cu,0.5,1.0,0.3333333333333333,1.0,1.0,,0.0,0.0,0.017321016166281757,0.0,0.0,0.0,0.0,0.2,0.06666666666666667,0.16666666666666666,0.16666666666666666,,0.05952380952380952,,0.07692307692307693,0.0,0.23809523809523808,,0.05952380952380952,0.934586631332609,0.9562433124884955,0.3333333333333333,0.0,0.0,0.0
su9_vj_1731,chuong_cu,0.5,1.0,0.3333333333333333,1.0,5.0,3.0,0.0,0.0,0.010392609699769052,0.0,0.0,0.0,0.0,0.2,0.06666666666666667,0.0,0.2708333333333333,,0.08693910256410256,,0.15384615384615385,0.0,0.19166666666666665,,0.08693910256410256,0.9027862030339551,0.9269875683516403,0.4166666666666667,0.0,0.0,0.0
su9_vj_1732,chuong_cu,0.25,0.0,0.3333333333333333,1.0,3.0,,0.0,0.0,0.011547344110854504,0.0,0.0,0.0,0.0,0.0,0.0,0.0,0.125,,0.07095588235294117,,0.17647058823529413,0.0,0.0,,0.07095588235294117,0.9219190421961005,0.9409010265655837,,0.0,0.0,0.0
su9_vj_1733,chuong_cu,0.5,1.0,0.3333333333333333,1.0,1.0,,0.0,0.0,0.07043879907621246,0.0,0.0,0.25,0.08333333333333333,0.2,0.06666666666666667,0.3333333333333333,0.25,,0.0625,,0.09090909090909091,0.0,0.3333333333333333,,0.0625,0.9280655857619661,0.9475251874758815,0.25,0.0,0.0,0.0
su9_vj_1734,chuong_cu,0.75,2.0,1.0,1.0,2.8,3.0,0.0,0.0,0.014318706697459585,0.0,0.0,0.125,0.041666666666666664,0.06666666666666667,0.03888888888888889,0.4444444444444444,0.08333333333333333,0.4071916971916972,0.05742521367521367,0.3497664835164835,0.15384615384615385,0.3333333333333333,0.5111111111111111,0.17142857142857143,0.03819444444444444,0.9244568250511751,0.9450958086006901,0.33333333333333337,0.0,0.0,0.0
su9_vj_1735,chuong_cu,0.5,0.0,1.3333333333333333,1.0,2.5,3.0,0.0,0.0,0.013856812933025403,0.0,0.0,0.0,0.0,0.0,0.0,0.0,0.3333333333333333,0.11624999999999999,0.09803921568627451,0.018210784313725484,0.0,0.0,0.0,0.225,0.09803921568627451,0.9117114538785281,0.9255226097775775,,0.0,0.0,0.0
su9_vj_1736,chuong_cu,0.75,0.0,1.0,0.6666666666666666,4.0,3.0,0.0,0.0,0.007698229407236336,0.0,0.0,0.0,0.0,0.0,0.0,0.0,0.6666666666666666,0.09607843137254904,0.459313725490196,-0.363235294117647,0.11764705882352941,0.0,0.0,0.5555555555555555,0.07352941176470584,0.9148432386548037,0.9460057674928941,,0.0,0.0,0.0
su9_vj_1737,chuong_cu,1.0,1.0,2.0,0.7142857142857143,2.142857142857143,,0.0,0.0,0.01583635763774332,1.0,0.5,1.0,0.6666666666666666,0.7,0.5333333333333333,0.41666666666666663,0.41666666666666663,0.1833333333333333,0.12916666666666665,0.05416666666666664,0.0,0.0,0.41666666666666663,0.47222222222222227,0.0800595238095238,0.9124289952641759,0.9384603165606027,0.1111111111111111,0.0,0.0,0.0
su9_vj_1738,chuong_cu,0.75,1.0,0.6666666666666666,0.6666666666666666,3.6666666666666665,3.0,0.0,0.0,0.01308698999230177,1.0,0.3333333333333333,1.0,0.4166666666666667,0.7,0.25555555555555554,0.625,0.625,0.4629807692307692,0.3504807692307692,0.11249999999999999,0.07692307692307693,0.5,0.625,0.25,0.31201923076923077,0.9188933131915143,0.9221945180320451,0.125,0.0,0.0,0.0
su9_vj_1739,chuong_cu,1.0,1.0,1.6666666666666667,0.6666666666666666,3.0,3.0,0.0,0.0,0.015396458814472672,0.5,0.3333333333333333,1.0,0.75,0.7,0.48333333333333334,0.5,0.5,0.47291666666666665,0.37083333333333335,0.1020833333333333,0.2,0.5,0.5833333333333334,0.3194444444444444,0.28958333333333336,0.8931325719992433,0.9511062246053992,0.08333333333333333,0.0,0.0,0.0
su9_vj_1740,chuong_cu,0.75,1.0,0.6666666666666666,1.0,1.3333333333333333,,0.0,0.0,0.05311778290993071,0.0,0.0,0.0,0.0,0.1,0.06666666666666667,0.0,0.0,0.11249999999999999,0.011363636363636364,0.10113636363636362,0.0,0.0,0.0,0.25,0.011363636363636364,0.9149272223990762,0.9632125368710638,0.45833333333333337,0.0,0.0,0.0
su9_vj_1741,chuong_cu,1.0,1.0,1.0,1.0,2.0,,0.0,0.3333333333333333,0.012702078521939953,0.0,0.0,0.3333333333333333,0.19444444444444442,0.1,0.05555555555555556,0.41666666666666663,0.29166666666666663,0.2220238095238095,0.08958333333333332,0.1324404761904762,0.0,0.0,0.41666666666666663,0.21428571428571427,0.05089285714285713,0.9210266814780305,0.9427686582190946,0.2777777777777778,0.0,0.0,0.0
su9_vj_1742,chuong_cu,1.0,2.0,2.3333333333333335,0.7777777777777778,1.4444444444444444,,0.0,0.0,0.026173979984603538,0.25,0.08333333333333333,0.625,0.38888888888888884,0.44999999999999996,0.25,0.5,1.0,0.21916666666666668,0.6735294117647059,-0.45436274509803926,0.0,0.0,0.5,0.37222222222222223,0.5901960784313726,0.9368223101743065,0.8979734591258228,0.1111111111111111,0.0,0.0,0.0
su9_vj_1743,chuong_cu,0.75,1.0,1.0,0.5,4.25,3.0,0.0,0.0,0.030600461893764436,1.0,0.5,1.0,0.6666666666666666,0.7,0.4666666666666666,0.625,0.625,0.4375,0.3625,0.07500000000000001,0.125,0.5,0.625,0.5,0.3625,0.9202336592372954,0.9358954772028001,0.0,0.0,0.0,0.0
su9_vj_1744,chuong_cu,1.0,1.0,1.0,0.75,2.5,,0.0,0.0,0.0023094688221709007,0.0,0.0,0.0,0.0,0.2,0.13333333333333333,0.08333333333333333,0.0625,0.1340029761904762,0.057118055555555554,0.07688492063492064,0.0,0.0,0.18601190476190477,0.4166666666666667,0.013888888888888888,0.9065679616293326,0.9431494813607695,0.5277777777777778,0.0,0.0,0.0
su9_vj_1745,chuong_cu,0.5,1.0,0.3333333333333333,1.0,2.5,3.0,0.0,0.0,0.0023094688221709007,0.0,0.0,0.0,0.0,0.05,0.016666666666666666,0.08333333333333333,0.0,,0.07777777777777778,,0.0,0.0,0.1865079365079365,,0.07777777777777778,0.9155095614511508,0.9737375953033932,0.5833333333333334,0.0,0.0,0.0
su9_vj_1746,chuong_cu,0.5,1.0,0.3333333333333333,1.0,3.0,,0.0,1.0,0.011547344110854502,0.0,0.0,0.0,0.0,0.0,0.0,0.0,0.25,,0.0625,,0.06666666666666667,0.0,0.14583333333333331,,0.0625,0.919505812271617,0.9593601890610847,0.5,0.0,0.0,0.0
su9_vj_1747,chuong_cu,0.75,1.0,1.6666666666666667,0.6666666666666666,2.3333333333333335,3.0,0.0,0.0,0.006158583525789068,0.5,0.16666666666666666,1.0,0.4444444444444444,0.7,0.3,0.19444444444444442,0.6666666666666666,0.1471153846153846,0.4427350427350427,-0.2956196581196581,0.038461538461538464,0.0,0.25,0.5,0.4427350427350427,0.922170779187682,0.9464880719358104,0.08333333333333333,0.0,0.0,0.0
su9_vj_1748,chuong_cu,1.0,2.0,2.6666666666666665,0.9,2.5,3.0,0.0,0.0,0.009237875288683603,0.0,0.0,0.29166666666666663,0.27777777777777773,0.2,0.11777777777777777,0.5,0.5,0.2572411616161616,0.14772727272727273,0.10951388888888888,0.09090909090909091,0.0,0.5,0.26990740740740743,0.0643939393939394,0.9199468736665402,0.9476686614244845,0.19444444444444442,0.0,0.0,0.0
su9_vj_1749,chuong_cu,0.0,0.0,0.0,0.0,,,0.0,0.0,0.0,0.0,0.0,0.0,0.0,0.0,0.0,0.0,0.0,,0.03125,,0.125,0.0,0.0,,0.0,0.9314535139918527,0.9584020323685245,,0.0,0.0,0.0
su9_vj_1750,chuong_cu,0.75,0.0,1.0,0.6666666666666666,3.6666666666666665,,0.0,0.0,0.030792917628945343,0.0,0.0,0.0,0.0,0.0,0.0,0.0,0.625,0.06666666666666668,0.40267857142857144,-0.3360119047619048,0.0,0.0,0.0,0.5555555555555555,0.3181547619047619,0.9122883864561234,0.9443051571879598,,0.0,0.0,0.0
su9_vj_1751,chuong_cu,1.0,1.0,1.0,1.0,1.25,,0.0,0.0,0.03983833718244803,0.0,0.0,0.0,0.0,0.1,0.10000000000000002,0.0,0.16666666666666666,0.15666666666666668,0.06666666666666667,0.09000000000000001,0.0,0.0,0.16666666666666666,0.2333333333333333,0.014583333333333337,0.9423680499595505,0.9632125368710638,0.4166666666666667,0.0,0.0,0.0
su9_vj_1752,chuong_cu,0.75,1.0,1.0,1.0,3.5,3.0,0.0,0.0,0.019053117782909933,0.0,0.0,0.3333333333333333,0.1111111111111111,0.1,0.05555555555555556,0.0,0.25,0.15625,0.07708333333333334,0.07916666666666666,0.0,0.0,0.175,0.25,0.07708333333333334,0.9349753874027402,0.9485330579009189,0.25,0.0,0.0,0.0
su9_vj_1753,chuong_cu,0.5,1.0,0.6666666666666666,1.0,4.0,3.0,0.0,0.0,0.020015396458814474,0.0,0.0,0.0,0.0,0.1,0.03333333333333333,0.4583333333333333,0.0,,0.06354166666666666,,0.125,0.25,0.4583333333333333,,0.06354166666666666,0.9214622445412453,0.9348395986242685,0.4166666666666667,0.0,0.0,0.0
su9_vj_1754,chuong_cu,1.0,1.0,1.3333333333333333,0.6,3.2,,0.0,0.0,0.02956120092378753,1.0,0.6666666666666666,1.0,0.6666666666666666,0.7,0.5,0.16666666666666666,0.5,0.14833333333333334,0.3704545454545455,-0.22212121212121214,0.0,0.0,0.26666666666666666,0.45555555555555555,0.30378787878787883,0.9366391613852121,0.9142563316298626,0.1111111111111111,0.0,0.0,0.0
su9_vj_1755,chuong_cu,0.5,1.0,0.3333333333333333,1.0,1.0,,0.0,0.0,0.008083140877598153,0.0,0.0,0.3333333333333333,0.1111111111111111,0.2,0.06666666666666667,0.19444444444444442,0.19444444444444442,,0.06527777777777777,,0.0,0.0,0.24999999999999997,,0.06527777777777777,0.9185641266540849,0.9520299096836374,0.16666666666666666,0.0,0.0,0.0
su9_vj_1756,chuong_cu,0.75,1.0,1.0,1.0,4.25,3.0,0.0,0.0,0.013279445727482679,0.0,0.0,0.0,0.0,0.2,0.08888888888888889,0.3333333333333333,0.25,0.23333333333333334,0.078125,0.15520833333333334,0.125,0.0,0.3333333333333333,0.20833333333333331,0.0625,0.9319966195586876,0.9429107694110516,0.4166666666666667,0.0,0.0,0.0
su9_vj_1757,chuong_cu,1.0,1.0,1.3333333333333333,0.8,3.0,3.0,0.0,0.0,0.010161662817551962,0.0,0.0,0.0,0.0,0.2,0.13333333333333333,0.16666666666666666,0.6666666666666666,0.14416666666666667,0.38578431372549016,-0.2416176470588235,0.0,0.0,0.26666666666666666,0.48333333333333334,0.26874999999999993,0.918681502712245,0.919599582883593,0.3333333333333333,0.0,0.0,0.0
su9_vj_1758,chuong_cu,1.0,1.0,1.6666666666666667,0.8333333333333334,2.5,3.0,0.0,0.0,0.006543494996150885,0.3333333333333333,0.1111111111111111,1.0,0.5833333333333334,0.7,0.32222222222222224,0.5,0.5,0.47279761904761897,0.3386904761904762,0.13410714285714276,0.14285714285714285,0.5,0.5833333333333334,0.225,0.26458333333333334,0.9225527139248492,0.9542917994243671,0.1111111111111111,0.0,0.0,0.0
su9_vj_1759,chuong_cu,1.0,2.0,2.0,0.75,1.25,,0.0,0.0,0.009237875288683603,0.3333333333333333,0.2222222222222222,0.6666666666666666,0.5277777777777778,0.44999999999999996,0.36666666666666664,0.25,0.3333333333333333,0.16375,0.08333333333333333,0.08041666666666668,0.0,0.0,0.25,0.325,0.041666666666666664,0.9025541430570381,0.9584248828321176,0.08333333333333333,0.0,0.0,0.0
su9_vj_1760,chuong_cu,0.0,0.0,0.0,0.0,,,0.0,0.0,0.0,0.0,0.0,0.0,0.0,0.0,0.0,0.0,0.0,,0.023809523809523808,,0.09523809523809523,0.0,0.0,,0.0,0.9259328300793165,0.952741749473956,,0.0,0.0,0.0
su9_vj_1761,chuong_cu,0.75,1.0,0.6666666666666666,1.0,4.666666666666667,3.0,0.0,0.0,0.016936104695919937,0.0,0.0,0.0,0.0,0.2,0.10000000000000002,0.125,0.6666666666666666,0.18065476190476193,0.3871212121212121,-0.20646645021645016,0.0,0.0,0.20833333333333331,0.14285714285714285,0.3416666666666666,0.8960508989685463,0.9368802471251085,0.45833333333333337,0.0,0.0,0.0
su9_vj_1762,chuong_cu,0.0,0.0,0.0,0.0,,,0.0,0.0,0.0,0.0,0.0,0.0,0.0,0.0,0.0,0.0,0.0,,0.0,,0.06666666666666667,0.0,0.0,,0.0,0.9145839437213519,0.9256163022621449,,0.0,0.0,0.0
su9_vj_1763,chuong_cu,0.75,1.0,1.3333333333333333,0.8,2.4,,0.0,0.0,0.022632794457274827,0.0,0.0,0.5,0.3333333333333333,0.2,0.08333333333333333,0.1875,0.6666666666666666,0.21134868421052633,0.4074561403508772,-0.19610745614035086,0.15789473684210525,0.0,0.2875,0.3333333333333333,0.4074561403508772,0.93374833453728,0.9206370102819281,0.08333333333333333,0.0,0.0,0.0
su9_vj_1764,chuong_cu,0.0,0.0,0.0,0.0,,,0.0,0.0,0.0,0.0,0.0,0.0,0.0,0.0,0.0,0.0,0.0,,0.0,,0.0,0.0,0.0,,0.0,0.9076582037176787,0.973491149546524,,0.0,0.0,0.0
su9_vj_1765,chuong_cu,0.75,1.0,1.3333333333333333,1.0,3.6,3.0,0.0,0.0,0.015704387990762125,0.0,0.0,0.3333333333333333,0.1111111111111111,0.1,0.06666666666666667,0.0,0.0,0.2057843137254902,0.07941176470588235,0.12637254901960784,0.17647058823529413,0.0,0.16666666666666666,0.2,0.035294117647058816,0.9369849789842114,0.9300338794024,0.2916666666666667,0.0,0.0,0.0
su9_vj_1766,chuong_cu,0.75,1.0,0.6666666666666666,1.0,2.3333333333333335,,0.0,0.0,0.003849114703618168,0.0,0.0,0.25,0.08333333333333333,0.2,0.10000000000000002,0.1111111111111111,0.08333333333333333,0.22833333333333333,0.08472222222222223,0.1436111111111111,0.2,0.0,0.2333333333333333,0.2,0.08472222222222223,0.943321996216008,0.9481188793631019,0.29166666666666663,0.0,0.0,0.0
su9_vj_1767,chuong_cu,1.0,1.0,1.0,1.0,2.3333333333333335,,0.0,0.0,0.012124711316397228,0.0,0.0,0.25,0.08333333333333333,0.2,0.10000000000000002,0.25,0.25,0.18583333333333332,0.078125,0.10770833333333332,0.0,0.0,0.25,0.17777777777777778,0.028124999999999997,0.9048506154804454,0.9441515421212935,0.3333333333333333,0.0,0.0,0.0
su9_vj_1768,chuong_cu,1.0,3.0,2.3333333333333335,0.5,1.7142857142857142,,0.0,0.0,0.006004618937644342,0.6666666666666666,0.47222222222222215,0.7777777777777777,0.6944444444444443,0.4666666666666666,0.38518518518518513,1.0,1.0,0.7208333333333333,0.6416666666666666,0.07916666666666672,0.1111111111111111,1.0,1.0,0.3796296296296296,0.5444444444444444,0.9250258609507875,0.9518586057966582,0.0,0.0,0.0,0.0
su9_vj_1769,chuong_cu,0.0,0.0,0.0,0.0,,,0.0,0.0,0.0,0.0,0.0,0.0,0.0,0.0,0.0,0.0,0.0,,0.016666666666666666,,0.06666666666666667,0.0,0.0,,0.016666666666666666,0.89167171696689,0.9602527195703687,,0.0,0.0,0.0
su9_vj_1770,chuong_cu,0.5,1.0,0.3333333333333333,1.0,1.0,,0.0,0.0,0.013856812933025403,0.0,0.0,0.3333333333333333,0.1111111111111111,0.2,0.06666666666666667,0.0,0.0,,0.044444444444444446,,0.05263157894736842,0.0,0.15873015873015872,,0.044444444444444446,0.9086745858737777,0.9475251874758815,0.16666666666666666,0.0,0.0,0.0
su9_vj_1771,chuong_cu,0.75,2.0,0.6666666666666666,1.0,3.75,3.0,0.0,0.0,0.0069284064665127015,0.0,0.0,0.125,0.041666666666666664,0.13333333333333333,0.06944444444444445,0.3055555555555555,0.16666666666666666,0.2072584541062802,0.07531055900621117,0.13194789510006902,0.043478260869565216,0.0,0.3055555555555555,0.2,0.07531055900621117,0.9397528729255724,0.9563985286595964,0.33333333333333337,0.0,0.0,0.0
su9_vj_1772,chuong_cu,0.25,1.0,0.0,1.0,,,0.0,0.0,0.0023094688221709007,0.0,0.0,0.0,0.0,0.0,0.0,0.16666666666666666,0.0,,0.0,,0.047619047619047616,0.0,0.2583333333333333,,0.0,0.9108928586837102,0.9580264818024226,,0.0,0.0,0.0
su9_vj_1773,chuong_cu,0.75,1.0,0.6666666666666666,1.0,2.3333333333333335,,0.0,0.0,0.003849114703618168,0.0,0.0,0.0,0.0,0.2,0.10000000000000002,0.3333333333333333,0.0,0.22256410256410256,0.06923076923076923,0.15333333333333332,0.07692307692307693,0.0,0.3333333333333333,0.2,0.06923076923076923,0.9242311539593036,0.9723382426612185,0.3333333333333333,0.0,0.0,0.0
su9_vj_1774,chuong_cu,0.75,1.0,1.0,0.75,2.0,,0.0,0.0,0.006928406466512702,0.0,0.0,0.0,0.0,0.2,0.08888888888888889,0.0,0.0,0.1375,0.1,0.037500000000000006,0.06666666666666667,0.0,0.18333333333333335,0.5,0.05,0.916835732318692,0.9414215014887152,0.45833333333333337,0.0,0.0,0.0
su9_vj_1775,chuong_cu,0.25,0.0,0.3333333333333333,1.0,5.0,3.0,0.0,0.0,0.004618937644341801,0.0,0.0,0.0,0.0,0.0,0.0,0.0,0.0,,0.07272727272727272,,0.0,0.0,0.0,,0.07272727272727272,0.9152349054514415,0.9676609911152043,,0.0,0.0,0.0
su9_vj_1776,chuong_cu,1.0,1.0,1.0,1.0,2.0,,0.0,0.0,0.005196304849884526,0.0,0.0,0.25,0.16666666666666666,0.2,0.20000000000000004,0.16666666666666666,0.16666666666666666,0.19166666666666668,0.11666666666666667,0.07500000000000001,0.1,0.0,0.26666666666666666,0.3333333333333333,0.05,0.9298882908665325,0.9377704895932248,0.27777777777777773,0.0,0.0,0.0
su9_vj_1777,chuong_cu,0.75,1.0,1.3333333333333333,0.8,2.6,,0.0,0.0,0.028175519630484987,0.3333333333333333,0.1111111111111111,1.0,0.3333333333333333,0.7,0.3,0.0,0.3055555555555555,0.18972848788638264,0.18165204678362573,0.008076441102756904,0.10526315789473684,0.0,0.18888888888888888,0.2253968253968254,0.15533625730994152,0.9081356913841746,0.9481133415051913,0.16666666666666666,0.0,0.0,0.0
su9_vj_1778,chuong_cu,1.0,2.0,1.3333333333333333,0.8333333333333334,2.25,,0.0,0.5,0.011547344110854502,0.3333333333333333,0.1111111111111111,0.625,0.34722222222222215,0.39999999999999997,0.18333333333333335,0.3333333333333333,0.5,0.2090909090909091,0.13636363636363635,0.07272727272727275,0.13636363636363635,0.0,0.3333333333333333,0.38888888888888884,0.007575757575757569,0.9161674895771926,0.8942685654606263,0.13888888888888887,0.0,0.0,0.0
su9_vj_1779,chuong_cu,0.5,0.0,0.6666666666666666,0.5,1.0,,0.0,0.0,0.011547344110854504,0.0,0.0,0.0,0.0,0.0,0.0,0.0,0.4444444444444444,0.022727272727272728,0.26186868686868686,-0.23914141414141413,0.09090909090909091,0.0,0.0,1.0,0.26186868686868686,0.9172520382370505,0.9499798965757251,,0.0,0.0,0.0
su9_vj_1780,chuong_cu,0.25,1.0,0.0,1.0,1.0,,0.0,0.0,0.12702078521939952,0.0,0.0,0.0,0.0,0.0,0.0,0.29166666666666663,0.0,,0.039473684210526314,,0.0,0.0,0.29166666666666663,,0.039473684210526314,0.9232597507640476,0.957576848246091,,0.0,0.0,0.0
su9_vj_1781,chuong_cu,1.0,1.0,1.0,1.0,4.5,3.0,0.0,0.0,0.008083140877598151,0.0,0.0,0.0,0.0,0.2,0.15555555555555556,0.1111111111111111,0.1111111111111111,0.23179824561403506,0.09582289055973267,0.1359753550543024,0.21052631578947367,0.0,0.2333333333333333,0.19444444444444442,0.0201388888888889,0.9311175545390911,0.9474425092979913,0.5,0.0,0.0,0.0
su9_vj_1782,chuong_cu,1.0,2.0,1.3333333333333333,0.8333333333333334,1.0,,0.0,0.0,0.010007698229407237,0.5,0.16666666666666666,0.6666666666666666,0.2638888888888889,0.44999999999999996,0.2833333333333333,0.3611111111111111,0.3611111111111111,0.2036111111111111,0.09027777777777778,0.11333333333333333,0.0,0.0,0.3611111111111111,0.24444444444444446,0.03194444444444445,0.9195531574992306,0.9380947023611563,0.19444444444444442,0.0,0.0,0.0
su9_vj_1783,chuong_cu,0.0,0.0,0.0,0.0,,,0.0,0.0,0.0,0.0,0.0,0.0,0.0,0.0,0.0,0.0,0.0,,0.013157894736842105,,0.0,0.0,0.0,,0.013157894736842105,0.9176650584354931,0.938026263687516,,0.0,0.0,0.0
su9_vj_1784,chuong_cu,0.75,1.0,0.6666666666666666,1.0,2.3333333333333335,,0.0,0.0,0.003849114703618168,0.0,0.0,0.25,0.08333333333333333,0.2,0.10000000000000002,0.3333333333333333,0.3333333333333333,0.245,0.1111111111111111,0.1338888888888889,0.16666666666666666,0.0,0.3333333333333333,0.2,0.09722222222222221,0.9232198619898205,0.9481188793631019,0.29166666666666663,0.0,0.0,0.0
su9_vj_1785,chuong_cu,1.0,1.0,1.0,0.75,1.6666666666666667,,2.0,0.0,0.06928406466512702,0.0,0.0,0.3333333333333333,0.3055555555555555,0.0,0.0,0.27777777777777773,0.5,0.24722222222222223,0.2833333333333333,-0.036111111111111094,0.3888888888888889,0.0,0.3333333333333333,0.5555555555555555,0.19305555555555554,0.9170636943403889,0.9302501224164126,0.19444444444444442,0.0,0.0,0.0
su9_vj_1786,chuong_cu,1.0,1.0,2.0,1.0,1.75,,2.0,0.3333333333333333,0.03299241174529858,0.0,0.0,0.5,0.4166666666666667,0.0,0.0,0.3333333333333333,1.0,0.21444444444444444,0.6416666666666666,-0.42722222222222217,0.1111111111111111,0.0,0.3333333333333333,0.3111111111111111,0.5583333333333332,0.9216824429791977,0.9375238349303887,0.13888888888888887,0.0,0.0,0.0
su9_vj_1787,chuong_cu,0.75,1.0,0.6666666666666666,0.6666666666666666,3.0,,0.0,0.0,0.0023094688221709007,0.0,0.0,0.0,0.0,0.2,0.13333333333333333,0.0,0.0,0.078343837535014,0.0619281045751634,0.016415732959850604,0.17647058823529413,0.0,0.1369047619047619,1.0,0.0619281045751634,0.9246911547378787,0.9423060943083611,0.5,0.0,0.0,0.0
su9_vj_1788,chuong_cu,0.25,0.0,0.3333333333333333,1.0,3.0,,0.0,0.0,0.004618937644341801,0.0,0.0,0.0,0.0,0.0,0.0,0.0,0.19444444444444442,,0.09821428571428571,,0.09523809523809523,0.0,0.0,,0.09821428571428571,0.9155549511085287,0.9479739090131608,,0.0,0.0,0.0
su9_vj_1789,chuong_cu,1.0,2.0,1.3333333333333333,0.6666666666666666,2.5,3.0,0.0,0.0,0.06966897613548882,0.5,0.27777777777777773,0.75,0.5694444444444444,0.44999999999999996,0.29833333333333334,0.6666666666666666,0.41666666666666663,0.49583333333333324,0.15416666666666667,0.34166666666666656,0.35,0.5,0.6666666666666666,0.5555555555555555,0.018750000000000017,0.9238114578364323,0.9410428931234734,0.05555555555555555,0.0,0.0,0.0
su9_vj_1790,chuong_cu,1.0,1.0,1.0,1.0,2.25,,0.0,0.0,0.0023094688221709007,0.0,0.0,0.0,0.0,0.1,0.10000000000000002,0.1111111111111111,0.1111111111111111,0.1826388888888889,0.07023809523809524,0.11240079365079367,0.1111111111111111,0.0,0.21944444444444444,0.3333333333333333,0.013888888888888888,0.9265112700895018,0.9053503744643648,0.3333333333333333,0.0,0.0,0.0
su9_vj_1791,chuong_cu,1.0,1.0,1.0,1.0,2.0,,0.0,0.0,0.015011547344110854,0.0,0.0,0.3333333333333333,0.1111111111111111,0.0,0.0,0.27777777777777773,0.25,0.19833333333333333,0.08464912280701753,0.1136842105263158,0.0,0.0,0.3333333333333333,0.2333333333333333,0.026315789473684202,0.9270886326058199,0.9742230032094057,0.27777777777777773,0.0,0.0,0.0
su9_vj_1792,chuong_cu,0.5,0.0,0.6666666666666666,0.5,5.0,3.0,0.0,0.0,0.0069284064665127015,0.0,0.0,0.0,0.0,0.0,0.0,0.0,0.0,0.014705882352941176,0.06470588235294118,-0.05,0.058823529411764705,0.0,0.0,1.0,0.06470588235294118,0.9385606780167732,0.9551839665384766,,0.0,0.0,0.0
su9_vj_1793,chuong_cu,0.75,0.0,1.0,0.6666666666666666,2.0,3.0,0.0,0.0,0.008468052347959968,0.0,0.0,0.0,0.0,0.0,0.0,0.0,0.16666666666666666,0.10238095238095236,0.07222222222222222,0.03015873015873015,0.06666666666666667,0.0,0.0,0.42857142857142855,0.03452380952380952,0.9200864427095954,0.9655506570950388,,0.0,0.0,0.0
su9_vj_1794,chuong_cu,0.75,0.0,1.3333333333333333,1.0,3.75,3.0,0.0,0.0,0.01558891454965358,0.0,0.0,0.0,0.0,0.0,0.0,0.0,0.25,0.1525,0.08125,0.07125,0.125,0.0,0.0,0.19166666666666665,0.034375,0.9226049043101815,0.9535750670938741,,0.0,0.0,0.0
su9_vj_1795,chuong_cu,0.75,1.0,1.0,1.0,3.5,3.0,0.0,0.0,0.01674364896073903,0.0,0.0,0.3333333333333333,0.1111111111111111,0.1,0.05555555555555556,0.0,0.0,0.16999999999999998,0.05,0.11999999999999998,0.0,0.0,0.2,0.2,0.05,0.9221898159272244,0.9552498358401981,0.2916666666666667,0.0,0.0,0.0
su9_vj_1796,chuong_cu,0.25,0.0,0.3333333333333333,1.0,1.0,,0.0,0.0,0.011547344110854504,0.0,0.0,0.0,0.0,0.0,0.0,0.0,0.0,,0.05,,0.07142857142857142,0.0,0.0,,0.05,0.9213487412182043,0.9630667746250438,,0.0,0.0,0.0
su9_vj_1797,chuong_cu,0.0,0.0,0.0,0.0,,,0.0,0.0,0.0,0.0,0.0,0.0,0.0,0.0,0.0,0.0,0.0,,0.017857142857142856,,0.0,0.0,0.0,,0.017857142857142856,0.9121770251299464,0.9700809799365842,,0.0,0.0,0.0
su9_vj_1798,chuong_cu,0.5,1.0,0.6666666666666666,1.0,2.6666666666666665,,0.0,0.0,0.0069284064665127015,0.0,0.0,0.0,0.0,0.2,0.06666666666666667,0.0,0.5,,0.32499999999999996,,0.0,0.0,0.18333333333333335,,0.32499999999999996,0.9406601830391879,0.9350835697665366,0.3333333333333333,0.0,0.0,0.0
su9_vj_1799,chuong_cu,1.0,1.0,1.0,0.75,2.25,,0.0,0.0,0.005196304849884526,1.0,0.3333333333333333,1.0,0.3333333333333333,0.7,0.3333333333333333,0.0,0.0,0.21878787878787878,0.10681818181818181,0.11196969696969697,0.18181818181818182,0.0,0.2,0.17777777777777778,0.02272727272727272,0.9142643780772086,0.9554027753072813,0.25,0.0,0.0,0.0
su9_vj_1800,chuong_cu,0.5,1.0,0.3333333333333333,1.0,5.0,3.0,0.0,0.0,0.0034642032332563508,0.0,0.0,0.0,0.0,0.0,0.0,0.0,0.0,,0.041666666666666664,,0.0,0.0,0.16666666666666666,,0.041666666666666664,0.9209126824822799,0.9252174330666085,0.3333333333333333,0.0,0.0,0.0
su9_vj_1801,chuong_cu,1.0,2.0,1.0,0.4,2.8,,0.0,0.0,0.004157043879907621,0.5,0.5,0.5,0.5,0.39999999999999997,0.39999999999999997,0.0,0.0,0.0625,0.0625,0.0,0.05,0.0,0.2,1.0,0.0,0.9204690797460888,0.8662062663672611,0.0,0.0,0.0,0.0
su9_vj_1802,chuong_cu,0.0,0.0,0.0,0.0,,,0.0,0.0,0.0,0.0,0.0,0.0,0.0,0.0,0.0,0.0,0.0,,0.029411764705882353,,0.0,0.0,0.0,,0.029411764705882353,0.905802996264109,0.9664194216949443,,0.0,0.0,0.0
su9_vj_1803,chuong_cu,0.75,2.0,1.3333333333333333,0.5,1.3333333333333333,,0.0,0.0,0.07082371054657428,1.0,0.4444444444444444,1.0,0.5,0.7,0.3833333333333333,0.5277777777777778,0.5277777777777778,0.40694444444444444,0.3208333333333333,0.08611111111111114,0.3333333333333333,0.3333333333333333,0.5277777777777778,0.5,0.3208333333333333,0.9046542336880934,0.9414081359934255,0.0,0.0,0.0,0.0
su9_vj_1804,chuong_cu,0.5,1.0,0.3333333333333333,1.0,2.0,,0.0,0.0,0.012702078521939953,0.0,0.0,0.0,0.0,0.0,0.0,0.25,0.3333333333333333,,0.12878787878787878,,0.18181818181818182,0.0,0.25,,0.03787878787878787,0.936620183142061,0.933853924335012,0.4166666666666667,0.0,0.0,0.0
su9_vj_1805,chuong_cu,1.0,2.0,1.0,0.8,2.4,,0.0,0.0,0.005080831408775981,0.5,0.16666666666666666,0.5,0.16666666666666666,0.39999999999999997,0.2333333333333333,1.0,0.5,0.8666666666666667,0.4458333333333333,0.4208333333333334,0.5,1.0,1.0,0.05555555555555555,0.39226190476190476,0.9258406937873402,0.9588407947050605,0.4444444444444444,0.0,0.0,0.0
su9_vj_1806,chuong_cu,0.0,0.0,0.0,0.0,,,0.0,0.0,0.0,0.0,0.0,0.0,0.0,0.0,0.0,0.0,0.0,,0.0,,0.0,0.0,0.0,,0.0,0.9116659907395613,0.943805747821451,,0.0,0.0,0.0
su9_vj_1807,chuong_cu,0.5,0.0,1.0,1.0,2.3333333333333335,,0.0,0.0,0.059276366435719784,0.0,0.0,0.0,0.0,0.0,0.0,0.0,0.4333333333333333,0.11724137931034484,0.22281609195402297,-0.10557471264367813,0.06896551724137931,0.0,0.0,0.3333333333333333,0.20557471264367813,0.9225751181464454,0.9439466328502499,,0.0,0.0,0.0
su9_vj_1808,chuong_cu,0.25,2.0,0.0,1.0,4.0,3.0,0.0,0.0,0.0034642032332563508,0.0,0.0,0.0,0.0,0.0,0.0,0.3611111111111111,0.0,,0.0,,0.0,0.0,0.3611111111111111,,0.0,0.9272069202963704,0.9141383609306409,,0.0,0.0,0.0
su9_vj_1809,chuong_cu,0.0,0.0,0.0,0.0,,,0.0,0.0,0.0,0.0,0.0,0.0,0.0,0.0,0.0,0.0,0.0,,0.0,,0.0,0.0,0.0,,0.0,0.9159118869868487,0.9651333052258466,,0.0,0.0,0.0
su9_vj_1810,chuong_cu,0.25,0.0,0.3333333333333333,1.0,3.0,,0.0,0.0,0.0023094688221709007,0.0,0.0,0.0,0.0,0.0,0.0,0.0,0.0,,0.03965773809523809,,0.0,0.0,0.0,,0.03965773809523809,0.905361343342455,0.964101184323775,,0.0,0.0,0.0
su9_vj_1811,chuong_cu,1.0,2.0,1.6666666666666667,0.8571428571428571,2.0,,0.0,0.0,0.011547344110854504,0.0,0.0,0.16666666666666666,0.09722222222222221,0.15000000000000002,0.10555555555555557,0.5625,0.3125,0.46604166666666663,0.203125,0.26291666666666663,0.13333333333333333,0.5,0.6125,0.30277777777777776,0.14479166666666665,0.9417266477023007,0.9223226195254581,0.25,0.0,0.0,0.0
su9_vj_1812,chuong_cu,0.25,0.0,0.3333333333333333,1.0,5.0,3.0,0.0,0.0,0.0023094688221709007,0.0,0.0,0.0,0.0,0.0,0.0,0.0,0.25,,0.0625,,0.0,0.0,0.0,,0.0625,0.906646874046564,0.9600766409381711,,0.0,0.0,0.0
su9_vj_1813,chuong_cu,1.0,2.0,1.0,0.6,2.3333333333333335,,0.5,0.3333333333333333,0.021247113163972285,0.5,0.3333333333333333,0.5,0.3333333333333333,0.35,0.21666666666666667,0.3333333333333333,0.3333333333333333,0.22007936507936504,0.09722222222222221,0.12285714285714283,0.05555555555555555,0.0,0.3333333333333333,0.18095238095238098,0.04722222222222221,0.9118697955445503,0.942558011497938,0.1111111111111111,0.0,0.0,0.0
su9_vj_1814,chuong_cu,0.5,1.0,0.3333333333333333,1.0,3.0,,0.0,0.0,0.006928406466512702,0.0,0.0,0.0,0.0,0.2,0.06666666666666667,0.16666666666666666,0.08333333333333333,,0.04791666666666666,,0.058823529411764705,0.0,0.2333333333333333,,0.04791666666666666,0.9351043848187475,0.928295368732539,0.5,0.0,0.0,0.0
su9_vj_1815,chuong_cu,0.75,1.0,0.6666666666666666,0.6666666666666666,5.0,3.0,0.0,0.0,0.003079291762894534,0.0,0.0,0.0,0.0,0.2,0.13333333333333333,0.5,0.0,0.38083333333333336,0.0757142857142857,0.3051190476190476,0.24,0.5,0.5833333333333334,1.0,0.035714285714285705,0.9191333688956645,0.9490653471841358,0.5,0.0,0.0,0.0
su9_vj_1816,chuong_cu,1.0,1.0,1.0,0.75,2.25,,0.0,0.0,0.005196304849884526,0.0,0.0,0.0,0.0,0.2,0.16666666666666666,0.0,0.0,0.175,0.09166666666666667,0.08333333333333331,0.16666666666666666,0.0,0.2,0.4444444444444444,0.022222222222222227,0.8960680696402249,0.9411865401275296,0.3611111111111111,0.0,0.0,0.0
su9_vj_1817,chuong_cu,1.0,1.0,2.0,0.8571428571428571,2.0,,0.0,0.0,0.009897723523589575,0.0,0.0,0.0,0.0,0.2,0.16666666666666666,0.0,0.3333333333333333,0.19054487179487178,0.10256410256410256,0.08798076923076922,0.15384615384615385,0.0,0.2,0.3194444444444444,0.05256410256410256,0.9204558377519723,0.9321188232060289,0.4166666666666667,0.0,0.0,0.0
su9_vj_1818,chuong_cu,1.0,1.0,2.0,0.8571428571428571,1.7142857142857142,,0.0,0.0,0.02804354998350379,0.5,0.16666666666666666,1.0,0.5277777777777778,0.7,0.3333333333333333,0.5,0.625,0.4670833333333333,0.378125,0.0889583333333333,0.125,0.5,0.5833333333333334,0.2333333333333333,0.3052083333333333,0.9017119234097651,0.9489503019569685,0.13888888888888887,0.0,0.0,0.0
su9_vj_1819,chuong_cu,1.0,2.0,1.6666666666666667,0.8571428571428571,2.142857142857143,3.0,0.0,0.0,0.008578027053777632,0.3333333333333333,0.1111111111111111,0.6666666666666666,0.4166666666666667,0.39999999999999997,0.18888888888888888,0.2222222222222222,0.2222222222222222,0.1965277777777778,0.1138888888888889,0.0826388888888889,0.05555555555555555,0.0,0.2888888888888889,0.2638888888888889,0.07142857142857145,0.9272667292060773,0.9565556410958972,0.13888888888888887,0.0,0.0,0.0
su9_vj_1820,chuong_cu,0.75,0.0,1.0,1.0,1.6666666666666667,,0.0,0.0,0.003079291762894534,0.0,0.0,0.0,0.0,0.0,0.0,0.0,0.5,0.11083333333333334,0.125,-0.01416666666666666,0.0,0.0,0.0,0.2611111111111111,0.0625,0.9204855258454158,0.9735345246063078,,0.0,0.0,0.0
su9_vj_1821,chuong_cu,0.5,1.0,0.3333333333333333,1.0,2.0,,0.0,0.0,0.004618937644341801,0.0,0.0,0.0,0.0,0.2,0.06666666666666667,0.375,0.125,,0.07481060606060605,,0.09090909090909091,0.0,0.375,,0.07481060606060605,0.8949410541123028,0.9337351776628954,0.3333333333333333,0.0,0.0,0.0
su9_vj_1822,chuong_cu,0.75,0.0,1.3333333333333333,0.75,1.5,,0.0,0.0,0.025981524249422634,0.0,0.0,0.0,0.0,0.0,0.0,0.0,0.5,0.075,0.125,-0.05,0.0,0.0,0.0,0.5,0.04166666666666667,0.9551992860185549,0.944591947859842,,0.0,0.0,0.0
su9_vj_1823,chuong_cu,0.75,1.0,0.6666666666666666,1.0,1.0,,0.0,0.0,0.006158583525789068,0.0,0.0,0.25,0.08333333333333333,0.2,0.13333333333333333,0.0,0.375,0.17440476190476192,0.09375,0.08065476190476192,0.0,0.0,0.18333333333333335,0.14285714285714285,0.09375,0.9315695247539183,0.9492503605468459,0.33333333333333337,0.0,0.0,0.0
su9_vj_1824,chuong_cu,0.75,1.0,0.6666666666666666,0.6666666666666666,3.0,3.0,0.0,0.0,0.016936104695919937,0.0,0.0,0.0,0.0,0.05,0.03333333333333333,0.08333333333333333,0.3333333333333333,0.09471153846153846,0.24033882783882782,-0.14562728937728936,0.15384615384615385,0.0,0.22499999999999998,1.0,0.2307234432234432,0.9158423032916414,0.9376907725863303,0.3333333333333333,0.0,0.0,0.0
su9_vj_1825,chuong_cu,0.25,1.0,0.0,1.0,1.0,,0.0,0.0,0.03695150115473441,0.0,0.0,0.0,0.0,0.0,0.0,0.3333333333333333,0.0,,0.014705882352941176,,0.058823529411764705,0.0,0.3333333333333333,,0.014705882352941176,0.9117738545268117,0.9457543085616573,,0.0,0.0,0.0
su9_vj_1826,chuong_cu,0.25,0.0,0.3333333333333333,1.0,4.0,,0.0,0.0,0.03926096997690531,0.0,0.0,0.0,0.0,0.0,0.0,0.0,0.3333333333333333,,0.11666666666666667,,0.0,0.0,0.0,,0.11666666666666667,0.9333094131485041,0.944824348963382,,0.0,0.0,0.0
su9_vj_1827,chuong_cu,1.0,2.0,1.0,0.8,3.4,3.0,0.0,0.0,0.02817551963048499,0.0,0.0,0.3333333333333333,0.2222222222222222,0.07500000000000001,0.06777777777777778,0.1111111111111111,0.4444444444444444,0.17623716153127916,0.3299019607843137,-0.15366479925303456,0.11764705882352941,0.0,0.24444444444444446,0.42857142857142855,0.2727357609710551,0.9178554567564269,0.9453172918288566,0.25,0.0,0.0,0.0
su9_vj_1828,chuong_cu,0.5,2.0,0.3333333333333333,1.0,2.6666666666666665,,0.0,0.0,0.023094688221709004,0.0,0.0,0.16666666666666666,0.05555555555555555,0.06666666666666667,0.022222222222222223,0.16666666666666666,0.6666666666666666,,0.3916666666666666,,0.0,0.0,0.26666666666666666,,0.37499999999999994,0.9243603456066583,0.918962107004998,0.16666666666666666,0.0,0.0,0.0
su9_vj_1829,chuong_cu,0.75,1.0,0.6666666666666666,1.0,3.3333333333333335,3.0,0.0,0.0,0.0069284064665127015,0.0,0.0,0.0,0.0,0.2,0.08888888888888889,0.08333333333333333,0.16666666666666666,0.17916666666666667,0.05833333333333333,0.12083333333333335,0.0,0.0,0.21666666666666667,0.16666666666666666,0.028921568627450975,0.9221427346466748,0.9424234433193691,0.41666666666666663,0.0,0.0,0.0
su9_vj_1830,chuong_cu,0.75,0.0,1.6666666666666667,0.6,3.6,3.0,0.0,0.0,0.017090069284064667,0.0,0.0,0.0,0.0,0.0,0.0,0.0,0.31666666666666665,0.05562499999999999,0.18843749999999998,-0.1328125,0.0625,0.0,0.0,0.7333333333333334,0.1125892857142857,0.9182883401009296,0.9468204208336763,,0.0,0.0,0.0
su9_vj_1831,chuong_cu,0.25,0.0,0.3333333333333333,1.0,5.0,3.0,0.0,0.0,0.013856812933025403,0.0,0.0,0.0,0.0,0.0,0.0,0.0,0.0625,,0.09724264705882354,,0.17647058823529413,0.0,0.0,,0.05312500000000001,0.9147358964522752,0.9430344330599316,,0.0,0.0,0.0
su9_vj_1832,chuong_cu,1.0,1.0,1.6666666666666667,0.5,1.1666666666666667,,0.0,0.0,0.09584295612009237,1.0,0.6666666666666666,1.0,1.0,0.7,0.6999999999999998,0.0,0.16666666666666666,0.07083333333333333,0.06666666666666667,0.004166666666666666,0.0,0.0,0.18333333333333335,0.8333333333333334,0.02083333333333333,0.95247897401723,0.9302169104543042,0.0,0.0,0.0,0.0
su9_vj_1833,chuong_cu,0.75,1.0,1.0,1.0,2.75,3.0,0.0,0.0,0.009237875288683603,0.0,0.0,0.0,0.0,0.1,0.05555555555555556,0.16666666666666666,0.125,0.17291666666666666,0.07291666666666667,0.09999999999999999,0.0,0.0,0.26666666666666666,0.29166666666666663,0.07291666666666667,0.9295485685390475,0.93252807847235,0.3333333333333333,0.0,0.0,0.0
su9_vj_1834,chuong_cu,0.75,1.0,0.6666666666666666,1.0,4.0,3.0,0.0,0.0,0.018475750577367205,0.0,0.0,0.0,0.0,0.1,0.05555555555555556,0.0,0.29166666666666663,0.16911764705882354,0.09607843137254901,0.07303921568627453,0.17647058823529413,0.0,0.0,0.16666666666666666,0.09607843137254901,0.9048666631344087,0.9402128540329141,1.0,0.0,0.0,0.0
su9_vj_1835,chuong_cu,0.25,0.0,0.3333333333333333,1.0,2.0,,0.0,0.0,0.011547344110854504,0.0,0.0,0.0,0.0,0.0,0.0,0.0,0.625,,0.36124999999999996,,0.0,0.0,0.0,,0.36124999999999996,0.9223105970685586,0.9692054471207827,,0.0,0.0,0.0
su9_vj_1836,chuong_cu,1.0,1.0,1.0,0.75,3.75,3.0,0.0,0.0,0.023094688221709007,1.0,0.3333333333333333,1.0,0.5277777777777778,0.7,0.28888888888888886,0.3333333333333333,0.3333333333333333,0.1958333333333333,0.1388888888888889,0.05694444444444441,0.0,0.0,0.3333333333333333,0.25,0.03333333333333334,0.9301292363440286,0.9375952950788149,0.13888888888888887,0.0,0.0,0.0
su9_vj_1837,chuong_cu,0.5,0.0,0.6666666666666666,1.0,4.0,3.0,0.0,0.0,0.013856812933025403,0.0,0.0,0.0,0.0,0.0,0.0,0.0,0.0,0.16703296703296705,0.06923076923076923,0.09780219780219782,0.15384615384615385,0.0,0.0,0.14285714285714285,0.05,0.9167387583024383,0.9360510047236484,,0.0,0.0,0.0
su9_vj_1838,chuong_cu,0.0,0.0,0.0,0.0,,,0.0,0.0,0.0,0.0,0.0,0.0,0.0,0.0,0.0,0.0,0.0,,0.03333333333333333,,0.13333333333333333,0.0,0.0,,0.0,0.9176226083832891,0.9551829929802662,,0.0,0.0,0.0
su9_vj_1839,chuong_cu,0.75,1.0,0.6666666666666666,1.0,1.0,,0.0,0.0,0.003079291762894534,0.0,0.0,0.25,0.16666666666666666,0.2,0.13333333333333333,0.25,0.16666666666666666,0.1875,0.07720588235294118,0.11029411764705882,0.0,0.0,0.35,0.3333333333333333,0.07720588235294118,0.9137601652065672,0.9492503605468459,0.25,0.0,0.0,0.0
su9_vj_1840,chuong_cu,0.0,0.0,0.0,0.0,,,0.0,0.0,0.0,0.0,0.0,0.0,0.0,0.0,0.0,0.0,0.0,,0.011363636363636364,,0.0,0.0,0.0,,0.011363636363636364,0.9154606515510307,0.962787137505662,,0.0,0.0,0.0
su9_vj_1841,chuong_cu,0.5,0.0,0.6666666666666666,0.5,4.0,,0.0,0.0,0.03926096997690531,0.0,0.0,0.0,0.0,0.0,0.0,0.0,0.16666666666666666,0.017857142857142856,0.08452380952380953,-0.06666666666666668,0.07142857142857142,0.0,0.0,1.0,0.08452380952380953,0.9129113658385613,0.9528544989545013,,0.0,0.0,0.0
su9_vj_1842,chuong_cu,0.75,1.0,0.6666666666666666,1.0,3.0,,0.0,0.0,0.012317167051578136,0.0,0.0,0.0,0.0,0.2,0.13333333333333333,0.0,0.0,0.1418154761904762,0.08333333333333334,0.058482142857142844,0.13333333333333333,0.0,0.13392857142857142,0.5,0.08333333333333334,0.9223599931394502,0.9257865360461495,0.5,0.0,0.0,0.0
su9_vj_1843,chuong_cu,0.5,0.0,0.6666666666666666,1.0,2.5,,0.0,0.0,0.038106235565819865,0.0,0.0,0.0,0.0,0.0,0.0,0.0,0.6666666666666666,0.15000000000000002,0.4916666666666666,-0.34166666666666656,0.2,0.0,0.0,0.3333333333333333,0.4916666666666666,0.940460582198889,0.9298088955797151,,0.0,0.0,0.0
su9_vj_1844,chuong_cu,0.25,0.0,0.3333333333333333,1.0,2.0,,0.0,0.0,0.0023094688221709007,0.0,0.0,0.0,0.0,0.0,0.0,0.0,0.0,,0.06363795518207283,,0.17647058823529413,0.0,0.0,,0.048932072829131645,0.9302367312704306,0.9322565547067286,,0.0,0.0,0.0
su9_vj_1845,chuong_cu,0.75,0.0,1.3333333333333333,0.75,2.0,3.0,0.0,0.0,0.021939953810623556,0.0,0.0,0.0,0.0,0.0,0.0,0.0,0.125,0.09250000000000001,0.0625,0.030000000000000013,0.05,0.0,0.0,0.4666666666666666,0.012499999999999997,0.9114222455360931,0.950541695209566,,0.0,0.0,0.0
su9_vj_1846,chuong_cu,0.75,1.0,0.6666666666666666,1.0,1.0,,0.0,0.0,0.014626635873749037,0.0,0.0,0.3333333333333333,0.1111111111111111,0.2,0.13333333333333333,0.16666666666666666,0.16666666666666666,0.1825,0.06666666666666667,0.11583333333333333,0.0,0.0,0.25,0.2,0.06666666666666667,0.9231800844077602,0.9563454507759452,0.25,0.0,0.0,0.0
su9_vj_1847,chuong_cu,0.75,1.0,0.6666666666666666,0.6666666666666666,1.6666666666666667,,0.0,0.0,0.00846805234795997,1.0,0.3333333333333333,1.0,0.3333333333333333,0.7,0.25555555555555554,0.5,0.5,0.5013888888888889,0.3763888888888889,0.125,0.2222222222222222,0.5,0.5833333333333334,0.16666666666666666,0.3347222222222222,0.918827727631364,0.9401105706790468,0.20833333333333334,0.0,0.0,0.0
su9_vj_1848,chuong_cu,1.0,1.0,1.3333333333333333,0.8,2.4,3.0,0.0,0.0,0.02678983833718245,0.0,0.0,0.3333333333333333,0.1111111111111111,0.1,0.08888888888888889,1.0,0.3333333333333333,0.7083333333333333,0.125,0.5833333333333333,0.16666666666666666,1.0,1.0,0.5555555555555555,0.075,0.9290038839708257,0.9372249744842025,0.27777777777777773,0.0,0.0,0.0
su9_vj_1849,chuong_cu,0.0,0.0,0.0,0.0,,,0.0,0.0,0.0,0.0,0.0,0.0,0.0,0.0,0.0,0.0,0.0,,0.015625,,0.0,0.0,0.0,,0.015625,0.9360016756356371,0.9398631777201595,,0.0,0.0,0.0
su9_vj_1850,chuong_cu,0.75,1.0,0.6666666666666666,0.6666666666666666,,,0.0,0.0,0.010777521170130871,1.0,0.3333333333333333,1.0,0.3333333333333333,0.5,0.16666666666666666,0.5,0.5,0.260625,0.140625,0.12,0.0625,0.0,0.5,0.2,0.125,0.9217466870100901,0.9590996540008329,0.16666666666666666,0.0,0.0,0.0
su9_vj_1851,chuong_cu,0.0,0.0,0.0,0.0,,,0.0,0.0,0.0,0.0,0.0,0.0,0.0,0.0,0.0,0.0,0.0,,0.03409090909090909,,0.0,0.0,0.0,,0.03409090909090909,0.9165440922513215,0.9527505476315064,,0.0,0.0,0.0
su9_vj_1852,chuong_cu,1.0,1.0,1.0,0.75,1.5,,0.0,0.0,0.025981524249422634,1.0,0.3333333333333333,1.0,0.3333333333333333,0.7,0.3,0.25,0.3333333333333333,0.18,0.11458333333333333,0.06541666666666666,0.0,0.0,0.25,0.21666666666666667,0.06458333333333333,0.9239768996980893,0.966252595377705,0.2222222222222222,0.0,0.0,0.0
su9_vj_1853,chuong_cu,0.75,4.0,0.6666666666666666,0.8333333333333334,2.0,,0.0,0.0,0.018475750577367205,0.0,0.0,0.0,0.0,0.05,0.03333333333333333,0.125,0.6666666666666666,0.0875,0.4354166666666667,-0.34791666666666665,0.125,0.0,0.225,1.0,0.4354166666666667,0.916737166327274,0.9378049066139448,0.3333333333333333,0.0,0.0,0.0
su9_vj_1854,chuong_cu,0.75,1.0,0.6666666666666666,0.6666666666666666,3.3333333333333335,,0.0,0.0,0.030023094688221712,1.0,0.3333333333333333,1.0,0.4166666666666667,0.7,0.25555555555555554,0.4444444444444444,0.4444444444444444,0.383578431372549,0.271078431372549,0.11249999999999999,0.11764705882352941,0.3333333333333333,0.5,0.25,0.271078431372549,0.9258882602254306,0.9535593537526624,0.125,0.0,0.0,0.0
su9_vj_1855,chuong_cu,1.0,2.0,2.0,0.75,1.25,,0.0,0.0,0.01125866050808314,0.3333333333333333,0.2222222222222222,0.6666666666666666,0.4444444444444444,0.44999999999999996,0.3333333333333333,0.25,0.3333333333333333,0.17607142857142857,0.09523809523809523,0.08083333333333334,0.047619047619047616,0.0,0.25,0.32222222222222224,0.05357142857142857,0.9339758448860032,0.9480156359671139,0.05555555555555555,0.0,0.0,0.0
su9_vj_1856,chuong_cu,0.0,0.0,0.0,0.0,,,0.0,0.0,0.0,0.0,0.0,0.0,0.0,0.0,0.0,0.0,0.0,,0.03125,,0.0625,0.0,0.0,,0.03125,0.9228666090180787,0.9408102502193021,,0.0,0.0,0.0
su9_vj_1857,chuong_cu,0.5,0.0,0.6666666666666666,1.0,3.0,,0.0,0.0,0.02886836027713626,0.0,0.0,0.0,0.0,0.0,0.0,0.0,0.6666666666666666,0.1125,0.37916666666666665,-0.26666666666666666,0.05,0.0,0.0,0.3333333333333333,0.37916666666666665,0.92360402017572,0.9477894174078978,,0.0,0.0,0.0
su9_vj_1858,chuong_cu,0.25,0.0,0.3333333333333333,1.0,2.0,,0.0,0.0,0.011547344110854504,0.0,0.0,0.0,0.0,0.0,0.0,0.0,0.16666666666666666,,0.08666666666666667,,0.0,0.0,0.0,,0.08666666666666667,0.9223105970685586,0.9692054471207827,,0.0,0.0,0.0
su9_vj_1859,chuong_cu,1.0,1.0,2.3333333333333335,0.625,2.125,3.0,0.0,0.0,0.01905311778290993,1.0,0.5,1.0,0.7777777777777778,0.7,0.5333333333333333,0.375,0.41666666666666663,0.2048611111111111,0.14583333333333331,0.05902777777777779,0.1111111111111111,0.0,0.375,0.4444444444444444,0.027777777777777762,0.9223732925107863,0.93716415837187,0.05555555555555555,0.0,0.0,0.0
su9_vj_1860,chuong_cu,0.75,2.0,1.0,1.0,3.2,3.0,0.0,0.0,0.017090069284064667,0.0,0.0,0.16666666666666666,0.09722222222222221,0.1,0.05555555555555556,0.16666666666666666,0.29166666666666663,0.2087301587301587,0.0763888888888889,0.13234126984126982,0.1111111111111111,0.0,0.26666666666666666,0.23809523809523808,0.0625,0.92490617375026,0.9321769149027922,0.20833333333333331,0.0,0.0,0.0
su9_vj_1861,chuong_cu,0.25,0.0,0.3333333333333333,1.0,4.0,,0.0,0.0,0.03926096997690531,0.0,0.0,0.0,0.0,0.0,0.0,0.0,0.5,,0.3208333333333333,,0.1111111111111111,0.0,0.0,,0.3208333333333333,0.9147037869948538,0.9465088240186209,,0.0,0.0,0.0
su9_vj_1862,chuong_cu,0.5,1.0,0.3333333333333333,1.0,5.0,3.0,0.0,0.0,0.0034642032332563508,0.0,0.0,0.0,0.0,0.2,0.06666666666666667,0.0,0.3333333333333333,,0.08333333333333333,,0.0,0.0,0.0,,0.08333333333333333,0.9201903219081466,0.9589797416131829,1.0,0.0,0.0,0.0
su9_vj_1863,chuong_cu,0.25,0.0,0.3333333333333333,1.0,4.0,,0.0,0.0,0.03926096997690531,0.0,0.0,0.0,0.0,0.0,0.0,0.0,0.3333333333333333,,0.08333333333333333,,0.0,0.0,0.0,,0.08333333333333333,0.9233799443996094,0.9436906744580561,,0.0,0.0,0.0
su9_vj_1864,chuong_cu,0.5,2.0,0.3333333333333333,1.0,3.3333333333333335,3.0,0.0,0.0,0.010007698229407237,0.0,0.0,0.0,0.0,0.13333333333333333,0.044444444444444446,0.0,0.25,,0.09027777777777778,,0.05555555555555555,0.0,0.2,,0.0763888888888889,0.9083700439622914,0.9499846670270096,0.3333333333333333,0.0,0.0,0.0
su9_vj_1865,chuong_cu,0.25,0.0,0.3333333333333333,1.0,5.0,3.0,0.0,0.0,0.013856812933025403,0.0,0.0,0.0,0.0,0.0,0.0,0.0,0.25,,0.0625,,0.0,0.0,0.0,,0.0625,0.9347626851468415,0.9570978528187722,,0.0,0.0,0.0
su9_vj_1866,chuong_cu,0.0,0.0,0.0,0.0,,,0.0,0.0,0.0,0.0,0.0,0.0,0.0,0.0,0.0,0.0,0.0,,0.0,,0.0,0.0,0.0,,0.0,0.8973236558510609,0.9621091405155063,,0.0,0.0,0.0
su9_vj_1867,chuong_cu,0.0,0.0,0.0,0.0,,,0.0,0.0,0.0,0.0,0.0,0.0,0.0,0.0,0.0,0.0,0.0,,0.0,,0.0,0.0,0.0,,0.0,0.9370839320226405,0.9365707247384277,,0.0,0.0,0.0
su9_vj_1868,chuong_cu,0.25,0.0,0.3333333333333333,1.0,5.0,3.0,0.0,0.0,0.004618937644341801,0.0,0.0,0.0,0.0,0.0,0.0,0.0,0.0,,0.03869047619047619,,0.05263157894736842,0.0,0.0,,0.025532581453634087,0.91459378086829,0.9629636950169272,,0.0,0.0,0.0
su9_vj_1869,chuong_cu,0.25,1.0,0.0,1.0,1.0,,0.0,0.0,0.011547344110854504,0.0,0.0,0.0,0.0,0.0,0.0,0.0,0.0,,0.038461538461538464,,0.0,0.0,0.16666666666666666,,0.038461538461538464,0.9268212485170317,0.9708602582114172,,0.0,0.0,0.0
su9_vj_1870,chuong_cu,0.25,0.0,0.3333333333333333,1.0,1.0,,0.0,0.0,0.03695150115473441,0.0,0.0,0.0,0.0,0.0,0.0,0.0,0.19444444444444442,,0.06527777777777778,,0.1111111111111111,0.0,0.0,,0.06527777777777778,0.926546761447695,0.9394332015141407,,0.0,0.0,0.0
su9_vj_1871,chuong_cu,0.25,0.0,0.3333333333333333,1.0,,,0.0,0.0,0.009237875288683603,0.0,0.0,0.0,0.0,0.0,0.0,0.0,0.5,,0.1527777777777778,,0.0,0.0,0.0,,0.125,0.935475647137146,0.9324258904601288,,0.0,0.0,0.0
su9_vj_1872,chuong_cu,1.0,1.0,1.3333333333333333,0.4,2.0,,0.0,0.0,0.006004618937644342,1.0,0.8333333333333334,1.0,1.0,0.7,0.6999999999999998,0.3333333333333333,0.3333333333333333,0.13333333333333333,0.08333333333333333,0.05,0.0,0.0,0.3333333333333333,0.6666666666666666,0.0,0.9227432256740241,0.9776557574885021,0.0,0.0,0.0,0.0
su9_vj_1873,chuong_cu,1.0,1.0,1.6666666666666667,0.5,4.0,3.0,0.0,0.0,0.027328714395688996,1.0,0.6666666666666666,1.0,1.0,0.7,0.6999999999999998,0.5,0.5,0.40263157894736845,0.3381578947368421,0.06447368421052635,0.21052631578947367,0.5,0.6,0.8333333333333334,0.013157894736842146,0.9215807182392681,0.9283905015550193,0.0,0.0,0.0,0.0
su9_vj_1874,chuong_cu,0.75,0.0,1.6666666666666667,1.0,2.0,,0.0,0.2,0.04803695150115474,0.0,0.0,0.0,0.0,0.0,0.0,0.0,0.5,0.11291666666666667,0.1513157894736842,-0.038399122807017544,0.0,0.0,0.0,0.24722222222222223,0.0881578947368421,0.9085389451676453,0.9463451212779238,,0.0,0.0,0.0
su9_vj_1875,chuong_cu,0.0,0.0,0.0,0.0,,,0.0,0.0,0.0,0.0,0.0,0.0,0.0,0.0,0.0,0.0,0.0,,0.0,,0.0,0.0,0.0,,0.0,0.9261567513010227,0.9571049992203291,,0.0,0.0,0.0
su9_vj_1876,chuong_cu,1.0,2.0,2.0,0.625,2.5,3.0,0.0,0.0,0.018187066974595843,1.0,0.4444444444444444,1.0,0.5,0.7,0.40833333333333327,1.0,1.0,0.7658333333333334,0.6625,0.10333333333333339,0.25,1.0,1.0,0.3111111111111111,0.6208333333333333,0.932553257520427,0.9250438221409084,0.1111111111111111,0.0,0.0,0.0
su9_vj_1877,chuong_cu,0.25,1.0,0.0,1.0,1.0,,0.0,0.0,0.03695150115473441,0.0,0.0,0.0,0.0,0.0,0.0,0.3333333333333333,0.0,,0.03125,,0.0625,0.0,0.3333333333333333,,0.03125,0.9222795988298217,0.9534513881814474,,0.0,0.0,0.0
su9_vj_1878,chuong_cu,0.25,0.0,0.3333333333333333,1.0,5.0,3.0,0.0,0.0,0.013856812933025403,0.0,0.0,0.0,0.0,0.0,0.0,0.0,0.1111111111111111,,0.08333333333333333,,0.1,0.0,0.0,,0.05833333333333333,0.9145476598012028,0.9666346642411491,,0.0,0.0,0.0
su9_vj_1879,chuong_cu,1.0,2.0,2.0,0.75,3.0,3.0,0.0,0.0,0.013856812933025405,0.3333333333333333,0.19444444444444442,0.75,0.6388888888888888,0.35,0.25,0.0,0.25,0.16340579710144928,0.0625,0.10090579710144928,0.08695652173913043,0.0,0.2,0.38888888888888884,0.012499999999999997,0.9274171228110847,0.9549143832057227,0.027777777777777776,0.0,0.0,0.0
su9_vj_1880,chuong_cu,0.25,0.0,0.3333333333333333,1.0,4.0,3.0,0.0,0.0,0.0023094688221709007,0.0,0.0,0.0,0.0,0.0,0.0,0.0,0.0,,0.03125,,0.0,0.0,0.0,,0.03125,0.9333886987039546,0.954418727616106,,0.0,0.0,0.0
su9_vj_1881,chuong_cu,0.5,1.0,0.3333333333333333,1.0,2.5,,0.0,0.0,0.006928406466512702,0.0,0.0,0.0,0.0,0.1,0.03333333333333333,0.3333333333333333,0.0,,0.060897435897435896,,0.07692307692307693,0.0,0.3333333333333333,,0.041666666666666664,0.9300060064947556,0.9383106903506179,0.4166666666666667,0.0,0.0,0.0
su9_vj_1882,chuong_cu,0.75,1.0,1.3333333333333333,0.8,2.2,,0.0,0.0,0.031870669745958424,0.3333333333333333,0.1111111111111111,1.0,0.4444444444444444,0.7,0.25555555555555554,0.0,1.0,0.15601503759398497,0.6657894736842105,-0.5097744360902255,0.05263157894736842,0.0,0.17142857142857143,0.3333333333333333,0.6657894736842105,0.931610499132129,0.9412328661581321,0.08333333333333333,0.0,0.0,0.0
su9_vj_1883,chuong_cu,0.0,0.0,0.0,0.0,,,0.0,0.0,0.0,0.0,0.0,0.0,0.0,0.0,0.0,0.0,0.0,,0.027777777777777776,,0.0,0.0,0.0,,0.013888888888888888,0.9282174497418979,0.96309136366093,,0.0,0.0,0.0
su9_vj_1884,chuong_cu,1.0,2.0,1.0,0.6,1.4,,0.0,0.0,0.008314087759815241,0.5,0.3333333333333333,0.5,0.375,0.44999999999999996,0.3222222222222222,1.0,1.0,0.7583333333333333,0.725,0.033333333333333326,0.3333333333333333,1.0,1.0,0.5,0.6208333333333333,0.9333947786275945,0.941970520708482,0.08333333333333333,0.0,0.0,0.0
su9_vj_1885,chuong_cu,0.75,0.0,2.0,0.6666666666666666,1.3333333333333333,,0.0,0.0,0.036181678214010776,0.0,0.0,0.0,0.0,0.0,0.0,0.0,1.0,0.15000000000000002,0.6833333333333333,-0.5333333333333333,0.3333333333333333,0.0,0.0,0.5555555555555555,0.5125,0.9305135816469398,0.9313780134423765,,0.0,0.0,0.0
su9_vj_1886,chuong_cu,0.25,1.0,0.0,1.0,3.0,,0.0,0.0,0.004618937644341801,0.0,0.0,0.0,0.0,0.0,0.0,0.125,0.0,,0.0,,0.0,0.0,0.225,,0.0,0.927757853200378,0.9628041138605534,,0.0,0.0,0.0
su9_vj_1887,chuong_cu,1.0,2.0,1.3333333333333333,1.0,1.6666666666666667,,0.0,0.0,0.03387220939183987,0.0,0.0,0.3333333333333333,0.16666666666666666,0.15000000000000002,0.1277777777777778,0.0,0.3333333333333333,0.1830357142857143,0.11904761904761904,0.06398809523809526,0.07142857142857142,0.0,0.2,0.23214285714285712,0.060119047619047614,0.9296768470086451,0.9448287876699989,0.2222222222222222,0.0,0.0,0.0
su9_vj_1888,chuong_cu,0.5,0.0,0.6666666666666666,1.0,1.0,,0.0,0.0,0.010392609699769052,0.0,0.0,0.0,0.0,0.0,0.0,0.0,0.25,0.16545454545454547,0.10984848484848483,0.05560606060606063,0.18181818181818182,0.0,0.0,0.2,0.04166666666666666,0.9001238860137227,0.9496380584709859,,0.0,0.0,0.0
su9_vj_1889,chuong_cu,0.75,1.0,0.6666666666666666,1.0,1.5,,0.0,0.0,0.004618937644341801,0.0,0.0,0.5,0.16666666666666666,0.0,0.0,0.19444444444444442,0.3333333333333333,0.19176587301587303,0.26316425120772946,-0.07139837819185643,0.0,0.0,0.24206349206349206,0.125,0.26316425120772946,0.926171578166856,0.9551167342948969,0.2916666666666667,0.0,0.0,0.0
su9_vj_1890,chuong_cu,1.0,1.0,1.6666666666666667,0.8333333333333334,1.3333333333333333,,0.0,0.0,0.028868360277136254,0.0,0.0,0.5,0.25,0.2,0.20000000000000004,0.375,0.6666666666666666,0.2126785714285714,0.36666666666666664,-0.15398809523809523,0.05,0.0,0.375,0.2904761904761905,0.3,0.9190116722446834,0.9515760687955567,0.25,0.0,0.0,0.0
su9_vj_1891,chuong_cu,0.0,0.0,0.0,0.0,,,0.0,0.0,0.0,0.0,0.0,0.0,0.0,0.0,0.0,0.0,0.0,,0.0,,0.0,0.0,0.0,,0.0,0.9361098286106972,0.9622934010935573,,0.0,0.0,0.0
su9_vj_1892,chuong_cu,1.0,2.0,1.3333333333333333,0.5,1.3333333333333333,,0.0,0.0,0.010392609699769054,0.5,0.4444444444444444,0.5,0.5,0.44999999999999996,0.44999999999999996,1.0,1.0,0.6805555555555556,0.6555555555555556,0.025000000000000022,0.2222222222222222,1.0,1.0,0.8333333333333334,0.0,0.9077397890878376,0.9361117141951525,0.0,0.0,0.0,0.0
su9_vj_1893,chuong_cu,0.5,0.0,0.6666666666666666,1.0,2.0,,0.0,0.0,0.0023094688221709007,0.0,0.0,0.0,0.0,0.0,0.0,0.0,0.25,0.1285714285714286,0.06547619047619047,0.06309523809523812,0.0,0.0,0.0,0.14285714285714285,0.06547619047619047,0.9200424794182709,0.951106239044532,,0.0,0.0,0.0
su9_vj_1894,chuong_cu,1.0,1.0,1.0,0.5,1.5,,0.0,0.0,0.020785219399538105,1.0,0.3333333333333333,1.0,0.3333333333333333,0.7,0.3,0.0,0.5,0.15189393939393941,0.3931818181818182,-0.24128787878787877,0.09090909090909091,0.0,0.18333333333333335,0.4444444444444444,0.3246212121212121,0.8973128286121544,0.9565407563280557,0.2777777777777778,0.0,0.0,0.0
su9_vj_1895,chuong_cu,0.75,1.0,0.6666666666666666,0.6666666666666666,1.0,,0.0,0.0,0.005388760585065436,0.0,0.0,0.0,0.0,0.0,0.0,0.375,0.0,0.09375,0.052529761904761905,0.041220238095238095,0.0,0.0,0.375,1.0,0.040625,0.910166106359081,0.9237094345627508,0.5,0.0,0.0,0.0
su9_vj_1896,chuong_cu,1.0,2.0,2.0,0.625,1.25,,0.0,0.0,0.03002309468822171,0.3333333333333333,0.1111111111111111,0.75,0.4305555555555556,0.44999999999999996,0.25,1.0,0.75,0.7545394736842105,0.4282894736842105,0.32625,0.2631578947368421,1.0,1.0,0.4083333333333334,0.34846491228070176,0.9150164760124079,0.9329186729676089,0.08333333333333333,0.0,0.0,0.0
su9_vj_1897,chuong_cu,1.0,3.0,2.0,0.7777777777777778,1.875,,0.0,0.16666666666666666,0.030279702335129586,0.0,0.0,0.3611111111111111,0.25,0.16666666666666666,0.13333333333333333,0.29166666666666663,1.0,0.13739035087719298,0.6131578947368421,-0.47576754385964914,0.15789473684210525,0.0,0.29166666666666663,0.8333333333333334,0.24868421052631584,0.9066457774134707,0.9372572914042352,0.13888888888888887,0.0,0.0,0.0
su9_vj_1898,chuong_cu,0.5,0.0,0.6666666666666666,1.0,2.5,,0.0,0.0,0.02540415704387991,0.0,0.0,0.0,0.0,0.0,0.0,0.0,0.1111111111111111,0.14772727272727273,0.12175324675324675,0.025974025974025983,0.09090909090909091,0.0,0.0,0.16666666666666666,0.11038961038961038,0.9244646402907011,0.9387836063717585,,0.0,0.0,0.0
su9_vj_1899,chuong_cu,0.75,1.0,0.6666666666666666,0.6666666666666666,2.3333333333333335,,0.0,0.0,0.020785219399538108,1.0,0.3333333333333333,1.0,0.3333333333333333,0.7,0.26666666666666666,0.5,0.5,0.5472222222222222,0.36666666666666664,0.18055555555555552,0.3888888888888889,0.5,0.6,0.16666666666666666,0.35277777777777775,0.9292892208905271,0.9337893885168675,0.20833333333333334,0.0,0.0,0.0
su9_vj_1900,chuong_cu,0.5,0.0,0.6666666666666666,1.0,1.5,,0.0,0.0,0.07852193995381061,0.0,0.0,0.0,0.0,0.0,0.0,0.0,0.5,0.14545454545454545,0.4840909090909091,-0.3386363636363637,0.18181818181818182,0.0,0.0,0.3333333333333333,0.41590909090909095,0.9296202751092741,0.9271110207161318,,0.0,0.0,0.0
su9_vj_1901,chuong_cu,0.25,0.0,0.3333333333333333,1.0,4.0,3.0,0.0,0.0,0.0023094688221709007,0.0,0.0,0.0,0.0,0.0,0.0,0.0,0.0,,0.03645833333333333,,0.0,0.0,0.0,,0.03645833333333333,0.9252984333677687,0.9734468870826668,,0.0,0.0,0.0
su9_vj_1902,chuong_cu,0.25,1.0,0.0,1.0,1.0,,0.0,0.0,0.016166281755196306,0.0,0.0,0.0,0.0,0.0,0.0,0.41666666666666663,0.0,,0.039473684210526314,,0.10526315789473684,0.0,0.41666666666666663,,0.013157894736842105,0.9183642784006361,0.9030412513524432,,0.0,0.0,0.0
su9_vj_1903,chuong_cu,1.0,2.0,1.3333333333333333,1.0,2.1666666666666665,3.0,1.0,0.0,0.03502694380292532,0.0,0.0,0.3333333333333333,0.2638888888888889,0.12000000000000001,0.08722222222222224,0.0,0.0,0.1425,0.05,0.09249999999999999,0.1,0.0,0.0,0.21666666666666667,0.05,0.9266616131625028,0.9376139657811128,0.16666666666666666,0.0,0.0,0.0
su9_vj_1904,chuong_cu,0.0,0.0,0.0,0.0,,,0.0,0.0,0.0,0.0,0.0,0.0,0.0,0.0,0.0,0.0,0.0,,0.03125,,0.0,0.0,0.0,,0.03125,0.9177457987768247,0.9427137668480492,,0.0,0.0,0.0
su9_vj_1905,chuong_cu,1.0,1.0,1.0,1.0,1.5,,0.0,0.0,0.037528868360277134,0.0,0.0,0.3333333333333333,0.27777777777777773,0.06666666666666667,0.06666666666666667,0.3333333333333333,0.6666666666666666,0.19791666666666666,0.4041666666666667,-0.20625000000000002,0.125,0.0,0.3333333333333333,0.4444444444444444,0.3104166666666667,0.9186499865686087,0.9400182919946809,0.2222222222222222,0.0,0.0,0.0
su9_vj_1906,chuong_cu,0.25,0.0,0.3333333333333333,1.0,1.0,,0.0,0.0,0.011547344110854504,0.0,0.0,0.0,0.0,0.0,0.0,0.0,0.0,,0.03571428571428571,,0.0,0.0,0.0,,0.03571428571428571,0.9110900281929734,0.9651125846184331,,0.0,0.0,0.0
su9_vj_1907,chuong_cu,0.5,1.0,0.3333333333333333,1.0,1.0,,0.0,0.0,0.005773672055427252,0.0,0.0,0.25,0.08333333333333333,0.2,0.06666666666666667,0.16666666666666666,0.25,,0.09999999999999999,,0.0,0.0,0.23809523809523808,,0.09999999999999999,0.9214370982736604,0.9506847402254436,0.25,0.0,0.0,0.0
su9_vj_1908,chuong_cu,0.75,2.0,1.3333333333333333,0.6666666666666666,1.3333333333333333,,0.0,0.0,0.00962278675904542,0.3333333333333333,0.2222222222222222,0.625,0.4166666666666667,0.3833333333333333,0.25555555555555554,0.4444444444444444,0.25,0.3819444444444444,0.0875,0.2944444444444444,0.25,0.3333333333333333,0.5111111111111111,0.5,0.075,0.9125474722544696,0.9510748659214648,0.0,0.0,0.0,0.0
su9_vj_1909,chuong_cu,0.5,1.0,0.6666666666666666,0.6666666666666666,1.0,,0.0,0.0,0.05003849114703618,0.5,0.16666666666666666,1.0,0.3333333333333333,0.7,0.2333333333333333,0.1111111111111111,0.3333333333333333,,0.11904761904761904,,0.047619047619047616,0.0,0.21428571428571427,,0.10714285714285714,0.906183457775376,0.9318492637884349,0.0,0.0,0.0,0.0
su9_vj_1910,chuong_cu,0.75,0.0,1.3333333333333333,1.0,1.75,,0.0,0.0,0.012702078521939955,0.0,0.0,0.0,0.0,0.0,0.0,0.0,0.16666666666666666,0.11999999999999998,0.07738095238095238,0.0426190476190476,0.0,0.0,0.0,0.20000000000000004,0.0,0.9024030424903307,0.9522691814423553,,0.0,0.0,0.0
su9_vj_1911,chuong_cu,1.0,2.0,1.0,0.8,1.4,,0.0,0.0,0.04249422632794457,0.0,0.0,0.16666666666666666,0.1111111111111111,0.2,0.13333333333333333,0.4444444444444444,0.2222222222222222,0.35277777777777775,0.09722222222222221,0.25555555555555554,0.1111111111111111,0.3333333333333333,0.5,0.4444444444444444,0.04087301587301586,0.9365081099277552,0.9509250686283537,0.2222222222222222,0.0,0.0,0.0
su9_vj_1912,chuong_cu,0.75,2.0,1.0,0.6,2.0,3.0,0.0,0.0,0.08267898383371823,0.5,0.27777777777777773,0.6666666666666666,0.4444444444444444,0.39999999999999997,0.26666666666666666,0.0,0.0,0.09285714285714286,0.03571428571428571,0.05714285714285715,0.07142857142857142,0.0,0.0,0.5,0.03571428571428571,0.9267691820718018,0.926079201963012,0.0,0.0,0.0,0.0
su9_vj_1913,chuong_cu,0.75,1.0,1.3333333333333333,0.8,2.0,,0.0,0.0,0.05542725173210161,0.0,0.0,0.3333333333333333,0.2222222222222222,0.2,0.08888888888888889,0.0,0.3333333333333333,0.16562500000000002,0.13020833333333331,0.03541666666666671,0.0625,0.0,0.2,0.3333333333333333,0.06770833333333331,0.9178852075870216,0.9177861133750915,0.16666666666666666,0.0,0.0,0.0
su9_vj_1914,chuong_cu,0.25,1.0,0.0,1.0,,,0.0,0.0,0.004618937644341801,0.0,0.0,0.0,0.0,0.0,0.0,0.25,0.0,,0.03125,,0.0,0.0,0.25,,0.015625,0.9179047149874079,0.9379912448180089,,0.0,0.0,0.0
su9_vj_1915,chuong_cu,0.5,1.0,0.3333333333333333,1.0,2.0,,0.0,0.0,0.009237875288683603,0.0,0.0,0.25,0.08333333333333333,0.0,0.0,0.29166666666666663,0.125,,0.07688492063492064,,0.16666666666666666,0.0,0.29166666666666663,,0.07688492063492064,0.9157631939919233,0.9293732988465732,0.25,0.0,0.0,0.0
su9_vj_1916,chuong_cu,0.5,0.0,1.3333333333333333,1.0,2.25,,0.0,0.0,0.012124711316397228,0.0,0.0,0.0,0.0,0.0,0.0,0.0,0.125,0.15194805194805194,0.08617424242424242,0.06577380952380953,0.13636363636363635,0.0,0.0,0.21428571428571427,0.08617424242424242,0.9168655131378856,0.9357553468998597,,0.0,0.0,0.0
su9_vj_1917,chuong_cu,1.0,1.0,1.0,0.5,1.5,,0.0,0.0,0.028290993071593534,0.0,0.0,0.0,0.0,0.06666666666666667,0.06666666666666667,0.0,0.4444444444444444,0.03968253968253968,0.2583333333333333,-0.21865079365079362,0.0,0.0,0.15873015873015872,1.0,0.0,0.9219526019889481,0.9686775406602812,0.4166666666666667,0.0,0.0,0.0
su9_vj_1918,chuong_cu,0.75,1.0,0.6666666666666666,1.0,3.0,3.0,2.0,0.0,0.005388760585065436,0.0,0.0,0.0,0.0,0.06666666666666667,0.035555555555555556,0.0,1.0,0.1598214285714286,0.6147058823529412,-0.45488445378151265,0.0,0.0,0.125,0.14285714285714285,0.6147058823529412,0.9119850665640151,0.9406751490132187,0.5416666666666667,0.0,0.0,0.0
su9_vj_1919,chuong_cu,1.0,2.0,1.3333333333333333,0.5,1.6666666666666667,,0.0,0.0,0.027713625866050806,1.0,0.5,1.0,0.5416666666666666,0.7,0.4055555555555555,0.6666666666666666,0.6666666666666666,0.5768589743589744,0.4935897435897436,0.08326923076923076,0.23076923076923078,0.6666666666666666,0.7333333333333334,0.31666666666666665,0.42831196581196584,0.925385245552391,0.9614142294395808,0.08333333333333333,0.0,0.0,0.0
su9_vj_1920,chuong_cu,1.0,2.0,1.6666666666666667,0.8571428571428571,2.142857142857143,3.0,0.0,0.4,0.044869679973606066,0.0,0.0,0.29166666666666663,0.19444444444444442,0.2,0.15555555555555556,0.3333333333333333,0.6666666666666666,0.20493055555555556,0.3833333333333333,-0.17840277777777774,0.05555555555555555,0.0,0.3333333333333333,0.28194444444444444,0.32361111111111107,0.9254245824737505,0.9483644860727755,0.2222222222222222,0.0,0.0,0.0
su9_vj_1921,chuong_cu,0.25,0.0,0.3333333333333333,1.0,1.0,,0.0,0.0,0.03695150115473441,0.0,0.0,0.0,0.0,0.0,0.0,0.0,0.0,,0.0,,0.0,0.0,0.0,,0.0,0.9426327462982057,0.9374884158608177,,0.0,0.0,0.0
su9_vj_1922,chuong_cu,0.75,0.0,1.0,1.0,2.5,,0.0,0.0,0.016936104695919937,0.0,0.0,0.0,0.0,0.0,0.0,0.0,0.0,0.12202380952380952,0.022727272727272728,0.0992965367965368,0.0,0.0,0.0,0.1865079365079365,0.022727272727272728,0.9316051132773309,0.9502225195005386,,0.0,0.0,0.0
su9_vj_1923,chuong_cu,0.0,0.0,0.0,0.0,,,0.0,0.0,0.0,0.0,0.0,0.0,0.0,0.0,0.0,0.0,0.0,,0.0,,0.0,0.0,0.0,,0.0,0.9220767443252756,0.9520206555354874,,0.0,0.0,0.0
su9_vj_1924,chuong_cu,0.75,0.0,1.3333333333333333,1.0,2.75,,0.0,0.0,0.01905311778290993,0.0,0.0,0.0,0.0,0.0,0.0,0.0,0.08333333333333333,0.1361904761904762,0.05861111111111111,0.07757936507936508,0.08,0.0,0.0,0.2253968253968254,0.007222222222222213,0.8976228549708611,0.9448591076760323,,0.0,0.0,0.0
su9_vj_1925,chuong_cu,0.75,1.0,0.6666666666666666,1.0,2.3333333333333335,,0.0,0.0,0.043879907621247105,0.0,0.0,0.3333333333333333,0.1111111111111111,0.2,0.08888888888888889,0.0,1.0,0.16666666666666669,0.6833333333333333,-0.5166666666666666,0.06666666666666667,0.0,0.2,0.3333333333333333,0.6833333333333333,0.9061719857134894,0.9342638749005422,0.25,0.0,0.0,0.0
su9_vj_1926,chuong_cu,0.5,0.0,0.6666666666666666,1.0,1.0,,0.0,0.0,0.020785219399538105,0.0,0.0,0.0,0.0,0.0,0.0,0.0,0.25,0.12,0.0625,0.057499999999999996,0.0,0.0,0.0,0.2,0.026785714285714288,0.9078259047569709,0.9698451712069852,,0.0,0.0,0.0
su9_vj_1927,chuong_cu,0.0,0.0,0.0,0.0,,,0.0,0.0,0.0,0.0,0.0,0.0,0.0,0.0,0.0,0.0,0.0,,0.021739130434782608,,0.0,0.0,0.0,,0.010869565217391304,0.900790584593404,0.9563005908407768,,0.0,0.0,0.0
su9_vj_1928,chuong_cu,1.0,1.0,1.0,1.0,2.5,3.0,2.0,0.0,0.006928406466512702,0.0,0.0,0.25,0.16666666666666666,0.0,0.0,0.3333333333333333,0.5,0.21666666666666667,0.13970588235294118,0.0769607843137255,0.0,0.0,0.3333333333333333,0.1111111111111111,0.13970588235294118,0.923867029552038,0.9561052047695306,0.5,0.0,0.0,0.0
su9_vj_1929,chuong_cu,0.75,1.0,1.6666666666666667,1.0,2.3333333333333335,,3.0,0.0,0.028098537336412623,0.0,0.0,0.25,0.08333333333333333,0.2,0.13333333333333333,0.41666666666666663,0.41666666666666663,0.2733333333333333,0.16666666666666666,0.10666666666666666,0.25,0.0,0.41666666666666663,0.2888888888888889,0.14583333333333331,0.925767670881812,0.8800298895511012,0.33333333333333337,0.0,0.0,0.0
su9_vj_1930,chuong_cu,0.5,0.0,0.6666666666666666,1.0,3.0,,0.0,0.0,0.005773672055427252,0.0,0.0,0.0,0.0,0.0,0.0,0.0,0.08333333333333333,0.075,0.0744047619047619,0.0005952380952380931,0.0,0.0,0.0,0.5,0.06190476190476191,0.9062351820114477,0.9565287543045672,,0.0,0.0,0.0
su9_vj_1931,chuong_cu,0.25,0.0,0.3333333333333333,1.0,1.0,,0.0,0.0,0.004618937644341801,0.0,0.0,0.0,0.0,0.0,0.0,0.0,0.16666666666666666,,0.09351851851851851,,0.14814814814814814,0.0,0.0,,0.075,0.90256891274837,0.9605552566741693,,0.0,0.0,0.0
su9_vj_1932,chuong_cu,0.25,0.0,0.3333333333333333,1.0,3.0,,0.0,0.0,0.013856812933025403,0.0,0.0,0.0,0.0,0.0,0.0,0.0,0.0,,0.05848214285714286,,0.0,0.0,0.0,,0.05848214285714286,0.9163449940835917,0.9698451712069852,,0.0,0.0,0.0
su9_vj_1933,chuong_cu,0.25,0.0,0.3333333333333333,1.0,3.0,,0.0,0.0,0.013856812933025403,0.0,0.0,0.0,0.0,0.0,0.0,0.0,0.0,,0.08333333333333333,,0.16666666666666666,0.0,0.0,,0.0625,0.9306492374934472,0.92873715897891,,0.0,0.0,0.0
su9_vj_1934,chuong_cu,1.0,2.0,1.3333333333333333,0.6666666666666666,1.3333333333333333,,0.0,0.0,0.061200923787528866,0.5,0.16666666666666666,0.6666666666666666,0.47222222222222215,0.39999999999999997,0.25,0.5,1.0,0.20277777777777778,0.6416666666666666,-0.43888888888888883,0.1111111111111111,0.0,0.5,0.6666666666666666,0.4888888888888888,0.9228712724338192,0.946353813532641,0.05555555555555555,0.0,0.0,0.0
su9_vj_1935,chuong_cu,1.0,2.0,1.3333333333333333,0.6666666666666666,1.8333333333333333,,0.0,0.0,0.04695919938414164,0.3333333333333333,0.1111111111111111,0.6666666666666666,0.3055555555555555,0.39999999999999997,0.18888888888888888,0.25,0.625,0.17589285714285713,0.37142857142857144,-0.1955357142857143,0.14285714285714285,0.0,0.25,0.48214285714285715,0.022321428571428603,0.9276912493673751,0.9304215887962264,0.16666666666666666,0.0,0.0,0.0
su9_vj_1936,chuong_cu,0.0,0.0,0.0,0.0,,,0.0,0.0,0.0,0.0,0.0,0.0,0.0,0.0,0.0,0.0,0.0,,0.03125,,0.125,0.0,0.0,,0.0,0.9246132960299891,0.9481771363154783,,0.0,0.0,0.0
su9_vj_1937,chuong_cu,0.75,0.0,1.3333333333333333,0.75,1.25,,0.0,0.0,0.027713625866050806,0.0,0.0,0.0,0.0,0.0,0.0,0.0,0.25,0.05,0.11527777777777777,-0.06527777777777777,0.0,0.0,0.0,0.6666666666666666,0.013888888888888881,0.9179987097741061,0.9418016429652031,,0.0,0.0,0.0
su9_vj_1938,chuong_cu,1.0,1.0,1.6666666666666667,0.5,1.0,,0.0,0.0,0.023094688221709004,0.5,0.3333333333333333,1.0,0.8333333333333334,0.7,0.5333333333333333,0.0,0.5,0.12916666666666665,0.3704545454545455,-0.24128787878787883,0.0,0.0,0.18333333333333335,0.4444444444444444,0.32462121212121214,0.9180493262793233,0.9417040325701005,0.027777777777777776,0.0,0.0,0.0
su9_vj_1939,chuong_cu,1.0,1.0,1.3333333333333333,0.6,1.0,,0.0,0.0,0.0669745958429561,1.0,0.3333333333333333,1.0,0.6666666666666666,0.7,0.3666666666666667,0.5,1.0,0.2,0.6375,-0.43749999999999994,0.1,0.0,0.5,0.6666666666666666,0.48749999999999993,0.9134723852528509,0.9481888625467293,0.05555555555555555,0.0,0.0,0.0
su9_vj_1940,chuong_cu,1.0,1.0,1.0,0.75,1.75,,0.0,0.0,0.013279445727482679,0.0,0.0,0.25,0.16666666666666666,0.1,0.10000000000000002,0.25,0.3333333333333333,0.1483695652173913,0.10507246376811594,0.04329710144927537,0.043478260869565216,0.0,0.25,0.5,0.03170289855072464,0.9245241667915356,0.9784331465374034,0.27777777777777773,0.0,0.0,0.0
su9_vj_1941,chuong_cu,0.75,1.0,0.6666666666666666,0.6666666666666666,1.0,,0.0,0.0,0.036181678214010776,1.0,0.3333333333333333,1.0,0.4166666666666667,0.7,0.3,0.4166666666666667,0.4166666666666667,0.37777777777777777,0.2791666666666667,0.0986111111111111,0.1111111111111111,0.3333333333333333,0.48333333333333334,0.25,0.2791666666666667,0.9023425494283508,0.9224635909344883,0.125,0.0,0.0,0.0
su9_vj_1942,chuong_cu,0.25,1.0,0.0,1.0,1.0,,0.0,0.0,0.03233256351039261,0.0,0.0,0.0,0.0,0.0,0.0,0.16666666666666666,0.0,,0.017857142857142856,,0.03571428571428571,0.0,0.2333333333333333,,0.008928571428571428,0.917079213655265,0.9672121192674056,,0.0,0.0,0.0
su9_vj_1943,chuong_cu,0.75,1.0,0.6666666666666666,0.6666666666666666,2.3333333333333335,3.0,0.0,0.0,0.025404157043879907,0.0,0.0,0.0,0.0,0.04000000000000001,0.026666666666666672,0.08333333333333333,0.5277777777777778,0.051388888888888894,0.26646825396825397,-0.21507936507936506,0.0,0.0,0.20555555555555557,1.0,0.26646825396825397,0.8973539155757716,0.9345196508710587,0.4166666666666667,0.0,0.0,0.0
su9_vj_1944,chuong_cu,0.25,1.0,0.0,1.0,1.0,,0.0,0.0,0.03464203233256351,0.0,0.0,0.0,0.0,0.0,0.0,0.375,0.0,,0.05,,0.05,0.0,0.375,,0.025,0.896364455682761,0.9581979286921407,,0.0,0.0,0.0
su9_vj_1945,chuong_cu,1.0,2.0,1.3333333333333333,0.8333333333333334,2.6666666666666665,3.0,0.0,0.0,0.01924557351809084,0.3333333333333333,0.1111111111111111,0.5,0.25,0.44999999999999996,0.2122222222222222,1.0,1.0,0.7563186813186813,0.6576923076923077,0.09862637362637361,0.15384615384615385,1.0,1.0,0.21428571428571427,0.5759615384615384,0.9212807115212357,0.9336010264215652,0.16666666666666666,0.0,0.0,0.0
su9_vj_1946,chuong_cu,1.0,1.0,1.3333333333333333,0.8,4.75,3.0,0.0,0.0,0.003695150115473441,0.0,0.0,0.25,0.16666666666666666,0.0,0.0,0.21666666666666665,0.13333333333333333,0.20249999999999999,0.0588095238095238,0.1436904761904762,0.04,0.0,0.29,0.19999999999999998,0.0588095238095238,0.9315502057436205,0.8951893633757108,0.5,0.0,0.0,0.0
su9_vj_1947,chuong_cu,0.5,0.0,0.6666666666666666,1.0,1.5,,0.0,0.0,0.004618937644341801,0.0,0.0,0.0,0.0,0.0,0.0,0.0,0.5,0.13333333333333333,0.15833333333333333,-0.024999999999999994,0.13333333333333333,0.0,0.0,0.3333333333333333,0.125,0.9179083316734102,0.9650585810523572,,0.0,0.0,0.0
su9_vj_1948,chuong_cu,1.0,2.0,1.6666666666666667,0.5714285714285714,1.2857142857142858,,0.0,0.0,0.029363246453315735,0.5,0.38888888888888884,0.625,0.625,0.3833333333333333,0.3833333333333333,0.6666666666666666,0.75,0.42803030303030304,0.4193181818181818,0.008712121212121227,0.045454545454545456,0.5,0.6666666666666666,0.5,0.04545454545454547,0.9116030711506309,0.9475997102970286,0.0,0.0,0.0,0.0
su9_vj_1949,chuong_cu,0.75,1.0,0.6666666666666666,1.0,1.3333333333333333,,0.0,0.0,0.013856812933025405,0.0,0.0,0.0,0.0,0.2,0.10000000000000002,0.16666666666666666,0.16666666666666666,0.21166666666666667,0.09166666666666667,0.12,0.1,0.0,0.26666666666666666,0.2,0.06666666666666668,0.9218562320871698,0.9647070390766902,0.3333333333333333,0.0,0.0,0.0
su9_vj_1950,chuong_cu,0.5,0.0,0.6666666666666666,1.0,2.0,,0.0,0.0,0.06466512702078521,0.0,0.0,0.0,0.0,0.0,0.0,0.0,0.5,0.14375,0.1875,-0.04375000000000001,0.125,0.0,0.0,0.25,0.15625,0.9157015455989773,0.9570348158869565,,0.0,0.0,0.0
su9_vj_1951,chuong_cu,0.75,0.0,1.0,0.3333333333333333,1.0,,0.0,0.0,0.03464203233256351,0.0,0.0,0.0,0.0,0.0,0.0,0.0,0.625,0.0,0.3669642857142857,-0.3669642857142857,0.0,0.0,0.0,1.0,0.011904761904761918,0.9035638235680427,0.9554931746002029,,0.0,0.0,0.0
su9_vj_1952,chuong_cu,0.25,0.0,0.3333333333333333,1.0,1.0,,0.0,0.0,0.004618937644341801,0.0,0.0,0.0,0.0,0.0,0.0,0.0,0.0,,0.05,,0.0,0.0,0.0,,0.05,0.9138210425217786,0.9727105510439558,,0.0,0.0,0.0
su9_vj_1953,chuong_cu,0.5,0.0,0.6666666666666666,1.0,4.5,3.0,0.0,1.0,0.0011547344110854503,0.0,0.0,0.0,0.0,0.0,0.0,0.0,0.0,0.1631578947368421,0.013157894736842105,0.15000000000000002,0.05263157894736842,0.0,0.0,0.0,0.013157894736842105,0.927982445683569,0.9486001354801031,,0.0,0.0,0.0
su9_vj_1954,chuong_cu,0.25,1.0,0.0,1.0,1.0,,0.0,0.0,0.03464203233256351,0.0,0.0,0.0,0.0,0.0,0.0,0.25,0.0,,0.025,,0.15,0.0,0.3214285714285714,,0.0125,0.9056534365592197,0.9361329288685598,,0.0,0.0,0.0
su9_vj_1955,chuong_cu,0.75,0.0,1.6666666666666667,0.8,2.2,3.0,0.0,0.4,0.009699769053117781,0.0,0.0,0.0,0.0,0.0,0.0,0.0,0.3333333333333333,0.12583333333333335,0.2972222222222222,-0.17138888888888887,0.06666666666666667,0.0,0.0,0.2722222222222222,0.23888888888888887,0.8995191578655487,0.9303011374494333,,0.0,0.0,0.0
su9_vj_1956,chuong_cu,0.75,0.0,1.0,0.6666666666666666,1.3333333333333333,,0.0,0.0,0.026943802925327175,0.0,0.0,0.0,0.0,0.0,0.0,0.0,0.25,0.121875,0.128125,-0.006249999999999992,0.1875,0.0,0.0,0.5,0.06562499999999999,0.9299860009730443,0.9476458875493406,,0.0,0.0,0.0
su9_vj_1957,chuong_cu,0.75,0.0,1.6666666666666667,0.6,2.0,,0.0,0.0,0.014318706697459585,0.0,0.0,0.0,0.0,0.0,0.0,0.0,0.375,0.03888888888888888,0.16319444444444445,-0.12430555555555556,0.05555555555555555,0.0,0.0,0.8333333333333334,0.04097222222222223,0.9327548772037597,0.938739843311989,,0.0,0.0,0.0
su9_vj_1958,chuong_cu,0.25,1.0,0.0,1.0,1.0,,0.0,0.0,0.12702078521939952,0.0,0.0,0.0,0.0,0.0,0.0,0.5,0.0,,0.023809523809523808,,0.14285714285714285,0.3333333333333333,0.5555555555555555,,0.023809523809523808,0.9069975870982159,0.9546665063465015,,0.0,0.0,0.0
su9_vj_1959,chuong_cu,1.0,1.0,1.6666666666666667,0.6666666666666666,1.1666666666666667,,0.0,0.0,0.028098537336412623,0.5,0.16666666666666666,1.0,0.5,0.7,0.3666666666666667,0.0,0.0,0.06916666666666667,0.0,0.06916666666666667,0.0,0.0,0.0,0.5388888888888889,0.0,0.9340676503868812,0.9311995395292151,0.13888888888888887,0.0,0.0,0.0
su9_vj_1960,chuong_cu,1.0,2.0,1.6666666666666667,0.7142857142857143,1.5714285714285714,,0.0,0.0,0.0673045199604091,0.3333333333333333,0.2222222222222222,0.6666666666666666,0.38888888888888884,0.39999999999999997,0.31666666666666665,1.0,1.0,0.7504545454545455,0.6681818181818182,0.08227272727272728,0.18181818181818182,1.0,1.0,0.3,0.6181818181818182,0.9117918407478434,0.9300808622661012,0.1111111111111111,0.0,0.0,0.0
su9_vj_1961,chuong_cu,0.5,0.0,0.6666666666666666,1.0,2.5,,0.0,0.0,0.026558891454965358,0.0,0.0,0.0,0.0,0.0,0.0,0.0,0.25,0.1285714285714286,0.09027777777777778,0.03829365079365081,0.0,0.0,0.0,0.14285714285714285,0.04861111111111111,0.9228992209181798,0.9012742724173297,,0.0,0.0,0.0
su9_vj_1962,chuong_cu,0.5,0.0,0.6666666666666666,1.0,1.0,,0.0,0.0,0.06466512702078521,0.0,0.0,0.0,0.0,0.0,0.0,0.0,0.3333333333333333,0.15625,0.125,0.03125,0.125,0.0,0.0,0.16666666666666666,0.11458333333333333,0.9023925214122513,0.9327194859706138,,0.0,0.0,0.0
su9_vj_1963,chuong_cu,0.5,0.0,2.0,0.6666666666666666,2.0,,0.0,0.0,0.05504234026173979,0.0,0.0,0.0,0.0,0.0,0.0,0.0,1.0,0.05,0.7,-0.6499999999999999,0.0,0.0,0.0,0.6666666666666666,0.6499999999999999,0.9249759186466617,0.9363787528059021,,0.0,0.0,0.0
su9_vj_1964,chuong_cu,0.0,0.0,0.0,0.0,,,0.0,0.0,0.0,0.0,0.0,0.0,0.0,0.0,0.0,0.0,0.0,,0.0,,0.0,0.0,0.0,,0.0,0.9204447347651201,0.9319062858549308,,0.0,0.0,0.0
su9_vj_1965,chuong_cu,1.0,1.0,1.6666666666666667,0.5,1.3333333333333333,,0.0,0.0,0.09353348729792148,1.0,0.6666666666666666,1.0,1.0,0.7,0.6999999999999998,0.0,0.0,0.11666666666666667,0.057291666666666664,0.059375000000000004,0.0,0.0,0.16666666666666666,0.5,0.015625,0.9274300583956953,0.9518626192365026,0.0,0.0,0.0,0.0
su9_vj_1966,chuong_cu,0.75,1.0,0.6666666666666666,1.0,3.0,,0.0,0.0,0.01770592763664357,0.0,0.0,0.3333333333333333,0.1111111111111111,0.1,0.05555555555555556,0.3333333333333333,0.3333333333333333,0.2033333333333333,0.08333333333333333,0.11999999999999998,0.0,0.0,0.3333333333333333,0.2,0.08333333333333333,0.9324250769725848,0.9419318703479792,0.25,0.0,0.0,0.0
su9_vj_1967,chuong_cu,0.0,0.0,0.0,0.0,,,0.0,0.0,0.0,0.0,0.0,0.0,0.0,0.0,0.0,0.0,0.0,,0.027777777777777776,,0.0,0.0,0.0,,0.027777777777777776,0.9272483872312556,0.9784152700203055,,0.0,0.0,0.0
su9_vj_1968,chuong_cu,0.0,0.0,0.0,0.0,,,0.0,0.0,0.0,0.0,0.0,0.0,0.0,0.0,0.0,0.0,0.0,,0.0,,0.1,0.0,0.0,,0.0,0.9268937712811917,0.9401016809145779,,0.0,0.0,0.0
su9_vj_1969,chuong_cu,0.5,1.0,0.3333333333333333,1.0,4.5,3.0,0.0,0.0,0.023094688221709007,0.0,0.0,0.0,0.0,0.1,0.03333333333333333,0.3333333333333333,0.25,,0.0625,,0.0,0.0,0.3333333333333333,,0.0625,0.9291062293909946,0.9326311992199847,0.3333333333333333,0.0,0.0,0.0
su9_vj_1970,chuong_cu,0.5,1.0,0.6666666666666666,1.0,1.6666666666666667,,0.0,0.0,0.04695919938414164,0.0,0.0,0.3333333333333333,0.1111111111111111,0.2,0.06666666666666667,0.19444444444444442,0.4166666666666667,,0.2659722222222222,,0.0,0.0,0.24999999999999997,,0.2659722222222222,0.9301172027596631,0.9510663047771132,0.16666666666666666,0.0,0.0,0.0
su9_vj_1971,chuong_moi,0.25,0.0,0.3333333333333333,1.0,3.0,,0.0,0.0,0.013856812933025403,0.0,0.0,0.0,0.0,0.0,0.0,0.0,0.125,,0.09196428571428572,,0.0,0.0,0.0,,0.09196428571428572,0.9248649879016096,0.9689898531275386,,0.0,0.0,0.0
su9_vj_1972,chuong_moi,1.0,1.0,1.0,0.75,1.75,,0.0,0.0,0.02251732101616628,0.0,0.0,0.0,0.0,0.1,0.10000000000000002,0.25,0.25,0.17916666666666664,0.10416666666666666,0.07499999999999998,0.16666666666666666,0.0,0.25,0.5,0.04166666666666666,0.9330603319733874,0.9449261242085013,0.5,0.0,0.0,0.0
su9_vj_1973,chuong_moi,0.25,1.0,0.0,1.0,5.0,3.0,0.0,0.0,0.0023094688221709007,0.0,0.0,0.0,0.0,0.0,0.0,0.3333333333333333,0.0,,0.05,,0.2,0.0,0.3333333333333333,,0.03333333333333334,0.9225622826199834,0.9318355266088578,,0.0,0.0,0.0
su9_vj_1974,chuong_moi,1.0,1.0,1.3333333333333333,1.0,3.0,3.0,0.0,0.0,0.017090069284064667,0.0,0.0,0.3333333333333333,0.1111111111111111,0.1,0.08333333333333333,0.3333333333333333,0.25,0.22499999999999998,0.0625,0.16249999999999998,0.0,0.0,0.3333333333333333,0.05555555555555555,0.0625,0.934740228829071,0.9172195721046322,0.5555555555555556,0.0,0.0,0.0
su9_vj_1975,chuong_moi,0.5,0.0,1.3333333333333333,1.0,1.75,3.0,0.0,0.0,0.009815242494226327,0.0,0.0,0.0,0.0,0.0,0.0,0.0,0.3333333333333333,0.11875000000000001,0.15476190476190477,-0.03601190476190476,0.0,0.0,0.0,0.20833333333333331,0.15476190476190477,0.9314522594949423,0.9458872851404015,,0.0,0.0,0.0
su9_vj_1976,chuong_moi,0.25,0.0,0.3333333333333333,1.0,1.0,,0.0,0.0,0.013856812933025403,0.0,0.0,0.0,0.0,0.0,0.0,0.0,0.0,,0.09166666666666667,,0.0,0.0,0.0,,0.09166666666666667,0.9363219795941531,0.9506519336009824,,0.0,0.0,0.0
su9_vj_1977,chuong_moi,0.0,0.0,0.0,0.0,,,0.0,0.0,0.0,0.0,0.0,0.0,0.0,0.0,0.0,0.0,0.0,,0.078125,,0.125,0.0,0.0,,0.046875,0.935717811257949,0.9209861589477604,,0.0,0.0,0.0
su9_vj_1978,chuong_moi,0.0,0.0,0.0,0.0,,,0.0,0.0,0.0,0.0,0.0,0.0,0.0,0.0,0.0,0.0,0.0,,0.013157894736842105,,0.0,0.0,0.0,,0.013157894736842105,0.917348266724734,0.9457157249051713,,0.0,0.0,0.0
su9_vj_1979,chuong_moi,0.75,0.0,1.0,1.0,3.6666666666666665,3.0,0.0,0.0,0.016936104695919937,0.0,0.0,0.0,0.0,0.0,0.0,0.0,0.0,0.11999999999999998,0.013157894736842105,0.10684210526315788,0.0,0.0,0.0,0.20000000000000004,0.013157894736842105,0.9210358988622774,0.939169160413969,,0.0,0.0,0.0
su9_vj_1980,chuong_moi,0.0,0.0,0.0,0.0,,,0.0,0.0,0.0,0.0,0.0,0.0,0.0,0.0,0.0,0.0,0.0,,0.03125,,0.0625,0.0,0.0,,0.03125,0.9319550051917965,0.9423307981864236,,0.0,0.0,0.0
su9_vj_1981,chuong_moi,0.25,0.0,0.6666666666666666,1.0,4.5,3.0,0.0,0.0,0.021939953810623556,0.0,0.0,0.0,0.0,0.0,0.0,0.0,0.3333333333333333,,0.10714285714285714,,0.0,0.0,0.0,,0.09523809523809523,0.906748013869327,0.933085559387989,,0.0,0.0,0.0
su9_vj_1982,chuong_moi,0.5,0.0,1.3333333333333333,1.0,2.75,,0.0,0.0,0.025981524249422634,0.0,0.0,0.0,0.0,0.0,0.0,0.0,0.6666666666666666,0.12,0.37107843137254903,-0.25107843137254904,0.0,0.0,0.0,0.2,0.37107843137254903,0.9250202967187426,0.940402691602832,,0.0,0.0,0.0
su9_vj_1983,chuong_moi,1.0,1.0,1.0,0.75,3.75,3.0,0.0,0.0,0.023094688221709007,1.0,0.3333333333333333,1.0,0.3333333333333333,0.7,0.28888888888888886,0.0,0.0,0.16499999999999998,0.025,0.13999999999999999,0.1,0.0,0.0,0.06666666666666667,0.025,0.9072845372510596,0.9474902964664254,0.4444444444444444,0.0,0.0,0.0
su9_vj_1984,chuong_moi,0.25,0.0,0.3333333333333333,1.0,3.0,,0.0,0.0,0.011547344110854504,0.0,0.0,0.0,0.0,0.0,0.0,0.0,0.25,,0.0744047619047619,,0.047619047619047616,0.0,0.0,,0.0625,0.920521971367574,0.9382589720866168,,0.0,0.0,0.0
su9_vj_1985,chuong_moi,1.0,3.0,2.0,0.6666666666666666,2.111111111111111,,0.0,0.0,0.015139851167564793,0.3333333333333333,0.2611111111111111,0.4444444444444444,0.3703703703703704,0.36666666666666664,0.3444444444444444,0.75,0.75,0.5409722222222222,0.4125,0.1284722222222222,0.3,0.5,0.75,0.3101851851851852,0.28125,0.9234987957859568,0.9401331077521423,0.0,0.0,0.0,0.0
su9_vj_1986,chuong_moi,0.25,0.0,0.6666666666666666,1.0,3.0,,0.0,0.0,0.02540415704387991,0.0,0.0,0.0,0.0,0.0,0.0,0.0,0.0,,0.0625,,0.375,0.0,0.0,,0.015625,0.9147068214101421,0.9294935394522378,,0.0,0.0,0.0
su9_vj_1987,chuong_moi,0.25,2.0,0.0,1.0,3.0,,0.0,0.0,0.02540415704387991,0.0,0.0,0.0,0.0,0.0,0.0,0.0,0.0,,0.0,,0.0,0.0,0.16666666666666666,,0.0,0.9519377754004634,0.9281721891021809,,0.0,0.0,0.0
su9_vj_1988,chuong_moi,1.0,1.0,1.0,0.5,3.75,,0.0,0.0,0.03348729792147806,1.0,0.6666666666666666,1.0,0.6666666666666666,0.7,0.5,0.0,0.5,0.19404761904761902,0.175,0.019047619047619035,0.3,0.0,0.14285714285714285,0.4444444444444444,0.1392857142857143,0.9350278711490719,0.9225255357988157,0.1388888888888889,0.0,0.0,0.0
su9_vj_1989,chuong_moi,0.0,0.0,0.0,0.0,,,0.0,0.0,0.0,0.0,0.0,0.0,0.0,0.0,0.0,0.0,0.0,,0.041666666666666664,,0.0,0.0,0.0,,0.041666666666666664,0.9319179858790549,0.924238330453493,,0.0,0.0,0.0
su9_vj_1990,chuong_moi,1.0,2.0,1.0,0.4,3.8,,0.0,0.0,0.03464203233256351,0.5,0.5,0.5,0.5,0.39999999999999997,0.39999999999999997,0.0,0.0,0.041666666666666664,0.041666666666666664,0.0,0.16666666666666666,0.0,0.0,1.0,0.041666666666666664,0.9279548719947007,0.9352249625872867,0.0,0.0,0.0,0.0
su9_vj_1991,chuong_moi,1.0,1.0,1.3333333333333333,0.4,1.8,,0.0,0.0,0.029099307159353344,1.0,0.8333333333333334,1.0,1.0,0.7,0.6999999999999998,1.0,1.0,0.661904761904762,0.6238095238095238,0.03809523809523818,0.047619047619047616,1.0,1.0,0.6666666666666666,0.011904761904761862,0.9227471378729502,0.9687433972457523,0.0,0.0,0.0,0.0
su9_vj_1992,chuong_moi,0.5,0.0,0.6666666666666666,0.5,1.0,,0.0,0.0,0.004618937644341801,0.0,0.0,0.0,0.0,0.0,0.0,0.0,0.0,0.0,0.03571428571428571,-0.03571428571428571,0.0,0.0,0.0,1.0,0.03571428571428571,0.9641183159358636,0.95081233646915,,0.0,0.0,0.0
su9_vj_1993,chuong_moi,0.0,0.0,0.0,0.0,,,0.0,0.0,0.0,0.0,0.0,0.0,0.0,0.0,0.0,0.0,0.0,,0.0,,0.0,0.0,0.0,,0.0,0.9466134194170754,0.9608256010622425,,0.0,0.0,0.0
su9_vj_1994,chuong_moi,0.0,0.0,0.0,0.0,,,0.0,0.0,0.0,0.0,0.0,0.0,0.0,0.0,0.0,0.0,0.0,,0.03125,,0.125,0.0,0.0,,0.03125,0.9501427124678253,0.9578142093236632,,0.0,0.0,0.0
su9_vj_1995,chuong_moi,0.25,0.0,0.3333333333333333,1.0,3.0,,0.0,0.0,0.016166281755196306,0.0,0.0,0.0,0.0,0.0,0.0,0.0,0.0,,0.05339635854341737,,0.11764705882352941,0.0,0.0,,0.05339635854341737,0.9245679117733899,0.9360624432993978,,0.0,0.0,0.0
su9_vj_1996,chuong_moi,1.0,2.0,1.0,0.4,3.2,,0.0,0.0,0.02817551963048499,0.5,0.5,0.6666666666666666,0.6666666666666666,0.3833333333333333,0.3833333333333333,0.3333333333333333,0.3333333333333333,0.22692307692307692,0.1076923076923077,0.11923076923076922,0.3076923076923077,0.0,0.3333333333333333,0.5555555555555555,0.02435897435897437,0.9129334372869744,0.9368643131379267,0.0,0.0,0.0,0.0
su9_vj_1997,chuong_moi,0.25,0.0,0.3333333333333333,1.0,3.0,,0.0,0.0,0.0023094688221709007,0.0,0.0,0.0,0.0,0.0,0.0,0.0,0.0,,0.05,,0.0,0.0,0.0,,0.05,0.9143201644773327,0.9471104070362539,,0.0,0.0,0.0
su9_vj_1998,chuong_moi,0.5,0.0,1.0,0.6666666666666666,3.3333333333333335,,0.0,0.0,0.030023094688221712,0.0,0.0,0.0,0.0,0.0,0.0,0.0,0.125,0.10833333333333334,0.08958333333333333,0.018750000000000003,0.13333333333333333,0.0,0.0,0.5,0.05625,0.9250855763732906,0.9292677569942928,,0.0,0.0,0.0
su9_vj_1999,chuong_moi,0.75,1.0,1.0,1.0,2.5,,0.0,0.0,0.02020785219399538,0.0,0.0,0.3333333333333333,0.1111111111111111,0.1,0.05000000000000001,0.0,0.5,0.2,0.175,0.025000000000000022,0.2,0.0,0.2,0.3333333333333333,0.175,0.9290893057389793,0.945589479048648,0.3333333333333333,0.0,0.0,0.0
su9_vj_2000,chuong_moi,0.75,2.0,1.0,0.8,3.2,3.0,0.0,0.0,0.021247113163972285,0.5,0.16666666666666666,0.5,0.2638888888888889,0.3833333333333333,0.1611111111111111,0.0,0.0,0.14166666666666666,0.041666666666666664,0.1,0.0,0.0,0.16666666666666666,0.3333333333333333,0.041666666666666664,0.950455659389565,0.9329033782092374,0.08333333333333333,0.0,0.0,0.0
su9_vj_2001,chuong_moi,0.25,0.0,1.0,1.0,1.6666666666666667,,0.0,0.0,0.050808314087759814,0.0,0.0,0.0,0.0,0.0,0.0,0.0,1.0,,0.7,,0.2,0.0,0.0,,0.7,0.9254863786791289,0.9495635577070588,,0.0,0.0,0.0
su9_vj_2002,chuong_moi,1.0,1.0,1.6666666666666667,0.6666666666666666,1.6,,0.0,0.0,0.07698229407236336,1.0,0.5,1.0,0.8333333333333334,0.7,0.5333333333333333,1.0,1.0,0.6898809523809524,0.6714285714285714,0.018452380952380998,0.14285714285714285,1.0,1.0,0.6388888888888888,0.49285714285714277,0.9211785137943578,0.9316015420131664,0.027777777777777776,0.0,0.0,0.0
su9_vj_2003,chuong_moi,0.25,0.0,0.3333333333333333,1.0,2.0,,0.0,0.0,0.0023094688221709007,0.0,0.0,0.0,0.0,0.0,0.0,0.0,0.0,,0.07500000000000001,,0.0,0.0,0.0,,0.07500000000000001,0.9236455159546286,0.947144213452361,,0.0,0.0,0.0
su9_vj_2004,chuong_moi,0.0,0.0,0.0,0.0,,,0.0,0.0,0.0,0.0,0.0,0.0,0.0,0.0,0.0,0.0,0.0,,0.022727272727272728,,0.09090909090909091,0.0,0.0,,0.0,0.9085688777844035,0.9702509863860506,,0.0,0.0,0.0
su9_vj_2005,chuong_moi,0.75,1.0,1.0,0.75,3.0,,0.0,0.0,0.025981524249422634,1.0,0.3333333333333333,1.0,0.4444444444444444,0.7,0.25555555555555554,0.25,0.5,0.1725,0.14583333333333334,0.026666666666666644,0.0,0.0,0.25,0.26666666666666666,0.06250000000000001,0.9243489402740196,0.9405522750664759,0.08333333333333333,0.0,0.0,0.0
su9_vj_2006,chuong_moi,0.25,1.0,0.0,1.0,5.0,3.0,0.0,0.0,0.004618937644341801,0.0,0.0,0.0,0.0,0.0,0.0,0.125,0.0,,0.029411764705882353,,0.058823529411764705,0.0,0.20833333333333331,,0.014705882352941176,0.9301506990648557,0.9279191603332256,,0.0,0.0,0.0
su9_vj_2007,chuong_moi,0.0,0.0,0.0,0.0,,,0.0,0.0,0.0,0.0,0.0,0.0,0.0,0.0,0.0,0.0,0.0,,0.0,,0.0,0.0,0.0,,0.0,0.9291147179572425,0.9716223361441121,,0.0,0.0,0.0
su9_vj_2008,chuong_moi,0.0,0.0,0.0,0.0,,,0.0,0.0,0.0,0.0,0.0,0.0,0.0,0.0,0.0,0.0,0.0,,0.041666666666666664,,0.16666666666666666,0.0,0.0,,0.027777777777777776,0.9265399163088619,0.9417122133333494,,0.0,0.0,0.0
su9_vj_2009,chuong_moi,0.25,0.0,0.3333333333333333,1.0,4.0,,0.0,0.0,0.03926096997690531,0.0,0.0,0.0,0.0,0.0,0.0,0.0,0.29166666666666663,,0.08607456140350876,,0.0,0.0,0.0,,0.08607456140350876,0.9181940461820643,0.9676512146856447,,0.0,0.0,0.0
su9_vj_2010,chuong_moi,0.25,0.0,0.3333333333333333,1.0,3.0,,0.0,0.0,0.0069284064665127015,0.0,0.0,0.0,0.0,0.0,0.0,0.0,0.3333333333333333,,0.08333333333333333,,0.0,0.0,0.0,,0.08333333333333333,0.9285662273440894,0.9349500253989318,,0.0,0.0,0.0
su9_vj_2011,chuong_moi,0.5,1.0,0.3333333333333333,1.0,3.0,3.0,0.0,0.0,0.008083140877598153,0.0,0.0,0.0,0.0,0.04000000000000001,0.013333333333333336,0.0,0.16666666666666666,,0.06666666666666667,,0.17647058823529413,0.0,0.1625,,0.06666666666666667,0.925724464363296,0.9422981707643735,0.3333333333333333,0.0,0.0,0.0
su9_vj_2012,chuong_moi,0.5,1.0,0.3333333333333333,1.0,4.0,3.0,0.0,0.0,0.02424942263279446,0.0,0.0,0.0,0.0,0.2,0.06666666666666667,0.25,0.3333333333333333,,0.11274509803921567,,0.0,0.0,0.25,,0.11274509803921567,0.9267552345742918,0.9553617805677981,0.3333333333333333,0.0,0.0,0.0
su9_vj_2013,chuong_moi,0.75,1.0,0.6666666666666666,0.6666666666666666,2.3333333333333335,,0.0,0.0,0.005388760585065436,0.0,0.0,0.0,0.0,0.06666666666666667,0.044444444444444446,0.5,0.16666666666666666,0.3544117647058823,0.0742296918767507,0.2801820728291316,0.11764705882352941,0.5,0.6,1.0,0.05952380952380952,0.9246949109050171,0.9481693339642947,0.5,0.0,0.0,0.0
su9_vj_2014,chuong_moi,0.0,0.0,0.0,0.0,,,0.0,0.0,0.0,0.0,0.0,0.0,0.0,0.0,0.0,0.0,0.0,,0.027777777777777776,,0.037037037037037035,0.0,0.0,,0.018518518518518517,0.9184772261652392,0.9576305281301096,,0.0,0.0,0.0
su9_vj_2015,chuong_moi,0.5,1.0,0.3333333333333333,1.0,4.0,3.0,0.0,0.0,0.02424942263279446,0.0,0.0,0.0,0.0,0.2,0.06666666666666667,0.3333333333333333,0.25,,0.0625,,0.15384615384615385,0.0,0.3333333333333333,,0.04326923076923077,0.9219101353254382,0.9395343722226286,0.3333333333333333,0.0,0.0,0.0
su9_vj_2016,chuong_moi,0.0,0.0,0.0,0.0,,,0.0,0.0,0.0,0.0,0.0,0.0,0.0,0.0,0.0,0.0,0.0,,0.02,,0.08,0.0,0.0,,0.02,0.9285525772969646,0.9687225555590113,,0.0,0.0,0.0
su9_vj_2017,chuong_moi,0.5,0.0,2.3333333333333335,0.8571428571428571,1.0,,0.0,0.0,0.013526888815572418,0.0,0.0,0.0,0.0,0.0,0.0,0.0,0.0,0.0,0.022727272727272728,-0.022727272727272728,0.0,0.0,0.0,1.0,0.022727272727272728,0.9299253509970469,0.9336600880566681,,0.0,0.0,0.0
su9_vj_2018,chuong_moi,0.0,0.0,0.0,0.0,,,0.0,0.0,0.0,0.0,0.0,0.0,0.0,0.0,0.0,0.0,0.0,,0.041666666666666664,,0.16666666666666666,0.0,0.0,,0.0,0.9282259277871708,0.9300523384919582,,0.0,0.0,0.0
su9_vj_2019,chuong_moi,0.0,0.0,0.0,0.0,,,0.0,0.0,0.0,0.0,0.0,0.0,0.0,0.0,0.0,0.0,0.0,,0.05555555555555555,,0.2222222222222222,0.0,0.0,,0.027777777777777776,0.9325692593379921,0.9430333230497343,,0.0,0.0,0.0
su9_vj_2020,chuong_moi,0.0,0.0,0.0,0.0,,,0.0,0.0,0.0,0.0,0.0,0.0,0.0,0.0,0.0,0.0,0.0,,0.0,,0.18181818181818182,0.0,0.0,,0.0,0.9354415935902083,0.9278860823343346,,0.0,0.0,0.0
su9_vj_2021,chuong_moi,0.5,1.0,0.3333333333333333,0.5,2.0,,0.0,0.0,0.018475750577367205,1.0,0.3333333333333333,1.0,0.3333333333333333,0.7,0.2333333333333333,0.0,0.0,,0.025,,0.1,0.0,0.0,,0.025,0.9243226979961213,0.9308835273465742,0.0,0.0,0.0,0.0
su9_vj_2022,chuong_moi,0.5,1.0,0.3333333333333333,0.5,4.0,,0.0,0.0,0.03926096997690531,1.0,0.3333333333333333,1.0,0.3333333333333333,0.7,0.2333333333333333,1.0,1.0,,0.7,,0.4,1.0,1.0,,0.7,0.9548841402543686,0.9250411618910716,0.0,0.0,0.0,0.0
su9_vj_2023,chuong_moi,0.0,0.0,0.0,0.0,,,0.0,0.0,0.0,0.0,0.0,0.0,0.0,0.0,0.0,0.0,0.0,,0.058823529411764705,,0.11764705882352941,0.0,0.0,,0.029411764705882353,0.9398857936139142,0.9519585286446126,,0.0,0.0,0.0
su9_vj_2024,chuong_moi,0.0,0.0,0.0,0.0,,,0.0,0.0,0.0,0.0,0.0,0.0,0.0,0.0,0.0,0.0,0.0,,0.0,,0.06666666666666667,0.0,0.0,,0.0,0.9302476644278528,0.9311468560613357,,0.0,0.0,0.0
su9_vj_2025,chuong_moi,0.0,0.0,0.0,0.0,,,0.0,0.0,0.0,0.0,0.0,0.0,0.0,0.0,0.0,0.0,0.0,,0.038461538461538464,,0.15384615384615385,0.0,0.0,,0.038461538461538464,0.9364837987020422,0.9454297929553762,,0.0,0.0,0.0
su9_vj_2026,chuong_moi,0.0,0.0,0.0,0.0,,,0.0,0.0,0.0,0.0,0.0,0.0,0.0,0.0,0.0,0.0,0.0,,0.02631578947368421,,0.10526315789473684,0.0,0.0,,0.0,0.8979068647375534,0.9613886922695322,,0.0,0.0,0.0
su9_vj_2027,chuong_moi,0.0,0.0,0.0,0.0,,,0.0,0.0,0.0,0.0,0.0,0.0,0.0,0.0,0.0,0.0,0.0,,0.046875,,0.125,0.0,0.0,,0.015625,0.9382544718573844,0.9722212307888002,,0.0,0.0,0.0
su9_vj_2028,chuong_moi,0.0,0.0,0.0,0.0,,,0.0,0.0,0.0,0.0,0.0,0.0,0.0,0.0,0.0,0.0,0.0,,0.041666666666666664,,0.0,0.0,0.0,,0.041666666666666664,0.942264631957808,0.9400431399184511,,0.0,0.0,0.0
su9_vj_2029,chuong_moi,0.0,0.0,0.0,0.0,,,0.0,0.0,0.0,0.0,0.0,0.0,0.0,0.0,0.0,0.0,0.0,,0.05555555555555555,,0.2222222222222222,0.0,0.0,,0.05555555555555555,0.9411412641656561,0.9402667809681103,,0.0,0.0,0.0
su9_vj_2030,chuong_moi,0.25,1.0,0.0,1.0,4.0,3.0,0.0,0.0,0.0023094688221709007,0.0,0.0,0.0,0.0,0.0,0.0,0.0,0.0,,0.016666666666666666,,0.13333333333333333,0.0,0.0,,0.016666666666666666,0.9302476644278528,0.9510738492158869,,0.0,0.0,0.0
su9_vj_2031,chuong_cu,0.75,1.0,1.0,1.0,2.25,3.0,0.0,0.0,0.017321016166281754,0.0,0.0,0.25,0.08333333333333333,0.2,0.10000000000000002,1.0,0.25,0.8033333333333333,0.10416666666666666,0.6991666666666667,0.3333333333333333,1.0,1.0,0.2,0.10416666666666666,0.9352244032748683,0.9411390753056468,0.29166666666666663,0.0,0.0,0.0
su9_vj_2032,chuong_cu,1.0,1.0,2.0,0.5714285714285714,2.3333333333333335,,0.0,0.16666666666666666,0.020785219399538108,0.3333333333333333,0.1111111111111111,1.0,0.6666666666666666,0.7,0.26666666666666666,0.125,0.5,0.161296685340803,0.35024509803921566,-0.18894841269841267,0.11764705882352941,0.0,0.19642857142857142,0.44814814814814813,0.3044117647058823,0.936658831859285,0.9363480366054587,0.05555555555555555,0.0,0.0,0.0
su9_vj_2033,chuong_cu,0.0,0.0,0.0,0.0,,,0.0,0.0,0.0,0.0,0.0,0.0,0.0,0.0,0.0,0.0,0.0,,0.019230769230769232,,0.07692307692307693,0.0,0.0,,0.019230769230769232,0.8991077364782977,0.9357463505610206,,0.0,0.0,0.0
su9_vj_2034,chuong_cu,0.5,1.0,0.3333333333333333,1.0,1.0,,1.0,0.0,0.015011547344110854,0.0,0.0,0.5,0.16666666666666666,0.0,0.0,0.3333333333333333,0.2222222222222222,,0.06746031746031746,,0.11764705882352941,0.0,0.38095238095238093,,0.06746031746031746,0.9207949747293788,0.9450675191483583,0.08333333333333333,0.0,0.0,0.0
su9_vj_2035,chuong_cu,0.75,1.0,1.3333333333333333,0.6,2.6,,0.0,0.0,0.011085450346420323,0.5,0.16666666666666666,1.0,0.3333333333333333,0.7,0.26666666666666666,0.3333333333333333,0.3333333333333333,0.3435714285714286,0.2733333333333333,0.07023809523809527,0.16,0.3333333333333333,0.4476190476190476,0.5,0.2633333333333333,0.9267125466876727,0.9444868140653904,0.16666666666666666,0.0,0.0,0.0
su9_vj_2036,chuong_cu,0.5,2.0,0.3333333333333333,1.0,2.0,,0.0,0.0,0.006158583525789068,0.0,0.0,0.0,0.0,0.08333333333333334,0.02777777777777778,0.5,0.0,,0.033482142857142856,,0.16666666666666666,0.5,0.6,,0.033482142857142856,0.9284291293894743,0.9461946175707684,0.3333333333333333,0.0,0.0,0.0
su9_vj_2037,chuong_cu,0.25,0.0,0.3333333333333333,1.0,4.0,3.0,0.0,0.0,0.0023094688221709007,0.0,0.0,0.0,0.0,0.0,0.0,0.0,0.3333333333333333,,0.08333333333333333,,0.0,0.0,0.0,,0.08333333333333333,0.9163548634990025,0.9529977349369982,,0.0,0.0,0.0
su9_vj_2038,chuong_cu,0.5,0.0,1.0,1.0,3.0,3.0,0.0,0.3333333333333333,0.01308698999230177,0.0,0.0,0.0,0.0,0.0,0.0,0.0,0.0,0.1725,0.041666666666666664,0.13083333333333333,0.2,0.0,0.0,0.18333333333333335,0.041666666666666664,0.9296156778082768,0.9313446085464102,,0.0,0.0,0.0
su9_vj_2039,chuong_cu,0.25,0.0,0.3333333333333333,1.0,,,0.0,1.0,0.020785219399538105,0.0,0.0,0.0,0.0,0.0,0.0,0.0,0.5,,0.125,,0.0,0.0,0.0,,0.125,0.9287537375790331,0.9441965378151206,,0.0,0.0,0.0
su9_vj_2040,chuong_cu,0.0,0.0,0.0,0.0,,,0.0,0.0,0.0,0.0,0.0,0.0,0.0,0.0,0.0,0.0,0.0,,0.0,,0.0,0.0,0.0,,0.0,0.9087973415268943,0.9709243484855586,,0.0,0.0,0.0
su9_vj_2041,chuong_cu,0.0,0.0,0.0,0.0,,,0.0,0.0,0.0,0.0,0.0,0.0,0.0,0.0,0.0,0.0,0.0,,0.046875,,0.0,0.0,0.0,,0.046875,0.9267395036517332,0.958593873379425,,0.0,0.0,0.0
su9_vj_2042,chuong_cu,0.0,0.0,0.0,0.0,,,0.0,0.0,0.0,0.0,0.0,0.0,0.0,0.0,0.0,0.0,0.0,,0.017857142857142856,,0.07142857142857142,0.0,0.0,,0.017857142857142856,0.9242704787110464,0.95309889978342,,0.0,0.0,0.0
su9_vj_2043,chuong_cu,0.0,0.0,0.0,0.0,,,0.0,0.0,0.0,0.0,0.0,0.0,0.0,0.0,0.0,0.0,0.0,,0.0,,0.0,0.0,0.0,,0.0,0.9144949753653557,0.9494355626169539,,0.0,0.0,0.0
su9_vj_2044,chuong_cu,0.5,0.0,0.6666666666666666,0.5,1.0,,0.0,0.0,0.011547344110854504,0.0,0.0,0.0,0.0,0.0,0.0,0.0,0.75,0.022727272727272728,0.43068181818181817,-0.40795454545454546,0.09090909090909091,0.0,0.0,1.0,0.40795454545454546,0.9266863089058938,0.9447587641522801,,0.0,0.0,0.0
su9_vj_2045,chuong_cu,0.25,0.0,0.3333333333333333,1.0,3.0,,0.0,0.0,0.0069284064665127015,0.0,0.0,0.0,0.0,0.0,0.0,0.0,0.0,,0.06944444444444445,,0.1111111111111111,0.0,0.0,,0.04166666666666667,0.9343788885534582,0.9570978528187722,,0.0,0.0,0.0
su9_vj_2046,chuong_cu,0.75,0.0,1.3333333333333333,0.75,3.3333333333333335,,0.0,0.25,0.02771362586605081,0.0,0.0,0.0,0.0,0.0,0.0,0.0,0.0,0.06666666666666668,0.0,0.06666666666666668,0.0,0.0,0.0,0.5555555555555555,0.0,0.9305025856999748,0.9599470169049549,,0.0,0.0,0.0
su9_vj_2047,chuong_cu,0.75,0.0,1.6666666666666667,1.0,2.4,,0.0,0.0,0.014780600461893764,0.0,0.0,0.0,0.0,0.0,0.0,0.0,0.625,0.11805555555555555,0.409375,-0.29131944444444446,0.0,0.0,0.0,0.21296296296296294,0.34618055555555555,0.9268809947135591,0.9295706251779494,,0.0,0.0,0.0
su9_vj_2048,chuong_cu,0.75,0.0,1.3333333333333333,1.0,2.25,,0.0,0.0,0.016166281755196306,0.0,0.0,0.0,0.0,0.0,0.0,0.0,1.0,0.13559981684981687,0.6192307692307693,-0.4836309523809524,0.07692307692307693,0.0,0.0,0.22420634920634921,0.5835164835164836,0.8996795729331803,0.9482207899339361,,0.0,0.0,0.0
su9_vj_2049,chuong_cu,0.25,1.0,0.0,1.0,3.0,,0.0,0.0,0.016166281755196306,0.0,0.0,0.0,0.0,0.0,0.0,0.25,0.0,,0.014705882352941176,,0.0,0.0,0.25,,0.014705882352941176,0.9104114972099914,0.9619340734125792,,0.0,0.0,0.0
su9_vj_2050,chuong_cu,0.25,0.0,0.3333333333333333,1.0,,,0.0,0.0,0.0069284064665127015,0.0,0.0,0.0,0.0,0.0,0.0,0.0,0.25,,0.0875,,0.0,0.0,0.0,,0.0875,0.8970879574099833,0.9441166949488943,,0.0,0.0,0.0
su9_vj_2051,chuong_cu,1.0,1.0,1.0,0.75,2.5,,0.0,0.0,0.0034642032332563508,0.0,0.0,0.5,0.16666666666666666,0.2,0.13333333333333333,0.0,0.3333333333333333,0.125,0.25357142857142856,-0.12857142857142856,0.1,0.0,0.0,0.3333333333333333,0.22857142857142856,0.9175836933833471,0.9373113024210088,0.6944444444444443,0.0,0.0,0.0
su9_vj_2052,chuong_cu,1.0,1.0,1.3333333333333333,0.8,2.8,,0.0,0.0,0.020785219399538108,0.0,0.0,0.0,0.0,0.1,0.08888888888888889,0.125,0.5,0.1504807692307692,0.40192307692307694,-0.25144230769230774,0.07692307692307693,0.0,0.20833333333333331,0.47222222222222227,0.31137820512820513,0.9307139616188482,0.9412793892972999,0.3888888888888889,0.0,0.0,0.0
su9_vj_2053,chuong_cu,0.0,0.0,0.0,0.0,,,0.0,0.0,0.0,0.0,0.0,0.0,0.0,0.0,0.0,0.0,0.0,,0.0,,0.0,0.0,0.0,,0.0,0.9201482828329861,0.969468223325272,,0.0,0.0,0.0
su9_vj_2054,chuong_cu,0.25,1.0,0.0,1.0,4.0,3.0,0.0,0.0,0.009237875288683603,0.0,0.0,0.0,0.0,0.0,0.0,0.5,0.0,,0.08333333333333333,,0.3333333333333333,0.0,0.5,,0.0,0.9143470580833685,0.9451817440723369,,0.0,0.0,0.0
su9_vj_2055,chuong_cu,1.0,2.0,1.6666666666666667,0.5714285714285714,4.142857142857143,3.0,0.0,0.0,0.025734081161332894,0.5,0.38888888888888884,0.5,0.5,0.39999999999999997,0.39999999999999997,0.0,0.25,0.12291666666666666,0.09895833333333333,0.02395833333333333,0.125,0.0,0.16666666666666666,0.6666666666666666,0.057291666666666664,0.9341172561011715,0.9173253924248107,0.0,0.0,0.0,0.0
su9_vj_2056,chuong_cu,0.75,1.0,1.0,1.0,3.75,3.0,0.0,0.0,0.013856812933025405,0.0,0.0,0.0,0.0,0.2,0.10000000000000002,0.0,0.25,0.16166666666666665,0.0625,0.09916666666666665,0.0,0.0,0.16666666666666666,0.2,0.034722222222222224,0.9096902196496756,0.9332825381447181,0.3333333333333333,0.0,0.0,0.0
su9_vj_2057,chuong_cu,1.0,1.0,1.0,1.0,1.25,,0.0,0.0,0.009237875288683603,0.0,0.0,0.0,0.0,0.1,0.10000000000000002,0.25,0.3333333333333333,0.1625,0.08333333333333333,0.07916666666666668,0.0,0.0,0.25,0.3333333333333333,0.0,0.906391424872103,0.9632125368710638,0.4166666666666667,0.0,0.0,0.0
su9_vj_2058,chuong_cu,0.0,0.0,0.0,0.0,,,0.0,0.0,0.0,0.0,0.0,0.0,0.0,0.0,0.0,0.0,0.0,,0.0,,0.0,0.0,0.0,,0.0,0.9113103353468436,0.9677329951303089,,0.0,0.0,0.0
su9_vj_2059,chuong_cu,1.0,1.0,1.0,1.0,2.25,,0.0,0.0,0.0017321016166281754,0.0,0.0,0.3333333333333333,0.1111111111111111,0.2,0.16666666666666666,0.08333333333333333,0.08333333333333333,0.20625,0.0625,0.14375,0.07142857142857142,0.0,0.17857142857142858,0.041666666666666664,0.026785714285714288,0.9264934005310543,0.8825635965926694,0.5833333333333334,0.0,0.0,0.0
su9_vj_2060,chuong_cu,0.75,0.0,1.6666666666666667,1.0,2.8,3.0,0.0,0.0,0.023094688221709007,0.0,0.0,0.0,0.0,0.0,0.0,0.0,0.625,0.10416666666666666,0.3868055555555555,-0.2826388888888889,0.0,0.0,0.0,0.3055555555555555,0.3138888888888889,0.9239308235268282,0.9485155040173596,,0.0,0.0,0.0
su9_vj_2061,chuong_cu,1.0,1.0,1.3333333333333333,0.8,4.2,3.0,0.0,0.0,0.021247113163972285,0.5,0.16666666666666666,1.0,0.5555555555555555,0.7,0.3,0.0,0.0,0.1511904761904762,0.08333333333333333,0.06785714285714288,0.0,0.0,0.16666666666666666,0.2698412698412698,0.05208333333333333,0.9423645866688438,0.9328440182998997,0.1111111111111111,0.0,0.0,0.0
su9_vj_2062,chuong_cu,1.0,1.0,1.0,1.0,1.0,,0.0,0.0,0.016166281755196306,0.0,0.0,0.0,0.0,0.2,0.20000000000000004,0.0,0.0,0.11904761904761904,0.016666666666666666,0.10238095238095238,0.0,0.0,0.0,0.20634920634920637,0.016666666666666666,0.9091888909565479,0.9516517326929113,0.3611111111111111,0.0,0.0,0.0
su9_vj_2063,chuong_cu,0.75,0.0,1.3333333333333333,0.75,2.25,3.0,0.0,0.0,0.0040415704387990765,0.0,0.0,0.0,0.0,0.0,0.0,0.0,1.0,0.1491758241758242,0.6192307692307693,-0.47005494505494505,0.15384615384615385,0.0,0.0,0.2619047619047619,0.5835164835164836,0.9269212444357112,0.9543712830921363,,0.0,0.0,0.0
su9_vj_2064,chuong_cu,0.75,1.0,0.6666666666666666,1.0,2.3333333333333335,,0.0,0.0,0.0023094688221709007,0.0,0.0,0.0,0.0,0.1,0.06666666666666667,0.0,0.3333333333333333,0.175,0.08333333333333333,0.09166666666666666,0.0,0.0,0.16666666666666666,0.1111111111111111,0.08333333333333333,0.9294106880534058,0.9456535753987025,0.5833333333333334,0.0,0.0,0.0
su9_vj_2065,chuong_cu,0.75,2.0,1.0,0.8,2.8,,0.0,0.0,0.020785219399538108,0.0,0.0,0.25,0.16666666666666666,0.1,0.05833333333333334,0.0,0.0,0.125,0.08333333333333333,0.04166666666666667,0.0,0.0,0.2,0.5,0.0625,0.9380963805395836,0.8949226592109416,0.08333333333333333,0.0,0.0,0.0
su9_vj_2066,chuong_cu,1.0,1.0,1.0,0.75,3.25,,0.0,0.0,0.02771362586605081,1.0,0.3333333333333333,1.0,0.4444444444444444,0.7,0.28888888888888886,0.0,0.25,0.18910714285714286,0.09375,0.09535714285714286,0.125,0.0,0.16666666666666666,0.2253968253968254,0.052083333333333336,0.8876873882223011,0.9218465200655758,0.16666666666666666,0.0,0.0,0.0
su9_vj_2067,chuong_cu,0.5,2.0,0.6666666666666666,0.75,2.0,,0.0,0.0,0.004618937644341801,0.3333333333333333,0.1111111111111111,0.5,0.16666666666666666,0.44999999999999996,0.15,1.0,1.0,,0.646875,,0.0625,1.0,1.0,,0.646875,0.9073665875509285,0.9274096782573726,0.0,0.0,0.0,0.0
su9_vj_2068,chuong_cu,1.0,2.0,2.0,0.75,3.25,3.0,0.0,0.0,0.019341801385681295,0.3333333333333333,0.2222222222222222,0.5,0.3888888888888889,0.39999999999999997,0.29444444444444445,0.125,0.125,0.15125,0.09523809523809523,0.05601190476190476,0.0,0.0,0.20833333333333331,0.33888888888888885,0.04523809523809523,0.9240974865681204,0.9243957741644974,0.05555555555555555,0.0,0.0,0.0
su9_vj_2069,chuong_cu,0.5,1.0,0.6666666666666666,0.6666666666666666,1.3333333333333333,,0.0,0.0,0.08545034642032333,0.5,0.16666666666666666,1.0,0.3333333333333333,0.7,0.2333333333333333,0.5,0.5,,0.16666666666666666,,0.08333333333333333,0.0,0.5,,0.16666666666666666,0.9179026719554463,0.9591645395305369,0.0,0.0,0.0,0.0
su9_vj_2070,chuong_cu,0.75,1.0,0.6666666666666666,1.0,4.0,3.0,0.0,0.5,0.015396458814472672,0.0,0.0,0.0,0.0,0.06666666666666667,0.022222222222222223,0.25,0.0,0.175,0.07272727272727272,0.10227272727272727,0.0,0.0,0.25,0.25,0.07272727272727272,0.9371803319659081,0.9322063634002977,0.3333333333333333,0.0,0.0,0.0
su9_vj_2071,chuong_cu,1.0,1.0,1.3333333333333333,0.8,3.0,3.0,1.0,0.0,0.015242494226327943,0.0,0.0,0.5,0.4444444444444444,0.0,0.0,0.125,0.29166666666666663,0.1575,0.07291666666666666,0.08458333333333334,0.0,0.0,0.225,0.325,0.02708333333333332,0.9197145283589918,0.9623421118057665,0.1111111111111111,0.0,0.0,0.0
su9_vj_2072,chuong_cu,0.25,0.0,0.3333333333333333,1.0,1.0,,0.0,0.0,0.013856812933025403,0.0,0.0,0.0,0.0,0.0,0.0,0.0,0.3333333333333333,,0.08333333333333333,,0.0,0.0,0.0,,0.08333333333333333,0.9237253642350608,0.9312190026647844,,0.0,0.0,0.0
su9_vj_2073,chuong_cu,0.75,1.0,1.0,1.0,2.25,,0.0,0.0,0.007505773672055427,0.0,0.0,0.0,0.0,0.2,0.10000000000000002,0.3333333333333333,0.3333333333333333,0.3847519841269841,0.2638888888888889,0.12086309523809519,0.13333333333333333,0.3333333333333333,0.4365079365079365,0.1625,0.24722222222222223,0.9199376650246229,0.9683177600476824,0.45833333333333337,0.0,0.0,0.0
su9_vj_2074,chuong_cu,0.5,0.0,1.0,1.0,3.0,3.0,0.0,0.0,0.004618937644341801,0.0,0.0,0.0,0.0,0.0,0.0,0.0,0.16666666666666666,0.15399159663865547,0.06666666666666667,0.0873249299719888,0.058823529411764705,0.0,0.0,0.07142857142857142,0.03725490196078431,0.9213663586194315,0.9299414889914843,,0.0,0.0,0.0
su9_vj_2075,chuong_cu,0.5,1.0,0.3333333333333333,1.0,3.0,,1.0,0.0,0.011547344110854502,0.0,0.0,0.0,0.0,0.0,0.0,0.25,0.25,,0.08333333333333333,,0.0,0.0,0.25,,0.0625,0.9166700196615362,0.954949517547919,0.5,0.0,0.0,0.0
su9_vj_2076,chuong_cu,0.75,1.0,0.6666666666666666,1.0,3.6666666666666665,3.0,0.0,0.0,0.009237875288683603,0.0,0.0,0.25,0.08333333333333333,0.2,0.08,0.3333333333333333,0.0,0.2033333333333333,0.09523809523809523,0.10809523809523808,0.0,0.0,0.3333333333333333,0.2,0.05952380952380952,0.9196552756139817,0.930953932275107,0.375,0.0,0.0,0.0
su9_vj_2077,chuong_cu,1.0,1.0,1.0,0.75,2.5,,0.0,0.0,0.002886836027713626,1.0,0.3333333333333333,1.0,0.3333333333333333,0.7,0.3,0.0,0.0,0.1886904761904762,0.04583333333333334,0.14285714285714285,0.0,0.0,0.18333333333333335,0.047619047619047616,0.04583333333333334,0.923206855485932,0.9387288307368833,0.5,0.0,0.0,0.0
su9_vj_2078,chuong_cu,0.0,0.0,0.0,0.0,,,0.0,0.0,0.0,0.0,0.0,0.0,0.0,0.0,0.0,0.0,0.0,,0.016666666666666666,,0.0,0.0,0.0,,0.016666666666666666,0.9254442367180402,0.9510968895299005,,0.0,0.0,0.0
su9_vj_2079,chuong_cu,1.0,1.0,1.0,1.0,2.3333333333333335,,0.0,0.0,0.005773672055427252,0.0,0.0,0.0,0.0,0.2,0.10000000000000002,0.0,0.41666666666666663,0.1574242424242424,0.1268939393939394,0.03053030303030302,0.13636363636363635,0.0,0.0,0.17777777777777778,0.06969696969696969,0.9167197196814586,0.9094499323322547,1.0,0.0,0.0,0.0
su9_vj_2080,chuong_cu,0.25,0.0,0.3333333333333333,1.0,2.0,,0.0,0.0,0.013856812933025403,0.0,0.0,0.0,0.0,0.0,0.0,0.0,0.2708333333333333,,0.08020833333333333,,0.0,0.0,0.0,,0.08020833333333333,0.902928260712601,0.9380091256675547,,0.0,0.0,0.0
su9_vj_2081,chuong_cu,0.75,0.0,1.3333333333333333,0.75,3.0,3.0,0.0,0.0,0.0034642032332563508,0.0,0.0,0.0,0.0,0.0,0.0,0.0,0.3333333333333333,0.10937500000000001,0.08333333333333333,0.026041666666666685,0.0,0.0,0.0,0.2708333333333333,0.041666666666666664,0.940873457095081,0.9338871753666932,,0.0,0.0,0.0
su9_vj_2082,chuong_cu,0.5,1.0,0.3333333333333333,1.0,1.5,,0.0,0.0,0.025404157043879907,0.0,0.0,0.25,0.08333333333333333,0.1,0.03333333333333333,0.16666666666666666,0.29166666666666663,,0.07291666666666666,,0.0,0.0,0.26666666666666666,,0.07291666666666666,0.9228042414841191,0.913264582072119,0.25,0.0,0.0,0.0
su9_vj_2083,chuong_cu,0.5,1.0,0.3333333333333333,1.0,2.0,,0.0,0.0,0.010392609699769052,0.0,0.0,0.0,0.0,0.0,0.0,0.29166666666666663,0.0,,0.06944444444444445,,0.1111111111111111,0.0,0.29166666666666663,,0.027777777777777783,0.933596931331575,0.9387274209596861,0.4166666666666667,0.0,0.0,0.0
su9_vj_2084,chuong_cu,1.0,2.0,1.6666666666666667,0.7142857142857143,1.8571428571428572,,0.0,0.0,0.01022764764104256,0.0,0.0,0.16666666666666666,0.1111111111111111,0.1,0.0888888888888889,0.3333333333333333,0.6666666666666666,0.20555555555555555,0.4111111111111111,-0.20555555555555555,0.2222222222222222,0.0,0.3333333333333333,0.5555555555555556,0.3615079365079365,0.9264190441537656,0.92768122781612,0.25,0.0,0.0,0.0
su9_vj_2085,chuong_cu,0.5,1.0,0.3333333333333333,0.5,1.0,,0.0,0.0,0.12702078521939952,1.0,0.3333333333333333,1.0,0.3333333333333333,0.7,0.2333333333333333,0.5,0.5,,0.14583333333333334,,0.08333333333333333,0.0,0.5,,0.14583333333333334,0.9201506084650374,0.8888450669519425,0.0,0.0,0.0,0.0
su9_vj_2088,chuong_cu,0.25,1.0,0.0,1.0,,,0.0,0.0,0.013856812933025403,0.0,0.0,0.0,0.0,0.0,0.0,0.25,0.0,,0.011904761904761904,,0.14285714285714285,0.0,0.25,,0.011904761904761904,0.9112167038054226,0.9014731439469041,,0.0,0.0,0.0
su9_vj_2089,chuong_cu,1.0,1.0,1.0,0.5,3.5,,0.0,0.0,0.034064665127020784,1.0,0.6666666666666666,1.0,0.7777777777777778,0.7,0.4888888888888889,0.6666666666666666,0.6666666666666666,0.4638888888888889,0.36944444444444446,0.09444444444444444,0.2222222222222222,0.5,0.6666666666666666,0.5555555555555555,0.3027777777777778,0.9327155878668534,0.9249930284180369,0.05555555555555555,0.0,0.0,0.0
su9_vj_2090,chuong_cu,0.75,1.0,1.6666666666666667,0.6666666666666666,2.1666666666666665,3.0,0.0,0.0,0.011547344110854502,0.5,0.27777777777777773,1.0,0.6666666666666666,0.7,0.4666666666666666,0.4166666666666667,0.75,0.3486111111111111,0.46249999999999997,-0.11388888888888887,0.05555555555555555,0.3333333333333333,0.47222222222222227,0.3333333333333333,0.46249999999999997,0.9336480211407467,0.9405112460312354,0.0,0.0,0.0,0.0
su9_vj_2091,chuong_cu,0.5,0.0,0.6666666666666666,0.5,5.0,3.0,0.0,0.0,0.0069284064665127015,0.0,0.0,0.0,0.0,0.0,0.0,0.0,0.16666666666666666,0.03571428571428571,0.09821428571428571,-0.0625,0.14285714285714285,0.0,0.0,1.0,0.0625,0.9173220069388188,0.950526605352674,,0.0,0.0,0.0
su9_vj_2092,chuong_cu,1.0,2.0,1.6666666666666667,0.5714285714285714,1.1428571428571428,,0.0,0.0,0.010557571758495546,0.3333333333333333,0.1111111111111111,0.5,0.27777777777777773,0.44999999999999996,0.2833333333333333,0.6666666666666666,1.0,0.3944444444444445,0.6277777777777778,-0.23333333333333328,0.1111111111111111,0.5,0.6666666666666666,0.8333333333333334,0.27222222222222225,0.933519516510325,0.9598532852829318,0.1111111111111111,0.0,0.0,0.0
su9_vj_2093,chuong_cu,0.75,2.0,0.6666666666666666,0.5,3.5,3.0,0.0,0.0,0.012702078521939953,0.5,0.3333333333333333,0.5,0.3333333333333333,0.375,0.25,0.4375,0.4375,0.35322420634920637,0.22465277777777776,0.12857142857142861,0.1111111111111111,0.25,0.4375,0.14285714285714285,0.1829861111111111,0.926571490356693,0.9333309311797131,0.0,0.0,0.0,0.0
su9_vj_2094,chuong_cu,1.0,3.0,1.3333333333333333,0.7142857142857143,2.4285714285714284,3.0,0.0,0.0,0.00791817881887166,0.3333333333333333,0.19444444444444442,0.5277777777777778,0.4259259259259259,0.3133333333333333,0.21333333333333335,0.16666666666666666,0.29166666666666663,0.20277777777777778,0.08680555555555555,0.11597222222222223,0.1111111111111111,0.0,0.25,0.25,0.024305555555555552,0.9152773258060307,0.935310912692337,0.08333333333333333,0.0,0.0,0.0
su9_vj_2095,chuong_cu,1.0,1.0,1.0,1.0,1.25,,0.0,0.0,0.017321016166281754,0.0,0.0,0.0,0.0,0.2,0.16666666666666666,0.25,0.25,0.17916666666666667,0.0625,0.11666666666666667,0.0,0.0,0.25,0.2222222222222222,0.020833333333333336,0.9206985267594636,0.9516517326929113,0.3333333333333333,0.0,0.0,0.0
su9_vj_2096,chuong_cu,0.25,0.0,0.6666666666666666,1.0,2.0,,0.0,0.0,0.015011547344110854,0.0,0.0,0.0,0.0,0.0,0.0,0.0,0.29166666666666663,,0.10624999999999998,,0.0,0.0,0.0,,0.10624999999999998,0.9082635572104063,0.9483147274455935,,0.0,0.0,0.0
su9_vj_2097,chuong_cu,1.0,1.0,1.0,0.25,2.0,,0.0,0.0,0.011547344110854504,1.0,1.0,1.0,1.0,0.7,0.6999999999999998,0.5555555555555555,0.5555555555555555,0.29401709401709397,0.29401709401709397,0.0,0.15384615384615385,0.3333333333333333,0.5555555555555555,1.0,0.019230769230769218,0.9357089012862022,0.9442490145442367,0.0,0.0,0.0,0.0
su9_vj_2098,chuong_cu,1.0,1.0,2.6666666666666665,0.6666666666666666,3.6666666666666665,3.0,0.0,0.125,0.011034128817038748,0.5,0.38888888888888884,1.0,1.0,0.7,0.6999999999999998,0.4166666666666667,0.6666666666666666,0.37996031746031744,0.48333333333333334,-0.1033730158730159,0.2222222222222222,0.3333333333333333,0.46428571428571425,0.38888888888888884,0.21805555555555556,0.9325966127101943,0.9235328499798872,0.0,0.0,0.0,0.0
su9_vj_2099,chuong_cu,0.75,1.0,1.0,1.0,2.5,,0.0,0.0,0.01674364896073903,0.0,0.0,0.3333333333333333,0.2222222222222222,0.1,0.05555555555555556,0.125,0.16666666666666666,0.1875,0.078125,0.109375,0.125,0.0,0.225,0.3333333333333333,0.078125,0.9270972867909744,0.9479327832435515,0.16666666666666666,0.0,0.0,0.0
su9_vj_2100,chuong_cu,0.75,0.0,2.0,0.8333333333333334,3.3333333333333335,3.0,0.0,0.0,0.020015396458814474,0.0,0.0,0.0,0.0,0.0,0.0,0.0,1.0,0.09289682539682538,0.6454545454545455,-0.5525577200577201,0.0,0.0,0.0,0.3806878306878307,0.5621212121212121,0.9055878069844575,0.9419015064025681,,0.0,0.0,0.0
su9_vj_2101,chuong_cu,0.75,1.0,0.6666666666666666,1.0,1.3333333333333333,,0.0,0.0,0.010777521170130871,0.0,0.0,0.0,0.0,0.1,0.06666666666666667,0.0,0.25,0.13571428571428573,0.0625,0.07321428571428573,0.0,0.0,0.14285714285714285,0.3333333333333333,0.0625,0.9258195161444801,0.9632125368710638,0.4166666666666667,0.0,0.0,0.0
su9_vj_2102,chuong_cu,0.75,1.0,0.6666666666666666,1.0,2.0,,0.0,0.0,0.0069284064665127015,0.0,0.0,0.0,0.0,0.1,0.05555555555555556,0.0,0.0,0.165625,0.06770833333333333,0.09791666666666667,0.0625,0.0,0.1,0.16666666666666666,0.06770833333333333,0.9284338905153958,0.9591354618378383,0.4166666666666667,0.0,0.0,0.0
su9_vj_2103,chuong_cu,0.25,1.0,0.0,1.0,1.0,,0.0,0.0,0.011547344110854504,0.0,0.0,0.0,0.0,0.0,0.0,0.1111111111111111,0.0,,0.02631578947368421,,0.05263157894736842,0.0,0.24444444444444446,,0.013157894736842105,0.9161171469222019,0.9818737742414729,,0.0,0.0,0.0
su9_vj_2104,chuong_cu,1.0,1.0,1.6666666666666667,1.0,2.6,3.0,0.0,0.2,0.011932255581216319,0.0,0.0,0.25,0.08333333333333333,0.2,0.20000000000000004,0.29166666666666663,0.29166666666666663,0.23541666666666666,0.1375,0.09791666666666665,0.25,0.0,0.29166666666666663,0.3333333333333333,0.029166666666666674,0.91828068932405,0.9345966500764855,0.3055555555555555,0.0,0.0,0.0
su9_vj_2105,chuong_cu,0.75,1.0,0.6666666666666666,1.0,1.6666666666666667,,0.0,0.0,0.01770592763664357,0.0,0.0,0.25,0.08333333333333333,0.1,0.06666666666666667,0.29166666666666663,0.25,0.17291666666666666,0.0625,0.11041666666666666,0.0,0.0,0.29166666666666663,0.3333333333333333,0.03308823529411765,0.917074372311493,0.9585464284851467,0.33333333333333337,0.0,0.0,0.0
su9_vj_2106,chuong_cu,1.0,1.0,1.6666666666666667,0.8333333333333334,2.1666666666666665,,0.0,0.0,0.012702078521939953,1.0,0.3333333333333333,1.0,0.3333333333333333,0.7,0.28888888888888886,0.3333333333333333,0.3958333333333333,0.35726010101010097,0.24232954545454544,0.11493055555555554,0.18181818181818182,0.25,0.425,0.21296296296296294,0.17253787878787877,0.9291905749389822,0.947214497062848,0.2777777777777778,0.0,0.0,0.0
su9_vj_2107,chuong_cu,1.0,1.0,1.3333333333333333,0.8,2.8,3.0,0.0,0.0,0.05542725173210161,0.0,0.0,0.3333333333333333,0.3055555555555555,0.2,0.09666666666666668,0.29166666666666663,0.75,0.19719202898550725,0.4385869565217391,-0.24139492753623187,0.13043478260869565,0.0,0.29166666666666663,0.38888888888888884,0.32264492753623186,0.9171629052302932,0.9373221395513968,0.19444444444444442,0.0,0.0,0.0
su9_vj_2108,chuong_cu,0.5,2.0,0.6666666666666666,0.75,2.0,3.0,0.0,0.0,0.010392609699769052,0.3333333333333333,0.1111111111111111,0.5,0.16666666666666666,0.44999999999999996,0.15,0.0,0.0,,0.044444444444444446,,0.0,0.0,0.17777777777777778,,0.044444444444444446,0.9393472218594828,0.949123824346511,0.0,0.0,0.0,0.0
su9_vj_2109,chuong_cu,0.25,0.0,0.3333333333333333,1.0,1.0,,0.0,0.0,0.011547344110854504,0.0,0.0,0.0,0.0,0.0,0.0,0.0,0.14583333333333331,,0.09508928571428571,,0.0,0.0,0.0,,0.09508928571428571,0.9114940535739389,0.9175602105268701,,0.0,0.0,0.0
su9_vj_2110,chuong_cu,0.5,1.0,0.3333333333333333,1.0,2.0,,0.0,0.0,0.017321016166281754,0.0,0.0,0.0,0.0,0.2,0.06666666666666667,0.25,0.5,,0.125,,0.0,0.0,0.25,,0.125,0.9206824134161997,0.9579134107534255,0.3333333333333333,0.0,0.0,0.0
su9_vj_2111,chuong_cu,0.0,0.0,0.0,0.0,,,0.0,0.0,0.0,0.0,0.0,0.0,0.0,0.0,0.0,0.0,0.0,,0.03125,,0.0,0.0,0.0,,0.03125,0.9428186387475961,0.9551397513438126,,0.0,0.0,0.0
su9_vj_2112,chuong_cu,0.5,1.0,0.3333333333333333,1.0,5.0,3.0,0.0,0.0,0.0034642032332563508,0.0,0.0,0.0,0.0,0.0,0.0,0.0,0.3333333333333333,,0.09895833333333333,,0.0,0.0,0.2,,0.09895833333333333,0.9177792474869985,0.9252174330666085,0.3333333333333333,0.0,0.0,0.0
su9_vj_2113,chuong_cu,0.0,0.0,0.0,0.0,,,0.0,0.0,0.0,0.0,0.0,0.0,0.0,0.0,0.0,0.0,0.0,,0.0,,0.10526315789473684,0.0,0.0,,0.0,0.9101931794684587,0.9434069650456938,,0.0,0.0,0.0
su9_vj_2114,chuong_cu,0.25,0.0,0.3333333333333333,1.0,2.0,,0.0,0.0,0.009237875288683603,0.0,0.0,0.0,0.0,0.0,0.0,0.0,0.125,,0.05625,,0.05263157894736842,0.0,0.0,,0.05625,0.9340074459586611,0.9450580175405076,,0.0,0.0,0.0
su9_vj_2115,chuong_cu,1.0,1.0,1.0,0.75,2.25,,0.0,0.0,0.03464203233256351,1.0,0.3333333333333333,1.0,0.4444444444444444,0.7,0.28888888888888886,0.25,0.5,0.180530303030303,0.13636363636363635,0.04416666666666666,0.045454545454545456,0.0,0.25,0.2888888888888889,0.07386363636363635,0.906374103334882,0.9681467594472356,0.16666666666666666,0.0,0.0,0.0
su9_vj_2116,chuong_cu,0.5,0.0,0.6666666666666666,1.0,3.0,3.0,0.0,0.0,0.07043879907621246,0.0,0.0,0.0,0.0,0.0,0.0,0.0,0.5,0.1482142857142857,0.356547619047619,-0.20833333333333331,0.14285714285714285,0.0,0.0,0.25,0.356547619047619,0.9031454173879107,0.9591725407662985,,0.0,0.0,0.0
su9_vj_2117,chuong_cu,0.5,1.0,0.3333333333333333,1.0,5.0,3.0,0.0,0.0,0.012702078521939953,0.0,0.0,0.25,0.08333333333333333,0.0,0.0,0.16666666666666666,0.25,,0.0875,,0.0,0.0,0.26666666666666666,,0.0875,0.9398064800799583,0.950455020707855,0.25,0.0,0.0,0.0
su9_vj_2118,chuong_cu,0.5,0.0,0.6666666666666666,1.0,3.5,3.0,0.0,0.0,0.021939953810623556,0.0,0.0,0.0,0.0,0.0,0.0,0.0,0.5,0.15846153846153846,0.14423076923076922,0.014230769230769241,0.15384615384615385,0.0,0.0,0.2,0.10576923076923075,0.9380622408513507,0.9533904587226811,,0.0,0.0,0.0
su9_vj_2119,chuong_cu,0.0,0.0,0.0,0.0,,,0.0,0.0,0.0,0.0,0.0,0.0,0.0,0.0,0.0,0.0,0.0,,0.020833333333333332,,0.041666666666666664,0.0,0.0,,0.010416666666666666,0.9249772883738522,0.9506098675412212,,0.0,0.0,0.0
su9_vj_2120,chuong_cu,0.75,1.0,1.3333333333333333,1.0,3.0,3.0,0.0,0.0,0.011085450346420323,0.0,0.0,0.3333333333333333,0.1111111111111111,0.2,0.08333333333333333,0.3333333333333333,0.3333333333333333,0.24958333333333332,0.1,0.14958333333333332,0.2,0.0,0.3333333333333333,0.225,0.08333333333333334,0.9480350848207957,0.9484121186132947,0.2916666666666667,0.0,0.0,0.0
su9_vj_2121,chuong_cu,1.0,1.0,1.0,1.0,2.0,,0.0,0.0,0.03464203233256351,0.0,0.0,0.3333333333333333,0.19444444444444442,0.2,0.13333333333333333,0.16666666666666666,0.5,0.22333333333333333,0.3583333333333333,-0.13499999999999995,0.2,0.0,0.26666666666666666,0.2888888888888889,0.26874999999999993,0.9177131619031481,0.9377704895932248,0.25,0.0,0.0,0.0
su9_vj_2122,chuong_cu,1.0,1.0,1.6666666666666667,0.8333333333333334,1.8333333333333333,,0.0,0.0,0.037336412625096224,0.0,0.0,0.25,0.16666666666666666,0.2,0.15555555555555556,0.0,0.0,0.09833333333333334,0.017857142857142856,0.08047619047619048,0.0,0.0,0.0,0.3444444444444444,0.017857142857142856,0.9292595777360195,0.9547149670385714,0.27777777777777773,0.0,0.0,0.0
su9_vj_2123,chuong_cu,0.0,0.0,0.0,0.0,,,0.0,0.0,0.0,0.0,0.0,0.0,0.0,0.0,0.0,0.0,0.0,,0.0,,0.0,0.0,0.0,,0.0,0.9352484517494405,0.9757088680831972,,0.0,0.0,0.0
su9_vj_2124,chuong_cu,0.25,0.0,0.6666666666666666,1.0,2.0,,0.0,0.0,0.010392609699769052,0.0,0.0,0.0,0.0,0.0,0.0,0.0,0.25,,0.0625,,0.1111111111111111,0.0,0.0,,0.0625,0.9162022278790599,0.9513092868423393,,0.0,0.0,0.0
su9_vj_2125,chuong_cu,0.75,0.0,1.0,1.0,2.0,,0.0,0.3333333333333333,0.010777521170130868,0.0,0.0,0.0,0.0,0.0,0.0,0.0,0.5,0.11916666666666666,0.125,-0.005833333333333343,0.0,0.0,0.0,0.20555555555555557,0.075,0.9159558358141164,0.971197007599207,,0.0,0.0,0.0
su9_vj_2126,chuong_cu,1.0,2.0,2.0,0.5,2.0,,0.0,0.0,0.002598152424942263,0.3333333333333333,0.3333333333333333,0.6666666666666666,0.6666666666666666,0.44999999999999996,0.44999999999999996,0.3055555555555555,0.3055555555555555,0.20383986928104575,0.1205065359477124,0.08333333333333334,0.17647058823529413,0.0,0.3055555555555555,0.4444444444444444,0.01470588235294118,0.919556497737902,0.9457012833217727,0.0,0.0,0.0,0.0
su9_vj_2127,chuong_cu,0.25,0.0,0.3333333333333333,1.0,3.0,,0.0,0.0,0.0023094688221709007,0.0,0.0,0.0,0.0,0.0,0.0,0.0,0.29166666666666663,,0.12291666666666666,,0.0,0.0,0.0,,0.12291666666666666,0.9171569799631293,0.9361870580972075,,0.0,0.0,0.0
su9_vj_2128,chuong_cu,0.25,0.0,0.3333333333333333,1.0,1.0,,0.0,0.0,0.12702078521939952,0.0,0.0,0.0,0.0,0.0,0.0,0.0,0.5277777777777778,,0.31527777777777777,,0.13333333333333333,0.0,0.0,,0.31527777777777777,0.9246424164514088,0.9282590365641354,,0.0,0.0,0.0
su9_vj_2129,chuong_cu,0.75,1.0,0.6666666666666666,1.0,1.0,,0.0,0.0,0.006158583525789068,0.0,0.0,0.3333333333333333,0.2222222222222222,0.2,0.13333333333333333,0.0,0.3333333333333333,0.15000000000000002,0.08333333333333333,0.0666666666666667,0.0,0.0,0.2,0.3333333333333333,0.08333333333333333,0.9175304364470654,0.8324564045617665,0.16666666666666666,0.0,0.0,0.0
su9_vj_2130,chuong_cu,1.0,1.0,1.3333333333333333,0.4,2.6,,0.0,0.0,0.030946882217090067,1.0,0.8333333333333334,1.0,1.0,0.7,0.6999999999999998,0.4166666666666667,0.5277777777777778,0.3414473684210526,0.32755847953216377,0.01388888888888884,0.3157894736842105,0.3333333333333333,0.48333333333333334,0.8333333333333334,0.024269005847953273,0.9175385282055891,0.9264589738460247,0.0,0.0,0.0,0.0
su9_vj_2131,chuong_cu,0.5,1.0,0.3333333333333333,1.0,4.0,,0.0,0.0,0.023094688221709007,0.0,0.0,0.0,0.0,0.0,0.0,0.5,0.0,,0.06785714285714287,,0.0,0.0,0.5,,0.06785714285714287,0.9411966263318309,0.9779384734442366,0.4166666666666667,0.0,0.0,0.0
su9_vj_2132,chuong_cu,1.0,2.0,1.0,0.8,2.8,3.0,0.0,0.0,0.05635103926096997,0.5,0.16666666666666666,0.5,0.27777777777777773,0.37,0.18833333333333335,0.3333333333333333,0.3333333333333333,0.18333333333333335,0.08333333333333333,0.10000000000000002,0.0,0.0,0.3333333333333333,0.3333333333333333,0.033333333333333326,0.9193278689259546,0.9335215912085855,0.1111111111111111,0.0,0.0,0.0
su9_vj_2133,chuong_cu,0.25,0.0,0.3333333333333333,1.0,3.0,,0.0,0.0,0.0069284064665127015,0.0,0.0,0.0,0.0,0.0,0.0,0.0,0.08333333333333333,,0.056249999999999994,,0.05263157894736842,0.0,0.0,,0.056249999999999994,0.9095592744850239,0.9673823140897884,,0.0,0.0,0.0
su9_vj_2134,chuong_cu,0.75,0.0,1.6666666666666667,1.0,2.25,,0.0,0.0,0.012933025404157045,0.0,0.0,0.0,0.0,0.0,0.0,0.0,0.41666666666666663,0.10166666666666667,0.11274509803921567,-0.011078431372549005,0.0,0.0,0.0,0.32222222222222224,0.03137254901960783,0.9240030879896383,0.9142942604004676,,0.0,0.0,0.0
su9_vj_2135,chuong_cu,0.75,1.0,0.6666666666666666,1.0,1.0,,0.0,0.0,0.009237875288683603,0.0,0.0,0.3333333333333333,0.1111111111111111,0.2,0.13333333333333333,0.16666666666666666,0.0,0.1880952380952381,0.06369047619047619,0.1244047619047619,0.0,0.0,0.23809523809523808,0.14285714285714285,0.06369047619047619,0.9082413876687557,0.9520299096836374,0.3333333333333333,0.0,0.0,0.0
su9_vj_2136,chuong_cu,0.75,1.0,1.3333333333333333,0.8,3.0,,0.0,0.0,0.014318706697459585,0.3333333333333333,0.1111111111111111,1.0,0.3333333333333333,0.7,0.26666666666666666,0.0,0.3333333333333333,0.21215538847117793,0.12280701754385964,0.08934837092731829,0.21052631578947367,0.0,0.17142857142857143,0.2222222222222222,0.12280701754385964,0.9327197566414283,0.918082006797206,0.20833333333333334,0.0,0.0,0.0
su9_vj_2137,chuong_cu,0.5,1.0,0.3333333333333333,1.0,4.0,3.0,0.0,0.0,0.010392609699769052,0.0,0.0,0.0,0.0,0.06666666666666667,0.022222222222222223,0.0,0.0,,0.053030303030303025,,0.045454545454545456,0.0,0.2,,0.053030303030303025,0.9267051994696583,0.9655669522270064,0.4166666666666667,0.0,0.0,0.0
su9_vj_2138,chuong_cu,0.25,0.0,0.6666666666666666,1.0,2.0,,0.0,0.0,0.06466512702078521,0.0,0.0,0.0,0.0,0.0,0.0,0.0,0.7777777777777778,,0.5111111111111111,,0.0,0.0,0.0,,0.4944444444444444,0.9104106871892645,0.9448753906298318,,0.0,0.0,0.0
su9_vj_2139,chuong_cu,1.0,1.0,1.0,0.75,2.5,,0.0,0.0,0.0017321016166281754,0.0,0.0,0.0,0.0,0.2,0.13333333333333333,0.0,0.08333333333333333,0.08749999999999998,0.05639880952380952,0.031101190476190463,0.0,0.0,0.0,0.4166666666666667,0.005208333333333329,0.9279275990548843,0.947057237549236,1.0,0.0,0.0,0.0
su9_vj_2140,chuong_cu,1.0,1.0,1.0,1.0,2.25,,0.0,0.0,0.0040415704387990765,0.0,0.0,0.0,0.0,0.1,0.10000000000000002,0.0,0.1111111111111111,0.19180555555555556,0.08541666666666667,0.1063888888888889,0.125,0.0,0.18888888888888888,0.24444444444444446,0.034027777777777775,0.9196625739609864,0.9053503744643648,0.3333333333333333,0.0,0.0,0.0
su9_vj_2141,chuong_cu,0.75,1.0,0.6666666666666666,1.0,1.0,,0.0,0.0,0.006158583525789068,0.0,0.0,0.3333333333333333,0.2222222222222222,0.2,0.13333333333333333,0.41666666666666663,0.25,0.20416666666666666,0.0875,0.11666666666666667,0.0,0.0,0.41666666666666663,0.3333333333333333,0.0875,0.9222538492156491,0.9520299096836374,0.16666666666666666,0.0,0.0,0.0
su9_vj_2142,chuong_cu,0.75,1.0,0.6666666666666666,1.0,2.0,,0.0,0.0,0.0023094688221709007,0.0,0.0,0.3333333333333333,0.2222222222222222,0.2,0.13333333333333333,0.0,0.0,0.18846153846153846,0.12692307692307692,0.06153846153846154,0.15384615384615385,0.0,0.2,0.3333333333333333,0.08846153846153845,0.9265246163808634,0.9336840572728986,0.16666666666666666,0.0,0.0,0.0
su9_vj_2143,chuong_cu,0.75,1.0,1.0,1.0,3.0,3.0,0.0,0.3333333333333333,0.011547344110854504,0.0,0.0,0.25,0.08333333333333333,0.05,0.03333333333333333,0.0,0.375,0.1669642857142857,0.14732142857142858,0.01964285714285713,0.07142857142857142,0.0,0.17142857142857143,0.29166666666666663,0.12946428571428573,0.920161497157714,0.9299116781373081,0.29166666666666663,0.0,0.0,0.0
su9_vj_2144,chuong_cu,0.5,1.0,0.3333333333333333,1.0,4.0,3.0,0.0,0.0,0.0034642032332563508,0.0,0.0,0.0,0.0,0.06666666666666667,0.022222222222222223,0.0,0.0,,0.06785714285714287,,0.0,0.0,0.16666666666666666,,0.06785714285714287,0.9331397751918578,0.9587216529628926,0.4166666666666667,0.0,0.0,0.0
su9_vj_2145,chuong_cu,0.5,1.0,0.3333333333333333,1.0,5.0,3.0,0.0,0.0,0.009237875288683603,0.0,0.0,0.0,0.0,0.2,0.06666666666666667,0.16666666666666666,0.16666666666666666,,0.09166666666666667,,0.1,0.0,0.26666666666666666,,0.06666666666666668,0.9397073695945551,0.962789271299516,0.3333333333333333,0.0,0.0,0.0
su9_vj_2146,chuong_cu,1.0,2.0,2.3333333333333335,0.6666666666666666,2.3333333333333335,,0.0,0.0,0.05029509879394405,0.3333333333333333,0.3055555555555555,0.6666666666666666,0.6666666666666666,0.39999999999999997,0.3944444444444444,0.6666666666666666,0.6666666666666666,0.47135869565217386,0.37427536231884057,0.0970833333333333,0.13043478260869565,0.5,0.6666666666666666,0.3527777777777778,0.26875,0.9236240419433182,0.9418651005548281,0.0,0.0,0.0,0.0
su9_vj_2147,chuong_cu,0.75,1.0,1.0,1.0,3.25,3.0,0.0,0.0,0.04330254041570439,0.0,0.0,0.25,0.08333333333333333,0.1,0.05555555555555556,0.1,0.41666666666666663,0.15880952380952382,0.2075,-0.04869047619047617,0.0,0.0,0.19523809523809524,0.26666666666666666,0.19083333333333333,0.9144807227435992,0.9361970866223595,0.33333333333333337,0.0,0.0,0.0
su9_vj_2148,chuong_cu,1.0,1.0,1.0,0.25,3.0,,0.0,0.0,0.0023094688221709007,1.0,1.0,1.0,1.0,0.7,0.6999999999999998,1.0,1.0,0.6178571428571429,0.6178571428571429,0.0,0.07142857142857142,1.0,1.0,1.0,0.0,0.9302517390483642,0.8586753543645752,0.0,0.0,0.0,0.0
su9_vj_2149,chuong_cu,1.0,1.0,1.3333333333333333,0.6,1.6,,0.0,0.0,0.07990762124711316,0.0,0.0,0.3333333333333333,0.3333333333333333,0.1,0.10000000000000002,0.0,0.29166666666666663,0.06856060606060607,0.11837121212121211,-0.04981060606060604,0.09090909090909091,0.0,0.18333333333333335,1.0,0.0,0.9184765339277933,0.9417152545754142,0.16666666666666666,0.0,0.0,0.0
su9_vj_2150,chuong_cu,1.0,1.0,2.0,0.7142857142857143,2.4,,0.0,0.16666666666666666,0.012207192345760476,0.5,0.3333333333333333,1.0,0.75,0.7,0.4888888888888889,0.0,0.5,0.19732142857142856,0.1607142857142857,0.036607142857142866,0.21428571428571427,0.0,0.2,0.375,0.05952380952380951,0.9088532952280043,0.9249678106826957,0.08333333333333333,0.0,0.0,0.0
su9_vj_2151,chuong_cu,0.0,0.0,0.0,0.0,,,0.0,0.0,0.0,0.0,0.0,0.0,0.0,0.0,0.0,0.0,0.0,,0.0,,0.0,0.0,0.0,,0.0,0.92869053426427,0.9553011905268712,,0.0,0.0,0.0
su9_vj_2152,chuong_cu,0.0,0.0,0.0,0.0,,,0.0,0.0,0.0,0.0,0.0,0.0,0.0,0.0,0.0,0.0,0.0,,0.013888888888888888,,0.05555555555555555,0.0,0.0,,0.013888888888888888,0.9223628584438506,0.9575515835446812,,0.0,0.0,0.0
su9_vj_2153,chuong_cu,0.25,0.0,0.3333333333333333,1.0,3.0,,0.0,0.0,0.004618937644341801,0.0,0.0,0.0,0.0,0.0,0.0,0.0,0.0,,0.05683760683760684,,0.07692307692307693,0.0,0.0,,0.037606837606837605,0.9136691555880406,0.9547173706307288,,0.0,0.0,0.0
su9_vj_2154,chuong_cu,0.75,1.0,1.0,1.0,3.6666666666666665,3.0,0.0,0.0,0.0069284064665127015,0.0,0.0,0.0,0.0,0.06666666666666667,0.022222222222222223,0.125,0.375,0.2155448717948718,0.09375,0.1217948717948718,0.15384615384615385,0.0,0.20833333333333331,0.16666666666666666,0.055288461538461536,0.9205655398371421,0.9460541912540061,0.4166666666666667,0.0,0.0,0.0
su9_vj_2155,chuong_cu,0.75,1.0,0.6666666666666666,1.0,1.3333333333333333,,0.0,0.0,0.011547344110854502,0.0,0.0,0.0,0.0,0.1,0.06666666666666667,0.0,0.0,0.1642857142857143,0.05899122807017544,0.10529448621553887,0.0,0.0,0.14285714285714285,0.14285714285714285,0.05899122807017544,0.9225695581158122,0.9632125368710638,0.45833333333333337,0.0,0.0,0.0
su9_vj_2156,chuong_cu,0.75,1.0,0.6666666666666666,0.6666666666666666,1.6666666666666667,,0.0,0.0,0.008468052347959968,1.0,0.3333333333333333,1.0,0.3333333333333333,0.7,0.25555555555555554,0.0,0.0,0.1285714285714286,0.0,0.1285714285714286,0.0,0.0,0.0,0.14285714285714285,0.0,0.9307114341027085,0.9413605690720239,0.25,0.0,0.0,0.0
su9_vj_2157,chuong_cu,0.0,0.0,0.0,0.0,,,0.0,0.0,0.0,0.0,0.0,0.0,0.0,0.0,0.0,0.0,0.0,,0.03571428571428571,,0.0,0.0,0.0,,0.03571428571428571,0.9507975292912579,0.9399523084103202,,0.0,0.0,0.0
su9_vj_2158,chuong_cu,0.75,2.0,0.6666666666666666,1.0,3.5,3.0,0.0,0.0,0.010392609699769052,0.0,0.0,0.0,0.0,0.125,0.08333333333333333,0.0,0.0,0.2,0.052380952380952375,0.14761904761904765,0.0,0.0,0.2,0.0,0.052380952380952375,0.9146122852060807,0.9458879135435592,0.7083333333333334,0.0,0.0,0.0
su9_vj_2159,chuong_cu,0.75,1.0,1.0,0.75,2.25,,0.0,0.0,0.012124711316397228,0.5,0.16666666666666666,1.0,0.3333333333333333,0.7,0.26666666666666666,0.3333333333333333,0.3333333333333333,0.2033333333333333,0.1388888888888889,0.06444444444444442,0.0,0.0,0.3333333333333333,0.2,0.08333333333333334,0.9194819778160878,0.9462590719545203,0.16666666666666666,0.0,0.0,0.0
su9_vj_2160,chuong_cu,1.0,3.0,2.6666666666666665,0.45454545454545453,2.142857142857143,,0.0,0.0,0.004828889355448247,0.6666666666666666,0.5555555555555555,0.7777777777777778,0.7314814814814815,0.4666666666666666,0.4518518518518518,0.4444444444444444,0.5,0.3232323232323232,0.3265151515151515,-0.003282828282828276,0.18181818181818182,0.3333333333333333,0.5111111111111111,0.7777777777777777,0.0366161616161616,0.9364332521560639,0.9456681859149618,0.0,0.0,0.0,0.0
su9_vj_2161,chuong_cu,1.0,1.0,1.0,0.75,1.5,,0.0,0.0,0.06697459584295612,0.0,0.0,0.0,0.0,0.2,0.15555555555555556,0.5,0.16666666666666666,0.40747252747252743,0.10054945054945055,0.30692307692307685,0.038461538461538464,0.5,0.5714285714285714,0.4666666666666666,0.03388278388278389,0.9227164135574273,0.9363751053664064,0.3333333333333333,0.0,0.0,0.0
su9_vj_2162,chuong_cu,0.0,0.0,0.0,0.0,,,0.0,0.0,0.0,0.0,0.0,0.0,0.0,0.0,0.0,0.0,0.0,,0.0,,0.0,0.0,0.0,,0.0,0.93477041697549,0.9747632493941116,,0.0,0.0,0.0
su9_vj_2163,chuong_cu,0.5,0.0,0.6666666666666666,1.0,3.0,3.0,0.0,0.0,0.009237875288683603,0.0,0.0,0.0,0.0,0.0,0.0,0.0,0.0,0.11249999999999999,0.07083333333333333,0.04166666666666666,0.0,0.0,0.0,0.25,0.07083333333333333,0.9248049823308346,0.9283107542031785,,0.0,0.0,0.0
su9_vj_2164,chuong_cu,0.5,1.0,0.3333333333333333,1.0,2.5,,0.0,0.0,0.006928406466512702,0.0,0.0,0.0,0.0,0.1,0.03333333333333333,0.16666666666666666,0.16666666666666666,,0.09027777777777778,,0.0,0.0,0.25,,0.09027777777777778,0.9123229367421057,0.9354090267520817,0.3333333333333333,0.0,0.0,0.0
su9_vj_2165,chuong_cu,0.0,0.0,0.0,0.0,,,0.0,0.0,0.0,0.0,0.0,0.0,0.0,0.0,0.0,0.0,0.0,,0.0,,0.0,0.0,0.0,,0.0,0.9191417399739948,0.9553778625048004,,0.0,0.0,0.0
su9_vj_2166,chuong_cu,0.5,0.0,1.0,0.6666666666666666,4.666666666666667,3.0,0.0,0.0,0.01770592763664357,0.0,0.0,0.0,0.0,0.0,0.0,0.0,0.25,0.0,0.06785714285714287,-0.06785714285714287,0.0,0.0,0.0,1.0,0.05000000000000001,0.9167538268424067,0.9409971543507516,,0.0,0.0,0.0
su9_vj_2167,chuong_cu,0.5,0.0,0.6666666666666666,1.0,1.0,,0.0,0.0,0.06581986143187066,0.0,0.0,0.0,0.0,0.0,0.0,0.0,0.5,0.125,0.34563492063492063,-0.22063492063492063,0.0,0.0,0.0,0.16666666666666666,0.34563492063492063,0.9162056295471185,0.9409395110185187,,0.0,0.0,0.0
su9_vj_2168,chuong_cu,0.0,0.0,0.0,0.0,,,0.0,0.0,0.0,0.0,0.0,0.0,0.0,0.0,0.0,0.0,0.0,,0.0,,0.0,0.0,0.0,,0.0,0.9283390882833312,0.9546151887033962,,0.0,0.0,0.0
su9_vj_2169,chuong_cu,0.5,1.0,0.6666666666666666,0.6666666666666666,2.3333333333333335,,0.0,0.0,0.005388760585065436,0.5,0.16666666666666666,1.0,0.3333333333333333,0.7,0.2333333333333333,0.5,1.0,,0.6625,,0.16666666666666666,0.5,0.5714285714285714,,0.6625,0.9370752848047795,0.9765026749341387,0.0,0.0,0.0,0.0
su9_vj_2170,chuong_cu,0.25,1.0,0.0,1.0,5.0,3.0,0.0,0.0,0.0069284064665127015,0.0,0.0,0.0,0.0,0.0,0.0,0.0,0.0,,0.01,,0.0,0.0,0.16666666666666666,,0.01,0.9136566326516781,0.9193189615796097,,0.0,0.0,0.0
su9_vj_2171,chuong_cu,1.0,1.0,1.3333333333333333,0.6,2.6,3.0,0.0,0.0,0.007390300230946882,1.0,0.5,1.0,0.6666666666666666,0.7,0.48,0.5,0.5,0.41348214285714285,0.33348214285714284,0.08000000000000002,0.0625,0.5,0.5714285714285714,0.4666666666666666,0.2563988095238095,0.9205063754191416,0.9310664072139732,0.1111111111111111,0.0,0.0,0.0
su9_vj_2172,chuong_cu,0.75,0.0,1.0,1.0,,,0.0,0.3333333333333333,0.018475750577367205,0.0,0.0,0.0,0.0,0.0,0.0,0.0,0.25,0.1,0.08173076923076923,0.018269230769230774,0.0,0.0,0.0,0.3333333333333333,0.019230769230769232,0.9362820159833845,0.8795707242882058,,0.0,0.0,0.0
su9_vj_2173,chuong_cu,0.25,0.0,0.3333333333333333,1.0,3.0,,0.0,0.0,0.0023094688221709007,0.0,0.0,0.0,0.0,0.0,0.0,0.0,0.27777777777777773,,0.06944444444444443,,0.0,0.0,0.0,,0.05277777777777777,0.923187085553275,0.9370885858348675,,0.0,0.0,0.0
su9_vj_2174,chuong_cu,0.75,0.0,1.3333333333333333,0.5,1.0,,0.0,0.0,0.0040415704387990765,0.0,0.0,0.0,0.0,0.0,0.0,0.0,0.0,0.07083333333333333,0.020833333333333332,0.05,0.08333333333333333,0.0,0.0,0.6666666666666666,0.020833333333333332,0.9080426903291939,0.94404677112673,,0.0,0.0,0.0
su9_vj_2175,chuong_cu,0.0,0.0,0.0,0.0,,,0.0,0.0,0.0,0.0,0.0,0.0,0.0,0.0,0.0,0.0,0.0,,0.0,,0.0,0.0,0.0,,0.0,0.9213616762779179,0.9653082732083448,,0.0,0.0,0.0
su9_vj_2176,chuong_cu,0.25,0.0,0.3333333333333333,1.0,3.0,,0.0,0.0,0.020785219399538105,0.0,0.0,0.0,0.0,0.0,0.0,0.0,0.0,,0.05,,0.0,0.0,0.0,,0.05,0.9198943815296616,0.924839115219945,,0.0,0.0,0.0
su9_vj_2177,chuong_cu,1.0,1.0,1.3333333333333333,1.0,2.4,3.0,0.0,0.0,0.005080831408775981,0.0,0.0,0.0,0.0,0.2,0.15,0.0,1.0,0.1495879120879121,0.6192307692307693,-0.46964285714285714,0.07692307692307693,0.0,0.0,0.13095238095238096,0.5567307692307693,0.9313594461613819,0.9481625853762858,1.0,0.0,0.0,0.0
su9_vj_2178,chuong_cu,0.25,0.0,0.3333333333333333,1.0,3.0,,0.0,0.0,0.0023094688221709007,0.0,0.0,0.0,0.0,0.0,0.0,0.0,0.3333333333333333,,0.08333333333333333,,0.2,0.0,0.0,,0.08333333333333333,0.9263423792078779,0.949603524407967,,0.0,0.0,0.0
su9_vj_2179,chuong_cu,0.25,0.0,0.3333333333333333,1.0,2.0,,0.0,0.0,0.011547344110854504,0.0,0.0,0.0,0.0,0.0,0.0,0.0,0.6666666666666666,,0.3583333333333333,,0.0,0.0,0.0,,0.32499999999999996,0.9213218150878978,0.9630418154317434,,0.0,0.0,0.0
su9_vj_2180,chuong_cu,1.0,1.0,1.0,1.0,2.25,,0.0,0.0,0.0040415704387990765,0.0,0.0,0.0,0.0,0.2,0.16666666666666666,1.0,0.0,0.8309523809523809,0.13095238095238096,0.7,0.35714285714285715,1.0,1.0,0.05555555555555555,0.07738095238095238,0.9296958103042615,0.9554027753072813,0.5833333333333334,0.0,0.0,0.0
su9_vj_2181,chuong_cu,0.75,1.0,0.6666666666666666,0.6666666666666666,3.3333333333333335,,0.0,0.0,0.026943802925327175,1.0,0.3333333333333333,1.0,0.3333333333333333,0.7,0.25555555555555554,0.625,0.625,0.49391233766233766,0.3653409090909091,0.12857142857142856,0.13636363636363635,0.5,0.625,0.14285714285714285,0.35397727272727275,0.9179082632493858,0.9114680003791397,0.25,0.0,0.0,0.0
su9_vj_2182,chuong_cu,1.0,1.0,1.6666666666666667,0.8333333333333334,2.2,,0.0,0.0,0.0034642032332563508,1.0,0.3333333333333333,1.0,0.3333333333333333,0.7,0.32222222222222224,0.0,0.25,0.18798245614035086,0.0756578947368421,0.11232456140350876,0.10526315789473684,0.0,0.16666666666666666,0.19999999999999998,0.03399122807017544,0.9238147646238225,0.9597435138577435,0.25,0.0,0.0,0.0
su9_vj_2183,chuong_cu,0.25,0.0,0.3333333333333333,1.0,1.0,,0.0,0.0,0.004618937644341801,0.0,0.0,0.0,0.0,0.0,0.0,0.0,0.0,,0.03571428571428571,,0.0,0.0,0.0,,0.03571428571428571,0.9108078398520749,0.9646851729983396,,0.0,0.0,0.0
su9_vj_2184,chuong_cu,1.0,1.0,1.3333333333333333,1.0,2.5,,0.0,0.5,0.026327944572748268,0.0,0.0,0.5,0.4166666666666667,0.0,0.0,0.375,0.375,0.2042892156862745,0.09375,0.1105392156862745,0.058823529411764705,0.0,0.375,0.3611111111111111,0.022794117647058826,0.9270979547323116,0.9103640655219297,0.13888888888888887,0.0,0.0,0.0
su9_vj_2185,chuong_cu,1.0,1.0,1.3333333333333333,1.0,2.4,,0.0,0.0,0.032794457274826785,0.0,0.0,0.25,0.08333333333333333,0.2,0.16666666666666666,1.0,0.25,0.7731746031746032,0.09027777777777778,0.6828968253968254,0.2222222222222222,1.0,1.0,0.21587301587301586,0.04861111111111111,0.9172880112407525,0.9469236166660211,0.36111111111111116,0.0,0.0,0.0
su9_vj_2186,chuong_cu,0.75,0.0,1.6666666666666667,1.0,3.6666666666666665,3.0,0.0,1.0,0.008314087759815241,0.0,0.0,0.0,0.0,0.0,0.0,0.0,0.5,0.11249999999999999,0.125,-0.012500000000000011,0.0,0.0,0.0,0.25,0.04166666666666667,0.9319080531206853,0.9419215014913761,,0.0,0.0,0.0
su9_vj_2187,chuong_cu,1.0,1.0,1.0,1.0,2.5,,0.0,0.0,0.002886836027713626,0.0,0.0,0.0,0.0,0.2,0.13333333333333333,0.0,0.0,0.1968720821661998,0.07983193277310924,0.11704014939309057,0.11764705882352941,0.0,0.14285714285714285,0.12169312169312169,0.00932539682539682,0.9172473976889064,0.9456535753987025,0.47222222222222227,0.0,0.0,0.0
su9_vj_2189,chuong_cu,0.75,1.0,0.6666666666666666,1.0,1.6666666666666667,,0.0,0.0,0.003849114703618168,0.0,0.0,0.3333333333333333,0.19444444444444442,0.2,0.10000000000000002,0.3333333333333333,0.5,0.27,0.14166666666666666,0.12833333333333335,0.26666666666666666,0.0,0.3333333333333333,0.2,0.125,0.9467575623089105,0.9234401691184682,0.20833333333333331,0.0,0.0,0.0
su9_vj_2190,chuong_cu,0.25,0.0,0.3333333333333333,1.0,1.0,,0.0,0.0,0.12702078521939952,0.0,0.0,0.0,0.0,0.0,0.0,0.0,0.75,,0.4041666666666667,,0.16666666666666666,0.0,0.0,,0.4041666666666667,0.9406269980235031,0.9370374265715825,,0.0,0.0,0.0
su9_vj_2191,chuong_cu,0.5,1.0,0.3333333333333333,1.0,3.5,3.0,0.0,0.0,0.005773672055427252,0.0,0.0,0.0,0.0,0.05,0.016666666666666666,0.0,0.08333333333333333,,0.05416666666666667,,0.0,0.0,0.0,,0.05416666666666667,0.9179141561721031,0.9411564228081202,1.0,0.0,0.0,0.0
su9_vj_2192,chuong_cu,1.0,1.0,1.0,1.0,3.25,3.0,0.0,0.0,0.006928406466512702,0.0,0.0,0.0,0.0,0.2,0.09666666666666668,0.25,0.3333333333333333,0.19999999999999998,0.08333333333333333,0.11666666666666665,0.0,0.0,0.25,0.08333333333333333,0.041666666666666664,0.9126405300304313,0.9347053277103826,0.6111111111111112,0.0,0.0,0.0
su9_vj_2193,chuong_cu,1.0,1.0,1.6666666666666667,0.5,2.0,,0.0,0.0,0.008468052347959968,1.0,0.3333333333333333,1.0,0.3333333333333333,0.7,0.3,0.3333333333333333,0.6666666666666666,0.3532446311858076,0.4727124183006536,-0.11946778711484596,0.17647058823529413,0.3333333333333333,0.4365079365079365,0.4444444444444444,0.1880952380952381,0.9344402941359291,0.9686775406602812,0.2777777777777778,0.0,0.0,0.0
su9_vj_2194,chuong_cu,1.0,5.0,1.6666666666666667,0.8,2.3333333333333335,3.0,0.0,0.2,0.012702078521939952,0.2,0.11428571428571428,0.45,0.21666666666666667,0.25,0.19555555555555557,0.29166666666666663,0.125,0.1971463585434174,0.07095588235294117,0.12619047619047621,0.058823529411764705,0.0,0.29166666666666663,0.2698412698412698,0.02928921568627451,0.9372344908230609,0.9375458376684457,0.1111111111111111,0.0,0.0,0.0
su9_vj_2195,chuong_cu,0.75,1.0,0.6666666666666666,1.0,2.0,,0.0,0.0,0.004618937644341801,0.0,0.0,0.3333333333333333,0.2222222222222222,0.2,0.13333333333333333,0.3333333333333333,0.25,0.18333333333333335,0.0625,0.12083333333333335,0.0,0.0,0.3333333333333333,0.3333333333333333,0.0625,0.9366871368362258,0.9493964426063928,0.16666666666666666,0.0,0.0,0.0
su9_vj_2196,chuong_cu,1.0,1.0,1.0,0.5,3.0,,0.0,0.0,0.0023094688221709007,1.0,0.6666666666666666,1.0,0.6666666666666666,0.7,0.5333333333333333,0.3333333333333333,0.3333333333333333,0.31813131313131315,0.23813131313131314,0.08000000000000002,0.030303030303030304,0.3333333333333333,0.45555555555555555,0.4666666666666666,0.18333333333333335,0.92119607150924,0.8535980322433963,0.1111111111111111,0.0,0.0,0.0
su9_vj_2197,chuong_cu,1.0,2.0,1.6666666666666667,0.7142857142857143,2.25,,0.5,0.4,0.03266248762784559,0.5,0.27777777777777773,0.6666666666666666,0.4861111111111111,0.2833333333333333,0.19444444444444445,0.5625,0.29166666666666663,0.33090277777777777,0.08020833333333333,0.25069444444444444,0.1111111111111111,0.25,0.5625,0.5,0.01354166666666666,0.927106776398006,0.9454028935914475,0.05555555555555555,0.0,0.0,0.0
su9_vj_2198,chuong_cu,1.0,2.0,1.3333333333333333,0.8333333333333334,2.6666666666666665,,0.0,0.5,0.008468052347959968,0.0,0.0,0.3333333333333333,0.15277777777777776,0.0,0.0,0.29166666666666663,0.41666666666666663,0.17672619047619048,0.13988095238095238,0.0368452380952381,0.09523809523809523,0.0,0.29166666666666663,0.4666666666666666,0.06547619047619048,0.919235078280898,0.8901198280525978,0.25,0.0,0.0,0.0
su9_vj_2199,chuong_cu,1.0,2.0,1.3333333333333333,0.6666666666666666,3.0,,0.0,0.0,0.005388760585065436,0.5,0.3333333333333333,0.5,0.3888888888888889,0.35,0.2333333333333333,0.16666666666666666,0.16666666666666666,0.15982456140350879,0.06940789473684211,0.09041666666666667,0.05263157894736842,0.0,0.26666666666666666,0.4666666666666666,0.002741228070175447,0.9300855217680506,0.8585941791636142,0.05555555555555555,0.0,0.0,0.0
su9_vj_2200,chuong_cu,0.5,1.0,0.3333333333333333,1.0,2.5,,0.0,0.0,0.010392609699769052,0.0,0.0,0.0,0.0,0.1,0.03333333333333333,1.0,0.0,,0.06923076923076923,,0.0,1.0,1.0,,0.06923076923076923,0.9514726473671512,0.9611009523447154,0.3333333333333333,0.0,0.0,0.0
su9_vj_2201,chuong_cu,0.5,1.0,0.3333333333333333,1.0,5.0,3.0,0.0,0.0,0.0011547344110854503,0.0,0.0,0.0,0.0,0.2,0.06666666666666667,0.125,0.0,,0.0,,0.0,0.0,0.20833333333333331,,0.0,0.9074638925963774,0.9598006828333471,1.0,0.0,0.0,0.0
su9_vj_2202,chuong_cu,0.0,0.0,0.0,0.0,,,0.0,0.0,0.0,0.0,0.0,0.0,0.0,0.0,0.0,0.0,0.0,,0.057692307692307696,,0.15384615384615385,0.0,0.0,,0.019230769230769232,0.9379040448830621,0.9524269949825881,,0.0,0.0,0.0
su9_vj_2203,chuong_cu,0.75,1.0,0.6666666666666666,1.0,1.6666666666666667,,0.0,0.0,0.04618937644341801,0.0,0.0,0.3333333333333333,0.2222222222222222,0.2,0.10000000000000002,0.0,0.3333333333333333,0.15000000000000002,0.08333333333333333,0.0666666666666667,0.0,0.0,0.2,0.3333333333333333,0.08333333333333333,0.9377058003582569,0.9493964426063928,0.16666666666666666,0.0,0.0,0.0
su9_vj_2204,chuong_cu,0.5,0.0,0.6666666666666666,0.5,2.0,,0.0,0.0,0.011547344110854504,0.0,0.0,0.0,0.0,0.0,0.0,0.0,0.25,0.058823529411764705,0.09191176470588236,-0.033088235294117654,0.23529411764705882,0.0,0.0,1.0,0.09191176470588236,0.9334900934286569,0.9360498940707968,,0.0,0.0,0.0
su9_vj_2205,chuong_cu,0.5,1.0,0.3333333333333333,1.0,4.0,3.0,0.0,1.0,0.011547344110854502,0.0,0.0,0.0,0.0,0.0,0.0,0.2222222222222222,0.1111111111111111,,0.061111111111111116,,0.0,0.0,0.2888888888888889,,0.046405228758169936,0.9238744880438486,0.9557499267740632,0.5,0.0,0.0,0.0
su9_vj_2206,chuong_cu,1.0,2.0,1.3333333333333333,0.6666666666666666,2.1666666666666665,,0.0,0.0,0.051193225558121634,0.5,0.16666666666666666,0.5,0.3611111111111111,0.39999999999999997,0.2111111111111111,0.5555555555555555,0.5277777777777778,0.3731746031746031,0.27242063492063495,0.10075396825396815,0.19047619047619047,0.3333333333333333,0.5555555555555555,0.5333333333333333,0.16646825396825402,0.915319583793315,0.9249936250162081,0.1111111111111111,0.0,0.0,0.0
su9_vj_2207,chuong_cu,0.0,0.0,0.0,0.0,,,0.0,0.0,0.0,0.0,0.0,0.0,0.0,0.0,0.0,0.0,0.0,,0.05,,0.2,0.0,0.0,,0.0,0.917184800836636,0.9421216376403914,,0.0,0.0,0.0
su9_vj_2208,chuong_cu,1.0,1.0,1.3333333333333333,0.8,2.6666666666666665,,0.0,0.0,0.006466512702078523,0.0,0.0,0.3333333333333333,0.27777777777777773,0.1,0.06666666666666667,0.29166666666666663,0.25,0.16854166666666667,0.0625,0.10604166666666667,0.0625,0.0,0.29166666666666663,0.4666666666666666,0.012499999999999997,0.9330984131369542,0.8716675890592966,0.2222222222222222,0.0,0.0,0.0
su9_vj_2209,chuong_cu,1.0,1.0,1.3333333333333333,1.0,1.0,,0.0,0.0,0.005542725173210162,0.0,0.0,0.3333333333333333,0.3055555555555555,0.2,0.20000000000000004,0.3333333333333333,0.5,0.19166666666666668,0.125,0.06666666666666668,0.0,0.0,0.3333333333333333,0.27777777777777773,0.075,0.9462890021836524,0.9590708862353491,0.19444444444444442,0.0,0.0,0.0
su9_vj_2210,chuong_cu,1.0,2.0,1.6666666666666667,0.5714285714285714,2.0,3.0,0.0,0.0,0.020125371164632137,0.5,0.38888888888888884,0.5,0.5,0.39999999999999997,0.38888888888888884,0.6666666666666666,0.6666666666666666,0.456140350877193,0.4074561403508772,0.04868421052631583,0.15789473684210525,0.5,0.6666666666666666,0.5,0.02631578947368418,0.9303621395979,0.9383865141406824,0.0,0.0,0.0,0.0
su9_vj_2211,chuong_cu,0.75,1.0,1.6666666666666667,0.8333333333333334,3.5,3.0,0.0,0.0,0.032332563510392605,0.0,0.0,0.3333333333333333,0.1111111111111111,0.2,0.10000000000000002,0.29166666666666663,0.75,0.17291666666666666,0.39191176470588235,-0.21899509803921569,0.0,0.0,0.29166666666666663,0.3333333333333333,0.39191176470588235,0.934206299493705,0.9414874220171221,0.3333333333333333,0.0,0.0,0.0
su9_vj_2212,chuong_cu,1.0,2.0,1.3333333333333333,0.8333333333333334,2.0,,0.0,0.0,0.012317167051578136,0.5,0.16666666666666666,0.625,0.3055555555555555,0.39999999999999997,0.2111111111111111,0.29166666666666663,0.41666666666666663,0.1981578947368421,0.12554824561403508,0.07260964912280701,0.05263157894736842,0.0,0.29166666666666663,0.25277777777777777,0.029824561403508754,0.929128750289992,0.9141982782125027,0.13888888888888887,0.0,0.0,0.0
su9_vj_2213,chuong_cu,0.5,0.0,1.0,1.0,2.3333333333333335,3.0,0.0,0.0,0.003079291762894534,0.0,0.0,0.0,0.0,0.0,0.0,0.0,0.3333333333333333,0.13994360902255637,0.09649122807017543,0.04345238095238094,0.05263157894736842,0.0,0.0,0.15476190476190477,0.08333333333333333,0.9369805069098921,0.9481609680556149,,0.0,0.0,0.0
su9_vj_2214,chuong_cu,0.25,1.0,0.0,1.0,1.0,,0.0,0.0,0.12702078521939952,0.0,0.0,0.0,0.0,0.0,0.0,0.4444444444444444,0.0,,0.05555555555555555,,0.1111111111111111,0.3333333333333333,0.5111111111111111,,0.05555555555555555,0.9123741973936126,0.9501292886821365,,0.0,0.0,0.0
su9_vj_2215,chuong_cu,1.0,1.0,1.0,0.75,4.5,3.0,0.0,0.0,0.0023094688221709007,1.0,0.3333333333333333,1.0,0.3333333333333333,0.7,0.3,0.125,0.125,0.2008333333333333,0.0875,0.11333333333333331,0.125,0.0,0.225,0.24444444444444446,0.007142857142857145,0.9253081395636742,0.9259684387397752,0.2222222222222222,0.0,0.0,0.0
su9_vj_2216,chuong_cu,0.75,1.0,0.6666666666666666,1.0,2.5,,0.0,0.0,0.007698229407236336,0.0,0.0,0.25,0.08333333333333333,0.0,0.0,0.25,0.3333333333333333,0.2025,0.09333333333333332,0.10916666666666669,0.08,0.0,0.25,0.2,0.08333333333333333,0.9202596633160639,0.9573959089593924,0.33333333333333337,0.0,0.0,0.0
su9_vj_2217,chuong_cu,1.0,1.0,1.0,1.0,1.0,,0.0,0.0,0.005773672055427252,0.0,0.0,0.25,0.16666666666666666,0.0,0.0,0.3333333333333333,0.3333333333333333,0.19166666666666668,0.08333333333333333,0.10833333333333335,0.0,0.0,0.3333333333333333,0.27777777777777773,0.02083333333333333,0.9267082379826004,0.9732673824233672,0.27777777777777773,0.0,0.0,0.0
su9_vj_2218,chuong_cu,0.75,1.0,0.6666666666666666,1.0,1.5,,1.0,0.0,0.01770592763664357,0.0,0.0,0.0,0.0,0.0,0.0,0.1875,0.08333333333333333,0.1871672077922078,0.07689393939393939,0.11027326839826841,0.045454545454545456,0.0,0.2232142857142857,0.2,0.06553030303030302,0.9241070301855356,0.9452506615423383,0.375,0.0,0.0,0.0
su9_vj_2219,chuong_cu,0.0,0.0,0.0,0.0,,,0.0,0.0,0.0,0.0,0.0,0.0,0.0,0.0,0.0,0.0,0.0,,0.027777777777777776,,0.1111111111111111,0.0,0.0,,0.0,0.9299939676523614,0.9624611439977582,,0.0,0.0,0.0
su9_vj_2220,chuong_cu,0.75,2.0,0.6666666666666666,1.0,1.6666666666666667,,0.0,0.5,0.018475750577367205,0.0,0.0,0.25,0.13888888888888887,0.15000000000000002,0.05000000000000001,0.16666666666666666,0.16666666666666666,0.18666666666666665,0.06666666666666667,0.11999999999999998,0.0,0.0,0.26666666666666666,0.2,0.06666666666666667,0.911955911079384,0.9711843763830724,0.20833333333333331,0.0,0.0,0.0
su9_vj_2221,chuong_cu,0.5,0.0,1.3333333333333333,0.75,1.0,,0.0,0.0,0.004618937644341801,0.0,0.0,0.0,0.0,0.0,0.0,0.0,0.3333333333333333,0.0,0.08333333333333333,-0.08333333333333333,0.0,0.0,0.0,1.0,0.06666666666666667,0.9195530517890379,0.9442833689047836,,0.0,0.0,0.0
su9_vj_2222,chuong_cu,1.0,1.0,1.0,0.75,2.25,,0.0,0.0,0.005196304849884526,0.0,0.0,0.0,0.0,0.2,0.16666666666666666,0.1111111111111111,0.1111111111111111,0.23373015873015873,0.12281746031746033,0.11091269841269841,0.35714285714285715,0.0,0.24444444444444446,0.4444444444444444,0.008134920634920634,0.9269359540861972,0.9411865401275296,0.3611111111111111,0.0,0.0,0.0
su9_vj_2223,chuong_cu,0.0,0.0,0.0,0.0,,,0.0,0.0,0.0,0.0,0.0,0.0,0.0,0.0,0.0,0.0,0.0,,0.025,,0.0,0.0,0.0,,0.025,0.9119058830109208,0.9703146254665924,,0.0,0.0,0.0
su9_vj_2224,chuong_cu,1.0,1.0,1.0,1.0,1.75,,0.0,0.0,0.03695150115473441,0.0,0.0,0.3333333333333333,0.19444444444444442,0.2,0.12222222222222223,0.3333333333333333,0.0,0.273538961038961,0.07272727272727272,0.2008116883116883,0.2727272727272727,0.0,0.3333333333333333,0.1865079365079365,0.03701298701298701,0.9240545373265239,0.9489458773406783,0.25,0.0,0.0,0.0
su9_vj_2225,chuong_cu,0.5,0.0,0.6666666666666666,1.0,5.0,3.0,0.0,0.0,0.0034642032332563508,0.0,0.0,0.0,0.0,0.0,0.0,0.0,0.0,0.14411764705882354,0.05,0.09411764705882354,0.17647058823529413,0.0,0.0,0.3333333333333333,0.03529411764705882,0.9270645048069821,0.9416614595864239,,0.0,0.0,0.0
su9_vj_2226,chuong_cu,0.75,1.0,0.6666666666666666,1.0,4.0,3.0,0.0,0.5,0.009237875288683603,0.0,0.0,0.0,0.0,0.06666666666666667,0.022222222222222223,0.0,0.0,0.15416666666666665,0.041666666666666664,0.11249999999999999,0.0,0.0,0.16666666666666666,0.25,0.041666666666666664,0.9168663992595186,0.9477387954712425,0.375,0.0,0.0,0.0
su9_vj_2227,chuong_cu,1.0,1.0,1.0,1.0,1.0,,0.0,0.0,0.005196304849884526,0.0,0.0,0.3333333333333333,0.3055555555555555,0.2,0.20000000000000004,0.3333333333333333,0.3333333333333333,0.19166666666666668,0.08333333333333333,0.10833333333333335,0.0,0.0,0.3333333333333333,0.27777777777777773,0.033333333333333326,0.9432166134475102,0.9424740665928769,0.19444444444444442,0.0,0.0,0.0
su9_vj_2228,chuong_cu,0.25,0.0,0.6666666666666666,1.0,5.0,3.0,0.0,0.0,0.0034642032332563508,0.0,0.0,0.0,0.0,0.0,0.0,0.0,0.29166666666666663,,0.07291666666666666,,0.05555555555555555,0.0,0.0,,0.07291666666666666,0.9341184888569414,0.9305461125469803,,0.0,0.0,0.0
su9_vj_2229,chuong_cu,1.0,2.0,2.3333333333333335,0.8888888888888888,2.3333333333333335,,0.0,0.0,0.02745701821914293,0.25,0.08333333333333333,0.6666666666666666,0.3333333333333333,0.44999999999999996,0.21666666666666665,0.4166666666666667,0.75,0.3924603174603175,0.4833333333333333,-0.09087301587301577,0.16666666666666666,0.3333333333333333,0.47222222222222227,0.2261904761904762,0.4208333333333333,0.895687556825203,0.9414109556063814,0.19444444444444445,0.0,0.0,0.0
su9_vj_2230,chuong_cu,1.0,2.0,1.0,0.8,1.0,,0.0,0.0,0.006466512702078521,0.5,0.16666666666666666,0.625,0.38888888888888884,0.35,0.18333333333333335,1.0,0.25,0.7083333333333334,0.0625,0.6458333333333334,0.0,1.0,1.0,0.27777777777777773,0.0,0.9275852921311757,0.958167257524072,0.13888888888888887,0.0,0.0,0.0
su9_vj_2235,chuong_cu,1.0,2.0,1.0,1.0,3.2,3.0,0.0,0.0,0.017551963048498844,0.0,0.0,0.3333333333333333,0.1111111111111111,0.125,0.11111111111111112,0.3333333333333333,0.3333333333333333,0.2620238095238095,0.08333333333333333,0.17869047619047618,0.25,0.0,0.3333333333333333,0.2253968253968254,0.016369047619047616,0.9497949297813146,0.9227607744095032,0.27777777777777773,0.0,0.0,0.0
su9_vj_2236,chuong_cu,0.75,2.0,0.6666666666666666,1.0,2.25,,0.0,0.0,0.01789838337182448,0.0,0.0,0.25,0.13888888888888887,0.2,0.10000000000000002,0.3333333333333333,1.0,0.17916666666666664,0.6625,-0.48333333333333334,0.08333333333333333,0.0,0.3333333333333333,0.5,0.6416666666666666,0.9209824555541101,0.9324344828527046,0.125,0.0,0.0,0.0
su9_vj_2237,chuong_cu,0.75,1.0,1.0,0.75,3.5,3.0,0.0,0.0,0.03002309468822171,0.0,0.0,0.3333333333333333,0.2222222222222222,0.05,0.03333333333333333,0.1111111111111111,0.2222222222222222,0.12777777777777777,0.06944444444444443,0.058333333333333334,0.26666666666666666,0.0,0.24444444444444446,1.0,0.05277777777777777,0.9349065311388457,0.9376155095641022,0.16666666666666666,0.0,0.0,0.0
su9_vj_2238,chuong_cu,0.25,0.0,0.3333333333333333,1.0,3.0,,0.0,0.0,0.011547344110854504,0.0,0.0,0.0,0.0,0.0,0.0,0.0,0.19444444444444442,,0.07916666666666666,,0.05555555555555555,0.0,0.0,,0.07916666666666666,0.9072996848281805,0.972944612371458,,0.0,0.0,0.0
su9_vj_2239,chuong_cu,0.5,1.0,0.3333333333333333,1.0,1.0,,0.0,0.0,0.0034642032332563508,0.0,0.0,0.3333333333333333,0.1111111111111111,0.2,0.06666666666666667,0.25,0.25,,0.08333333333333333,,0.0,0.0,0.3333333333333333,,0.08333333333333333,0.9214897270387407,0.9354387704513054,0.16666666666666666,0.0,0.0,0.0
su9_vj_2240,chuong_cu,1.0,1.0,1.3333333333333333,1.0,1.0,,0.0,0.0,0.04434180138568129,0.0,0.0,0.0,0.0,0.2,0.20000000000000004,0.0,0.611111111111111,0.1683531746031746,0.323015873015873,-0.1546626984126984,0.14285714285714285,0.0,0.18888888888888888,0.4305555555555555,0.24662698412698408,0.9341750647074762,0.946292518960691,0.3611111111111111,0.0,0.0,0.0
su9_vj_2241,chuong_cu,0.75,1.0,0.6666666666666666,1.0,3.6666666666666665,3.0,0.0,0.0,0.023094688221709004,0.0,0.0,0.3333333333333333,0.2222222222222222,0.1,0.05555555555555556,0.4444444444444444,0.1111111111111111,0.41429824561403505,0.08117690058479532,0.33312134502923973,0.21052631578947367,0.3333333333333333,0.5,0.2,0.06801900584795322,0.9214632505794543,0.9451766409362612,0.16666666666666666,0.0,0.0,0.0
su9_vj_2242,chuong_cu,0.5,1.0,0.3333333333333333,1.0,3.5,,0.0,0.0,0.026558891454965358,0.0,0.0,0.3333333333333333,0.1111111111111111,0.1,0.03333333333333333,0.3333333333333333,0.3333333333333333,,0.08333333333333333,,0.0625,0.0,0.3333333333333333,,0.08333333333333333,0.9176467295255641,0.9333832784193007,0.16666666666666666,0.0,0.0,0.0
su9_vj_2243,chuong_cu,1.0,1.0,1.6666666666666667,1.0,1.8333333333333333,,0.0,0.0,0.016166281755196306,0.0,0.0,0.3333333333333333,0.19444444444444442,0.06666666666666667,0.061111111111111116,0.6666666666666666,0.25,0.538452380952381,0.06666666666666667,0.47178571428571436,0.35714285714285715,0.5,0.6666666666666666,0.2833333333333333,0.007142857142857145,0.9296065118347578,0.9236538746441123,0.2777777777777778,0.0,0.0,0.0
su9_vj_2244,chuong_cu,0.5,1.0,0.3333333333333333,1.0,4.0,3.0,0.0,0.0,0.005773672055427252,0.0,0.0,0.25,0.08333333333333333,0.0,0.0,0.25,0.0,,0.05,,0.0,0.0,0.25,,0.05,0.9093170269425032,0.9460653167828247,0.25,0.0,0.0,0.0
su9_vj_2245,chuong_cu,1.0,1.0,1.0,1.0,3.5,3.0,0.0,0.0,0.02367205542725173,0.0,0.0,0.3333333333333333,0.2222222222222222,0.1,0.07222222222222223,0.3333333333333333,1.0,0.19666666666666666,0.6147058823529412,-0.41803921568627456,0.0,0.0,0.3333333333333333,0.24444444444444446,0.5647058823529412,0.9255860644270514,0.9640589800493273,0.2222222222222222,0.0,0.0,0.0
su9_vj_2246,chuong_cu,0.5,0.0,1.3333333333333333,1.0,1.5,,0.0,0.0,0.044457274826789836,0.0,0.0,0.0,0.0,0.0,0.0,0.0,0.3333333333333333,0.17507352941176468,0.12745098039215685,0.04762254901960783,0.23529411764705882,0.0,0.0,0.225,0.0980392156862745,0.9331381776646462,0.8777951814649968,,0.0,0.0,0.0
su9_vj_2247,chuong_cu,0.75,1.0,0.6666666666666666,0.6666666666666666,1.3333333333333333,,0.0,0.0,0.027713625866050806,1.0,0.3333333333333333,1.0,0.4166666666666667,0.7,0.26666666666666666,0.3333333333333333,0.3333333333333333,0.21369047619047618,0.08333333333333333,0.13035714285714284,0.07142857142857142,0.0,0.3333333333333333,0.25,0.06547619047619047,0.9386880241786112,0.9109233427201527,0.125,0.0,0.0,0.0
su9_vj_2248,chuong_cu,0.75,2.0,1.0,0.8,2.2,,0.0,0.0,0.022170900692840646,0.3333333333333333,0.1111111111111111,0.625,0.3055555555555555,0.39999999999999997,0.15277777777777776,1.0,0.3333333333333333,0.7440277777777777,0.08333333333333333,0.6606944444444444,0.1111111111111111,1.0,1.0,0.225,0.05555555555555555,0.8912454359985897,0.938962922687426,0.08333333333333333,0.0,0.0,0.0
su9_vj_2249,chuong_cu,1.0,2.0,1.3333333333333333,0.8333333333333334,2.8333333333333335,3.0,0.0,0.0,0.007313317936874519,0.5,0.16666666666666666,0.5,0.27777777777777773,0.39999999999999997,0.21944444444444444,0.16666666666666666,0.6666666666666666,0.207953431372549,0.37107843137254903,-0.16312500000000002,0.11764705882352941,0.0,0.26666666666666666,0.25416666666666665,0.3115546218487395,0.9240027809973976,0.9517191844327776,0.16666666666666666,0.0,0.0,0.0
su9_vj_2250,chuong_cu,0.5,0.0,0.6666666666666666,1.0,3.5,,0.0,0.0,0.02540415704387991,0.0,0.0,0.0,0.0,0.0,0.0,0.0,0.4444444444444444,0.11136363636363637,0.2871212121212121,-0.17575757575757572,0.045454545454545456,0.0,0.0,0.3333333333333333,0.27575757575757576,0.9220556382232149,0.9492132420684282,,0.0,0.0,0.0
su9_vj_2251,chuong_cu,0.25,0.0,0.3333333333333333,1.0,,,0.0,1.0,0.009237875288683603,0.0,0.0,0.0,0.0,0.0,0.0,0.0,0.25,,0.09027777777777778,,0.0,0.0,0.0,,0.09027777777777778,0.9220331774396483,0.9457919594793639,,0.0,0.0,0.0
su9_vj_2252,chuong_cu,0.25,0.0,0.3333333333333333,1.0,5.0,3.0,0.0,0.0,0.0,0.0,0.0,0.0,0.0,0.0,0.0,0.0,0.0,,0.020833333333333332,,0.041666666666666664,0.0,0.0,,0.010416666666666666,0.9222067952482056,0.9622127173282435,,0.0,0.0,0.0
su9_vj_2253,chuong_cu,0.0,0.0,0.0,0.0,,,0.0,0.0,0.0,0.0,0.0,0.0,0.0,0.0,0.0,0.0,0.0,,0.022727272727272728,,0.0,0.0,0.0,,0.022727272727272728,0.9084047666903845,0.9490316430448348,,0.0,0.0,0.0
su9_vj_2254,chuong_cu,0.75,1.0,1.0,0.75,2.75,3.0,0.0,0.0,0.03175519630484988,0.0,0.0,0.3333333333333333,0.2222222222222222,0.1,0.05000000000000001,0.4444444444444444,0.1111111111111111,0.35666666666666663,0.11111111111111112,0.24555555555555553,0.16,0.3333333333333333,0.5,0.5,0.11111111111111112,0.9402795607578631,0.9347631532672842,0.16666666666666666,0.0,0.0,0.0
su9_vj_2255,chuong_cu,0.5,1.0,0.6666666666666666,0.6666666666666666,2.3333333333333335,,0.0,0.0,0.01308698999230177,0.5,0.16666666666666666,1.0,0.3333333333333333,0.7,0.2333333333333333,0.5,0.5,,0.35277777777777775,,0.1111111111111111,0.5,0.6,,0.33888888888888885,0.929254280244614,0.9278607716327765,0.0,0.0,0.0,0.0
su9_vj_2256,chuong_cu,1.0,1.0,1.0,0.75,3.0,,0.0,0.0,0.03233256351039261,1.0,0.3333333333333333,1.0,0.5555555555555555,0.7,0.2833333333333333,0.3333333333333333,0.3333333333333333,0.1875,0.08333333333333333,0.10416666666666667,0.0,0.0,0.3333333333333333,0.3055555555555555,0.033333333333333326,0.9320111065788911,0.9302086738527552,0.1111111111111111,0.0,0.0,0.0
su9_vj_2257,chuong_cu,0.0,0.0,0.0,0.0,,,0.0,0.0,0.0,0.0,0.0,0.0,0.0,0.0,0.0,0.0,0.0,,0.03125,,0.0,0.0,0.0,,0.03125,0.9200663179302245,0.9510007143714373,,0.0,0.0,0.0
su9_vj_2258,chuong_cu,0.5,1.0,0.3333333333333333,1.0,3.0,,0.0,0.0,0.02540415704387991,0.0,0.0,0.0,0.0,0.06666666666666667,0.022222222222222223,0.625,0.16666666666666666,,0.08137254901960785,,0.17647058823529413,0.5,0.625,,0.08137254901960785,0.9378597110832142,0.9423321270357757,0.3333333333333333,0.0,0.0,0.0
su9_vj_2259,chuong_cu,0.25,1.0,0.0,1.0,5.0,3.0,0.0,0.0,0.004618937644341801,0.0,0.0,0.0,0.0,0.0,0.0,0.16666666666666666,0.0,,0.029411764705882353,,0.058823529411764705,0.0,0.26666666666666666,,0.029411764705882353,0.9322751731722494,0.945789721994779,,0.0,0.0,0.0
su9_vj_2260,chuong_cu,0.75,1.0,0.6666666666666666,1.0,2.3333333333333335,,0.0,0.0,0.023094688221709004,0.0,0.0,0.3333333333333333,0.1111111111111111,0.06666666666666667,0.03888888888888889,0.0,0.3333333333333333,0.17083333333333334,0.12681159420289856,0.04402173913043478,0.0,0.0,0.18333333333333335,0.16666666666666666,0.12681159420289856,0.9393823875734498,0.9310082151418712,0.2916666666666667,0.0,0.0,0.0
su9_vj_2261,chuong_cu,1.0,2.0,2.3333333333333335,0.7777777777777778,3.25,3.0,0.0,0.14285714285714285,0.017192712342827817,0.3333333333333333,0.19444444444444442,0.6666666666666666,0.5416666666666666,0.39999999999999997,0.29444444444444445,0.16666666666666666,0.6666666666666666,0.2416666666666667,0.45833333333333326,-0.21666666666666656,0.26666666666666666,0.0,0.26666666666666666,0.27777777777777773,0.38630952380952377,0.9342341546081185,0.9345604040054916,0.05555555555555555,0.0,0.0,0.0
su9_vj_2262,chuong_cu,0.25,1.0,0.0,1.0,3.0,,0.0,0.0,0.0023094688221709007,0.0,0.0,0.0,0.0,0.0,0.0,0.08333333333333333,0.0,,0.014705882352941176,,0.0,0.0,0.20029761904761906,,0.0,0.932956219668288,0.9462148642637384,,0.0,0.0,0.0
su9_vj_2263,chuong_cu,1.0,1.0,1.0,0.5,1.0,,0.0,0.0,0.005196304849884526,1.0,0.6666666666666666,1.0,0.6666666666666666,0.7,0.4666666666666666,0.3333333333333333,0.3333333333333333,0.30238095238095236,0.21666666666666667,0.08571428571428569,0.1,0.25,0.4166666666666667,0.42857142857142855,0.17276785714285714,0.9246661106314394,0.9502113092899919,0.16666666666666666,0.0,0.0,0.0
su9_vj_2264,chuong_cu,0.0,0.0,0.0,0.0,,,0.0,0.0,0.0,0.0,0.0,0.0,0.0,0.0,0.0,0.0,0.0,,0.0,,0.16666666666666666,0.0,0.0,,0.0,0.9299927695775629,0.9621670617489831,,0.0,0.0,0.0
su9_vj_2265,chuong_cu,0.0,0.0,0.0,0.0,,,0.0,0.0,0.0,0.0,0.0,0.0,0.0,0.0,0.0,0.0,0.0,,0.0,,0.0,0.0,0.0,,0.0,0.930623727855205,0.8047259541276208,,0.0,0.0,0.0
su9_vj_2266,chuong_cu,0.75,1.0,0.6666666666666666,1.0,2.0,,0.0,0.0,0.007698229407236336,0.0,0.0,0.3333333333333333,0.1111111111111111,0.2,0.13333333333333333,0.125,0.125,0.20625,0.05625,0.15,0.0,0.0,0.225,0.0,0.05625,0.9222426953452332,0.9572492676966541,0.5833333333333334,0.0,0.0,0.0
su9_vj_2267,chuong_cu,0.0,0.0,0.0,0.0,,,0.0,0.0,0.0,0.0,0.0,0.0,0.0,0.0,0.0,0.0,0.0,,0.038461538461538464,,0.0,0.0,0.0,,0.038461538461538464,0.9139790527136022,0.9281598399847774,,0.0,0.0,0.0
su9_vj_2268,chuong_cu,1.0,2.0,1.3333333333333333,1.0,2.8333333333333335,3.0,0.0,0.0,0.015011547344110853,0.0,0.0,0.375,0.3333333333333333,0.2,0.13333333333333333,0.27777777777777773,0.5277777777777778,0.23027777777777775,0.32361111111111107,-0.09333333333333332,0.15,0.0,0.3444444444444444,0.2888888888888889,0.24999999999999994,0.9031551628733754,0.9174340531392328,0.08333333333333333,0.0,0.0,0.0
su9_vj_2269,chuong_cu,0.0,0.0,0.0,0.0,,,0.0,0.0,0.0,0.0,0.0,0.0,0.0,0.0,0.0,0.0,0.0,,0.0375,,0.25,0.0,0.0,,0.0375,0.922134477966521,0.9489769034992631,,0.0,0.0,0.0
su9_vj_2270,chuong_cu,0.5,1.0,0.6666666666666666,0.6666666666666666,2.6666666666666665,,0.0,0.0,0.02540415704387991,0.5,0.16666666666666666,1.0,0.3333333333333333,0.7,0.2333333333333333,1.0,1.0,,0.6294117647058823,,0.17647058823529413,1.0,1.0,,0.6147058823529412,0.9226992973743071,0.9428828768552081,0.0,0.0,0.0,0.0
su9_vj_2271,chuong_cu,0.25,0.0,0.3333333333333333,1.0,1.0,,0.0,0.0,0.011547344110854504,0.0,0.0,0.0,0.0,0.0,0.0,0.0,0.0,,0.041666666666666664,,0.0,0.0,0.0,,0.010416666666666664,0.9415148693797678,0.9293218681505725,,0.0,0.0,0.0
su9_vj_2272,chuong_cu,0.75,1.0,1.6666666666666667,0.6666666666666666,2.1666666666666665,,0.0,0.0,0.013471901462663588,0.0,0.0,0.3333333333333333,0.2222222222222222,0.2,0.13333333333333333,0.16666666666666666,1.0,0.17916666666666664,0.678125,-0.49895833333333334,0.25,0.0,0.26666666666666666,0.6666666666666666,0.678125,0.924142173732825,0.9074696734707838,0.16666666666666666,0.0,0.0,0.0
su9_vj_2273,chuong_cu,0.25,0.0,0.3333333333333333,1.0,4.0,,0.0,0.0,0.03926096997690531,0.0,0.0,0.0,0.0,0.0,0.0,0.0,0.125,,0.05208333333333333,,0.05,0.0,0.0,,0.03958333333333333,0.9236619994339512,0.9394554481531379,,0.0,0.0,0.0
su9_vj_2274,chuong_cu,0.25,0.0,0.3333333333333333,1.0,5.0,3.0,0.0,0.0,0.0023094688221709007,0.0,0.0,0.0,0.0,0.0,0.0,0.0,0.125,,0.09196428571428572,,0.0,0.0,0.0,,0.05625000000000001,0.9322536473194675,0.9440162158432442,,0.0,0.0,0.0
su9_vj_2275,chuong_cu,0.25,0.0,0.3333333333333333,1.0,5.0,3.0,0.0,0.0,0.009237875288683603,0.0,0.0,0.0,0.0,0.0,0.0,0.0,0.0,,0.04595588235294118,,0.0,0.0,0.0,,0.04595588235294118,0.915004864284652,0.9361275827514158,,0.0,0.0,0.0
su9_vj_2276,chuong_cu,0.5,0.0,0.6666666666666666,1.0,3.0,,0.0,0.0,0.02540415704387991,0.0,0.0,0.0,0.0,0.0,0.0,0.0,0.4444444444444444,0.13260869565217392,0.2960144927536232,-0.16340579710144926,0.13043478260869565,0.0,0.0,0.3333333333333333,0.2960144927536232,0.9164202069224926,0.9415659716728534,,0.0,0.0,0.0
su9_vj_2279,chuong_cu,0.75,0.0,1.3333333333333333,0.5,3.25,,0.0,0.0,0.03868360277136259,0.0,0.0,0.0,0.0,0.0,0.0,0.0,0.6666666666666666,0.06315789473684211,0.4824561403508772,-0.41929824561403506,0.05263157894736842,0.0,0.0,0.6666666666666666,0.21447368421052632,0.9244141217245343,0.9353863188359789,,0.0,0.0,0.0
su9_vj_2280,chuong_cu,0.75,1.0,0.6666666666666666,1.0,1.0,,0.0,0.0,0.006158583525789068,0.0,0.0,0.3333333333333333,0.2222222222222222,0.2,0.13333333333333333,0.19444444444444442,0.19444444444444442,0.16051587301587303,0.060515873015873016,0.1,0.0,0.0,0.24206349206349206,0.3333333333333333,0.060515873015873016,0.9180054952477723,0.9563454507759452,0.16666666666666666,0.0,0.0,0.0
su9_vj_2281,chuong_cu,0.75,1.0,0.6666666666666666,1.0,1.0,,0.0,0.0,0.003849114703618168,0.0,0.0,0.3333333333333333,0.19444444444444442,0.2,0.13333333333333333,0.2222222222222222,0.3055555555555555,0.1819444444444444,0.07638888888888888,0.10555555555555553,0.0,0.0,0.27777777777777773,0.25,0.07638888888888888,0.9197357321416537,0.9492503605468459,0.20833333333333331,0.0,0.0,0.0
su9_vj_2282,chuong_cu,0.25,1.0,0.0,1.0,4.0,,0.0,0.0,0.03926096997690531,0.0,0.0,0.0,0.0,0.0,0.0,0.5,0.0,,0.029411764705882353,,0.17647058823529413,0.5,0.5833333333333334,,0.029411764705882353,0.9127011752250652,0.9401483664560178,,0.0,0.0,0.0
su9_vj_2283,chuong_cu,1.0,1.0,1.6666666666666667,0.6666666666666666,2.1666666666666665,,0.0,0.0,0.020400307929176287,0.5,0.3333333333333333,1.0,0.75,0.7,0.4888888888888889,0.375,0.75,0.19291666666666668,0.3817307692307692,-0.18881410256410253,0.0,0.0,0.375,0.33888888888888885,0.2983974358974359,0.9066409363925686,0.9385041708306049,0.08333333333333333,0.0,0.0,0.0
su9_vj_2284,chuong_cu,0.75,1.0,0.6666666666666666,0.6666666666666666,4.333333333333333,3.0,0.0,0.0,0.02617397998460354,1.0,0.3333333333333333,1.0,0.3333333333333333,0.7,0.26666666666666666,0.14583333333333331,0.14583333333333331,0.20937499999999998,0.059375,0.14999999999999997,0.0,0.0,0.2375,0.0,0.059375,0.9088995696631339,0.936024720689633,0.5,0.0,0.0,0.0
su9_vj_2285,chuong_cu,0.75,1.0,0.6666666666666666,1.0,2.6666666666666665,3.0,0.0,0.5,0.018475750577367205,0.0,0.0,0.3333333333333333,0.19444444444444442,0.05,0.030000000000000002,0.3333333333333333,0.6666666666666666,0.20964912280701753,0.3548245614035087,-0.14517543859649118,0.10526315789473684,0.0,0.3333333333333333,0.3333333333333333,0.32850877192982453,0.9231362302121887,0.9501196013542453,0.20833333333333331,0.0,0.0,0.0
su9_vj_2286,chuong_cu,1.0,2.0,1.3333333333333333,0.5,2.5,,0.0,0.0,0.0034642032332563508,0.3333333333333333,0.1111111111111111,0.75,0.25,0.44999999999999996,0.21666666666666665,0.0,0.3333333333333333,0.017857142857142856,0.24642857142857144,-0.2285714285714286,0.07142857142857142,0.0,0.0,1.0,0.0,0.9364222346809704,0.930623702891229,0.6666666666666666,0.0,0.0,0.0
su9_vj_2287,chuong_cu,0.5,2.0,0.3333333333333333,1.0,2.0,,0.0,0.0,0.010777521170130871,0.0,0.0,0.0,0.0,0.08333333333333334,0.02777777777777778,0.25,0.0,,0.05,,0.0,0.0,0.25,,0.05,0.922060311528698,0.9323535342401672,0.4166666666666667,0.0,0.0,0.0
su9_vj_2288,chuong_cu,0.5,1.0,0.3333333333333333,1.0,3.0,3.0,0.0,0.0,0.012702078521939953,0.0,0.0,0.0,0.0,0.04000000000000001,0.013333333333333336,0.0,0.0,,0.05555555555555555,,0.0,0.0,0.18333333333333335,,0.009722222222222215,0.9272304311815152,0.9426206873634307,0.3333333333333333,0.0,0.0,0.0
su9_vj_2289,chuong_cu,0.25,0.0,0.3333333333333333,1.0,3.0,,0.0,0.0,0.011547344110854504,0.0,0.0,0.0,0.0,0.0,0.0,0.0,0.19444444444444442,,0.0861111111111111,,0.08333333333333333,0.0,0.0,,0.06527777777777777,0.924154801816045,0.9676108729242745,,0.0,0.0,0.0
su9_vj_2290,chuong_cu,0.5,0.0,0.6666666666666666,1.0,3.0,,0.0,0.0,0.004618937644341801,0.0,0.0,0.0,0.0,0.0,0.0,0.0,0.0,0.12,0.065625,0.05437499999999999,0.0,0.0,0.0,0.2,0.065625,0.919182842133223,0.9385388139757118,,0.0,0.0,0.0
su9_vj_2291,chuong_cu,0.5,1.0,0.3333333333333333,0.5,4.0,,0.0,0.0,0.03926096997690531,1.0,0.3333333333333333,1.0,0.3333333333333333,0.7,0.2333333333333333,0.16666666666666666,0.16666666666666666,,0.1125,,0.2,0.0,0.25,,0.1125,0.9312293190130979,0.9385309516299616,0.0,0.0,0.0,0.0
su9_vj_2292,chuong_cu,0.0,0.0,0.0,0.0,,,0.0,0.0,0.0,0.0,0.0,0.0,0.0,0.0,0.0,0.0,0.0,,0.05,,0.0,0.0,0.0,,0.05,0.9319347060670349,0.9740737277566922,,0.0,0.0,0.0
su9_vj_2293,chuong_cu,0.0,0.0,0.0,0.0,,,0.0,0.0,0.0,0.0,0.0,0.0,0.0,0.0,0.0,0.0,0.0,,0.0,,0.0,0.0,0.0,,0.0,0.9308272255721949,0.9806238109205946,,0.0,0.0,0.0
su9_vj_2294,chuong_cu,0.25,0.0,0.6666666666666666,1.0,2.0,,0.0,0.0,0.013856812933025403,0.0,0.0,0.0,0.0,0.0,0.0,0.0,0.3333333333333333,,0.08333333333333333,,0.0,0.0,0.0,,0.05833333333333333,0.9233155190169213,0.9495850772647083,,0.0,0.0,0.0
su9_vj_2295,chuong_cu,0.75,1.0,0.6666666666666666,1.0,2.0,,0.0,0.0,0.008468052347959968,0.0,0.0,0.0,0.0,0.2,0.13333333333333333,0.125,0.0,0.20625,0.05,0.15625,0.0,0.0,0.225,0.0,0.05,0.915673706818482,0.913264582072119,0.7083333333333334,0.0,0.0,0.0
su9_vj_2296,chuong_cu,0.75,1.0,0.6666666666666666,0.6666666666666666,2.6666666666666665,,0.0,0.0,0.02540415704387991,1.0,0.3333333333333333,1.0,0.4444444444444444,0.7,0.25555555555555554,0.0,0.3333333333333333,0.15000000000000002,0.10256410256410256,0.04743589743589746,0.0,0.0,0.2,0.3333333333333333,0.08333333333333333,0.938796851884059,0.947682997119806,0.08333333333333333,0.0,0.0,0.0
su9_vj_2297,chuong_cu,0.5,0.0,0.6666666666666666,1.0,4.5,3.0,0.0,0.0,0.026558891454965358,0.0,0.0,0.0,0.0,0.0,0.0,0.0,0.625,0.11,0.33125,-0.22125,0.04,0.0,0.0,0.3333333333333333,0.32125,0.9144724698814716,0.9578909457912704,,0.0,0.0,0.0
su9_vj_2298,chuong_cu,0.75,2.0,1.0,0.8,2.2,3.0,0.0,0.0,0.017551963048498844,0.3333333333333333,0.1111111111111111,0.5,0.16666666666666666,0.3833333333333333,0.15277777777777776,0.0,0.0,0.12,0.02631578947368421,0.09368421052631579,0.0,0.0,0.0,0.2,0.02631578947368421,0.9262059439518512,0.9507499653767193,0.16666666666666666,0.0,0.0,0.0
su9_vj_2301,chuong_cu,0.25,0.0,0.3333333333333333,1.0,5.0,3.0,0.0,0.0,0.013856812933025403,0.0,0.0,0.0,0.0,0.0,0.0,0.0,0.25,,0.09027777777777778,,0.0,0.0,0.0,,0.0625,0.935475647137146,0.9324258904601288,,0.0,0.0,0.0
su9_vj_2302,chuong_cu,0.25,1.0,0.0,1.0,4.0,3.0,0.0,0.0,0.0023094688221709007,0.0,0.0,0.0,0.0,0.0,0.0,0.3333333333333333,0.0,,0.04411764705882353,,0.17647058823529413,0.0,0.3333333333333333,,0.0,0.9191923501785934,0.9357488667159551,,0.0,0.0,0.0
su9_vj_2303,chuong_cu,1.0,1.0,1.3333333333333333,1.0,1.2,,0.0,0.0,0.013394919168591224,0.0,0.0,0.3333333333333333,0.2222222222222222,0.2,0.20000000000000004,0.16666666666666666,0.5,0.17583333333333334,0.3208333333333333,-0.14499999999999996,0.0,0.0,0.25,0.24444444444444446,0.2645833333333333,0.9321535823291124,0.9520299096836374,0.2222222222222222,0.0,0.0,0.0
su9_vj_2304,chuong_cu,0.75,1.0,1.3333333333333333,0.4,2.6,,0.0,0.0,0.0023094688221709007,0.5,0.3333333333333333,1.0,0.6666666666666666,0.7,0.4666666666666666,0.0,0.0,0.07291666666666666,0.08125,-0.008333333333333345,0.125,0.0,0.16666666666666666,1.0,0.08125,0.9012044125290327,0.9169305678597262,0.0,0.0,0.0,0.0
su9_vj_2305,chuong_cu,0.25,1.0,0.0,1.0,1.0,,0.0,0.0,0.03695150115473441,0.0,0.0,0.0,0.0,0.0,0.0,0.125,0.0,,0.0,,0.0,0.0,0.225,,0.0,0.9280460181175241,0.9416536979745195,,0.0,0.0,0.0
su9_vj_2306,chuong_cu,0.0,0.0,0.0,0.0,,,0.0,0.0,0.0,0.0,0.0,0.0,0.0,0.0,0.0,0.0,0.0,,0.0,,0.0,0.0,0.0,,0.0,0.9124118353059919,0.9566981049578828,,0.0,0.0,0.0
su9_vj_2307,chuong_cu,1.0,1.0,1.0,1.0,1.5,,0.0,0.0,0.013279445727482679,0.0,0.0,0.0,0.0,0.2,0.13333333333333333,0.125,0.16666666666666666,0.17529761904761904,0.05952380952380952,0.11577380952380951,0.0,0.0,0.225,0.20634920634920637,0.0,0.9087237407051642,0.957746016132604,0.4444444444444444,0.0,0.0,0.0
su9_vj_2308,chuong_cu,0.5,1.0,0.3333333333333333,1.0,2.0,,0.0,0.0,0.010392609699769052,0.0,0.0,0.0,0.0,0.0,0.0,0.0,0.5,,0.125,,0.09090909090909091,0.0,0.16666666666666666,,0.125,0.9198144666128042,0.943862196096382,0.5,0.0,0.0,0.0
su9_vj_2309,chuong_cu,0.5,0.0,0.6666666666666666,1.0,2.0,,0.0,0.0,0.025404157043879907,0.0,0.0,0.0,0.0,0.0,0.0,0.0,1.0,0.13035714285714284,0.6178571428571429,-0.48750000000000004,0.07142857142857142,0.0,0.0,0.25,0.6,0.9088844575642583,0.9418815903994371,,0.0,0.0,0.0
su9_vj_2311,chuong_cu,1.0,1.0,1.6666666666666667,0.6666666666666666,3.0,,0.0,0.0,0.02270977675134719,1.0,0.3333333333333333,1.0,0.6666666666666666,0.7,0.3,1.0,1.0,0.7095238095238096,0.6178571428571429,0.09166666666666667,0.07142857142857142,1.0,1.0,0.38888888888888884,0.47500000000000003,0.9241880640508633,0.9445059308686519,0.05555555555555555,0.0,0.0,0.0
su9_vj_2312,chuong_cu,0.5,1.0,0.3333333333333333,1.0,4.0,3.0,0.0,0.0,0.020785219399538108,0.0,0.0,0.0,0.0,0.2,0.06666666666666667,0.0,0.3333333333333333,,0.23055555555555554,,0.0,0.0,0.14484126984126983,,0.23055555555555554,0.9127773459434414,0.9721373433550956,0.4166666666666667,0.0,0.0,0.0
su9_vj_2313,chuong_cu,1.0,2.0,1.0,0.6,1.0,,0.0,0.0,0.05034642032332563,0.5,0.3333333333333333,0.6666666666666666,0.4861111111111111,0.44999999999999996,0.36666666666666664,0.25,0.16666666666666666,0.14583333333333331,0.06666666666666667,0.07916666666666665,0.0,0.0,0.25,0.4444444444444444,0.014583333333333337,0.9235009853053219,0.9514345528593056,0.08333333333333333,0.0,0.0,0.0
su9_vj_2314,chuong_cu,0.25,0.0,0.3333333333333333,1.0,1.0,,0.0,0.0,0.03695150115473441,0.0,0.0,0.0,0.0,0.0,0.0,0.0,1.0,,0.6394736842105263,,0.05263157894736842,0.0,0.0,,0.6394736842105263,0.9185437362691398,0.9532154613982317,,0.0,0.0,0.0
su9_vj_2315,chuong_cu,1.0,1.0,1.3333333333333333,0.4,1.4,,0.0,0.0,0.008775981524249422,1.0,0.8333333333333334,1.0,1.0,0.7,0.6999999999999998,0.0,0.0,0.06071428571428571,0.041666666666666664,0.019047619047619042,0.0,0.0,0.14285714285714285,0.8333333333333334,0.005952380952380952,0.9415584372760862,0.9397779363928033,0.0,0.0,0.0,0.0
su9_vj_2316,chuong_cu,1.0,1.0,1.3333333333333333,0.6,4.4,3.0,0.0,0.0,0.027251732101616626,1.0,0.5,1.0,0.7777777777777778,0.7,0.5,0.625,0.625,0.4589285714285714,0.3625,0.09642857142857142,0.125,0.5,0.625,0.35714285714285715,0.28020833333333334,0.9202336592372954,0.9358954772028001,0.05555555555555555,0.0,0.0,0.0
su9_vj_2317,chuong_cu,0.75,1.0,1.0,0.75,2.25,3.0,0.0,0.0,0.008083140877598151,0.0,0.0,0.0,0.0,0.1,0.06666666666666667,0.3333333333333333,0.3125,0.26875,0.21840277777777778,0.05034722222222221,0.0,0.25,0.425,0.5,0.190625,0.9061762539315057,0.9579736908895744,0.375,0.0,0.0,0.0
su9_vj_2318,chuong_cu,0.25,0.0,0.3333333333333333,1.0,2.0,,0.0,0.0,0.011547344110854504,0.0,0.0,0.0,0.0,0.0,0.0,0.0,0.0,,0.10555555555555556,,0.0,0.0,0.0,,0.10555555555555556,0.937332797332964,0.9320582334446865,,0.0,0.0,0.0
su9_vj_2319,chuong_cu,0.0,0.0,0.0,0.0,,,0.0,0.0,0.0,0.0,0.0,0.0,0.0,0.0,0.0,0.0,0.0,,0.041666666666666664,,0.16666666666666666,0.0,0.0,,0.041666666666666664,0.9376373787621431,0.9242934314141273,,0.0,0.0,0.0
su9_vj_2320,chuong_cu,0.0,0.0,0.0,0.0,,,0.0,0.0,0.0,0.0,0.0,0.0,0.0,0.0,0.0,0.0,0.0,,0.0,,0.0,0.0,0.0,,0.0,0.9220056583994451,0.9731489528240028,,0.0,0.0,0.0
su9_vj_2321,chuong_cu,0.5,0.0,1.3333333333333333,1.0,3.0,3.0,0.0,0.0,0.0069284064665127015,0.0,0.0,0.0,0.0,0.0,0.0,0.0,0.5,0.1367857142857143,0.3375,-0.20071428571428573,0.05,0.0,0.0,0.17142857142857143,0.325,0.9230996688156073,0.9523579931450171,,0.0,0.0,0.0
su9_vj_2322,chuong_cu,1.0,1.0,1.3333333333333333,0.6,1.8,,0.0,0.0,0.017090069284064667,1.0,0.5,1.0,0.75,0.7,0.5333333333333333,0.0,0.625,0.1488095238095238,0.3669642857142857,-0.21815476190476188,0.09523809523809523,0.0,0.2,0.5,0.294047619047619,0.928293020367949,0.9456641204241835,0.08333333333333333,0.0,0.0,0.0
su9_vj_2323,chuong_cu,0.0,0.0,0.0,0.0,,,0.0,0.0,0.0,0.0,0.0,0.0,0.0,0.0,0.0,0.0,0.0,,0.03125,,0.08333333333333333,0.0,0.0,,0.020833333333333336,0.9167994083124646,0.9297434104760466,,0.0,0.0,0.0
su9_vj_2324,chuong_cu,0.5,0.0,0.6666666666666666,1.0,4.0,3.0,0.0,0.0,0.010392609699769052,0.0,0.0,0.0,0.0,0.0,0.0,0.0,0.0,0.16666666666666666,0.09166666666666667,0.07499999999999998,0.16666666666666666,0.0,0.0,0.16666666666666666,0.05000000000000001,0.9204907234629524,0.9666346642411491,,0.0,0.0,0.0
su9_vj_2325,chuong_cu,0.25,0.0,0.3333333333333333,1.0,1.0,,0.0,0.0,0.03695150115473441,0.0,0.0,0.0,0.0,0.0,0.0,0.0,0.0,,0.05,,0.0,0.0,0.0,,0.05,0.9198613323163742,0.9682510500828492,,0.0,0.0,0.0
su9_vj_2326,chuong_cu,0.0,0.0,0.0,0.0,,,0.0,0.0,0.0,0.0,0.0,0.0,0.0,0.0,0.0,0.0,0.0,,0.03125,,0.0,0.0,0.0,,0.03125,0.923127871341129,0.9623235850123651,,0.0,0.0,0.0
su9_vj_2327,chuong_cu,0.0,0.0,0.0,0.0,,,0.0,0.0,0.0,0.0,0.0,0.0,0.0,0.0,0.0,0.0,0.0,,0.019230769230769232,,0.0,0.0,0.0,,0.019230769230769232,0.9100811069647268,0.9646575554090543,,0.0,0.0,0.0
su9_vj_2328,chuong_cu,0.25,0.0,0.3333333333333333,1.0,4.0,3.0,0.0,0.0,0.0023094688221709007,0.0,0.0,0.0,0.0,0.0,0.0,0.0,0.25,,0.0625,,0.0,0.0,0.0,,0.0625,0.92358454626,0.9627214991512645,,0.0,0.0,0.0
su9_vj_2329,chuong_cu,1.0,1.0,1.0,0.75,2.5,,0.0,0.0,0.002886836027713626,0.0,0.0,0.0,0.0,0.2,0.13333333333333333,0.16666666666666666,0.0,0.15729166666666666,0.07083333333333333,0.08645833333333333,0.0,0.0,0.22916666666666666,0.3333333333333333,0.058333333333333334,0.9094964200966302,0.9431494813607695,0.6666666666666666,0.0,0.0,0.0
su9_vj_2330,chuong_cu,0.25,0.0,0.3333333333333333,1.0,4.0,3.0,0.0,0.0,0.0023094688221709007,0.0,0.0,0.0,0.0,0.0,0.0,0.0,0.16666666666666666,,0.053030303030303025,,0.0,0.0,0.0,,0.053030303030303025,0.9183894787485335,0.9594352311125152,,0.0,0.0,0.0
su9_vj_2331,chuong_cu,0.5,1.0,0.3333333333333333,0.5,2.0,,0.0,0.0,0.013856812933025403,1.0,0.3333333333333333,1.0,0.3333333333333333,0.7,0.2333333333333333,0.4166666666666667,0.4166666666666667,,0.2732142857142857,,0.14285714285714285,0.3333333333333333,0.48333333333333334,,0.2732142857142857,0.921557636920325,0.9509850774323586,0.0,0.0,0.0,0.0
su9_vj_2332,chuong_cu,0.25,0.0,0.3333333333333333,1.0,3.0,,0.0,0.0,0.016166281755196306,0.0,0.0,0.0,0.0,0.0,0.0,0.0,0.25,,0.09895833333333333,,0.0625,0.0,0.0,,0.09895833333333333,0.9076202921596634,0.9510288977412944,,0.0,0.0,0.0
su9_vj_2333,chuong_cu,0.5,0.0,0.6666666666666666,0.5,3.0,,0.0,0.0,0.0069284064665127015,0.0,0.0,0.0,0.0,0.0,0.0,0.0,0.3333333333333333,0.013157894736842105,0.09649122807017543,-0.08333333333333333,0.05263157894736842,0.0,0.0,1.0,0.09649122807017543,0.9245562937045426,0.9437260256446138,,0.0,0.0,0.0
su9_vj_2334,chuong_cu,0.25,0.0,0.3333333333333333,1.0,4.0,,0.0,0.0,0.03926096997690531,0.0,0.0,0.0,0.0,0.0,0.0,0.0,0.4444444444444444,,0.2756944444444444,,0.1875,0.0,0.0,,0.2600694444444444,0.9221191221374351,0.9400774357338656,,0.0,0.0,0.0
su9_vj_2335,chuong_cu,0.0,0.0,0.0,0.0,,,0.0,0.0,0.0,0.0,0.0,0.0,0.0,0.0,0.0,0.0,0.0,,0.011363636363636364,,0.0,0.0,0.0,,0.011363636363636364,0.9182909006509694,0.9617058732993089,,0.0,0.0,0.0
su9_vj_2336,chuong_cu,0.5,1.0,0.3333333333333333,1.0,5.0,3.0,0.0,0.0,0.0023094688221709007,0.0,0.0,0.0,0.0,0.0,0.0,0.0,0.0,,0.04583333333333334,,0.125,0.0,0.15476190476190477,,0.04583333333333334,0.9104745493280322,0.9584645039771102,0.4166666666666667,0.0,0.0,0.0
su9_vj_2337,chuong_cu,0.5,0.0,0.6666666666666666,1.0,2.5,,0.0,0.0,0.021939953810623556,0.0,0.0,0.0,0.0,0.0,0.0,0.0,1.0,0.12,0.6416666666666666,-0.5216666666666666,0.0,0.0,0.0,0.2,0.6138888888888888,0.9259584150285533,0.9190365238356104,,0.0,0.0,0.0
su9_vj_2338,chuong_cu,0.0,0.0,0.0,0.0,,,0.0,0.0,0.0,0.0,0.0,0.0,0.0,0.0,0.0,0.0,0.0,,0.015625,,0.0625,0.0,0.0,,0.015625,0.9362479647640083,0.9564923249695125,,0.0,0.0,0.0
su9_vj_2339,chuong_cu,0.5,0.0,0.6666666666666666,1.0,3.0,3.0,0.0,0.0,0.004618937644341801,0.0,0.0,0.0,0.0,0.0,0.0,0.0,0.0,0.15333333333333332,0.03333333333333333,0.12,0.13333333333333333,0.0,0.0,0.2,0.0,0.9106330163294404,0.9495474741281775,,0.0,0.0,0.0
su9_vj_2340,chuong_cu,1.0,2.0,2.0,0.375,1.125,,0.0,0.0,0.025115473441108545,0.3333333333333333,0.3333333333333333,0.5,0.5,0.39999999999999997,0.39999999999999997,0.5277777777777778,0.7777777777777778,0.27361111111111114,0.47777777777777775,-0.2041666666666666,0.1,0.3333333333333333,0.5277777777777778,1.0,0.012499999999999956,0.921863138464402,0.9557988364424179,0.0,0.0,0.0,0.0
su9_vj_2341,chuong_cu,0.0,0.0,0.0,0.0,,,0.0,0.0,0.0,0.0,0.0,0.0,0.0,0.0,0.0,0.0,0.0,,0.022727272727272728,,0.13636363636363635,0.0,0.0,,0.022727272727272728,0.92008060799988,0.9179103717314848,,0.0,0.0,0.0
su9_vj_2342,chuong_cu,1.0,2.0,1.3333333333333333,0.6666666666666666,1.1666666666666667,,0.0,0.0,0.04503464203233256,0.5,0.27777777777777773,0.6666666666666666,0.4861111111111111,0.44999999999999996,0.36666666666666664,0.29166666666666663,0.29166666666666663,0.20684523809523808,0.09791666666666665,0.10892857142857143,0.1,0.0,0.29166666666666663,0.2738095238095238,0.025892857142857134,0.9254302167257822,0.9525609573018611,0.08333333333333333,0.0,0.0,0.0
su9_vj_2343,chuong_cu,0.5,0.0,0.6666666666666666,1.0,1.5,,0.0,0.0,0.03348729792147806,0.0,0.0,0.0,0.0,0.0,0.0,0.0,0.3333333333333333,0.1,0.09803921568627451,0.001960784313725497,0.0,0.0,0.0,0.3333333333333333,0.08333333333333333,0.9204170041896822,0.9146642836116274,,0.0,0.0,0.0
su9_vj_2346,chuong_cu,0.75,1.0,0.6666666666666666,1.0,1.6666666666666667,,0.0,0.0,0.047729022324865276,0.0,0.0,0.0,0.0,0.2,0.08888888888888889,0.5,0.25,0.4875,0.12916666666666665,0.35833333333333334,0.16666666666666666,0.5,0.5833333333333334,0.16666666666666666,0.12916666666666665,0.9286211781590155,0.9433120037796084,0.5416666666666666,0.0,0.0,0.0
su9_vj_2347,chuong_cu,1.0,1.0,1.3333333333333333,1.0,1.8,,0.0,0.0,0.03602771362586605,0.0,0.0,0.5,0.27777777777777773,0.2,0.13333333333333333,0.6666666666666666,0.375,0.5110119047619047,0.12708333333333333,0.3839285714285714,0.2,0.5,0.6666666666666666,0.2043650793650794,0.027083333333333334,0.9090372629318807,0.9386411910233301,0.19444444444444445,0.0,0.0,0.0
su9_vj_2348,chuong_cu,1.0,3.0,2.6666666666666665,0.36363636363636365,1.2727272727272727,,0.0,0.0,0.013646861221918959,0.6666666666666666,0.5555555555555555,0.7777777777777777,0.7685185185185185,0.5333333333333333,0.5222222222222223,0.16666666666666666,0.16666666666666666,0.13333333333333336,0.06666666666666667,0.0666666666666667,0.0,0.0,0.26666666666666666,0.5555555555555555,0.0,0.9186392462270693,0.931676785370252,0.0,0.0,0.0,0.0
su9_vj_2349,chuong_cu,0.25,1.0,0.0,1.0,1.0,,0.0,0.0,0.03464203233256351,0.0,0.0,0.0,0.0,0.0,0.0,0.25,0.0,,0.0,,0.07142857142857142,0.0,0.3333333333333333,,0.0,0.9065992498943549,0.9651908968966694,,0.0,0.0,0.0
su9_vj_2350,chuong_cu,0.25,0.0,0.6666666666666666,1.0,2.0,,0.0,0.0,0.011547344110854504,0.0,0.0,0.0,0.0,0.0,0.0,0.0,0.3333333333333333,,0.2876811594202898,,0.043478260869565216,0.0,0.0,,0.2876811594202898,0.9149278206850939,0.9422042631597151,,0.0,0.0,0.0
su9_vj_2351,chuong_cu,0.75,1.0,0.6666666666666666,0.3333333333333333,1.0,,0.0,0.0,0.011547344110854502,1.0,0.6666666666666666,1.0,0.6666666666666666,0.7,0.4666666666666666,0.0,0.0,0.019230769230769232,0.038461538461538464,-0.019230769230769232,0.07692307692307693,0.0,0.0,1.0,0.019230769230769232,0.9331924055061217,0.8686787076499375,0.0,0.0,0.0,0.0
su9_vj_2352,chuong_cu,0.25,0.0,0.3333333333333333,1.0,,,0.0,0.0,0.004618937644341801,0.0,0.0,0.0,0.0,0.0,0.0,0.0,0.3333333333333333,,0.09722222222222222,,0.0,0.0,0.0,,0.09722222222222222,0.9198347975682741,0.9417869339351663,,0.0,0.0,0.0
su9_vj_2353,chuong_cu,0.75,2.0,0.6666666666666666,1.0,1.75,,0.0,0.5,0.013279445727482679,0.0,0.0,0.0,0.0,0.1,0.05555555555555556,0.3333333333333333,0.3333333333333333,0.2033333333333333,0.08333333333333333,0.11999999999999998,0.0,0.0,0.3333333333333333,0.2,0.08333333333333333,0.9325668349978294,0.9303075072937486,0.3333333333333333,0.0,0.0,0.0
su9_vj_2354,chuong_cu,0.5,0.0,0.6666666666666666,1.0,2.5,,0.0,0.0,0.016166281755196306,0.0,0.0,0.0,0.0,0.0,0.0,0.0,0.2222222222222222,0.13636363636363635,0.0808080808080808,0.05555555555555555,0.045454545454545456,0.0,0.0,0.16666666666666666,0.05808080808080807,0.9306255328882543,0.9640446063060032,,0.0,0.0,0.0
su9_vj_2355,chuong_cu,1.0,1.0,1.0,0.75,1.25,,0.0,0.0,0.021939953810623556,0.0,0.0,0.25,0.08333333333333333,0.1,0.10000000000000002,0.125,0.5,0.17387820512820512,0.378525641025641,-0.2046474358974359,0.15384615384615385,0.0,0.20833333333333331,0.4444444444444444,0.038461538461538436,0.9005815945203365,0.9707706131892522,0.36111111111111116,0.0,0.0,0.0
su9_vj_2356,chuong_cu,1.0,1.0,1.3333333333333333,0.6,1.6,,0.0,0.0,0.08452655889145497,1.0,0.5,1.0,0.6666666666666666,0.7,0.5333333333333333,0.75,0.75,0.4641666666666666,0.38749999999999996,0.07666666666666666,0.1,0.5,0.75,0.48888888888888893,0.33124999999999993,0.9274443221642985,0.9529610133502101,0.1111111111111111,0.0,0.0,0.0
su9_vj_2357,chuong_cu,0.75,2.0,1.0,0.8,2.0,,0.0,0.0,0.05450346420323325,0.3333333333333333,0.1111111111111111,0.6666666666666666,0.27777777777777773,0.44999999999999996,0.18333333333333332,0.6666666666666666,0.6666666666666666,0.4901282051282051,0.3993589743589744,0.09076923076923071,0.15384615384615385,0.5,0.6666666666666666,0.26666666666666666,0.3993589743589744,0.9142849994239671,0.9480598585480347,0.08333333333333333,0.0,0.0,0.0
su9_vj_2358,chuong_cu,1.0,2.0,1.3333333333333333,0.5,1.3333333333333333,,0.0,0.0,0.016936104695919937,0.5,0.27777777777777773,0.625,0.4166666666666667,0.39999999999999997,0.31666666666666665,0.29166666666666663,0.29166666666666663,0.15166666666666664,0.0907738095238095,0.06089285714285714,0.0,0.0,0.29166666666666663,0.47500000000000003,0.01785714285714285,0.9081100410747123,0.9700238676100212,0.1111111111111111,0.0,0.0,0.0
su9_vj_2359,chuong_cu,1.0,1.0,1.0,1.0,1.5,,0.0,0.0,0.037528868360277134,0.0,0.0,0.3333333333333333,0.2222222222222222,0.2,0.13333333333333333,0.2222222222222222,0.3333333333333333,0.2150793650793651,0.2338095238095238,-0.018730158730158708,0.08,0.0,0.2888888888888889,0.18095238095238098,0.18857142857142856,0.9155433808150606,0.9457447853598437,0.2222222222222222,0.0,0.0,0.0
su9_vj_2360,chuong_cu,0.25,0.0,0.3333333333333333,1.0,5.0,3.0,0.0,0.0,0.0069284064665127015,0.0,0.0,0.0,0.0,0.0,0.0,0.0,0.0,,0.05,,0.0,0.0,0.0,,0.05,0.9317939184751246,0.9433513425064771,,0.0,0.0,0.0
su9_vj_2361,chuong_cu,0.5,0.0,0.6666666666666666,1.0,2.0,,0.0,0.0,0.06466512702078521,0.0,0.0,0.0,0.0,0.0,0.0,0.0,0.3333333333333333,0.115625,0.13020833333333331,-0.01458333333333331,0.0625,0.0,0.0,0.3333333333333333,0.09895833333333331,0.9020993304185709,0.9400274870469146,,0.0,0.0,0.0
su9_vj_2362,chuong_cu,0.0,0.0,0.0,0.0,,,0.0,0.0,0.0,0.0,0.0,0.0,0.0,0.0,0.0,0.0,0.0,,0.015625,,0.0,0.0,0.0,,0.015625,0.919024127161633,0.9585674352871771,,0.0,0.0,0.0
su9_vj_2363,chuong_cu,0.75,1.0,1.0,1.0,2.25,,0.0,0.0,0.03810623556581986,0.0,0.0,0.3333333333333333,0.2222222222222222,0.1,0.05555555555555556,0.3333333333333333,1.0,0.2527083333333333,0.678125,-0.42541666666666667,0.1875,0.0,0.3333333333333333,0.18333333333333335,0.678125,0.9340924652231206,0.9398588675368577,0.16666666666666666,0.0,0.0,0.0
su9_vj_2364,chuong_cu,0.5,0.0,1.0,1.0,3.6666666666666665,3.0,0.0,0.0,0.04541955350269438,0.0,0.0,0.0,0.0,0.0,0.0,0.0,0.5555555555555555,0.1456845238095238,0.29126984126984123,-0.14558531746031744,0.09523809523809523,0.0,0.0,0.1875,0.29126984126984123,0.9265337065460434,0.9423327114477711,,0.0,0.0,0.0
su9_vj_2365,chuong_cu,1.0,1.0,1.0,0.75,1.5,,0.0,0.0,0.06581986143187066,1.0,0.3333333333333333,1.0,0.4444444444444444,0.7,0.3,0.0,0.0,0.14895833333333333,0.015625,0.13333333333333333,0.0625,0.0,0.0,0.1111111111111111,0.015625,0.9225221879603716,0.941529671206538,0.3888888888888889,0.0,0.0,0.0
su9_vj_2366,chuong_cu,0.0,0.0,0.0,0.0,,,0.0,0.0,0.0,0.0,0.0,0.0,0.0,0.0,0.0,0.0,0.0,,0.023809523809523808,,0.14285714285714285,0.0,0.0,,0.0,0.9295140143925412,0.9056124522872946,,0.0,0.0,0.0
su9_vj_2367,chuong_cu,0.0,0.0,0.0,0.0,,,0.0,0.0,0.0,0.0,0.0,0.0,0.0,0.0,0.0,0.0,0.0,,0.0,,0.0,0.0,0.0,,0.0,0.9175153196891075,0.9698898896681807,,0.0,0.0,0.0
su9_vj_2368,chuong_cu,0.5,2.0,0.3333333333333333,1.0,1.3333333333333333,,0.0,0.0,0.025404157043879907,0.0,0.0,0.375,0.125,0.15000000000000002,0.05000000000000001,0.08333333333333333,0.1111111111111111,,0.06827731092436974,,0.058823529411764705,0.0,0.20555555555555557,,0.06827731092436974,0.9121501232427737,0.9492113278024226,0.08333333333333333,0.0,0.0,0.0
su9_vj_2369,chuong_cu,0.75,1.0,1.0,0.75,1.25,,0.0,0.0,0.006928406466512702,0.0,0.0,0.25,0.16666666666666666,0.1,0.06666666666666667,0.27777777777777773,0.08333333333333333,0.15634920634920635,0.051388888888888894,0.10496031746031745,0.047619047619047616,0.0,0.27777777777777773,0.5,0.051388888888888894,0.9267269770458091,0.9555965095477139,0.25,0.0,0.0,0.0
su9_vj_2370,chuong_cu,0.25,0.0,1.0,1.0,2.0,,0.0,0.0,0.044649730561970746,0.0,0.0,0.0,0.0,0.0,0.0,0.0,0.3333333333333333,,0.10119047619047619,,0.07142857142857142,0.0,0.0,,0.06547619047619048,0.9257543335054529,0.9349715923843415,,0.0,0.0,0.0
su9_vj_2371,chuong_cu,0.25,1.0,0.0,1.0,,,0.0,0.0,0.004618937644341801,0.0,0.0,0.0,0.0,0.0,0.0,0.25,0.0,,0.0,,0.07142857142857142,0.0,0.3333333333333333,,0.0,0.9393851554592082,0.9557182041135197,,0.0,0.0,0.0
su9_vj_2372,chuong_cu,0.25,0.0,0.3333333333333333,1.0,,,0.0,0.0,0.004618937644341801,0.0,0.0,0.0,0.0,0.0,0.0,0.0,0.5,,0.25555555555555554,,0.0,0.0,0.0,,0.25555555555555554,0.9383547653234103,0.9582013754328135,,0.0,0.0,0.0
su9_vj_2373,chuong_cu,0.5,1.0,0.3333333333333333,1.0,1.5,,0.0,0.0,0.011547344110854504,0.0,0.0,0.0,0.0,0.1,0.03333333333333333,0.25,0.0,,0.05,,0.0,0.0,0.25,,0.004166666666666666,0.9265278990021462,0.9659014477048463,0.3333333333333333,0.0,0.0,0.0
su9_vj_2374,chuong_cu,0.0,0.0,0.0,0.0,,,0.0,0.0,0.0,0.0,0.0,0.0,0.0,0.0,0.0,0.0,0.0,,0.09375,,0.0,0.0,0.0,,0.09375,0.9178133448177767,0.9696059764111081,,0.0,0.0,0.0
su9_vj_2375,chuong_cu,0.75,1.0,0.6666666666666666,0.6666666666666666,,,0.0,0.0,0.004618937644341801,0.0,0.0,0.3333333333333333,0.2222222222222222,0.0,0.0,0.5,0.5,0.125,0.125,0.0,0.0,0.0,0.5,1.0,0.125,0.9251412682636186,0.961770103273881,0.16666666666666666,0.0,0.0,0.0
su9_vj_2376,chuong_cu,0.75,0.0,1.3333333333333333,0.75,2.25,,0.0,0.0,0.011547344110854504,0.0,0.0,0.0,0.0,0.0,0.0,0.0,0.125,0.06875,0.09620098039215685,-0.02745098039215685,0.0,0.0,0.0,0.5416666666666666,0.053343837535013996,0.8972260972605104,0.9447877162858624,,0.0,0.0,0.0
su9_vj_2377,chuong_cu,0.75,1.0,1.0,1.0,1.5,,0.0,0.0,0.008660508083140877,0.0,0.0,0.3333333333333333,0.1111111111111111,0.2,0.13333333333333333,0.29166666666666663,0.625,0.19541666666666666,0.3590277777777778,-0.16361111111111112,0.0,0.0,0.29166666666666663,0.18333333333333335,0.33125,0.9147011895679645,0.9420484676764003,0.25,0.0,0.0,0.0
su9_vj_2378,chuong_cu,0.75,0.0,1.0,1.0,2.0,,0.0,0.3333333333333333,0.01924557351809084,0.0,0.0,0.0,0.0,0.0,0.0,0.0,0.3333333333333333,0.13285714285714287,0.09999999999999999,0.032857142857142876,0.06666666666666667,0.0,0.0,0.2253968253968254,0.06428571428571428,0.9253327301050671,0.9259676117845523,,0.0,0.0,0.0
su9_vj_2379,chuong_cu,0.5,1.0,0.6666666666666666,1.0,2.3333333333333335,,0.0,0.0,0.047729022324865276,0.0,0.0,0.3333333333333333,0.1111111111111111,0.2,0.06666666666666667,0.3333333333333333,1.0,,0.6227272727272727,,0.0,0.0,0.3333333333333333,,0.6227272727272727,0.9279991329831625,0.94479389634281,0.16666666666666666,0.0,0.0,0.0
su9_vj_2380,chuong_cu,0.25,0.0,0.3333333333333333,1.0,2.0,,0.0,0.0,0.011547344110854504,0.0,0.0,0.0,0.0,0.0,0.0,0.0,0.125,,0.05625,,0.0,0.0,0.0,,0.03958333333333333,0.8913888469982777,0.963499531212037,,0.0,0.0,0.0
su9_vj_2381,chuong_cu,0.5,0.0,1.3333333333333333,1.0,1.75,,0.0,0.0,0.01674364896073903,0.0,0.0,0.0,0.0,0.0,0.0,0.0,0.16666666666666666,0.11,0.16666666666666669,-0.056666666666666685,0.0,0.0,0.0,0.26666666666666666,0.16666666666666669,0.8937291997957397,0.9413372443965525,,0.0,0.0,0.0
su9_vj_2382,chuong_cu,1.0,1.0,1.0,0.75,3.25,3.0,0.0,0.0,0.016166281755196306,1.0,0.3333333333333333,1.0,0.4444444444444444,0.7,0.2722222222222222,0.0,0.0,0.18341269841269842,0.07246031746031745,0.11095238095238097,0.08,0.0,0.18888888888888888,0.2253968253968254,0.01999999999999999,0.9023490547066101,0.9282502580746558,0.16666666666666666,0.0,0.0,0.0
su9_vj_2383,chuong_cu,1.0,1.0,2.0,0.8571428571428571,1.5714285714285714,,0.0,0.0,0.01253711646321346,0.3333333333333333,0.1111111111111111,1.0,0.3333333333333333,0.7,0.3333333333333333,0.5,0.75,0.4711309523809523,0.3982142857142857,0.07291666666666663,0.14285714285714285,0.5,0.6,0.2638888888888889,0.2791666666666667,0.9127362192711275,0.9360697588752147,0.2777777777777778,0.0,0.0,0.0
su9_vj_2384,chuong_cu,0.0,0.0,0.0,0.0,,,0.0,0.0,0.0,0.0,0.0,0.0,0.0,0.0,0.0,0.0,0.0,,0.016666666666666666,,0.0,0.0,0.0,,0.016666666666666666,0.8927474546738744,0.956055070800126,,0.0,0.0,0.0
su9_vj_2385,chuong_cu,0.5,1.0,0.3333333333333333,1.0,1.0,,0.0,0.0,0.005773672055427252,0.0,0.0,0.0,0.0,0.2,0.06666666666666667,0.0,0.25,,0.0625,,0.058823529411764705,0.0,0.16666666666666666,,0.0625,0.9268070172098837,0.9741287016612616,0.3333333333333333,0.0,0.0,0.0
su9_vj_2386,chuong_cu,0.0,0.0,0.0,0.0,,,0.0,0.0,0.0,0.0,0.0,0.0,0.0,0.0,0.0,0.0,0.0,,0.023809523809523808,,0.09523809523809523,0.0,0.0,,0.0,0.9268563216374375,0.8926429475047956,,0.0,0.0,0.0
su9_vj_2387,chuong_cu,0.75,2.0,1.0,1.0,1.6,,0.0,0.0,0.014318706697459585,0.0,0.0,0.0,0.0,0.15000000000000002,0.09444444444444444,0.16666666666666666,0.16666666666666666,0.1947916666666667,0.07916666666666666,0.11562500000000003,0.0,0.0,0.26666666666666666,0.14583333333333331,0.06666666666666667,0.9212580416653037,0.9599354861784164,0.3333333333333333,0.0,0.0,0.0
su9_vj_2388,chuong_cu,1.0,1.0,1.3333333333333333,0.8,1.4,,0.0,0.0,0.03833718244803695,0.0,0.0,0.3333333333333333,0.1111111111111111,0.2,0.16666666666666666,0.0,0.3333333333333333,0.1450657894736842,0.08881578947368421,0.056249999999999994,0.10526315789473684,0.0,0.16666666666666666,0.4861111111111111,0.00548245614035088,0.9194832350319537,0.9363458576325436,0.27777777777777773,0.0,0.0,0.0
su9_vj_2389,chuong_cu,0.75,1.0,0.6666666666666666,0.6666666666666666,1.6666666666666667,,0.0,0.0,0.008468052347959968,0.0,0.0,0.0,0.0,0.06666666666666667,0.044444444444444446,0.5,0.5,0.35733082706766917,0.37048872180451126,-0.01315789473684209,0.15789473684210525,0.5,0.5714285714285714,1.0,0.344172932330827,0.9281102105314339,0.9561546996438322,0.5,0.0,0.0,0.0
su9_vj_2390,chuong_cu,1.0,3.0,2.3333333333333335,0.5,2.2,3.0,0.0,0.0,0.03302540415704387,0.3333333333333333,0.24444444444444446,0.4444444444444444,0.4351851851851852,0.3222222222222222,0.3192592592592592,0.3333333333333333,0.3333333333333333,0.1522222222222222,0.09166666666666666,0.06055555555555554,0.0,0.0,0.3333333333333333,0.5407407407407407,0.018750000000000003,0.9314194141809553,0.9302100273569808,0.0,0.0,0.0,0.0
su9_vj_2391,chuong_cu,0.0,0.0,0.0,0.0,,,0.0,0.0,0.0,0.0,0.0,0.0,0.0,0.0,0.0,0.0,0.0,,0.0,,0.0,0.0,0.0,,0.0,0.9223948558995058,0.9694869137398036,,0.0,0.0,0.0
su9_vj_2392,chuong_cu,0.5,0.0,1.3333333333333333,0.75,1.25,,0.0,0.0,0.07390300230946882,0.0,0.0,0.0,0.0,0.0,0.0,0.0,0.3333333333333333,0.10441176470588234,0.11274509803921567,-0.008333333333333331,0.11764705882352941,0.0,0.0,0.5,0.05392156862745097,0.9385216873259112,0.9325827975311946,,0.0,0.0,0.0
su9_vj_2393,chuong_cu,0.5,0.0,0.6666666666666666,1.0,1.5,,0.0,0.0,0.06581986143187066,0.0,0.0,0.0,0.0,0.0,0.0,0.0,0.0,0.1,0.019230769230769232,0.08076923076923077,0.0,0.0,0.0,0.3333333333333333,0.019230769230769232,0.9380205452871532,0.9738692103214955,,0.0,0.0,0.0
su9_vj_2394,chuong_cu,0.5,1.0,0.3333333333333333,1.0,3.0,3.0,0.0,0.0,0.0023094688221709007,0.0,0.0,0.0,0.0,0.04000000000000001,0.013333333333333336,0.0,0.25,,0.13942307692307693,,0.23076923076923078,0.0,0.0,,0.13942307692307693,0.901275615413985,0.9383772314413358,1.0,0.0,0.0,0.0
su9_vj_2395,chuong_cu,0.0,0.0,0.0,0.0,,,0.0,0.0,0.0,0.0,0.0,0.0,0.0,0.0,0.0,0.0,0.0,,0.015625,,0.125,0.0,0.0,,0.015625,0.9256712295925383,0.9738692103214955,,0.0,0.0,0.0
su9_vj_2396,chuong_cu,0.25,1.0,0.0,1.0,2.0,,0.0,0.0,0.03002309468822171,0.0,0.0,0.0,0.0,0.0,0.0,0.3333333333333333,0.0,,0.038461538461538464,,0.07692307692307693,0.0,0.3333333333333333,,0.038461538461538464,0.9073134312495059,0.9614289282126971,,0.0,0.0,0.0
su9_vj_2397,chuong_cu,0.5,0.0,0.6666666666666666,1.0,1.0,,0.0,0.0,0.06697459584295612,0.0,0.0,0.0,0.0,0.0,0.0,0.0,0.3333333333333333,0.1,0.09803921568627451,0.001960784313725497,0.0,0.0,0.0,0.3333333333333333,0.09803921568627451,0.9275758727563601,0.9475559001161211,,0.0,0.0,0.0
su9_vj_2398,chuong_cu,0.5,1.0,0.3333333333333333,1.0,3.5,3.0,3.0,1.0,0.006928406466512702,0.0,0.0,0.0,0.0,0.05,0.016666666666666666,0.0,0.0,,0.08333333333333334,,0.13333333333333333,0.0,0.125,,0.08333333333333334,0.9174944453814101,0.9356530756803138,0.4166666666666667,0.0,0.0,0.0
su9_vj_2399,chuong_cu,1.0,1.0,1.0,1.0,2.75,3.0,0.0,0.6666666666666666,0.011547344110854504,0.0,0.0,0.0,0.0,0.1,0.06888888888888889,0.0,0.3333333333333333,0.18452380952380953,0.09999999999999999,0.08452380952380954,0.06666666666666667,0.0,0.2,0.21428571428571427,0.02083333333333333,0.9200954624179065,0.9471513002683434,0.5,0.0,0.0,0.0
su9_vj_2400,chuong_cu,0.5,1.0,0.3333333333333333,1.0,4.0,3.0,0.0,0.0,0.020785219399538108,0.0,0.0,0.0,0.0,0.2,0.06666666666666667,0.3333333333333333,0.25,,0.078125,,0.0,0.0,0.3333333333333333,,0.078125,0.9251314675125492,0.8967483380560746,0.3333333333333333,0.0,0.0,0.0
su9_vj_2401,chuong_cu,0.5,0.0,1.0,0.6666666666666666,1.3333333333333333,,0.0,0.3333333333333333,0.08852963818321785,0.0,0.0,0.0,0.0,0.0,0.0,0.0,0.0,0.017857142857142856,0.08571428571428572,-0.06785714285714287,0.07142857142857142,0.0,0.0,1.0,0.08571428571428572,0.9155028372632701,0.9493404609201921,,0.0,0.0,0.0
su9_vj_2402,chuong_cu,0.75,0.0,1.0,1.0,2.6666666666666665,3.0,0.0,0.0,0.015396458814472672,0.0,0.0,0.0,0.0,0.0,0.0,0.0,0.0,0.14423076923076922,0.08846153846153847,0.05576923076923075,0.07692307692307693,0.0,0.0,0.16666666666666666,0.052747252747252754,0.9176723266293046,0.9290482325327899,,0.0,0.0,0.0
su9_vj_2403,chuong_cu,0.5,1.0,0.6666666666666666,1.0,1.0,,0.0,0.0,0.050808314087759814,0.0,0.0,0.0,0.0,0.2,0.06666666666666667,1.0,0.0,,0.06666666666666667,,0.2,1.0,1.0,,0.06666666666666667,0.9222476120632094,0.9581443040002411,0.3333333333333333,0.0,0.0,0.0
su9_vj_2404,chuong_cu,0.75,0.0,1.3333333333333333,0.75,2.0,,0.0,0.25,0.07621247113163972,0.0,0.0,0.0,0.0,0.0,0.0,0.0,0.0,0.06666666666666668,0.0625,0.00416666666666668,0.0,0.0,0.0,0.5555555555555555,0.012499999999999997,0.9283012581356621,0.9536395621018765,,0.0,0.0,0.0
su9_vj_2405,chuong_cu,0.5,1.0,0.3333333333333333,0.5,1.0,,0.0,0.0,0.011547344110854504,1.0,0.3333333333333333,1.0,0.3333333333333333,0.7,0.2333333333333333,0.0,0.0,,0.06994047619047619,,0.25,0.0,0.15476190476190477,,0.06994047619047619,0.9098406722201051,0.9392094758014927,0.0,0.0,0.0,0.0
su9_vj_2406,chuong_cu,0.5,3.0,0.3333333333333333,1.0,1.0,,0.0,0.0,0.03637413394919168,0.0,0.0,0.4444444444444444,0.14814814814814814,0.20000000000000004,0.06666666666666668,0.0,0.0,,0.10882352941176471,,0.0,0.0,0.2,,0.10882352941176471,0.9161710824243313,0.9438908482563667,0.08333333333333333,0.0,0.0,0.0
su9_vj_2407,chuong_cu,0.25,1.0,0.0,1.0,2.0,,0.0,0.0,0.011547344110854504,0.0,0.0,0.0,0.0,0.0,0.0,0.0,0.0,,0.020833333333333332,,0.08333333333333333,0.0,0.13333333333333333,,0.020833333333333332,0.9286219912316287,0.9290134077319814,,0.0,0.0,0.0
su9_vj_2408,chuong_cu,0.5,0.0,1.3333333333333333,1.0,1.0,,0.0,0.0,0.006351039260969977,0.0,0.0,0.0,0.0,0.0,0.0,0.0,0.0,0.10416666666666666,0.05,0.054166666666666655,0.0,0.0,0.0,0.3055555555555555,0.03529411764705882,0.9209684125523725,0.9542569211449174,,0.0,0.0,0.0
su9_vj_2409,chuong_cu,0.0,0.0,0.0,0.0,,,0.0,0.0,0.0,0.0,0.0,0.0,0.0,0.0,0.0,0.0,0.0,,0.0,,0.0,0.0,0.0,,0.0,0.9173610688981558,0.9680568227166899,,0.0,0.0,0.0
su9_vj_2410,chuong_cu,0.75,0.0,1.3333333333333333,0.75,2.0,3.0,0.0,0.75,0.009237875288683603,0.0,0.0,0.0,0.0,0.0,0.0,0.0,0.16666666666666666,0.08166666666666668,0.08893557422969187,-0.007268907563025187,0.0,0.0,0.0,0.45555555555555555,0.026435574229691866,0.8930443172055172,0.9478810962710889,,0.0,0.0,0.0
su9_vj_2411,chuong_cu,0.5,1.0,0.3333333333333333,1.0,1.0,,0.0,0.0,0.0069284064665127015,0.0,0.0,0.25,0.08333333333333333,0.2,0.06666666666666667,0.29166666666666663,0.125,,0.05208333333333333,,0.0,0.0,0.29166666666666663,,0.05208333333333333,0.9210923848892676,0.9756777572599435,0.25,0.0,0.0,0.0
su9_vj_2412,chuong_cu,0.0,0.0,0.0,0.0,,,0.0,0.0,0.0,0.0,0.0,0.0,0.0,0.0,0.0,0.0,0.0,,0.03571428571428571,,0.0,0.0,0.0,,0.03571428571428571,0.9121583399175535,0.9382135125069934,,0.0,0.0,0.0
su9_vj_2413,chuong_cu,0.25,1.0,0.0,1.0,4.0,3.0,1.0,0.0,0.0069284064665127015,0.0,0.0,0.0,0.0,0.0,0.0,0.0,0.0,,0.0125,,0.0,0.0,0.13095238095238096,,0.0125,0.9217334624450785,0.9486358458556233,,0.0,0.0,0.0
su9_vj_2414,chuong_cu,0.25,0.0,0.3333333333333333,1.0,4.0,,0.0,0.0,0.03926096997690531,0.0,0.0,0.0,0.0,0.0,0.0,0.0,0.16666666666666666,,0.07666666666666666,,0.08,0.0,0.0,,0.06666666666666667,0.9132727206382901,0.9479845483863104,,0.0,0.0,0.0
su9_vj_2415,chuong_cu,1.0,1.0,2.0,0.8571428571428571,1.8571428571428572,,1.0,0.0,0.049158693500494885,0.0,0.0,0.3333333333333333,0.2222222222222222,0.1,0.10000000000000002,0.3333333333333333,1.0,0.19720588235294118,0.6441176470588235,-0.4469117647058823,0.058823529411764705,0.0,0.3333333333333333,0.33888888888888885,0.5816176470588235,0.9286627361030897,0.9495342153293607,0.25,0.0,0.0,0.0
su9_vj_2416,chuong_cu,0.25,0.0,0.3333333333333333,1.0,1.0,,0.0,0.0,0.004618937644341801,0.0,0.0,0.0,0.0,0.0,0.0,0.0,0.0,,0.03125,,0.0,0.0,0.0,,0.03125,0.914380037355261,0.9513756094604923,,0.0,0.0,0.0
su9_vj_2417,chuong_cu,1.0,1.0,1.0,0.75,2.75,,0.0,0.0,0.0023094688221709007,1.0,0.3333333333333333,1.0,0.3333333333333333,0.7,0.3333333333333333,0.16666666666666666,0.6666666666666666,0.2635897435897436,0.4378205128205128,-0.17423076923076924,0.3076923076923077,0.0,0.26666666666666666,0.20000000000000004,0.31346153846153846,0.9176969742699178,0.9503691533093404,0.2222222222222222,0.0,0.0,0.0
su9_vj_2418,chuong_cu,0.75,0.0,1.0,1.0,2.6666666666666665,,0.0,0.0,0.005388760585065436,0.0,0.0,0.0,0.0,0.0,0.0,0.0,0.0,0.14941176470588233,0.07107843137254902,0.07833333333333331,0.11764705882352941,0.0,0.0,0.20000000000000004,0.01470588235294118,0.9123169931556712,0.9084701143318615,,0.0,0.0,0.0
su9_vj_2419,chuong_cu,0.75,1.0,1.0,1.0,2.25,,0.0,0.0,0.04041570438799076,0.0,0.0,0.3333333333333333,0.1111111111111111,0.1,0.06666666666666667,0.0,0.3333333333333333,0.15000000000000002,0.1,0.05000000000000002,0.0,0.0,0.2,0.3333333333333333,0.1,0.8942552380458767,0.9283731628305995,0.25,0.0,0.0,0.0
su9_vj_2420,chuong_cu,0.5,0.0,0.6666666666666666,1.0,2.0,,0.0,0.0,0.07159353348729791,0.0,0.0,0.0,0.0,0.0,0.0,0.0,1.0,0.1,0.6416666666666666,-0.5416666666666666,0.0,0.0,0.0,0.3333333333333333,0.6416666666666666,0.9038289156413915,0.9385928595485744,,0.0,0.0,0.0
su9_vj_2421,chuong_cu,0.0,0.0,0.0,0.0,,,0.0,0.0,0.0,0.0,0.0,0.0,0.0,0.0,0.0,0.0,0.0,,0.02,,0.08,0.0,0.0,,0.02,0.9206220907758558,0.9325094035473296,,0.0,0.0,0.0
su9_vj_2422,chuong_cu,0.75,1.0,0.6666666666666666,1.0,2.3333333333333335,3.0,0.0,0.0,0.043879907621247105,0.0,0.0,0.0,0.0,0.2,0.08,0.0,0.3333333333333333,0.18125,0.1111111111111111,0.07013888888888889,0.0,0.0,0.125,0.0,0.1111111111111111,0.9218157521849608,0.949427566461851,0.7083333333333334,0.0,0.0,0.0
su9_vj_2423,chuong_cu,1.0,2.0,1.0,0.6,1.8,,0.0,0.0,0.009237875288683603,0.5,0.16666666666666666,0.5,0.16666666666666666,0.44999999999999996,0.19444444444444442,1.0,0.5,0.7316176470588235,0.37668067226890756,0.3549369747899159,0.17647058823529413,1.0,1.0,0.4166666666666667,0.34022233893557424,0.921663945285317,0.9587093064710942,0.2777777777777778,0.0,0.0,0.0
su9_vj_2424,chuong_cu,0.75,1.0,1.0,1.0,1.25,,0.0,0.0,0.05138568129330254,0.0,0.0,0.3333333333333333,0.2222222222222222,0.1,0.06666666666666667,0.0,0.0,0.1,0.08333333333333333,0.016666666666666677,0.0,0.0,0.0,0.3333333333333333,0.08333333333333333,0.8992426334984065,0.9326331784561204,0.16666666666666666,0.0,0.0,0.0
su9_vj_2425,chuong_cu,1.0,2.0,1.3333333333333333,0.5,3.0,,0.0,0.0,0.0023094688221709007,0.5,0.4444444444444444,0.5,0.5,0.44999999999999996,0.44999999999999996,0.5,0.5,0.33348214285714284,0.33125,0.002232142857142849,0.0625,0.5,0.5714285714285714,1.0,0.0,0.8900156356435062,0.9481480640666192,0.0,0.0,0.0,0.0
su9_vj_2426,chuong_cu,0.5,0.0,1.0,1.0,1.0,,0.0,0.0,0.05850654349499615,0.0,0.0,0.0,0.0,0.0,0.0,0.0,0.4444444444444444,0.1,0.27575757575757576,-0.17575757575757575,0.0,0.0,0.0,0.3333333333333333,0.2643939393939394,0.9299488722346563,0.9322939756947056,,0.0,0.0,0.0
su9_vj_2427,chuong_cu,0.25,0.0,0.3333333333333333,1.0,3.0,,0.0,0.0,0.0023094688221709007,0.0,0.0,0.0,0.0,0.0,0.0,0.0,0.0,,0.04821428571428571,,0.1,0.0,0.0,,0.04821428571428571,0.9185385695147696,0.9400115199266864,,0.0,0.0,0.0
su9_vj_2428,chuong_cu,0.25,0.0,0.3333333333333333,1.0,1.0,,0.0,0.0,0.013856812933025403,0.0,0.0,0.0,0.0,0.0,0.0,0.0,0.25,,0.0625,,0.0,0.0,0.0,,0.0625,0.9101150853542981,0.9372470040322332,,0.0,0.0,0.0
su9_vj_2429,chuong_cu,0.25,0.0,0.3333333333333333,1.0,1.0,,0.0,0.0,0.004618937644341801,0.0,0.0,0.0,0.0,0.0,0.0,0.0,0.3333333333333333,,0.08333333333333333,,0.0,0.0,0.0,,0.08333333333333333,0.9337512001734712,0.9539986374398846,,0.0,0.0,0.0
su9_vj_2430,chuong_cu,1.0,1.0,1.3333333333333333,0.4,1.2,,0.0,0.0,0.004618937644341801,1.0,0.8333333333333334,1.0,1.0,0.7,0.6999999999999998,0.16666666666666666,0.16666666666666666,0.05952380952380952,0.05952380952380952,0.0,0.0,0.0,0.23809523809523808,1.0,0.0,0.9025709567327959,0.9294244529261771,0.0,0.0,0.0,0.0
su9_vj_2431,chuong_cu,0.25,1.0,0.0,1.0,1.0,,0.0,0.0,0.004618937644341801,0.0,0.0,0.0,0.0,0.0,0.0,0.0,0.0,,0.0,,0.0,0.0,0.15476190476190477,,0.0,0.9148893456382733,0.9106482377236339,,0.0,0.0,0.0
su9_vj_2432,chuong_cu,0.25,1.0,0.0,1.0,,,2.0,0.0,0.016166281755196306,0.0,0.0,0.0,0.0,0.0,0.0,0.3333333333333333,0.0,,0.013888888888888888,,0.05555555555555555,0.0,0.3333333333333333,,0.0,0.9310629548830193,0.9467518399707793,,0.0,0.0,0.0
su9_vj_2433,chuong_cu,0.5,0.0,0.6666666666666666,0.5,1.0,,0.0,0.0,0.12702078521939952,0.0,0.0,0.0,0.0,0.0,0.0,0.0,0.4444444444444444,0.038461538461538464,0.32136752136752134,-0.2829059829059829,0.15384615384615385,0.0,0.0,1.0,0.2829059829059829,0.9073297170694965,0.944307264950338,,0.0,0.0,0.0
su9_vj_2434,chuong_cu,1.0,3.0,2.3333333333333335,0.6,1.5,,0.0,0.0,0.03348729792147805,0.25,0.2333333333333333,0.5833333333333334,0.5370370370370371,0.3333333333333333,0.30370370370370364,1.0,0.625,0.7520138888888889,0.378125,0.3738888888888889,0.3125,1.0,1.0,0.5074074074074074,0.021875000000000033,0.9338772280102099,0.954906750983048,0.0,0.0,0.0,0.0
su9_vj_2435,chuong_cu,0.75,0.0,1.3333333333333333,0.75,2.5,,0.0,0.0,0.007505773672055427,0.0,0.0,0.0,0.0,0.0,0.0,0.0,0.16666666666666666,0.06666666666666668,0.08357843137254903,-0.01691176470588235,0.0,0.0,0.0,0.5555555555555555,0.029190009337068168,0.9493357532760461,0.9503881066549366,,0.0,0.0,0.0
su9_vj_2436,chuong_cu,1.0,2.0,1.0,0.8,1.6,,0.0,0.0,0.013856812933025403,0.5,0.16666666666666666,0.5,0.2222222222222222,0.44999999999999996,0.20555555555555552,0.08333333333333333,0.5555555555555555,0.1886904761904762,0.2833333333333333,-0.09464285714285714,0.05555555555555555,0.0,0.19444444444444442,0.15873015873015872,0.23472222222222222,0.9309442960048281,0.9552284592284654,0.19444444444444445,0.0,0.0,0.0
su9_vj_2437,chuong_cu,1.0,1.0,1.0,1.0,1.0,,0.0,0.0,0.039260969976905306,0.0,0.0,0.0,0.0,0.2,0.20000000000000004,0.5,0.5,0.44958791208791204,0.3563186813186813,0.09326923076923077,0.07692307692307693,0.5,0.5714285714285714,0.25,0.3176282051282051,0.9455191197065542,0.9456648845000182,0.4444444444444444,0.0,0.0,0.0
su9_vj_2438,chuong_cu,0.75,1.0,1.3333333333333333,0.6,1.6,,0.0,0.0,0.009699769053117783,1.0,0.4444444444444444,1.0,0.6666666666666666,0.7,0.4666666666666666,0.0,0.125,0.03571428571428571,0.05625,-0.02053571428571429,0.0,0.0,0.14285714285714285,1.0,0.05625,0.9108464159233844,0.9468824150575398,0.0,0.0,0.0,0.0
su9_vj_2439,chuong_cu,0.25,0.0,0.3333333333333333,1.0,1.0,,0.0,0.0,0.011547344110854504,0.0,0.0,0.0,0.0,0.0,0.0,0.0,0.3333333333333333,,0.24172932330827068,,0.0,0.0,0.0,,0.24172932330827068,0.9108770734742,0.9579026810395442,,0.0,0.0,0.0
su9_vj_2440,chuong_cu,0.75,2.0,0.6666666666666666,0.5,2.5,,0.0,0.0,0.006928406466512702,0.5,0.3333333333333333,0.5,0.3333333333333333,0.39999999999999997,0.26666666666666666,0.0,0.0,0.14423076923076922,0.057692307692307696,0.08653846153846152,0.07692307692307693,0.0,0.0,0.16666666666666666,0.038461538461538464,0.9332395803590176,0.933998468356506,0.0,0.0,0.0,0.0
su9_vj_2441,chuong_cu,0.0,0.0,0.0,0.0,,,0.0,0.0,0.0,0.0,0.0,0.0,0.0,0.0,0.0,0.0,0.0,,0.015625,,0.0625,0.0,0.0,,0.015625,0.918231440012692,0.9484717415474851,,0.0,0.0,0.0
su9_vj_2442,chuong_cu,0.75,1.0,1.3333333333333333,0.8,1.6,,0.0,0.0,0.032794457274826785,0.5,0.16666666666666666,1.0,0.4166666666666667,0.7,0.3,0.0,1.0,0.18768796992481201,0.6394736842105263,-0.4517857142857143,0.15789473684210525,0.0,0.14285714285714285,0.25,0.6,0.916425891764327,0.9468437815695547,0.125,0.0,0.0,0.0
su9_vj_2443,chuong_cu,0.75,2.0,1.0,0.8,2.0,,0.0,0.0,0.054965357967667425,0.3333333333333333,0.1111111111111111,0.6666666666666666,0.2638888888888889,0.39999999999999997,0.1611111111111111,0.375,0.5,0.21250000000000002,0.3513157894736842,-0.13881578947368417,0.0,0.0,0.375,0.20833333333333331,0.3513157894736842,0.934189601509648,0.9304215887962264,0.125,0.0,0.0,0.0
su9_vj_2444,chuong_cu,1.0,2.0,1.3333333333333333,0.3333333333333333,1.0,,0.0,0.0,0.007698229407236336,1.0,0.6666666666666666,1.0,0.6666666666666666,0.7,0.5333333333333333,0.25,0.25,0.1125,0.0625,0.05,0.0,0.0,0.25,0.6666666666666666,0.013392857142857144,0.926419716714968,0.9446665356155108,0.0,0.0,0.0,0.0
su9_vj_2445,chuong_cu,1.0,2.0,2.0,0.5,2.25,3.0,0.0,0.0,0.010392609699769052,1.0,0.5555555555555555,1.0,0.6666666666666666,0.7,0.4844444444444444,1.0,1.0,0.7355555555555555,0.6416666666666666,0.09388888888888891,0.2222222222222222,1.0,1.0,0.4666666666666666,0.5916666666666666,0.9180765717681972,0.9320399664163432,0.1111111111111111,0.0,0.0,0.0
su9_vj_2446,chuong_cu,0.25,0.0,0.3333333333333333,1.0,1.0,,0.0,0.0,0.011547344110854504,0.0,0.0,0.0,0.0,0.0,0.0,0.0,0.0,,0.05133928571428571,,0.125,0.0,0.0,,0.05133928571428571,0.8956513339364098,0.9265208049457317,,0.0,0.0,0.0
su9_vj_2447,chuong_cu,1.0,2.0,2.3333333333333335,0.6666666666666666,1.3333333333333333,,0.0,0.0,0.03977418527072106,0.5,0.27777777777777773,0.625,0.5,0.375,0.2916666666666667,1.0,1.0,0.6863095238095238,0.6476190476190475,0.038690476190476275,0.09523809523809523,1.0,1.0,0.5833333333333334,0.4988095238095237,0.942143565046728,0.9468495618516695,0.027777777777777776,0.0,0.0,0.0
su9_vj_2448,chuong_cu,0.25,0.0,0.3333333333333333,1.0,,,0.0,2.0,0.016166281755196306,0.0,0.0,0.0,0.0,0.0,0.0,0.0,0.1111111111111111,,0.08968253968253968,,0.2,0.0,0.0,,0.05634920634920635,0.9204166549667102,0.9188773043669007,,0.0,0.0,0.0
su9_vj_2449,chuong_cu,1.0,2.0,1.6666666666666667,0.8571428571428571,2.857142857142857,3.0,0.0,0.0,0.027713625866050806,0.3333333333333333,0.1111111111111111,0.5,0.3055555555555555,0.39999999999999997,0.2111111111111111,0.6666666666666666,0.5,0.5295833333333333,0.3583333333333333,0.17125,0.26666666666666666,0.5,0.6666666666666666,0.19166666666666665,0.30922619047619043,0.9171272532357395,0.9233690819387156,0.13888888888888887,0.0,0.0,0.0
su9_vj_2450,chuong_cu,0.5,1.0,0.3333333333333333,1.0,1.0,,0.0,0.0,0.004618937644341801,0.0,0.0,0.3333333333333333,0.1111111111111111,0.2,0.06666666666666667,0.16666666666666666,0.16666666666666666,,0.08452380952380953,,0.0,0.0,0.26666666666666666,,0.08452380952380953,0.9340124329311368,0.9742645190257837,0.16666666666666666,0.0,0.0,0.0
su9_vj_2451,chuong_cu,1.0,2.0,2.3333333333333335,0.7777777777777778,2.3333333333333335,3.0,0.0,0.0,0.0428534770336156,1.0,0.3333333333333333,1.0,0.47222222222222215,0.7,0.31666666666666665,1.0,1.0,0.8060149572649572,0.6961538461538461,0.10986111111111108,0.38461538461538464,1.0,1.0,0.2675925925925926,0.6056089743589743,0.9000356711421934,0.9331420880038578,0.13888888888888887,0.0,0.0,0.0
su9_vj_2452,chuong_cu,0.25,1.0,0.0,1.0,,,2.0,0.0,0.016166281755196306,0.0,0.0,0.0,0.0,0.0,0.0,0.16666666666666666,0.0,,0.038461538461538464,,0.15384615384615385,0.0,0.23809523809523808,,0.019230769230769232,0.909939946214813,0.888195596100047,,0.0,0.0,0.0
su9_vj_2453,chuong_cu,1.0,1.0,1.6666666666666667,0.8333333333333334,3.3333333333333335,3.0,0.0,0.0,0.018475750577367205,0.0,0.0,0.0,0.0,0.1,0.08888888888888889,0.0,1.0,0.1824404761904762,0.63125,-0.44880952380952377,0.125,0.0,0.16666666666666666,0.2698412698412698,0.5812499999999999,0.9120568321949744,0.9325144816296176,0.4166666666666667,0.0,0.0,0.0
su9_vj_2454,chuong_cu,0.25,0.0,0.3333333333333333,1.0,,,0.0,2.0,0.016166281755196306,0.0,0.0,0.0,0.0,0.0,0.0,0.0,0.16666666666666666,,0.08893557422969187,,0.11764705882352941,0.0,0.0,,0.059523809523809514,0.9042132241012326,0.9188773043669007,,0.0,0.0,0.0
su9_vj_2455,chuong_cu,0.5,1.0,0.3333333333333333,1.0,2.0,,0.0,0.0,0.0034642032332563508,0.0,0.0,0.0,0.0,0.06666666666666667,0.022222222222222223,0.125,0.16666666666666666,,0.09191176470588236,,0.17647058823529413,0.0,0.19642857142857142,,0.0625,0.9099181728938328,0.9655068258680563,0.4166666666666667,0.0,0.0,0.0
su9_vj_2456,chuong_cu,1.0,1.0,1.6666666666666667,0.5,1.3333333333333333,,0.0,0.0,0.008852963818321785,1.0,0.6666666666666666,1.0,1.0,0.7,0.6999999999999998,0.5,0.6666666666666666,0.3666666666666667,0.375,-0.008333333333333304,0.06666666666666667,0.5,0.6,0.8333333333333334,0.033333333333333326,0.9010463393574144,0.9401157068439311,0.0,0.0,0.0,0.0
su9_vj_2457,chuong_cu,0.75,0.0,1.6666666666666667,0.8,1.8,,0.0,0.0,0.030946882217090067,0.0,0.0,0.0,0.0,0.0,0.0,0.0,1.0,0.09821428571428573,0.6178571428571429,-0.5196428571428572,0.07142857142857142,0.0,0.0,0.46428571428571425,0.5821428571428572,0.9388868188430861,0.9500313938414379,,0.0,0.0,0.0
su9_vj_2458,chuong_cu,0.0,0.0,0.0,0.0,,,0.0,0.0,0.0,0.0,0.0,0.0,0.0,0.0,0.0,0.0,0.0,,0.0,,0.0,0.0,0.0,,0.0,0.9038024189473065,0.9776875394735902,,0.0,0.0,0.0
su9_vj_2459,chuong_cu,0.25,0.0,0.3333333333333333,1.0,,,0.0,2.0,0.016166281755196306,0.0,0.0,0.0,0.0,0.0,0.0,0.0,0.19444444444444442,,0.08134920634920635,,0.125,0.0,0.0,,0.06051587301587302,0.9272876403063989,0.9188773043669007,,0.0,0.0,0.0
su9_vj_2460,chuong_cu,0.75,1.0,0.6666666666666666,1.0,1.0,,0.0,0.0,0.016936104695919937,0.0,0.0,0.5,0.25,0.2,0.13333333333333333,0.25,0.25,0.19999999999999998,0.10673076923076923,0.09326923076923076,0.0,0.0,0.35,0.25,0.10673076923076923,0.9366195867129871,0.9590980345003501,0.16666666666666666,0.0,0.0,0.0
su9_vj_2461,chuong_cu,0.0,0.0,0.0,0.0,,,0.0,0.0,0.0,0.0,0.0,0.0,0.0,0.0,0.0,0.0,0.0,,0.027777777777777776,,0.1111111111111111,0.0,0.0,,0.0,0.9201685592382014,0.8465054720793966,,0.0,0.0,0.0
su9_vj_2462,chuong_cu,0.25,1.0,0.0,1.0,1.0,,0.0,0.0,0.004618937644341801,0.0,0.0,0.0,0.0,0.0,0.0,0.16666666666666666,0.0,,0.03333333333333333,,0.13333333333333333,0.0,0.23809523809523808,,0.03333333333333333,0.9303643605262282,0.8869127523184875,,0.0,0.0,0.0
su9_vj_2463,chuong_cu,0.0,0.0,0.0,0.0,,,0.0,0.0,0.0,0.0,0.0,0.0,0.0,0.0,0.0,0.0,0.0,,0.03333333333333333,,0.13333333333333333,0.0,0.0,,0.0,0.9028902377550965,0.9481338169195065,,0.0,0.0,0.0
su9_vj_2465,chuong_cu,1.0,1.0,1.3333333333333333,0.6,2.2,3.0,0.0,0.0,0.021709006928406466,1.0,0.5,1.0,0.75,0.7,0.4888888888888889,0.3333333333333333,0.3333333333333333,0.175,0.08333333333333333,0.09166666666666666,0.06666666666666667,0.0,0.3333333333333333,0.5,0.033333333333333326,0.9117958738897153,0.9272237686345778,0.08333333333333333,0.0,0.0,0.0
su9_vj_2466,chuong_cu,0.25,1.0,0.0,1.0,1.0,,0.0,0.0,0.03695150115473441,0.0,0.0,0.0,0.0,0.0,0.0,0.25,0.0,,0.0,,0.0,0.0,0.25,,0.0,0.9101642983892292,0.9525061052215068,,0.0,0.0,0.0
su9_vj_2467,chuong_cu,1.0,1.0,1.6666666666666667,0.8333333333333334,1.6666666666666667,,0.0,0.0,0.016551193225558123,0.0,0.0,0.25,0.16666666666666666,0.2,0.11111111111111112,0.0,0.3333333333333333,0.14,0.10119047619047619,0.03880952380952382,0.0,0.0,0.2,0.39999999999999997,0.03869047619047619,0.9238550728882595,0.8720883796866487,0.27777777777777773,0.0,0.0,0.0
su9_vj_2468,chuong_cu,0.0,0.0,0.0,0.0,,,0.0,0.0,0.0,0.0,0.0,0.0,0.0,0.0,0.0,0.0,0.0,,0.023809523809523808,,0.0,0.0,0.0,,0.023809523809523808,0.9263891714482061,0.9362963981849307,,0.0,0.0,0.0
su9_vj_2469,chuong_cu,0.75,1.0,0.6666666666666666,1.0,4.333333333333333,3.0,0.0,0.0,0.006158583525789068,0.0,0.0,0.0,0.0,0.06666666666666667,0.044444444444444446,0.0,0.0,0.13571428571428573,0.08012820512820512,0.05558608058608061,0.0,0.0,0.14285714285714285,0.3333333333333333,0.04166666666666666,0.9119895408878335,0.9510865906616333,0.5833333333333334,0.0,0.0,0.0
su9_vj_2470,chuong_cu,0.5,1.0,0.3333333333333333,1.0,1.5,,0.0,0.0,0.023094688221709007,0.0,0.0,0.25,0.08333333333333333,0.1,0.03333333333333333,0.125,0.375,,0.11875,,0.0,0.0,0.225,,0.11875,0.912828196397845,0.9560494764672287,0.25,0.0,0.0,0.0
su9_vj_2471,chuong_cu,0.75,1.0,0.6666666666666666,0.6666666666666666,1.3333333333333333,,0.0,0.0,0.011547344110854502,1.0,0.3333333333333333,1.0,0.4166666666666667,0.7,0.26666666666666666,0.25,0.25,0.1942307692307692,0.0625,0.1317307692307692,0.07692307692307693,0.0,0.25,0.25,0.04326923076923077,0.8922258441355253,0.9511899208782635,0.125,0.0,0.0,0.0
su9_vj_2472,chuong_cu,0.75,0.0,1.3333333333333333,1.0,1.75,,0.0,0.0,0.040993071593533485,0.0,0.0,0.0,0.0,0.0,0.0,0.0,0.3333333333333333,0.11833333333333332,0.11458333333333333,0.0037499999999999895,0.0,0.0,0.0,0.2111111111111111,0.06770833333333333,0.905199813412065,0.8963478497934718,,0.0,0.0,0.0
su9_vj_2473,chuong_cu,0.25,1.0,0.0,1.0,5.0,3.0,3.0,0.0,0.0023094688221709007,0.0,0.0,0.0,0.0,0.0,0.0,0.0,0.0,,0.057692307692307696,,0.0,0.0,0.2,,0.057692307692307696,0.9173462760552652,0.9408785520753522,,0.0,0.0,0.0
su9_vj_2474,chuong_cu,0.25,0.0,0.3333333333333333,1.0,1.0,,0.0,0.0,0.0023094688221709007,0.0,0.0,0.0,0.0,0.0,0.0,0.0,0.0,,0.07192460317460317,,0.09523809523809523,0.0,0.0,,0.07192460317460317,0.9021921145841177,0.9336319998469039,,0.0,0.0,0.0
su9_vj_2475,chuong_cu,0.0,0.0,0.0,0.0,,,0.0,0.0,0.0,0.0,0.0,0.0,0.0,0.0,0.0,0.0,0.0,,0.03333333333333333,,0.13333333333333333,0.0,0.0,,0.03333333333333333,0.9049200607878806,0.9607821982637453,,0.0,0.0,0.0
su9_vj_2476,chuong_cu,0.25,0.0,0.3333333333333333,1.0,5.0,3.0,0.0,0.0,0.004618937644341801,0.0,0.0,0.0,0.0,0.0,0.0,0.0,0.0,,0.044444444444444446,,0.043478260869565216,0.0,0.0,,0.03357487922705314,0.8907804048179264,0.945189538675375,,0.0,0.0,0.0
su9_vj_2477,chuong_cu,0.5,0.0,0.6666666666666666,1.0,3.0,3.0,0.0,1.5,0.006928406466512702,0.0,0.0,0.0,0.0,0.0,0.0,0.0,0.25,0.12,0.08961640211640212,0.030383597883597874,0.0,0.0,0.0,0.2,0.08961640211640212,0.9122388836850044,0.9443356680288788,,0.0,0.0,0.0
su9_vj_2478,chuong_cu,0.5,1.0,0.3333333333333333,1.0,3.0,3.0,3.0,0.0,0.06466512702078521,0.0,0.0,0.25,0.08333333333333333,0.04000000000000001,0.013333333333333336,0.25,0.75,,0.4458333333333333,,0.16666666666666666,0.0,0.25,,0.4041666666666666,0.9084511406872153,0.9615926902820152,0.25,0.0,0.0,0.0
su9_vj_2479,chuong_cu,0.5,0.0,0.6666666666666666,1.0,2.0,,0.0,0.0,0.019630484988452653,0.0,0.0,0.0,0.0,0.0,0.0,0.0,0.625,0.12,0.4145833333333333,-0.2945833333333333,0.0,0.0,0.0,0.2,0.38125,0.9185876753342239,0.9215997180085552,,0.0,0.0,0.0
su9_vj_2480,chuong_cu,1.0,1.0,1.0,0.75,2.5,3.0,3.0,0.0,0.06466512702078521,0.0,0.0,0.25,0.16666666666666666,0.06666666666666667,0.04888888888888889,0.625,0.375,0.4194078947368421,0.12006578947368421,0.29934210526315785,0.05263157894736842,0.5,0.625,0.5,0.07720864661654135,0.9359409836708368,0.9636910732066638,0.3333333333333333,0.0,0.0,0.0
su9_vj_2481,chuong_cu,0.25,1.0,0.0,1.0,1.0,,0.0,0.0,0.03464203233256351,0.0,0.0,0.0,0.0,0.0,0.0,0.4166666666666667,0.0,,0.013157894736842105,,0.2631578947368421,0.3333333333333333,0.48333333333333334,,0.013157894736842105,0.9092250527915191,0.9448475635921176,,0.0,0.0,0.0
su9_vj_2482,chuong_cu,0.5,1.0,0.3333333333333333,1.0,1.0,,2.0,0.0,0.008083140877598153,0.0,0.0,0.25,0.08333333333333333,0.0,0.0,0.16666666666666666,0.25,,0.09642857142857142,,0.0,0.0,0.26666666666666666,,0.0875,0.9220451149952072,0.9696261956939767,0.25,0.0,0.0,0.0
su9_vj_2483,chuong_cu,0.25,0.0,0.3333333333333333,1.0,5.0,3.0,0.0,0.0,0.0069284064665127015,0.0,0.0,0.0,0.0,0.0,0.0,0.0,0.16666666666666666,,0.05833333333333333,,0.0,0.0,0.0,,0.05833333333333333,0.9160387628957662,0.9592371339540497,,0.0,0.0,0.0
su9_vj_2484,chuong_cu,0.5,1.0,0.3333333333333333,1.0,2.5,,0.0,0.0,0.006928406466512702,0.0,0.0,0.0,0.0,0.1,0.03333333333333333,0.25,0.25,,0.0625,,0.0,0.0,0.25,,0.0625,0.913361428858108,0.9216431979242301,0.3333333333333333,0.0,0.0,0.0
su9_vj_2485,chuong_cu,0.25,0.0,0.3333333333333333,1.0,1.0,,0.0,0.0,0.03464203233256351,0.0,0.0,0.0,0.0,0.0,0.0,0.0,0.625,,0.3697115384615385,,0.0,0.0,0.0,,0.3697115384615385,0.8897132942773813,0.9626545645871114,,0.0,0.0,0.0
su9_vj_2486,chuong_cu,0.75,1.0,0.6666666666666666,1.0,2.0,,0.0,0.0,0.016936104695919937,0.0,0.0,0.25,0.08333333333333333,0.1,0.06666666666666667,0.16666666666666666,0.4166666666666667,0.2196732026143791,0.26214985994397755,-0.04247665732959846,0.17647058823529413,0.0,0.2222222222222222,0.2,0.20931266445972324,0.9074504121273349,0.9304763748508701,0.4166666666666667,0.0,0.0,0.0
su9_vj_2487,chuong_cu,0.0,0.0,0.0,0.0,,,0.0,0.0,0.0,0.0,0.0,0.0,0.0,0.0,0.0,0.0,0.0,,0.010416666666666666,,0.0,0.0,0.0,,0.010416666666666666,0.913126245962,0.9314363407381782,,0.0,0.0,0.0
su9_vj_2488,chuong_cu,0.75,1.0,1.3333333333333333,0.8,3.0,3.0,3.0,0.75,0.016628175519630483,0.5,0.16666666666666666,1.0,0.4166666666666667,0.7,0.25555555555555554,0.25,1.0,0.19166666666666665,0.6666666666666666,-0.475,0.06666666666666667,0.0,0.25,0.25,0.6333333333333333,0.9275851898297642,0.9399517950141427,0.125,0.0,0.0,0.0
su9_vj_2489,chuong_cu,0.75,1.0,0.6666666666666666,1.0,3.5,3.0,0.0,1.0,0.004618937644341801,0.0,0.0,0.0,0.0,0.1,0.03333333333333333,0.0,0.3333333333333333,0.12,0.08333333333333333,0.03666666666666667,0.0,0.0,0.0,0.2,0.08333333333333333,0.9283135856884139,0.9632217685204824,1.0,0.0,0.0,0.0
su9_vj_2490,chuong_cu,0.5,2.0,0.3333333333333333,1.0,1.6666666666666667,,0.0,0.0,0.016936104695919937,0.0,0.0,0.0,0.0,0.06666666666666667,0.022222222222222223,0.25,0.0,,0.06439393939393939,,0.0,0.0,0.25,,0.041666666666666664,0.9189822784833768,0.9467987622273407,0.3333333333333333,0.0,0.0,0.0
su9_vj_2491,chuong_cu,0.75,0.0,1.0,1.0,2.3333333333333335,,0.0,0.0,0.043879907621247105,0.0,0.0,0.0,0.0,0.0,0.0,0.0,0.5,0.10666666666666665,0.328125,-0.22145833333333337,0.0,0.0,0.0,0.2888888888888889,0.275,0.8982353758389555,0.926472377118493,,0.0,0.0,0.0
su9_vj_2492,chuong_cu,1.0,2.0,1.6666666666666667,0.8571428571428571,1.8571428571428572,,0.0,0.0,0.03266248762784559,0.0,0.0,0.41666666666666663,0.18055555555555555,0.15000000000000002,0.15000000000000002,0.3958333333333333,0.47916666666666663,0.20937499999999998,0.24583333333333332,-0.03645833333333334,0.125,0.0,0.3958333333333333,0.47222222222222227,0.20357142857142857,0.9341610283406822,0.9335830730884884,0.2222222222222222,0.0,0.0,0.0
su9_vj_2493,chuong_cu,0.25,0.0,0.3333333333333333,1.0,1.0,,0.0,0.0,0.03695150115473441,0.0,0.0,0.0,0.0,0.0,0.0,0.0,0.4166666666666667,,0.2375,,0.13333333333333333,0.0,0.0,,0.22083333333333333,0.9292529933318745,0.9692011908483465,,0.0,0.0,0.0
su9_vj_2494,chuong_cu,0.75,1.0,0.6666666666666666,1.0,3.0,3.0,2.0,1.5,0.016936104695919937,0.0,0.0,0.5,0.16666666666666666,0.0,0.0,0.3333333333333333,0.25,0.20833333333333331,0.09027777777777778,0.11805555555555554,0.0,0.0,0.3333333333333333,0.16666666666666666,0.09027777777777778,0.9258236085339262,0.8710465513964716,0.20833333333333331,0.0,0.0,0.0
su9_vj_2495,chuong_cu,0.5,0.0,0.6666666666666666,1.0,5.0,3.0,0.0,0.0,0.0034642032332563508,0.0,0.0,0.0,0.0,0.0,0.0,0.0,0.0625,0.1,0.065625,0.034375,0.0,0.0,0.0,0.3333333333333333,0.065625,0.9039171166086251,0.9291480584537737,,0.0,0.0,0.0
su9_vj_2496,chuong_cu,0.0,0.0,0.0,0.0,,,0.0,0.0,0.0,0.0,0.0,0.0,0.0,0.0,0.0,0.0,0.0,,0.014705882352941176,,0.0,0.0,0.0,,0.014705882352941176,0.9306361887221217,0.9467028266866034,,0.0,0.0,0.0
su9_vj_2497,chuong_cu,0.5,0.0,0.6666666666666666,1.0,3.0,3.0,0.0,1.5,0.018475750577367205,0.0,0.0,0.0,0.0,0.0,0.0,0.0,1.0,0.11249999999999999,0.6499999999999999,-0.5374999999999999,0.0,0.0,0.0,0.25,0.575,0.9003399734086751,0.9292508795943633,,0.0,0.0,0.0
su9_vj_2498,chuong_cu,1.0,1.0,1.0,1.0,2.5,3.0,2.0,0.0,0.04214780600461893,0.0,0.0,0.25,0.08333333333333333,0.06666666666666667,0.04888888888888889,0.0,0.5,0.1495238095238095,0.3625,-0.21297619047619049,0.0,0.0,0.17142857142857143,0.2888888888888889,0.2972222222222222,0.9223343228153311,0.9373129232842443,0.4166666666666667,0.0,0.0,0.0
su9_vj_2499,chuong_cu,0.5,0.0,0.6666666666666666,1.0,3.0,,0.0,0.0,0.008083140877598153,0.0,0.0,0.0,0.0,0.0,0.0,0.0,0.0,0.1497058823529412,0.05637254901960784,0.09333333333333335,0.058823529411764705,0.0,0.0,0.1,0.05637254901960784,0.9119722317814298,0.9652981558158871,,0.0,0.0,0.0
su9_vj_2500,chuong_cu,0.5,1.0,0.3333333333333333,1.0,1.0,,0.0,0.0,0.0069284064665127015,0.0,0.0,0.25,0.08333333333333333,0.2,0.06666666666666667,0.5,0.3333333333333333,,0.1111111111111111,,0.0,0.0,0.5,,0.1111111111111111,0.9081398477129637,0.9560395488068993,0.25,0.0,0.0,0.0
su9_vj_2501,chuong_cu,1.0,1.0,1.3333333333333333,0.4,1.4,,0.0,0.0,0.10207852193995379,1.0,0.8333333333333334,1.0,1.0,0.7,0.6999999999999998,0.25,0.25,0.12916666666666665,0.12916666666666665,0.0,0.16666666666666666,0.0,0.35,1.0,0.013888888888888881,0.9214192240727,0.9340484631052062,0.0,0.0,0.0,0.0
su9_vj_2502,chuong_cu,0.5,0.0,0.6666666666666666,1.0,2.0,,0.0,0.0,0.019630484988452653,0.0,0.0,0.0,0.0,0.0,0.0,0.0,0.5,0.1325,0.15,-0.017499999999999988,0.05,0.0,0.0,0.2,0.15,0.9304420861583443,0.9409836468594555,,0.0,0.0,0.0
su9_vj_2503,chuong_cu,0.75,1.0,0.6666666666666666,1.0,3.0,3.0,0.0,0.0,0.009237875288683603,0.0,0.0,0.0,0.0,0.06666666666666667,0.035555555555555556,1.0,0.0,0.75125,0.0757142857142857,0.6755357142857142,0.08,1.0,1.0,0.125,0.06571428571428571,0.9147023126477719,0.9590261204762487,0.45833333333333337,0.0,0.0,0.0
su9_vj_2504,chuong_cu,0.0,0.0,0.0,0.0,,,0.0,0.0,0.0,0.0,0.0,0.0,0.0,0.0,0.0,0.0,0.0,,0.013888888888888888,,0.0,0.0,0.0,,0.0,0.898432527968235,0.9750444712037882,,0.0,0.0,0.0
su9_vj_2505,chuong_cu,0.25,0.0,0.3333333333333333,1.0,1.0,,0.0,0.0,0.12702078521939952,0.0,0.0,0.0,0.0,0.0,0.0,0.0,0.5,,0.1875,,0.0625,0.0,0.0,,0.171875,0.9266309005103237,0.9270573683840647,,0.0,0.0,0.0
su9_vj_2506,chuong_cu,1.0,2.0,1.0,0.6,1.0,,0.0,0.0,0.062355658198614314,0.5,0.16666666666666666,0.75,0.5833333333333334,0.44999999999999996,0.2833333333333333,0.4166666666666667,0.4166666666666667,0.3168290043290043,0.25546536796536795,0.06136363636363634,0.13636363636363635,0.3333333333333333,0.46428571428571425,0.6666666666666666,0.12667748917748917,0.9035321727466736,0.9382124239369599,0.05555555555555555,0.0,0.0,0.0
su9_vj_2507,chuong_cu,0.5,0.0,0.6666666666666666,1.0,1.5,,0.0,0.0,0.023094688221709007,0.0,0.0,0.0,0.0,0.0,0.0,0.0,0.5,0.1701923076923077,0.16346153846153846,0.006730769230769235,0.23076923076923078,0.0,0.0,0.25,0.16346153846153846,0.9138692198258068,0.9435554292866903,,0.0,0.0,0.0
su9_vj_2508,chuong_cu,0.5,1.0,0.3333333333333333,0.5,1.0,,0.0,0.0,0.03464203233256351,1.0,0.3333333333333333,1.0,0.3333333333333333,0.7,0.2333333333333333,0.5,0.5,,0.27988721804511274,,0.10526315789473684,0.3333333333333333,0.5476190476190476,,0.27988721804511274,0.9295403127992989,0.9387009834051836,0.0,0.0,0.0,0.0
su9_vj_2509,chuong_cu,0.5,1.0,0.3333333333333333,1.0,3.5,3.0,0.0,0.0,0.017321016166281754,0.0,0.0,0.0,0.0,0.05,0.016666666666666666,0.25,0.3333333333333333,,0.08333333333333333,,0.0,0.0,0.25,,0.08333333333333333,0.9072995439320689,0.9319745648719774,0.4166666666666667,0.0,0.0,0.0
su9_vj_2510,chuong_cu,0.5,0.0,1.0,1.0,1.3333333333333333,,0.0,0.0,0.027713625866050806,0.0,0.0,0.0,0.0,0.0,0.0,0.0,0.625,0.1388157894736842,0.3575657894736842,-0.21875000000000003,0.10526315789473684,0.0,0.0,0.25,0.34440789473684214,0.9246253506372171,0.9276665102255186,,0.0,0.0,0.0
su9_vj_2511,chuong_cu,0.75,1.0,0.6666666666666666,1.0,3.0,3.0,0.0,0.0,0.0069284064665127015,0.0,0.0,0.0,0.0,0.06666666666666667,0.044444444444444446,0.0,0.3333333333333333,0.19375,0.08333333333333333,0.11041666666666668,0.05,0.0,0.2,0.125,0.07083333333333333,0.924451818176468,0.9562286183933559,0.625,0.0,0.0,0.0
su9_vj_2512,chuong_cu,0.25,1.0,0.0,1.0,1.0,,0.0,0.0,0.004618937644341801,0.0,0.0,0.0,0.0,0.0,0.0,0.25,0.0,,0.021739130434782608,,0.08695652173913043,0.0,0.3214285714285714,,0.0,0.9235658352078229,0.9666517302337024,,0.0,0.0,0.0
su9_vj_2513,chuong_cu,0.25,0.0,0.3333333333333333,1.0,,,0.0,0.0,0.011547344110854504,0.0,0.0,0.0,0.0,0.0,0.0,0.0,0.375,,0.09375,,0.0,0.0,0.0,,0.09375,0.9122205343434744,0.974631271206871,,0.0,0.0,0.0
su9_vj_2514,chuong_cu,0.5,2.0,0.3333333333333333,1.0,2.6666666666666665,,0.0,0.0,0.026943802925327175,0.0,0.0,0.25,0.08333333333333333,0.058333333333333334,0.019444444444444445,0.125,0.5,,0.32499999999999996,,0.0,0.0,0.125,,0.32499999999999996,0.9264861836742846,0.9366273046882417,0.25,0.0,0.0,0.0
su9_vj_2515,chuong_cu,0.5,0.0,0.6666666666666666,0.5,1.0,,0.0,0.0,0.12702078521939952,0.0,0.0,0.0,0.0,0.0,0.0,0.0,0.6666666666666666,0.011904761904761904,0.4011904761904762,-0.3892857142857143,0.047619047619047616,0.0,0.0,1.0,0.3892857142857143,0.9183509088748422,0.9394410682891077,,0.0,0.0,0.0
su9_vj_2516,chuong_cu,0.5,0.0,0.6666666666666666,1.0,1.5,,0.0,0.0,0.011547344110854504,0.0,0.0,0.0,0.0,0.0,0.0,0.0,0.5,0.11249999999999999,0.1590909090909091,-0.0465909090909091,0.0,0.0,0.0,0.25,0.14772727272727273,0.9096073382500849,0.9513014416905949,,0.0,0.0,0.0
su9_vj_2517,chuong_cu,0.75,2.0,0.6666666666666666,1.0,1.25,,0.0,0.0,0.009237875288683603,0.0,0.0,0.29166666666666663,0.15277777777777776,0.15000000000000002,0.10000000000000002,0.0,0.0,0.16249999999999998,0.05,0.11249999999999998,0.2,0.0,0.0,0.25,0.01666666666666667,0.939701048753583,0.8999714111768236,0.16666666666666666,0.0,0.0,0.0
su9_vj_2518,chuong_cu,0.75,0.0,1.3333333333333333,1.0,1.5,,0.0,0.0,0.021939953810623556,0.0,0.0,0.0,0.0,0.0,0.0,0.0,0.25,0.1,0.08035714285714285,0.019642857142857156,0.0,0.0,0.0,0.3333333333333333,0.030357142857142846,0.9212485060779088,0.9288194880358791,,0.0,0.0,0.0
su9_vj_2519,chuong_cu,0.75,2.0,0.6666666666666666,0.75,1.25,,0.0,0.0,0.07217090069284064,0.0,0.0,0.25,0.16666666666666666,0.15000000000000002,0.10000000000000002,0.5,1.0,0.171875,0.63125,-0.459375,0.1875,0.0,0.5,1.0,0.615625,0.90274269267522,0.9176339228835284,0.08333333333333333,0.0,0.0,0.0
su9_vj_2520,chuong_cu,0.75,0.0,1.0,0.6666666666666666,2.3333333333333335,,0.0,0.0,0.04541955350269438,0.0,0.0,0.0,0.0,0.0,0.0,0.0,0.625,0.10606060606060605,0.37670454545454546,-0.2706439393939394,0.09090909090909091,0.0,0.0,0.4444444444444444,0.3192550505050505,0.9056570239642728,0.9448264565860296,,0.0,0.0,0.0
su9_vj_2521,chuong_cu,0.5,1.0,0.3333333333333333,1.0,1.0,,0.0,0.0,0.0034642032332563508,0.0,0.0,0.3333333333333333,0.1111111111111111,0.2,0.06666666666666667,0.29166666666666663,0.29166666666666663,,0.08482142857142856,,0.0,0.0,0.29166666666666663,,0.08482142857142856,0.9132490892255622,0.9323591083598155,0.16666666666666666,0.0,0.0,0.0
su9_vj_2522,chuong_cu,0.5,0.0,0.6666666666666666,1.0,2.5,,0.0,0.0,0.009237875288683603,0.0,0.0,0.0,0.0,0.0,0.0,0.0,0.29166666666666663,0.1319047619047619,0.09672619047619047,0.03517857142857145,0.047619047619047616,0.0,0.0,0.2,0.09672619047619047,0.920115730000151,0.9325360783712608,,0.0,0.0,0.0
su9_vj_2523,chuong_cu,0.75,2.0,0.6666666666666666,0.75,1.0,,0.0,0.0,0.06870669745958428,0.5,0.16666666666666666,0.6666666666666666,0.3611111111111111,0.35,0.15,1.0,1.0,0.7539473684210526,0.6263157894736842,0.12763157894736843,0.3157894736842105,1.0,1.0,0.5,0.5736842105263158,0.9187578420765948,0.917577565482208,0.041666666666666664,0.0,0.0,0.0
su9_vj_2524,chuong_cu,1.0,2.0,2.0,0.875,1.875,,0.0,0.0,0.04416859122401847,0.0,0.0,0.29166666666666663,0.20833333333333334,0.2,0.14444444444444446,0.25,1.0,0.1692857142857143,0.6277777777777778,-0.4584920634920635,0.0,0.0,0.25,0.28809523809523807,0.5652777777777778,0.89760079709421,0.9542178519913975,0.16666666666666666,0.0,0.0,0.0
su9_vj_2525,chuong_cu,0.5,1.0,0.3333333333333333,1.0,1.0,,0.0,0.0,0.08083140877598152,0.0,0.0,0.5,0.16666666666666666,0.2,0.06666666666666667,0.5,1.0,,0.6535714285714285,,0.14285714285714285,0.0,0.5,,0.6535714285714285,0.9392929454437352,0.9387348472543773,0.08333333333333333,0.0,0.0,0.0
su9_vj_2526,chuong_cu,0.75,0.0,1.3333333333333333,0.75,1.0,,0.0,0.0,0.04618937644341801,0.0,0.0,0.0,0.0,0.0,0.0,0.0,1.0,0.08846153846153847,0.6384615384615384,-0.5499999999999999,0.15384615384615385,0.0,0.0,0.6666666666666666,0.4942307692307692,0.8934378707652838,0.9240941844727527,,0.0,0.0,0.0
su9_vj_2527,chuong_cu,1.0,1.0,2.3333333333333335,0.625,1.125,,0.0,0.0,0.018187066974595843,0.5,0.16666666666666666,1.0,0.6666666666666666,0.7,0.3666666666666667,0.4166666666666667,0.5,0.3538492063492063,0.30166666666666664,0.052182539682539664,0.24,0.3333333333333333,0.46428571428571425,0.5925925925925926,0.22142857142857142,0.9116191272121503,0.9210098218188667,0.05555555555555555,0.0,0.0,0.0
su9_vj_2528,chuong_cu,0.5,0.0,0.6666666666666666,0.5,1.0,,0.0,0.0,0.03464203233256351,0.0,0.0,0.0,0.0,0.0,0.0,0.0,0.625,0.0,0.37754629629629627,-0.37754629629629627,0.0,0.0,0.0,1.0,0.368287037037037,0.9157981409033612,0.9502823095074306,,0.0,0.0,0.0
su9_vj_2529,chuong_cu,0.0,0.0,0.0,0.0,,,0.0,0.0,0.0,0.0,0.0,0.0,0.0,0.0,0.0,0.0,0.0,,0.0,,0.0,0.0,0.0,,0.0,0.9228290255298067,0.9601899320185965,,0.0,0.0,0.0
su9_vj_2530,chuong_cu,0.0,0.0,0.0,0.0,,,0.0,0.0,0.0,0.0,0.0,0.0,0.0,0.0,0.0,0.0,0.0,,0.04411764705882353,,0.058823529411764705,0.0,0.0,,0.029411764705882356,0.916204280392042,0.9269429971245557,,0.0,0.0,0.0
su9_vj_2531,chuong_cu,0.75,0.0,1.3333333333333333,0.5,1.0,,0.0,0.0,0.023094688221709007,0.0,0.0,0.0,0.0,0.0,0.0,0.0,0.4166666666666667,0.034999999999999996,0.2627380952380952,-0.2277380952380952,0.04,0.0,0.0,0.8333333333333334,0.14833333333333332,0.9013263937299031,0.9298746184291127,,0.0,0.0,0.0
su9_vj_2532,chuong_cu,0.5,0.0,0.6666666666666666,1.0,1.0,,0.0,0.0,0.023094688221709007,0.0,0.0,0.0,0.0,0.0,0.0,0.0,0.25,0.075,0.09506302521008403,-0.02006302521008403,0.0,0.0,0.0,0.5,0.09506302521008403,0.9150668442620913,0.9319647862293682,,0.0,0.0,0.0
su9_vj_2533,chuong_cu,0.75,1.0,0.6666666666666666,1.0,1.3333333333333333,,0.0,0.0,0.013856812933025405,0.0,0.0,0.0,0.0,0.2,0.10000000000000002,0.125,0.25,0.17625,0.0875,0.08875,0.0,0.0,0.225,0.2,0.0875,0.9249825272347757,0.9018233779963662,0.3333333333333333,0.0,0.0,0.0
su9_vj_2534,chuong_cu,0.5,2.0,0.3333333333333333,1.0,1.6666666666666667,,0.0,0.0,0.016936104695919937,0.0,0.0,0.25,0.08333333333333333,0.13333333333333333,0.044444444444444446,0.0,0.25,,0.0625,,0.045454545454545456,0.0,0.2,,0.05113636363636363,0.9135630512939498,0.9582021035404239,0.08333333333333333,0.0,0.0,0.0
su9_vj_2535,chuong_cu,0.0,0.0,0.0,0.0,,,0.0,0.0,0.0,0.0,0.0,0.0,0.0,0.0,0.0,0.0,0.0,,0.0,,0.0,0.0,0.0,,0.0,0.9107692740080335,0.9733963332472786,,0.0,0.0,0.0
su9_vj_2536,chuong_cu,0.75,1.0,0.6666666666666666,0.6666666666666666,1.0,,0.0,0.0,0.018475750577367205,1.0,0.3333333333333333,1.0,0.3333333333333333,0.7,0.3,0.27777777777777773,0.27777777777777773,0.20194444444444443,0.06944444444444443,0.1325,0.05,0.0,0.27777777777777773,0.2,0.056944444444444436,0.9164634912988826,0.9488759430091928,0.16666666666666666,0.0,0.0,0.0
su9_vj_2537,chuong_cu,0.0,0.0,0.0,0.0,,,0.0,0.0,0.0,0.0,0.0,0.0,0.0,0.0,0.0,0.0,0.0,,0.020833333333333332,,0.041666666666666664,0.0,0.0,,0.020833333333333332,0.9259822947396247,0.9344022446312845,,0.0,0.0,0.0
su9_vj_2538,chuong_cu,0.0,0.0,0.0,0.0,,,0.0,0.0,0.0,0.0,0.0,0.0,0.0,0.0,0.0,0.0,0.0,,0.041666666666666664,,0.0,0.0,0.0,,0.041666666666666664,0.9255795813532995,0.9425122990156585,,0.0,0.0,0.0
su9_vj_2539,chuong_cu,0.5,0.0,0.6666666666666666,0.5,2.0,,0.0,0.0,0.011547344110854504,0.0,0.0,0.0,0.0,0.0,0.0,0.0,0.25,0.0,0.0625,-0.0625,0.0,0.0,0.0,1.0,0.0625,0.9075188736561819,0.9600214616115684,,0.0,0.0,0.0
su9_vj_2540,chuong_cu,0.5,0.0,1.0,1.0,2.3333333333333335,,0.0,0.0,0.04618937644341801,0.0,0.0,0.0,0.0,0.0,0.0,0.0,1.0,0.125,0.6294117647058823,-0.5044117647058823,0.0,0.0,0.0,0.16666666666666666,0.6147058823529412,0.9235747015032755,0.9434984849491455,,0.0,0.0,0.0
su9_vj_2541,chuong_cu,0.5,1.0,0.6666666666666666,0.6666666666666666,1.0,,0.0,0.0,0.03541185527328714,0.5,0.16666666666666666,1.0,0.3333333333333333,0.7,0.2333333333333333,0.5,0.5,,0.1381578947368421,,0.05263157894736842,0.0,0.5,,0.1381578947368421,0.9222992561402339,0.9366235833780848,0.0,0.0,0.0,0.0
su9_vj_2542,chuong_cu,1.0,1.0,1.3333333333333333,1.0,1.2,,0.0,0.0,0.0069284064665127015,0.0,0.0,0.3333333333333333,0.19444444444444442,0.1,0.10000000000000002,0.16666666666666666,0.25,0.15666666666666668,0.0756578947368421,0.08100877192982457,0.0,0.0,0.16666666666666666,0.2333333333333333,0.03399122807017544,0.9273695949828689,0.9594596035276135,0.24999999999999997,0.0,0.0,0.0
su9_vj_2543,chuong_cu,0.5,2.0,0.3333333333333333,0.6666666666666666,1.3333333333333333,,0.0,0.0,0.026943802925327175,0.5,0.16666666666666666,0.625,0.20833333333333334,0.39999999999999997,0.13333333333333333,0.625,0.625,,0.4073369565217391,,0.2608695652173913,0.5,0.625,,0.4073369565217391,0.9127900233653422,0.9229862346942829,0.0,0.0,0.0,0.0
su9_vj_2544,chuong_cu,0.25,0.0,0.3333333333333333,1.0,1.0,,0.0,0.0,0.004618937644341801,0.0,0.0,0.0,0.0,0.0,0.0,0.0,0.1111111111111111,,0.041666666666666664,,0.0,0.0,0.0,,0.041666666666666664,0.9128001094843243,0.9642407999067738,,0.0,0.0,0.0
su9_vj_2545,chuong_cu,0.75,2.0,0.6666666666666666,0.75,1.0,,0.0,0.0,0.016166281755196306,0.0,0.0,0.375,0.25,0.1,0.06666666666666667,0.4166666666666667,0.5833333333333334,0.1517857142857143,0.2982142857142857,-0.1464285714285714,0.19047619047619047,0.0,0.4166666666666667,1.0,0.2863095238095238,0.9146051304380012,0.9398765524849535,0.08333333333333333,0.0,0.0,0.0
su9_vj_2546,chuong_cu,0.5,1.0,0.3333333333333333,1.0,3.0,3.0,3.0,0.0,0.06466512702078521,0.0,0.0,0.25,0.08333333333333333,0.04000000000000001,0.013333333333333336,0.25,0.5,,0.15202702702702703,,0.05405405405405406,0.0,0.25,,0.13851351351351351,0.922381503327161,0.9615926902820152,0.25,0.0,0.0,0.0
su9_vj_2547,chuong_cu,0.75,1.0,0.6666666666666666,0.6666666666666666,4.0,3.0,0.0,0.0,0.0069284064665127015,0.0,0.0,0.0,0.0,0.05,0.03333333333333333,0.3333333333333333,0.25,0.09895833333333333,0.078125,0.02083333333333333,0.0625,0.0,0.3333333333333333,1.0,0.03125,0.8910460354263812,0.9319708243572451,0.4166666666666667,0.0,0.0,0.0
su9_vj_2548,chuong_cu,0.75,1.0,0.6666666666666666,1.0,5.0,3.0,0.0,0.0,0.007698229407236336,0.0,0.0,0.5,0.25,0.0,0.0,0.3333333333333333,0.3333333333333333,0.1958333333333333,0.09803921568627451,0.0977941176470588,0.0,0.0,0.3333333333333333,0.25,0.08333333333333333,0.9364289534973751,0.8895899841894732,0.16666666666666666,0.0,0.0,0.0
su9_vj_2549,chuong_cu,1.0,1.0,1.3333333333333333,0.4,1.2,,0.0,0.0,0.10438799076212471,1.0,0.8333333333333334,1.0,1.0,0.7,0.6999999999999998,0.625,0.625,0.3669642857142857,0.3907738095238095,-0.023809523809523836,0.14285714285714285,0.5,0.625,1.0,0.035714285714285754,0.9287246296314368,0.928951047416588,0.0,0.0,0.0,0.0
su9_vj_2550,chuong_cu,0.75,1.0,0.6666666666666666,1.0,3.0,3.0,0.0,1.5,0.043879907621247105,0.0,0.0,0.25,0.16666666666666666,0.06666666666666667,0.035555555555555556,0.5,0.0,0.2773809523809524,0.07380952380952381,0.20357142857142857,0.09523809523809523,0.0,0.5,0.14285714285714285,0.05,0.917940918795111,0.9489721107951763,0.25,0.0,0.0,0.0
su9_vj_2551,chuong_cu,0.75,0.0,1.0,1.0,1.3333333333333333,,0.0,0.0,0.052347959969207075,0.0,0.0,0.0,0.0,0.0,0.0,0.0,0.1875,0.12939393939393937,0.06865530303030302,0.06073863636363634,0.09090909090909091,0.0,0.0,0.2888888888888889,0.037405303030303025,0.9259132855125336,0.9540178440821869,,0.0,0.0,0.0
su9_vj_2552,chuong_cu,1.0,1.0,1.0,1.0,5.0,3.0,0.0,0.0,0.005773672055427252,0.0,0.0,0.0,0.0,0.2,0.06666666666666667,0.0,0.16666666666666666,0.1,0.09047619047619047,0.009523809523809532,0.0,0.0,0.0,0.3333333333333333,0.05178571428571428,0.9024531711221534,0.9088045364334297,1.0,0.0,0.0,0.0
su9_vj_2553,chuong_cu,1.0,1.0,1.3333333333333333,1.0,2.2,,0.0,0.0,0.018937644341801386,0.0,0.0,0.0,0.0,0.2,0.10222222222222223,0.16666666666666666,0.625,0.17724358974358978,0.3504807692307692,-0.17323717948717943,0.02564102564102564,0.0,0.25,0.27777777777777773,0.27499999999999997,0.9112567671984478,0.9074102946846836,0.47222222222222227,0.0,0.0,0.0
su9_vj_2554,chuong_cu,0.75,0.0,1.3333333333333333,0.75,2.0,,0.0,0.0,0.04157043879907621,0.0,0.0,0.0,0.0,0.0,0.0,0.0,1.0,0.14024725274725275,0.6384615384615384,-0.49821428571428567,0.15384615384615385,0.0,0.0,0.3214285714285714,0.5642857142857143,0.8928196385670922,0.9347523681363277,,0.0,0.0,0.0
su9_vj_2555,chuong_cu,0.75,1.0,1.0,1.0,1.25,,0.0,0.0,0.006351039260969977,0.0,0.0,0.3333333333333333,0.1111111111111111,0.1,0.06666666666666667,0.16666666666666666,0.16666666666666666,0.22,0.1,0.12,0.13333333333333333,0.0,0.26666666666666666,0.2,0.06666666666666668,0.915200411210486,0.9621593353780407,0.25,0.0,0.0,0.0
su9_vj_2556,chuong_cu,0.5,1.0,0.3333333333333333,1.0,3.0,3.0,0.0,3.0,0.06466512702078521,0.0,0.0,0.25,0.08333333333333333,0.04000000000000001,0.013333333333333336,0.6666666666666666,0.125,,0.07708333333333334,,0.2,0.5,0.6666666666666666,,0.052083333333333336,0.9276271598600173,0.9489721107951763,0.25,0.0,0.0,0.0
su9_vj_2557,chuong_cu,0.0,0.0,0.0,0.0,,,0.0,0.0,0.0,0.0,0.0,0.0,0.0,0.0,0.0,0.0,0.0,,0.125,,0.0,0.0,0.0,,0.125,0.935426498722842,0.9463741701908774,,0.0,0.0,0.0
su9_vj_2558,chuong_cu,1.0,1.0,1.0,0.75,1.25,,0.0,0.0,0.015588914549653578,1.0,0.3333333333333333,1.0,0.611111111111111,0.7,0.3333333333333333,0.625,0.625,0.47291666666666665,0.38125,0.09166666666666667,0.2,0.5,0.625,0.38888888888888884,0.30833333333333335,0.9075467635627587,0.9331209352143202,0.08333333333333333,0.0,0.0,0.0
su9_vj_2559,chuong_cu,1.0,1.0,2.0,0.42857142857142855,1.0,,0.0,0.0,0.03464203233256351,0.5,0.5,1.0,1.0,0.7,0.6999999999999998,0.5,0.5,0.39999999999999997,0.35,0.04999999999999999,0.2,0.5,0.5,0.6666666666666666,0.0,0.9116333100170474,0.941694619645591,0.0,0.0,0.0,0.0
su9_vj_2560,chuong_cu,0.25,1.0,0.0,1.0,1.0,,0.0,0.0,0.03695150115473441,0.0,0.0,0.0,0.0,0.0,0.0,0.6666666666666666,0.0,,0.029411764705882353,,0.058823529411764705,0.5,0.6666666666666666,,0.029411764705882353,0.9163027029708741,0.9346432966774029,,0.0,0.0,0.0
su9_vj_2561,chuong_cu,0.75,0.0,1.0,1.0,3.3333333333333335,3.0,0.0,0.0,0.013086989992301769,0.0,0.0,0.0,0.0,0.0,0.0,0.0,0.3333333333333333,0.12374999999999999,0.13020833333333331,-0.00645833333333333,0.0,0.0,0.0,0.17500000000000002,0.05729166666666666,0.9216656971424456,0.9324198428925096,,0.0,0.0,0.0
su9_vj_2562,chuong_cu,0.5,1.0,0.3333333333333333,1.0,3.0,3.0,0.0,0.0,0.020785219399538105,0.0,0.0,0.25,0.08333333333333333,0.04000000000000001,0.013333333333333336,0.5,0.3333333333333333,,0.09420289855072464,,0.13043478260869565,0.0,0.5,,0.08333333333333334,0.9093768603346444,0.92450252030999,0.25,0.0,0.0,0.0
su9_vj_2563,chuong_cu,0.75,1.0,0.6666666666666666,1.0,2.3333333333333335,3.0,0.0,0.0,0.01770592763664357,0.0,0.0,0.25,0.16666666666666666,0.04000000000000001,0.026666666666666672,0.16666666666666666,0.375,0.14166666666666666,0.1294642857142857,0.012202380952380965,0.0,0.0,0.26666666666666666,0.5,0.10565476190476189,0.9091910199019095,0.9381648017181732,0.25,0.0,0.0,0.0
su9_vj_2564,chuong_cu,0.75,0.0,1.3333333333333333,1.0,2.0,,0.0,0.0,0.005196304849884526,0.0,0.0,0.0,0.0,0.0,0.0,0.0,0.5,0.1175,0.125,-0.007500000000000007,0.0,0.0,0.0,0.21666666666666667,0.02500000000000001,0.9242393562985165,0.9363315008226131,,0.0,0.0,0.0
su9_vj_2565,chuong_cu,1.0,2.0,1.3333333333333333,0.6666666666666666,1.5,,0.0,0.0,0.0688991531947652,0.5,0.27777777777777773,0.5,0.375,0.3833333333333333,0.28888888888888886,0.5555555555555555,0.5555555555555555,0.3861111111111111,0.29722222222222217,0.08888888888888896,0.2222222222222222,0.3333333333333333,0.5555555555555555,0.5,0.24583333333333326,0.8886983260397049,0.933037638551626,0.08333333333333333,0.0,0.0,0.0
su9_vj_2566,chuong_cu,1.0,1.0,2.0,0.7142857142857143,1.2857142857142858,,0.0,0.0,0.06334543055097328,1.0,0.5,1.0,0.7777777777777778,0.7,0.5333333333333333,0.5555555555555555,0.5555555555555555,0.40753968253968254,0.35277777777777775,0.05476190476190479,0.2222222222222222,0.3333333333333333,0.5555555555555555,0.35714285714285715,0.27777777777777773,0.8887781568311408,0.9385868509672766,0.05555555555555555,0.0,0.0,0.0
su9_vj_2567,chuong_cu,0.5,0.0,0.6666666666666666,1.0,5.0,3.0,0.0,0.0,0.0069284064665127015,0.0,0.0,0.0,0.0,0.0,0.0,0.0,0.125,0.075,0.0825657894736842,-0.007565789473684206,0.0,0.0,0.0,0.5,0.056249999999999994,0.8994457825049292,0.9467752395454918,,0.0,0.0,0.0
su9_vj_2568,chuong_cu,0.0,0.0,0.0,0.0,,,0.0,0.0,0.0,0.0,0.0,0.0,0.0,0.0,0.0,0.0,0.0,,0.0,,0.0,0.0,0.0,,0.0,0.898631988886,0.9492359084834103,,0.0,0.0,0.0
su9_vj_2569,chuong_cu,0.25,0.0,0.3333333333333333,1.0,1.0,,0.0,0.0,0.004618937644341801,0.0,0.0,0.0,0.0,0.0,0.0,0.0,0.0,,0.03125,,0.0,0.0,0.0,,0.03125,0.9184810989277964,0.9573559112325583,,0.0,0.0,0.0
su9_vj_2570,chuong_cu,0.25,0.0,0.3333333333333333,1.0,4.0,,0.0,0.0,0.03926096997690531,0.0,0.0,0.0,0.0,0.0,0.0,0.0,0.25,,0.09821428571428571,,0.07142857142857142,0.0,0.0,,0.09821428571428571,0.8958434377057987,0.9297539524715457,,0.0,0.0,0.0
su9_vj_2571,chuong_cu,1.0,1.0,1.0,0.75,2.25,,0.0,0.0,0.07390300230946882,0.0,0.0,0.3333333333333333,0.2222222222222222,0.1,0.07777777777777778,0.3333333333333333,1.0,0.18774509803921569,0.6441176470588235,-0.4563725490196078,0.11764705882352941,0.0,0.3333333333333333,0.5,0.5816176470588235,0.9021211721997043,0.9483274043060379,0.2222222222222222,0.0,0.0,0.0
su9_vj_2572,chuong_cu,0.5,1.0,0.3333333333333333,1.0,2.0,,0.0,0.0,0.06466512702078521,0.0,0.0,0.3333333333333333,0.1111111111111111,0.06666666666666667,0.022222222222222223,1.0,0.3333333333333333,,0.08333333333333333,,0.11764705882352941,1.0,1.0,,0.08333333333333333,0.9057675313667723,0.952488512040083,0.16666666666666666,0.0,0.0,0.0
su9_vj_2573,chuong_cu,0.5,1.0,0.3333333333333333,1.0,2.5,,0.0,0.0,0.038106235565819865,0.0,0.0,0.3333333333333333,0.1111111111111111,0.05,0.016666666666666666,0.0,0.29166666666666663,,0.07291666666666666,,0.0,0.0,0.18333333333333335,,0.05208333333333333,0.9411811897276204,0.9326978179928821,0.16666666666666666,0.0,0.0,0.0
su9_vj_2574,chuong_cu,0.0,0.0,0.0,0.0,,,0.0,0.0,0.0,0.0,0.0,0.0,0.0,0.0,0.0,0.0,0.0,,0.021739130434782608,,0.0,0.0,0.0,,0.021739130434782608,0.9152364154240152,0.9742182207591439,,0.0,0.0,0.0
su9_vj_2575,chuong_cu,1.0,1.0,1.6666666666666667,0.6666666666666666,2.8,,0.0,0.0,0.04349499615088529,0.0,0.0,0.0,0.0,0.2,0.10000000000000002,0.0,0.3333333333333333,0.08571428571428572,0.08333333333333333,0.0023809523809523864,0.0,0.0,0.14285714285714285,0.6666666666666666,0.033333333333333326,0.9319576060675703,0.9374582605174867,0.3888888888888889,0.0,0.0,0.0
su9_vj_2576,chuong_cu,0.5,0.0,0.6666666666666666,0.5,3.0,,0.0,0.0,0.0023094688221709007,0.0,0.0,0.0,0.0,0.0,0.0,0.0,0.1111111111111111,0.0,0.052083333333333336,-0.052083333333333336,0.0,0.0,0.0,1.0,0.052083333333333336,0.9171415337958453,0.9378994326677305,,0.0,0.0,0.0
su9_vj_2577,chuong_cu,1.0,1.0,1.3333333333333333,0.6,2.4,,0.0,0.0,0.006004618937644342,1.0,0.3333333333333333,1.0,0.3333333333333333,0.7,0.3,0.16666666666666666,0.6666666666666666,0.17166666666666666,0.3773809523809524,-0.2057142857142857,0.0,0.0,0.26666666666666666,0.3,0.3107142857142857,0.9235513572047629,0.8587908594471566,0.2222222222222222,0.0,0.0,0.0
su9_vj_2578,chuong_cu,1.0,1.0,1.6666666666666667,0.6666666666666666,1.5,,0.0,0.0,0.04965357967667436,0.5,0.16666666666666666,1.0,0.3333333333333333,0.7,0.3333333333333333,0.0,0.3333333333333333,0.13571428571428573,0.09895833333333333,0.0367559523809524,0.0,0.0,0.14285714285714285,0.3333333333333333,0.057291666666666664,0.9113275324408423,0.9710754492579925,0.2222222222222222,0.0,0.0,0.0
su9_vj_2579,chuong_cu,0.5,0.0,0.6666666666666666,1.0,1.0,,0.0,0.0,0.06581986143187066,0.0,0.0,0.0,0.0,0.0,0.0,0.0,0.625,0.09583333333333333,0.3729166666666667,-0.27708333333333335,0.08333333333333333,0.0,0.0,0.5,0.3729166666666667,0.929053055349623,0.9484947598872882,,0.0,0.0,0.0
su9_vj_2580,chuong_cu,0.0,0.0,0.0,0.0,,,0.0,0.0,0.0,0.0,0.0,0.0,0.0,0.0,0.0,0.0,0.0,,0.03571428571428571,,0.0,0.0,0.0,,0.03571428571428571,0.9078132717033318,0.959878388222435,,0.0,0.0,0.0
su9_vj_2581,chuong_cu,0.0,0.0,0.0,0.0,,,0.0,0.0,0.0,0.0,0.0,0.0,0.0,0.0,0.0,0.0,0.0,,0.02631578947368421,,0.0,0.0,0.0,,0.02631578947368421,0.9443406016533542,0.9746811470722924,,0.0,0.0,0.0
su9_vj_2582,chuong_cu,0.75,1.0,1.0,0.5,1.5,,0.0,0.0,0.06928406466512702,0.5,0.16666666666666666,1.0,0.4444444444444444,0.7,0.26666666666666666,0.0,0.0,0.011904761904761904,0.011904761904761904,0.0,0.047619047619047616,0.0,0.0,1.0,0.011904761904761904,0.9337382598157681,0.9524950816399207,0.08333333333333333,0.0,0.0,0.0
su9_vj_2583,chuong_cu,0.5,0.0,1.3333333333333333,1.0,1.75,,0.0,0.0,0.03695150115473441,0.0,0.0,0.0,0.0,0.0,0.0,0.0,0.625,0.11428571428571427,0.3638586956521739,-0.2495729813664596,0.0,0.0,0.0,0.23809523809523808,0.3638586956521739,0.911986718783004,0.9435209753930516,,0.0,0.0,0.0
su9_vj_2584,chuong_cu,0.25,0.0,0.3333333333333333,1.0,3.0,,0.0,0.0,0.0023094688221709007,0.0,0.0,0.0,0.0,0.0,0.0,0.0,0.3333333333333333,,0.12179487179487179,,0.15384615384615385,0.0,0.0,,0.10256410256410256,0.9222108119027005,0.9499185614815544,,0.0,0.0,0.0
su9_vj_2585,chuong_cu,0.25,0.0,0.3333333333333333,1.0,5.0,3.0,0.0,0.0,0.0069284064665127015,0.0,0.0,0.0,0.0,0.0,0.0,0.0,0.29166666666666663,,0.07291666666666666,,0.11764705882352941,0.0,0.0,,0.07291666666666666,0.9272774350215405,0.9538276652903974,,0.0,0.0,0.0
su9_vj_2586,chuong_cu,0.0,0.0,0.0,0.0,,,0.0,0.0,0.0,0.0,0.0,0.0,0.0,0.0,0.0,0.0,0.0,,0.01,,0.04,0.0,0.0,,0.01,0.9369558425886457,0.9553809709074067,,0.0,0.0,0.0
su9_vj_2587,chuong_cu,0.75,2.0,1.3333333333333333,0.6666666666666666,3.0,3.0,0.0,0.25,0.019630484988452657,0.3333333333333333,0.1111111111111111,0.6666666666666666,0.34722222222222215,0.39999999999999997,0.14833333333333332,0.3333333333333333,0.5,0.15833333333333333,0.15625,0.002083333333333326,0.0,0.0,0.3333333333333333,0.5,0.15625,0.9201528655782659,0.9225175133464426,0.041666666666666664,0.0,0.0,0.0
su9_vj_2588,chuong_cu,0.25,0.0,0.3333333333333333,1.0,4.0,3.0,0.0,0.0,0.0023094688221709007,0.0,0.0,0.0,0.0,0.0,0.0,0.0,0.0,,0.04583333333333334,,0.0,0.0,0.0,,0.04583333333333334,0.9160459598819173,0.9463900573736815,,0.0,0.0,0.0
su9_vj_2589,chuong_cu,0.75,0.0,1.3333333333333333,1.0,2.75,3.0,0.0,0.0,0.013279445727482679,0.0,0.0,0.0,0.0,0.0,0.0,0.0,0.5,0.12425925925925926,0.17129629629629628,-0.047037037037037016,0.037037037037037035,0.0,0.0,0.2333333333333333,0.12037037037037035,0.9172277193563233,0.9367146978583148,,0.0,0.0,0.0
su9_vj_2590,chuong_cu,0.0,0.0,0.0,0.0,,,0.0,0.0,0.0,0.0,0.0,0.0,0.0,0.0,0.0,0.0,0.0,,0.03125,,0.125,0.0,0.0,,0.03125,0.9109596582406341,0.9740737277566922,,0.0,0.0,0.0
su9_vj_2591,chuong_cu,0.75,1.0,0.6666666666666666,1.0,3.3333333333333335,,0.0,0.0,0.023094688221709004,0.0,0.0,0.0,0.0,0.2,0.10000000000000002,0.0,0.5,0.13571428571428573,0.125,0.010714285714285732,0.0,0.0,0.14285714285714285,0.3333333333333333,0.125,0.9410021481136085,0.9381246243351774,0.375,0.0,0.0,0.0
su9_vj_2592,chuong_cu,0.0,0.0,0.0,0.0,,,0.0,0.0,0.0,0.0,0.0,0.0,0.0,0.0,0.0,0.0,0.0,,0.011904761904761904,,0.0,0.0,0.0,,0.011904761904761904,0.918654534780298,0.9710938499750169,,0.0,0.0,0.0
su9_vj_2593,chuong_cu,0.75,0.0,1.0,1.0,1.0,,0.0,0.0,0.012317167051578136,0.0,0.0,0.0,0.0,0.0,0.0,0.0,0.0,0.1,0.05718954248366013,0.04281045751633988,0.0,0.0,0.0,0.3333333333333333,0.029411764705882353,0.919290496514557,0.9667230085237323,,0.0,0.0,0.0
su9_vj_2594,chuong_cu,0.0,0.0,0.0,0.0,,,0.0,0.0,0.0,0.0,0.0,0.0,0.0,0.0,0.0,0.0,0.0,,0.04411764705882353,,0.0,0.0,0.0,,0.01470588235294118,0.9276830987022286,0.9396942122904078,,0.0,0.0,0.0
su9_vj_2595,chuong_cu,1.0,1.0,1.6666666666666667,0.5,3.6666666666666665,3.0,0.0,0.0,0.034642032332563515,1.0,0.6666666666666666,1.0,1.0,0.7,0.6999999999999998,0.6666666666666666,1.0,0.41944444444444445,0.6833333333333333,-0.2638888888888889,0.1111111111111111,0.5,0.6666666666666666,0.6666666666666666,0.3138888888888889,0.9291247597183174,0.9209357915384595,0.0,0.0,0.0,0.0
su9_vj_2596,chuong_cu,0.25,0.0,0.3333333333333333,1.0,4.0,,0.0,0.0,0.03926096997690531,0.0,0.0,0.0,0.0,0.0,0.0,0.0,0.4444444444444444,,0.275,,0.2,0.0,0.0,,0.275,0.9152324878919478,0.9294156337303503,,0.0,0.0,0.0
su9_vj_2597,chuong_cu,1.0,1.0,1.0,0.75,3.5,3.0,0.0,0.0,0.03233256351039261,0.0,0.0,0.3333333333333333,0.3333333333333333,0.05,0.04666666666666667,0.3333333333333333,0.6666666666666666,0.15000000000000002,0.381140350877193,-0.23114035087719298,0.0,0.0,0.3333333333333333,0.5555555555555555,0.013157894736842146,0.9286123059506136,0.9280353468433629,0.16666666666666666,0.0,0.0,0.0
su9_vj_2598,chuong_cu,0.75,1.0,0.6666666666666666,0.3333333333333333,4.0,,0.0,0.0,0.03926096997690531,1.0,0.6666666666666666,1.0,0.6666666666666666,0.7,0.4666666666666666,0.4444444444444444,0.4444444444444444,0.2634057971014493,0.27427536231884053,-0.010869565217391242,0.08695652173913043,0.3333333333333333,0.5,1.0,0.27427536231884053,0.9195642000016528,0.9445582690881045,0.0,0.0,0.0,0.0
su9_vj_2599,chuong_cu,0.75,3.0,1.0,0.8333333333333334,2.0,,0.0,0.0,0.021939953810623556,0.3333333333333333,0.1111111111111111,0.3333333333333333,0.2037037037037037,0.31666666666666665,0.1388888888888889,1.0,1.0,0.7384615384615384,0.7153846153846154,0.023076923076922995,0.15384615384615385,1.0,1.0,0.3333333333333333,0.676923076923077,0.9299914106892884,0.9406678933585052,0.041666666666666664,0.0,0.0,0.0
su9_vj_2600,chuong_cu,0.5,1.0,0.3333333333333333,1.0,3.5,,0.0,0.0,0.02771362586605081,0.0,0.0,0.0,0.0,0.1,0.03333333333333333,0.1111111111111111,0.16666666666666666,,0.06746031746031746,,0.07142857142857142,0.0,0.21428571428571427,,0.06746031746031746,0.9261573318502528,0.9498681729821089,0.4166666666666667,0.0,0.0,0.0
su9_vj_2601,chuong_cu,0.5,0.0,0.6666666666666666,1.0,,,0.0,1.0,0.015011547344110854,0.0,0.0,0.0,0.0,0.0,0.0,0.0,0.0,0.11249999999999999,0.05,0.062499999999999986,0.0,0.0,0.0,0.25,0.05,0.9472877802566344,0.962345574161271,,0.0,0.0,0.0
su9_vj_2602,chuong_cu,0.5,0.0,1.3333333333333333,1.0,3.0,,0.0,0.25,0.021939953810623556,0.0,0.0,0.0,0.0,0.0,0.0,0.0,0.25,0.11,0.09861111111111112,0.011388888888888879,0.0,0.0,0.0,0.26666666666666666,0.09861111111111112,0.9289522400329379,0.9480846250024078,,0.0,0.0,0.0
su9_vj_2603,chuong_cu,0.75,1.0,1.3333333333333333,0.4,3.2,,0.0,0.0,0.02817551963048499,0.5,0.3333333333333333,1.0,0.6666666666666666,0.7,0.4666666666666666,0.0,0.0,0.05,0.05,0.0,0.0,0.0,0.2,1.0,0.05,0.948843597284452,0.9462871210002305,0.0,0.0,0.0,0.0
su9_vj_2604,chuong_cu,0.5,0.0,1.0,0.6666666666666666,1.6666666666666667,,0.0,0.0,0.010007698229407235,0.0,0.0,0.0,0.0,0.0,0.0,0.0,1.0,0.09772727272727272,0.6454545454545455,-0.5477272727272728,0.09090909090909091,0.0,0.0,0.5,0.6454545454545455,0.945554566052666,0.9400862484251522,,0.0,0.0,0.0
su9_vj_2605,chuong_cu,0.0,0.0,0.0,0.0,,,0.0,0.0,0.0,0.0,0.0,0.0,0.0,0.0,0.0,0.0,0.0,,0.0,,0.0,0.0,0.0,,0.0,0.9145708094161048,0.9629857002560575,,0.0,0.0,0.0
su9_vj_2606,chuong_cu,0.75,1.0,1.0,0.5,3.5,,0.0,0.0,0.03233256351039261,1.0,0.5,1.0,0.6666666666666666,0.7,0.4666666666666666,0.16666666666666666,0.29166666666666663,0.1522058823529412,0.1170343137254902,0.035171568627450994,0.058823529411764705,0.0,0.25,0.5,0.10232843137254902,0.9206117281594048,0.9483403994090814,0.0,0.0,0.0,0.0
su9_vj_2607,chuong_cu,0.0,0.0,0.0,0.0,,,0.0,0.0,0.0,0.0,0.0,0.0,0.0,0.0,0.0,0.0,0.0,,0.03333333333333333,,0.13333333333333333,0.0,0.0,,0.016666666666666666,0.9181345244023545,0.9627250548499814,,0.0,0.0,0.0
su9_vj_2608,chuong_cu,0.75,0.0,1.0,0.6666666666666666,2.0,,0.0,0.0,0.007698229407236336,0.0,0.0,0.0,0.0,0.0,0.0,0.0,0.4583333333333333,0.09047619047619049,0.2601190476190476,-0.1696428571428571,0.09523809523809523,0.0,0.0,0.5555555555555555,0.05282738095238093,0.9022567196075578,0.9370655206505129,,0.0,0.0,0.0
su9_vj_2609,chuong_cu,0.75,1.0,1.0,0.75,2.25,,0.0,0.0,0.010392609699769052,0.5,0.16666666666666666,1.0,0.4166666666666667,0.7,0.26666666666666666,0.3333333333333333,0.3333333333333333,0.2273611111111111,0.1111111111111111,0.11624999999999999,0.1111111111111111,0.0,0.3333333333333333,0.225,0.08333333333333333,0.9166633206967215,0.9289151124787115,0.125,0.0,0.0,0.0
su9_vj_2610,chuong_cu,0.75,1.0,0.6666666666666666,0.3333333333333333,2.0,,0.0,0.0,0.004618937644341801,1.0,0.6666666666666666,1.0,0.6666666666666666,0.7,0.4666666666666666,0.5,0.5,0.3357142857142857,0.3357142857142857,0.0,0.07142857142857142,0.5,0.5714285714285714,1.0,0.3357142857142857,0.9386309148137124,0.9743933508170398,0.0,0.0,0.0,0.0
su9_vj_2611,chuong_cu,0.75,1.0,0.6666666666666666,1.0,2.6666666666666665,3.0,0.0,0.0,0.006158583525789068,0.0,0.0,0.0,0.0,0.06666666666666667,0.044444444444444446,0.0,1.0,0.1607142857142857,0.6416666666666666,-0.4809523809523809,0.0,0.0,0.14285714285714285,0.16666666666666666,0.6416666666666666,0.9019037236750056,0.9375342116749281,0.45833333333333337,0.0,0.0,0.0
su9_vj_2612,chuong_cu,1.0,1.0,1.0,0.25,2.0,,0.0,0.0,0.004618937644341801,1.0,1.0,1.0,1.0,0.7,0.6999999999999998,1.0,1.0,0.63125,0.63125,0.0,0.125,1.0,1.0,1.0,0.0,0.9183751742026031,0.9164548548456585,0.0,0.0,0.0,0.0
su9_vj_2613,chuong_cu,0.0,0.0,0.0,0.0,,,0.0,0.0,0.0,0.0,0.0,0.0,0.0,0.0,0.0,0.0,0.0,,0.0,,0.0,0.0,0.0,,0.0,0.9436103815270572,0.9320388203790008,,0.0,0.0,0.0
su9_vj_2614,chuong_cu,0.75,1.0,0.6666666666666666,0.6666666666666666,2.0,,0.0,0.0,0.01308698999230177,1.0,0.3333333333333333,1.0,0.4166666666666667,0.7,0.3,0.16666666666666666,0.16666666666666666,0.208578431372549,0.06666666666666667,0.14191176470588235,0.11764705882352941,0.0,0.26666666666666666,0.25,0.06666666666666667,0.9340820978709609,0.9302706722464893,0.125,0.0,0.0,0.0
su9_vj_2615,chuong_cu,0.5,1.0,0.3333333333333333,1.0,4.5,3.0,0.0,0.0,0.021939953810623556,0.0,0.0,0.0,0.0,0.1,0.03333333333333333,0.0,0.0,,0.06923076923076923,,0.07692307692307693,0.0,0.125,,0.06923076923076923,0.9376010078673248,0.9225745638976994,0.4166666666666667,0.0,0.0,0.0
su9_vj_2616,chuong_cu,0.5,1.0,0.3333333333333333,0.5,2.0,,0.0,0.0,0.004618937644341801,1.0,0.3333333333333333,1.0,0.3333333333333333,0.7,0.2333333333333333,1.0,1.0,,0.6277777777777778,,0.1111111111111111,1.0,1.0,,0.6277777777777778,0.9315486882231978,0.9372207695858255,0.0,0.0,0.0,0.0
su9_vj_2617,chuong_cu,0.0,0.0,0.0,0.0,,,0.0,0.0,0.0,0.0,0.0,0.0,0.0,0.0,0.0,0.0,0.0,,0.027777777777777776,,0.16666666666666666,0.0,0.0,,0.0,0.9265399163088619,0.9285414673580316,,0.0,0.0,0.0
su9_vj_2618,chuong_cu,0.75,1.0,0.6666666666666666,0.6666666666666666,4.0,3.0,0.0,0.0,0.029253271747498075,1.0,0.3333333333333333,1.0,0.3333333333333333,0.7,0.3,0.25,0.3333333333333333,0.1825,0.11274509803921567,0.06975490196078432,0.0,0.0,0.25,0.2,0.11274509803921567,0.9231633026346336,0.9401037936677359,0.16666666666666666,0.0,0.0,0.0
su9_vj_2619,chuong_cu,0.25,0.0,0.3333333333333333,1.0,2.0,,0.0,0.0,0.011547344110854504,0.0,0.0,0.0,0.0,0.0,0.0,0.0,0.3333333333333333,,0.10333333333333333,,0.0,0.0,0.0,,0.08333333333333333,0.9146689057452856,0.9333168851358965,,0.0,0.0,0.0
su9_vj_2620,chuong_cu,0.75,2.0,1.3333333333333333,0.6666666666666666,1.6666666666666667,,0.0,0.0,0.07659738260200154,0.3333333333333333,0.2222222222222222,0.6666666666666666,0.4444444444444444,0.3833333333333333,0.25277777777777777,0.6666666666666666,0.6666666666666666,0.456140350877193,0.39429824561403504,0.061842105263157976,0.15789473684210525,0.5,0.6666666666666666,0.5,0.39429824561403504,0.9199967309862426,0.9454017465594622,0.0,0.0,0.0,0.0
su9_vj_2621,chuong_cu,0.75,1.0,1.0,1.0,2.75,3.0,0.0,0.0,0.04676674364896074,0.0,0.0,0.3333333333333333,0.2222222222222222,0.1,0.05000000000000001,1.0,0.3333333333333333,0.7958333333333334,0.1111111111111111,0.6847222222222222,0.3333333333333333,1.0,1.0,0.25,0.08333333333333333,0.9487636442600776,0.9611132853322295,0.16666666666666666,0.0,0.0,0.0
su9_vj_2622,chuong_cu,1.0,1.0,1.0,0.5,1.0,,0.0,0.0,0.005196304849884526,0.0,0.0,0.0,0.0,0.0,0.0,0.16666666666666666,0.4444444444444444,0.06547619047619048,0.26666666666666666,-0.2011904761904762,0.0,0.0,0.2619047619047619,1.0,0.0,0.9263639240497662,0.9414698160988949,0.5,0.0,0.0,0.0
su9_vj_2623,chuong_cu,0.5,0.0,1.3333333333333333,0.75,3.0,,0.0,0.0,0.013856812933025405,0.0,0.0,0.0,0.0,0.0,0.0,0.0,0.27777777777777773,0.10441176470588234,0.08496732026143791,0.01944444444444443,0.11764705882352941,0.0,0.0,0.5,0.05555555555555556,0.9145332844874534,0.9383577761810302,,0.0,0.0,0.0
su9_vj_2624,chuong_cu,0.0,0.0,0.0,0.0,,,0.0,0.0,0.0,0.0,0.0,0.0,0.0,0.0,0.0,0.0,0.0,,0.0,,0.0,0.0,0.0,,0.0,0.9105993497125998,0.9427522646723256,,0.0,0.0,0.0
su9_vj_2625,chuong_cu,0.0,0.0,0.0,0.0,,,0.0,0.0,0.0,0.0,0.0,0.0,0.0,0.0,0.0,0.0,0.0,,0.0,,0.0,0.0,0.0,,0.0,0.9405671751783715,0.9788041132682185,,0.0,0.0,0.0
su9_vj_2626,chuong_cu,0.0,0.0,0.0,0.0,,,0.0,0.0,0.0,0.0,0.0,0.0,0.0,0.0,0.0,0.0,0.0,,0.03333333333333333,,0.0,0.0,0.0,,0.03333333333333333,0.9239063343851468,0.9659933311942156,,0.0,0.0,0.0
su9_vj_2627,chuong_cu,0.0,0.0,0.0,0.0,,,0.0,0.0,0.0,0.0,0.0,0.0,0.0,0.0,0.0,0.0,0.0,,0.0,,0.0625,0.0,0.0,,0.0,0.9239043020105282,0.9709488720022449,,0.0,0.0,0.0
su9_vj_2628,chuong_cu,0.0,0.0,0.0,0.0,,,0.0,0.0,0.0,0.0,0.0,0.0,0.0,0.0,0.0,0.0,0.0,,0.014705882352941176,,0.058823529411764705,0.0,0.0,,0.014705882352941176,0.9221218847851028,0.9414269120127319,,0.0,0.0,0.0
su9_vj_2629,chuong_cu,0.25,0.0,0.3333333333333333,1.0,4.0,,0.0,0.0,0.03926096997690531,0.0,0.0,0.0,0.0,0.0,0.0,0.0,0.3333333333333333,,0.11904761904761904,,0.07142857142857142,0.0,0.0,,0.11904761904761904,0.9179628929388306,0.9422901778746035,,0.0,0.0,0.0
su9_vj_2630,chuong_cu,0.25,1.0,0.0,1.0,1.0,,0.0,0.0,0.12702078521939952,0.0,0.0,0.0,0.0,0.0,0.0,0.5,0.0,,0.0,,0.10526315789473684,0.5,0.5833333333333334,,0.0,0.9372201886654656,0.9495617666657689,,0.0,0.0,0.0
su9_vj_2631,chuong_cu,0.25,0.0,0.3333333333333333,1.0,5.0,3.0,0.0,0.0,0.004618937644341801,0.0,0.0,0.0,0.0,0.0,0.0,0.0,0.0,,0.011363636363636364,,0.0,0.0,0.0,,0.011363636363636364,0.9282308707093258,0.9481138075959616,,0.0,0.0,0.0
su9_vj_2632,chuong_cu,0.25,0.0,0.3333333333333333,1.0,4.0,,0.0,0.0,0.03926096997690531,0.0,0.0,0.0,0.0,0.0,0.0,0.0,0.0,,0.017857142857142856,,0.0,0.0,0.0,,0.017857142857142856,0.9231459989872021,0.9551248235260552,,0.0,0.0,0.0
su9_vj_2633,chuong_cu,0.0,0.0,0.0,0.0,,,0.0,0.0,0.0,0.0,0.0,0.0,0.0,0.0,0.0,0.0,0.0,,0.027777777777777776,,0.1111111111111111,0.0,0.0,,0.0,0.9323373935362402,0.9756609348983227,,0.0,0.0,0.0
su9_vj_2634,chuong_cu,0.0,0.0,0.0,0.0,,,0.0,0.0,0.0,0.0,0.0,0.0,0.0,0.0,0.0,0.0,0.0,,0.0,,0.0,0.0,0.0,,0.0,0.922442227398262,0.9773184909428178,,0.0,0.0,0.0
su9_vj_2635,chuong_cu,0.0,0.0,0.0,0.0,,,0.0,0.0,0.0,0.0,0.0,0.0,0.0,0.0,0.0,0.0,0.0,,0.0,,0.05555555555555555,0.0,0.0,,0.0,0.9291955816863613,0.9615804471817864,,0.0,0.0,0.0
su9_vj_2636,chuong_cu,0.25,1.0,0.0,1.0,4.0,3.0,0.0,0.0,0.0023094688221709007,0.0,0.0,0.0,0.0,0.0,0.0,0.0,0.0,,0.030303030303030304,,0.0,0.0,0.0,,0.030303030303030304,0.9397771816379833,0.9555395950815945,,0.0,0.0,0.0
su9_vj_2637,chuong_cu,0.0,0.0,0.0,0.0,,,0.0,0.0,0.0,0.0,0.0,0.0,0.0,0.0,0.0,0.0,0.0,,0.029411764705882353,,0.11764705882352941,0.0,0.0,,0.0,0.931176232828174,0.9722223756493128,,0.0,0.0,0.0
su9_vj_2638,chuong_cu,0.25,1.0,0.0,1.0,4.0,,0.0,0.0,0.03926096997690531,0.0,0.0,0.0,0.0,0.0,0.0,0.5277777777777778,0.0,,0.03571428571428571,,0.21428571428571427,0.3333333333333333,0.5277777777777778,,0.017857142857142856,0.9158778001626052,0.926742227518926,,0.0,0.0,0.0
su9_vj_2639,chuong_cu,0.0,0.0,0.0,0.0,,,0.0,0.0,0.0,0.0,0.0,0.0,0.0,0.0,0.0,0.0,0.0,,0.03125,,0.0,0.0,0.0,,0.03125,0.9201026327322691,0.9393970002294066,,0.0,0.0,0.0
su9_vj_2640,chuong_cu,0.25,1.0,0.0,1.0,,,0.0,0.0,0.009237875288683603,0.0,0.0,0.0,0.0,0.0,0.0,0.0,0.0,,0.0,,0.0,0.0,0.0,,0.0,0.940785604551946,0.980267033613207,,0.0,0.0,0.0
su9_vj_2641,chuong_cu,0.25,0.0,0.3333333333333333,1.0,4.0,3.0,0.0,0.0,0.0023094688221709007,0.0,0.0,0.0,0.0,0.0,0.0,0.0,0.0,,0.03333333333333333,,0.0,0.0,0.0,,0.03333333333333333,0.9371969441463684,0.9502990967279691,,0.0,0.0,0.0
su9_vj_2642,chuong_cu,0.0,0.0,0.0,0.0,,,0.0,0.0,0.0,0.0,0.0,0.0,0.0,0.0,0.0,0.0,0.0,,0.0,,0.07692307692307693,0.0,0.0,,0.0,0.9411657843763466,0.9729236457403864,,0.0,0.0,0.0
su9_vj_2643,chuong_cu,0.0,0.0,0.0,0.0,,,0.0,0.0,0.0,0.0,0.0,0.0,0.0,0.0,0.0,0.0,0.0,,0.0,,0.05555555555555555,0.0,0.0,,0.0,0.9267049225256322,0.9739255565281576,,0.0,0.0,0.0
su9_vj_2644,chuong_cu,0.5,1.0,0.3333333333333333,1.0,4.5,3.0,0.0,0.0,0.021939953810623556,0.0,0.0,0.0,0.0,0.1,0.03333333333333333,0.0,0.0,,0.0,,0.0,0.0,0.0,,0.0,0.9248865483048938,0.9349786109197596,0.4166666666666667,0.0,0.0,0.0
su9_vj_2645,chuong_cu,0.25,0.0,0.3333333333333333,1.0,4.0,,0.0,0.0,0.03926096997690531,0.0,0.0,0.0,0.0,0.0,0.0,0.0,0.0,,0.04880952380952381,,0.05714285714285714,0.0,0.0,,0.02023809523809524,0.9123995128168695,0.9307479000646584,,0.0,0.0,0.0
su9_vj_2646,chuong_cu,0.75,1.0,0.6666666666666666,0.6666666666666666,4.333333333333333,3.0,0.0,0.0,0.030792917628945343,0.0,0.0,0.0,0.0,0.1,0.06666666666666667,0.25,0.0,0.0625,0.041666666666666664,0.020833333333333336,0.0,0.0,0.25,1.0,0.041666666666666664,0.9316926831443516,0.9291990382250002,0.3333333333333333,0.0,0.0,0.0
su9_vj_2647,chuong_cu,0.25,0.0,0.3333333333333333,1.0,4.0,,0.0,0.0,0.03926096997690531,0.0,0.0,0.0,0.0,0.0,0.0,0.0,0.0,,0.041666666666666664,,0.0,0.0,0.0,,0.041666666666666664,0.9323164538983487,0.9415154278329856,,0.0,0.0,0.0
su9_vj_2648,chuong_cu,0.75,0.0,1.0,0.6666666666666666,3.6666666666666665,,0.0,0.0,0.028483448806774444,0.0,0.0,0.0,0.0,0.0,0.0,0.0,0.0,0.10606060606060605,0.011363636363636364,0.09469696969696968,0.09090909090909091,0.0,0.0,0.4444444444444444,0.011363636363636364,0.9244761308671131,0.9403280697469097,,0.0,0.0,0.0
su9_vj_2649,chuong_cu,0.75,1.0,0.6666666666666666,0.6666666666666666,3.6666666666666665,3.0,0.0,0.0,0.009237875288683603,1.0,0.3333333333333333,1.0,0.3333333333333333,0.7,0.25555555555555554,0.0,0.0,0.125,0.0,0.125,0.0,0.0,0.0,0.16666666666666666,0.0,0.9363562891118598,0.9483912957677006,0.20833333333333334,0.0,0.0,0.0
su9_vj_2650,chuong_cu,0.25,0.0,0.3333333333333333,1.0,4.0,,0.0,0.0,0.03926096997690531,0.0,0.0,0.0,0.0,0.0,0.0,0.0,0.0,,0.015625,,0.0625,0.0,0.0,,0.015625,0.9295781317768289,0.9368925854548149,,0.0,0.0,0.0
su9_vj_2651,chuong_cu,0.0,0.0,0.0,0.0,,,0.0,0.0,0.0,0.0,0.0,0.0,0.0,0.0,0.0,0.0,0.0,,0.0,,0.0,0.0,0.0,,0.0,0.8951777982064216,0.966977905030531,,0.0,0.0,0.0
su9_vj_2652,chuong_cu,0.5,0.0,0.6666666666666666,1.0,3.0,,0.0,0.5,0.017321016166281754,0.0,0.0,0.0,0.0,0.0,0.0,0.0,0.5,0.12,0.16666666666666666,-0.04666666666666666,0.0,0.0,0.0,0.2,0.14583333333333331,0.924273145770207,0.947109315028156,,0.0,0.0,0.0
su9_vj_2653,chuong_cu,0.25,0.0,0.3333333333333333,1.0,5.0,3.0,0.0,0.0,0.009237875288683603,0.0,0.0,0.0,0.0,0.0,0.0,0.0,0.0,,0.03571428571428571,,0.0,0.0,0.0,,0.03571428571428571,0.9295761758942779,0.9346144017925648,,0.0,0.0,0.0
su9_vj_2654,chuong_cu,0.25,0.0,0.3333333333333333,1.0,1.0,,0.0,0.0,0.011547344110854504,0.0,0.0,0.0,0.0,0.0,0.0,0.0,0.5,,0.33174603174603173,,0.0,0.0,0.0,,0.33174603174603173,0.920410959633147,0.9207405714771423,,0.0,0.0,0.0
su9_vj_2655,chuong_cu,0.75,0.0,1.3333333333333333,1.0,2.5,3.0,0.0,0.0,0.01789838337182448,0.0,0.0,0.0,0.0,0.0,0.0,0.0,0.0,0.11458333333333334,0.12142857142857143,-0.006845238095238085,0.0,0.0,0.0,0.23611111111111108,0.07142857142857142,0.9294384667444902,0.9423673802592758,,0.0,0.0,0.0
su9_vj_2656,chuong_cu,0.0,0.0,0.0,0.0,,,0.0,0.0,0.0,0.0,0.0,0.0,0.0,0.0,0.0,0.0,0.0,,0.0,,0.0,0.0,0.0,,0.0,0.9239440128928333,0.9343875363605055,,0.0,0.0,0.0
su9_vj_2657,chuong_cu,0.5,1.0,0.6666666666666666,0.6666666666666666,1.3333333333333333,,0.0,0.0,0.008468052347959968,0.5,0.16666666666666666,1.0,0.3333333333333333,0.7,0.2333333333333333,0.75,0.75,,0.38035714285714284,,0.21428571428571427,0.5,0.75,,0.38035714285714284,0.8973726320376874,0.9277377276990676,0.0,0.0,0.0,0.0
su9_vj_2658,chuong_cu,1.0,1.0,1.3333333333333333,0.4,2.8,,0.0,0.0,0.02678983833718245,1.0,0.5,1.0,0.7777777777777778,0.7,0.4888888888888889,0.5,0.6666666666666666,0.44679487179487176,0.3801282051282051,0.06666666666666665,0.15384615384615385,0.5,0.6,0.4444444444444444,0.2775641025641026,0.9147059022566751,0.9336622194698361,0.05555555555555555,0.0,0.0,0.0
su9_vj_2659,chuong_cu,0.0,0.0,0.0,0.0,,,0.0,0.0,0.0,0.0,0.0,0.0,0.0,0.0,0.0,0.0,0.0,,0.013157894736842105,,0.0,0.0,0.0,,0.013157894736842105,0.9052413788771106,0.9758080754141895,,0.0,0.0,0.0
su9_vj_2660,chuong_cu,1.0,1.0,1.3333333333333333,0.6,1.5,,0.0,0.0,0.02401847575057737,1.0,0.6666666666666666,1.0,0.6666666666666666,0.7,0.4888888888888889,0.75,0.75,0.5106818181818182,0.38522727272727275,0.12545454545454549,0.2727272727272727,0.5,0.75,0.4666666666666666,0.30625,0.9122002033115593,0.9388145256543957,0.1111111111111111,0.0,0.0,0.0
su9_vj_2661,chuong_cu,0.5,0.0,0.6666666666666666,1.0,3.0,,0.0,0.0,0.020785219399538108,0.0,0.0,0.0,0.0,0.0,0.0,0.0,0.0,0.1,0.049107142857142856,0.05089285714285715,0.0,0.0,0.0,0.3333333333333333,0.013392857142857144,0.937828735793343,0.9492631137560806,,0.0,0.0,0.0
su9_vj_2662,chuong_cu,0.5,1.0,0.6666666666666666,0.6666666666666666,3.3333333333333335,,0.0,0.0,0.030023094688221712,0.5,0.16666666666666666,1.0,0.3333333333333333,0.7,0.2333333333333333,0.0,0.3333333333333333,,0.08333333333333333,,0.0,0.0,0.2,,0.08333333333333333,0.8935590800508372,0.937767058718776,0.0,0.0,0.0,0.0
su9_vj_2663,chuong_cu,0.5,1.0,0.3333333333333333,1.0,3.0,,0.0,0.0,0.005773672055427252,0.0,0.0,0.0,0.0,0.2,0.06666666666666667,0.0,0.25,,0.0763888888888889,,0.0,0.0,0.16666666666666666,,0.0763888888888889,0.9015138422250932,0.9714305214011002,0.3333333333333333,0.0,0.0,0.0
su9_vj_2664,chuong_cu,0.5,1.0,0.6666666666666666,1.0,3.6666666666666665,3.0,0.0,0.0,0.005388760585065434,0.0,0.0,0.0,0.0,0.2,0.06666666666666667,0.0,0.3333333333333333,,0.08333333333333333,,0.058823529411764705,0.0,0.2,,0.06862745098039215,0.9096810461722449,0.9259034914246447,0.3333333333333333,0.0,0.0,0.0
su9_vj_2665,chuong_cu,0.25,1.0,0.0,1.0,4.0,,0.0,0.0,0.03926096997690531,0.0,0.0,0.0,0.0,0.0,0.0,0.25,0.0,,0.038461538461538464,,0.07692307692307693,0.0,0.25,,0.038461538461538464,0.9189234879848038,0.9724980959369847,,0.0,0.0,0.0
su9_vj_2666,chuong_cu,1.0,2.0,2.0,0.75,3.375,3.0,0.0,0.0,0.01760969976905312,0.0,0.0,0.25,0.19444444444444442,0.15000000000000002,0.11666666666666668,0.25,0.16666666666666666,0.1733333333333333,0.125,0.04833333333333331,0.13333333333333333,0.0,0.25,0.48333333333333334,0.06666666666666667,0.9455436914796324,0.9277057323029535,0.13888888888888887,0.0,0.0,0.0
su9_vj_2667,chuong_cu,0.25,0.0,0.3333333333333333,1.0,3.0,,0.0,0.0,0.03002309468822171,0.0,0.0,0.0,0.0,0.0,0.0,0.0,0.375,,0.12316176470588236,,0.0,0.0,0.0,,0.12316176470588236,0.9214907433915382,0.9447308996939595,,0.0,0.0,0.0
su9_vj_2668,chuong_cu,1.0,1.0,1.0,1.0,1.0,,0.0,0.0,0.013856812933025405,0.0,0.0,0.0,0.0,0.2,0.20000000000000004,0.5,0.25,0.225,0.0625,0.1625,0.0,0.0,0.5,0.3333333333333333,0.0,0.9127820831685373,0.9516517326929113,0.3333333333333333,0.0,0.0,0.0
su9_vj_2669,chuong_cu,0.5,1.0,0.3333333333333333,1.0,5.0,3.0,0.0,0.0,0.009237875288683603,0.0,0.0,0.3333333333333333,0.1111111111111111,0.2,0.06666666666666667,0.3333333333333333,0.3333333333333333,,0.19871794871794873,,0.0,0.0,0.3333333333333333,,0.16025641025641027,0.9126415559820913,0.9416754513343695,0.16666666666666666,0.0,0.0,0.0
su9_vj_2670,chuong_cu,0.5,0.0,0.6666666666666666,1.0,2.0,,0.0,0.0,0.026558891454965358,0.0,0.0,0.0,0.0,0.0,0.0,0.0,0.0,0.12,0.03125,0.08875,0.0,0.0,0.0,0.2,0.03125,0.9371764152776609,0.9338332409382228,,0.0,0.0,0.0
su9_vj_2671,chuong_cu,1.0,1.0,1.0,1.0,2.3333333333333335,,0.0,0.0,0.005773672055427252,0.0,0.0,0.0,0.0,0.2,0.10000000000000002,0.0,0.3333333333333333,0.15904761904761905,0.08333333333333333,0.07571428571428572,0.14285714285714285,0.0,0.0,0.17777777777777778,0.023809523809523808,0.914637387788501,0.9094499323322547,1.0,0.0,0.0,0.0
su9_vj_2672,chuong_cu,0.5,1.0,0.3333333333333333,1.0,3.0,3.0,0.0,0.0,0.006928406466512702,0.0,0.0,0.0,0.0,0.06666666666666667,0.022222222222222223,0.0,0.0,,0.03571428571428571,,0.0,0.0,0.2,,0.03571428571428571,0.9026895903420693,0.9551302526969172,0.3333333333333333,0.0,0.0,0.0
su9_vj_2673,chuong_cu,0.5,1.0,0.3333333333333333,1.0,1.0,,1.0,0.0,0.011547344110854502,0.0,0.0,0.25,0.08333333333333333,0.0,0.0,0.25,0.0,,0.06818181818181818,,0.0,0.0,0.25,,0.02272727272727272,0.9222253500637625,0.9386316346584518,0.25,0.0,0.0,0.0
su9_vj_2674,chuong_cu,0.0,0.0,0.0,0.0,,,0.0,0.0,0.0,0.0,0.0,0.0,0.0,0.0,0.0,0.0,0.0,,0.0,,0.0,0.0,0.0,,0.0,0.9240530459221415,0.9673913539268052,,0.0,0.0,0.0
su9_vj_2675,chuong_cu,0.75,1.0,0.6666666666666666,1.0,2.3333333333333335,,0.0,0.0,0.001539645881447267,0.0,0.0,0.0,0.0,0.1,0.06666666666666667,0.0,0.0,0.196875,0.015625,0.18125,0.1875,0.0,0.0,0.0,0.015625,0.9051564506247343,0.9456535753987025,0.7916666666666667,0.0,0.0,0.0
su9_vj_2676,chuong_cu,0.75,1.0,0.6666666666666666,0.6666666666666666,1.3333333333333333,,0.0,0.0,0.01308698999230177,1.0,0.3333333333333333,1.0,0.3333333333333333,0.7,0.26666666666666666,0.25,0.3958333333333333,0.3630555555555555,0.24062499999999998,0.12243055555555554,0.2222222222222222,0.25,0.39999999999999997,0.2,0.24062499999999998,0.9304697390127267,0.9339208865662307,0.16666666666666666,0.0,0.0,0.0
su9_vj_2677,chuong_cu,0.75,0.0,1.0,1.0,1.0,,0.0,0.0,0.020785219399538105,0.0,0.0,0.0,0.0,0.0,0.0,0.0,0.5,0.1175,0.125,-0.007500000000000007,0.0,0.0,0.0,0.21666666666666667,0.08333333333333334,0.913292049189679,0.9593674919735411,,0.0,0.0,0.0
su9_vj_2680,chuong_cu,0.75,0.0,1.3333333333333333,1.0,3.0,,0.0,0.0,0.025404157043879907,0.0,0.0,0.0,0.0,0.0,0.0,0.0,1.0,0.1277083333333333,0.678125,-0.5504166666666667,0.0625,0.0,0.0,0.25277777777777777,0.6124999999999999,0.9148321428563213,0.9392591217914684,,0.0,0.0,0.0
su9_vj_2681,chuong_cu,1.0,1.0,2.0,0.7142857142857143,2.142857142857143,,0.0,0.0,0.018805674694820192,0.3333333333333333,0.1111111111111111,1.0,0.3333333333333333,0.7,0.28888888888888886,0.5,0.8333333333333334,0.38981481481481484,0.4654761904761905,-0.07566137566137565,0.047619047619047616,0.3333333333333333,0.5666666666666667,0.20282186948853612,0.4074404761904762,0.9306969418781491,0.9540426528866508,0.27777777777777773,0.0,0.0,0.0
su9_vj_2682,chuong_cu,0.5,0.0,1.6666666666666667,1.0,2.0,3.0,0.0,0.0,0.015242494226327943,0.0,0.0,0.0,0.0,0.0,0.0,0.0,0.3333333333333333,0.11249999999999999,0.08854166666666666,0.02395833333333333,0.0,0.0,0.0,0.25,0.08854166666666666,0.9233115913535699,0.947764283407447,,0.0,0.0,0.0
su9_vj_2683,chuong_cu,1.0,1.0,1.3333333333333333,1.0,1.3333333333333333,,0.0,0.25,0.014318706697459582,0.0,0.0,0.5,0.25,0.0,0.0,0.0,0.0,0.12410714285714286,0.016666666666666666,0.1074404761904762,0.0,0.0,0.0,0.1726190476190476,0.016666666666666666,0.9327355383761213,0.8955843423135059,0.2222222222222222,0.0,0.0,0.0
su9_vj_2684,chuong_cu,0.75,2.0,1.0,1.0,1.25,,0.0,0.0,0.014318706697459585,0.0,0.0,0.25,0.16666666666666666,0.2,0.06666666666666667,0.25,0.3333333333333333,0.1375,0.08333333333333333,0.05416666666666668,0.0,0.0,0.25,0.5,0.0641025641025641,0.9158976167626315,0.897915932163197,0.25,0.0,0.0,0.0
su9_vj_2685,chuong_cu,0.25,0.0,0.3333333333333333,1.0,1.0,,0.0,0.0,0.0023094688221709007,0.0,0.0,0.0,0.0,0.0,0.0,0.0,0.125,,0.05625,,0.0,0.0,0.0,,0.05625,0.9171513967606832,0.8808034121052908,,0.0,0.0,0.0
su9_vj_2686,chuong_cu,0.75,1.0,1.0,1.0,1.25,,0.0,0.0,0.011547344110854504,0.0,0.0,0.0,0.0,0.1,0.06666666666666667,0.0,0.25,0.15714285714285714,0.078125,0.07901785714285714,0.0,0.0,0.17142857142857143,0.23809523809523808,0.078125,0.9287283729235272,0.9632125368710638,0.4166666666666667,0.0,0.0,0.0
su9_vj_2693,chuong_cu,1.0,1.0,2.0,1.0,1.7142857142857142,,0.0,0.0,0.019135598812273176,0.0,0.0,0.3333333333333333,0.2222222222222222,0.2,0.15,0.0,0.6666666666666666,0.1700793650793651,0.430952380952381,-0.26087301587301587,0.07142857142857142,0.0,0.16666666666666666,0.2629629629629629,0.368452380952381,0.9296065118347578,0.9315610869435668,0.25,0.0,0.0,0.0
su9_vj_2694,chuong_cu,0.25,0.0,0.3333333333333333,1.0,1.0,,0.0,0.0,0.03695150115473441,0.0,0.0,0.0,0.0,0.0,0.0,0.0,0.4444444444444444,,0.3277777777777777,,0.0,0.0,0.0,,0.3277777777777777,0.9496442395224949,0.9605982776435992,,0.0,0.0,0.0
su9_vj_2695,chuong_cu,0.75,0.0,2.0,0.6666666666666666,2.1666666666666665,,0.0,0.0,0.026943802925327175,0.0,0.0,0.0,0.0,0.0,0.0,0.0,0.6666666666666666,0.09047619047619049,0.4011904761904762,-0.3107142857142857,0.09523809523809523,0.0,0.0,0.5555555555555555,0.305952380952381,0.9200160769526546,0.9520239459221193,,0.0,0.0,0.0
su9_vj_2696,chuong_cu,0.75,1.0,0.6666666666666666,0.6666666666666666,4.333333333333333,3.0,0.0,0.0,0.028483448806774444,0.0,0.0,0.0,0.0,0.1,0.06666666666666667,0.125,0.41666666666666663,0.06249999999999999,0.22589285714285712,-0.16339285714285712,0.047619047619047616,0.0,0.20238095238095236,1.0,0.22589285714285712,0.9237452024636423,0.9365614974119472,0.4166666666666667,0.0,0.0,0.0
su9_vj_2697,chuong_cu,0.25,0.0,0.6666666666666666,1.0,1.5,,0.0,0.0,0.015011547344110854,0.0,0.0,0.0,0.0,0.0,0.0,0.0,0.3333333333333333,,0.27817460317460313,,0.09523809523809523,0.0,0.0,,0.27817460317460313,0.9389955341628362,0.946569322279608,,0.0,0.0,0.0
su9_vj_2698,chuong_cu,0.75,1.0,1.0,0.5,1.0,,0.0,0.0,0.01789838337182448,1.0,0.5,1.0,0.6666666666666666,0.7,0.4666666666666666,0.3125,0.3333333333333333,0.20243055555555556,0.2236111111111111,-0.021180555555555536,0.05555555555555555,0.25,0.4041666666666667,1.0,0.2236111111111111,0.9360679330063287,0.9500689031181894,0.0,0.0,0.0,0.0
su9_vj_2699,chuong_cu,1.0,2.0,2.0,0.625,2.0,,0.0,0.0,0.01558891454965358,0.5,0.3611111111111111,0.6666666666666666,0.6666666666666666,0.44999999999999996,0.44999999999999996,0.25,1.0,0.16944444444444445,0.6227272727272727,-0.45328282828282823,0.0,0.0,0.25,0.28703703703703703,0.5727272727272726,0.9281144975867788,0.9196299761592782,0.0,0.0,0.0,0.0
su9_vj_2700,chuong_cu,1.0,1.0,1.3333333333333333,0.4,1.2,,0.0,0.0,0.009699769053117783,1.0,0.8333333333333334,1.0,1.0,0.7,0.6999999999999998,0.4375,0.4375,0.23854166666666665,0.22291666666666665,0.015625,0.125,0.25,0.47916666666666663,1.0,0.0,0.9374024187521558,0.9548514565056072,0.0,0.0,0.0,0.0
su9_vj_2701,chuong_cu,1.0,2.0,1.0,0.8,3.4,3.0,0.0,0.0,0.02401847575057737,0.0,0.0,0.3333333333333333,0.2222222222222222,0.125,0.125,0.0,0.3333333333333333,0.1388888888888889,0.08333333333333333,0.055555555555555566,0.0,0.0,0.2,0.40740740740740744,0.05555555555555555,0.9388400951388972,0.9425670739246335,0.3055555555555556,0.0,0.0,0.0
su9_vj_2702,chuong_cu,1.0,1.0,2.3333333333333335,0.625,2.125,3.0,0.0,0.0,0.011836027713625866,0.5,0.4444444444444444,1.0,1.0,0.7,0.6999999999999998,0.375,0.5416666666666666,0.35833333333333334,0.28541666666666665,0.07291666666666669,0.25,0.25,0.4666666666666667,0.38888888888888884,0.05833333333333335,0.9286243255867839,0.9443259147928327,0.0,0.0,0.0,0.0
su9_vj_2704,chuong_cu,0.75,0.0,2.0,0.8333333333333334,1.5,,0.0,0.0,0.018090839107005388,0.0,0.0,0.0,0.0,0.0,0.0,0.0,0.41666666666666663,0.12614035087719297,0.11732456140350876,0.008815789473684207,0.15789473684210525,0.0,0.0,0.4222222222222222,0.044407894736842105,0.9003134299364147,0.9423651089045681,,0.0,0.0,0.0
su9_vj_2705,chuong_cu,0.0,0.0,0.0,0.0,,,0.0,0.0,0.0,0.0,0.0,0.0,0.0,0.0,0.0,0.0,0.0,,0.013157894736842105,,0.05263157894736842,0.0,0.0,,0.013157894736842105,0.9165540991054761,0.9693340178041099,,0.0,0.0,0.0
su9_vj_2706,chuong_cu,1.0,2.0,1.6666666666666667,0.42857142857142855,2.857142857142857,,0.0,0.0,0.03464203233256351,1.0,0.611111111111111,1.0,0.7777777777777777,0.7,0.49166666666666664,0.3333333333333333,0.3333333333333333,0.20520833333333333,0.11458333333333333,0.090625,0.1875,0.0,0.3333333333333333,0.5,0.015625,0.9122771513417155,0.9472339939662142,0.0,0.0,0.0,0.0
su9_vj_2707,chuong_cu,0.25,0.0,0.3333333333333333,1.0,4.0,,0.0,0.0,0.03926096997690531,0.0,0.0,0.0,0.0,0.0,0.0,0.0,0.3333333333333333,,0.14583333333333331,,0.1875,0.0,0.0,,0.14583333333333331,0.9075093393266341,0.9485206009570335,,0.0,0.0,0.0
su9_vj_2708,chuong_cu,0.25,0.0,0.3333333333333333,1.0,3.0,,0.0,0.0,0.0023094688221709007,0.0,0.0,0.0,0.0,0.0,0.0,0.0,0.0,,0.08333333333333333,,0.0,0.0,0.0,,0.08333333333333333,0.9015926747298886,0.9527495173617774,,0.0,0.0,0.0
su9_vj_2709,chuong_cu,0.25,0.0,0.3333333333333333,1.0,2.0,,0.0,0.0,0.011547344110854504,0.0,0.0,0.0,0.0,0.0,0.0,0.0,0.25,,0.0625,,0.0,0.0,0.0,,0.05113636363636363,0.9215236412388929,0.9419896620192878,,0.0,0.0,0.0
su9_vj_2710,chuong_cu,0.5,1.0,0.3333333333333333,1.0,5.0,3.0,0.0,0.0,0.0069284064665127015,0.0,0.0,0.5,0.16666666666666666,0.2,0.06666666666666667,0.0,0.0,,0.06299603174603174,,0.125,0.0,0.14583333333333331,,0.031746031746031744,0.9274727738637492,0.9361242902407372,0.08333333333333333,0.0,0.0,0.0
su9_vj_2711,chuong_cu,0.5,1.0,0.6666666666666666,1.0,1.6666666666666667,,0.0,0.0,0.014626635873749037,0.0,0.0,0.0,0.0,0.2,0.06666666666666667,0.29166666666666663,0.29166666666666663,,0.07291666666666666,,0.13333333333333333,0.0,0.29166666666666663,,0.039583333333333325,0.920693321143913,0.961792754197201,0.3333333333333333,0.0,0.0,0.0
su9_vj_2712,chuong_cu,0.25,0.0,0.3333333333333333,1.0,,,0.0,0.0,0.009237875288683603,0.0,0.0,0.0,0.0,0.0,0.0,0.0,0.5,,0.125,,0.09090909090909091,0.0,0.0,,0.125,0.9137004580702587,0.9624785110754023,,0.0,0.0,0.0
su9_vj_2714,chuong_cu,0.25,0.0,0.3333333333333333,1.0,3.0,,0.0,0.0,0.011547344110854504,0.0,0.0,0.0,0.0,0.0,0.0,0.0,0.19444444444444442,,0.0861111111111111,,0.16666666666666666,0.0,0.0,,0.06527777777777777,0.924154801816045,0.9706500550474411,,0.0,0.0,0.0
su9_vj_2715,chuong_cu,0.5,0.0,0.6666666666666666,1.0,3.5,3.0,0.0,0.0,0.005773672055427252,0.0,0.0,0.0,0.0,0.0,0.0,0.0,0.22916666666666663,0.15,0.07979166666666665,0.07020833333333334,0.0,0.0,0.0,0.0,0.07979166666666665,0.9168758874520094,0.9021958365556759,,0.0,0.0,0.0
su9_vj_2716,chuong_cu,0.25,0.0,0.3333333333333333,1.0,3.0,,0.0,0.0,0.009237875288683603,0.0,0.0,0.0,0.0,0.0,0.0,0.0,0.0,,0.04583333333333334,,0.0,0.0,0.0,,0.03392857142857143,0.9133737206280369,0.951432644130625,,0.0,0.0,0.0
su9_vj_2717,chuong_cu,0.75,1.0,0.6666666666666666,1.0,1.0,,0.0,0.0,0.006158583525789068,0.0,0.0,0.3333333333333333,0.2222222222222222,0.2,0.13333333333333333,0.3333333333333333,0.3333333333333333,0.18333333333333335,0.08333333333333333,0.10000000000000002,0.0,0.0,0.3333333333333333,0.3333333333333333,0.08333333333333333,0.9088567260871075,0.8324564045617665,0.16666666666666666,0.0,0.0,0.0
su9_vj_2718,chuong_cu,0.25,0.0,0.3333333333333333,1.0,4.0,,0.0,0.0,0.03926096997690531,0.0,0.0,0.0,0.0,0.0,0.0,0.0,0.4444444444444444,,0.26944444444444443,,0.0,0.0,0.0,,0.26944444444444443,0.9191677057029422,0.956112640649128,,0.0,0.0,0.0
su9_vj_2719,chuong_cu,1.0,1.0,1.0,0.25,3.0,,0.0,0.0,0.03002309468822171,1.0,1.0,1.0,1.0,0.7,0.6999999999999998,1.0,1.0,0.6333333333333333,0.6333333333333333,0.0,0.13333333333333333,1.0,1.0,1.0,0.0,0.9150088744385364,0.9613282705177286,0.0,0.0,0.0,0.0
su9_vj_2720,chuong_cu,0.0,0.0,0.0,0.0,,,0.0,0.0,0.0,0.0,0.0,0.0,0.0,0.0,0.0,0.0,0.0,,0.0,,0.0,0.0,0.0,,0.0,0.9189299770292426,0.9694869137398036,,0.0,0.0,0.0
su9_vj_2721,chuong_cu,0.5,0.0,0.6666666666666666,1.0,1.0,,0.0,0.0,0.08198614318706697,0.0,0.0,0.0,0.0,0.0,0.0,0.0,0.6666666666666666,0.11041666666666668,0.39375,-0.2833333333333333,0.041666666666666664,0.0,0.0,0.3333333333333333,0.3729166666666667,0.9111770664544252,0.951667475407021,,0.0,0.0,0.0
su9_vj_2722,chuong_cu,0.5,0.0,0.6666666666666666,1.0,4.5,3.0,0.0,0.0,0.0011547344110854503,0.0,0.0,0.0,0.0,0.0,0.0,0.0,0.1111111111111111,0.15,0.05634920634920635,0.09365079365079365,0.0,0.0,0.0,0.0,0.05634920634920635,0.9307271097491845,0.9528012888832365,,0.0,0.0,0.0
su9_vj_2723,chuong_cu,0.5,2.0,0.6666666666666666,0.75,2.75,,0.0,0.0,0.03175519630484989,0.3333333333333333,0.1111111111111111,0.6666666666666666,0.2222222222222222,0.39999999999999997,0.13333333333333333,1.0,1.0,,0.6416666666666666,,0.1111111111111111,1.0,1.0,,0.6416666666666666,0.9252840335683438,0.9482439034762737,0.0,0.0,0.0,0.0
su9_vj_2724,chuong_cu,0.0,0.0,0.0,0.0,,,0.0,0.0,0.0,0.0,0.0,0.0,0.0,0.0,0.0,0.0,0.0,,0.0,,0.0,0.0,0.0,,0.0,0.9392647188225666,0.9507362400757452,,0.0,0.0,0.0
su9_vj_2725,chuong_cu,0.0,0.0,0.0,0.0,,,0.0,0.0,0.0,0.0,0.0,0.0,0.0,0.0,0.0,0.0,0.0,,0.022727272727272728,,0.0,0.0,0.0,,0.022727272727272728,0.938539876860849,0.9647062305536073,,0.0,0.0,0.0
su9_vj_2726,chuong_cu,0.75,1.0,0.6666666666666666,1.0,1.3333333333333333,,0.0,0.0,0.05311778290993071,0.0,0.0,0.0,0.0,0.1,0.06666666666666667,0.0,0.3333333333333333,0.1482142857142857,0.08333333333333333,0.06488095238095236,0.0,0.0,0.14285714285714285,0.25,0.08333333333333333,0.9248824689934076,0.9632125368710638,0.45833333333333337,0.0,0.0,0.0
su9_vj_2727,chuong_cu,0.0,0.0,0.0,0.0,,,0.0,0.0,0.0,0.0,0.0,0.0,0.0,0.0,0.0,0.0,0.0,,0.020833333333333332,,0.0,0.0,0.0,,0.020833333333333332,0.9105562453457708,0.9659006785608817,,0.0,0.0,0.0
su9_vj_2728,chuong_cu,0.75,1.0,0.6666666666666666,1.0,2.3333333333333335,,0.0,0.0,0.015396458814472672,0.0,0.0,0.0,0.0,0.06666666666666667,0.044444444444444446,0.625,0.0,0.4704807692307692,0.040625,0.4298557692307692,0.07692307692307693,0.5,0.625,0.2,0.040625,0.9160829892674189,0.9241819250632767,0.3333333333333333,0.0,0.0,0.0
su9_vj_2729,chuong_cu,0.5,0.0,1.0,1.0,2.0,,0.0,0.0,0.016936104695919937,0.0,0.0,0.0,0.0,0.0,0.0,0.0,0.0,0.12,0.019230769230769232,0.10076923076923076,0.0,0.0,0.0,0.2,0.019230769230769232,0.9282272586221297,0.963508631054188,,0.0,0.0,0.0
su9_vj_2730,chuong_cu,0.5,2.0,1.0,0.6,1.4,,0.0,0.0,0.020323325635103924,0.6666666666666666,0.2222222222222222,1.0,0.3333333333333333,0.7,0.2333333333333333,0.3333333333333333,0.3611111111111111,,0.09027777777777778,,0.0,0.0,0.3333333333333333,,0.09027777777777778,0.918238628742915,0.9540495903527635,0.0,0.0,0.0,0.0
su9_vj_2731,chuong_cu,0.0,0.0,0.0,0.0,,,0.0,0.0,0.0,0.0,0.0,0.0,0.0,0.0,0.0,0.0,0.0,,0.0,,0.0,0.0,0.0,,0.0,0.9188761494299991,0.9606990748038705,,0.0,0.0,0.0
su9_vj_2732,chuong_cu,0.0,0.0,0.0,0.0,,,0.0,0.0,0.0,0.0,0.0,0.0,0.0,0.0,0.0,0.0,0.0,,0.0,,0.0,0.0,0.0,,0.0,0.9150578834429842,0.9701820786638233,,0.0,0.0,0.0
su9_vj_2734,chuong_cu,0.25,0.0,0.6666666666666666,1.0,4.0,3.0,0.0,0.0,0.0034642032332563508,0.0,0.0,0.0,0.0,0.0,0.0,0.0,0.5,,0.125,,0.0,0.0,0.0,,0.125,0.9040711262351352,0.9582529039020218,,0.0,0.0,0.0
su9_vj_2735,chuong_cu,1.0,1.0,1.3333333333333333,1.0,3.2,3.0,0.0,0.0,0.014780600461893764,0.0,0.0,0.0,0.0,0.1,0.07777777777777778,0.0,0.6666666666666666,0.16976190476190475,0.36166666666666664,-0.19190476190476188,0.04,0.0,0.16666666666666666,0.2126984126984127,0.30880952380952376,0.9148425532965244,0.9442051060967894,0.4166666666666667,0.0,0.0,0.0
su9_vj_2736,chuong_cu,0.5,1.0,0.3333333333333333,1.0,3.5,3.0,0.0,0.0,0.009237875288683603,0.0,0.0,0.0,0.0,0.1,0.03333333333333333,0.3333333333333333,0.3333333333333333,,0.08333333333333333,,0.15384615384615385,0.0,0.3333333333333333,,0.08333333333333333,0.9154971161907143,0.9436573984187513,0.3333333333333333,0.0,0.0,0.0
su9_vj_2737,chuong_cu,1.0,1.0,1.6666666666666667,0.5,1.0,,0.0,0.0,0.011162432640492687,0.5,0.3333333333333333,1.0,0.7777777777777778,0.7,0.5333333333333333,0.125,0.16666666666666666,0.11077380952380952,0.0625,0.048273809523809524,0.0,0.0,0.19642857142857142,0.5888888888888889,0.013392857142857144,0.9306368449269262,0.9389380757954554,0.05555555555555555,0.0,0.0,0.0
su9_vj_2738,chuong_cu,0.0,0.0,0.0,0.0,,,0.0,0.0,0.0,0.0,0.0,0.0,0.0,0.0,0.0,0.0,0.0,,0.022727272727272728,,0.2727272727272727,0.0,0.0,,0.022727272727272728,0.9073241086669928,0.9454906493653813,,0.0,0.0,0.0
su9_vj_2739,chuong_cu,0.0,0.0,0.0,0.0,,,0.0,0.0,0.0,0.0,0.0,0.0,0.0,0.0,0.0,0.0,0.0,,0.046875,,0.125,0.0,0.0,,0.03125,0.9305673662249111,0.959147238459638,,0.0,0.0,0.0
su9_vj_2740,chuong_cu,0.5,0.0,1.3333333333333333,1.0,2.0,,0.0,0.0,0.03868360277136258,0.0,0.0,0.0,0.0,0.0,0.0,0.0,0.3055555555555555,0.1,0.07638888888888888,0.023611111111111124,0.0,0.0,0.0,0.3333333333333333,0.05257936507936507,0.9163823535965214,0.9458261733597133,,0.0,0.0,0.0
su9_vj_2741,chuong_cu,0.0,0.0,0.0,0.0,,,0.0,0.0,0.0,0.0,0.0,0.0,0.0,0.0,0.0,0.0,0.0,,0.0,,0.0,0.0,0.0,,0.0,0.929125541116384,0.9564302735426125,,0.0,0.0,0.0
su9_vj_2742,chuong_cu,0.25,0.0,0.3333333333333333,1.0,1.0,,0.0,0.0,0.004618937644341801,0.0,0.0,0.0,0.0,0.0,0.0,0.0,0.0,,0.07291666666666666,,0.0,0.0,0.0,,0.07291666666666666,0.9167979105430893,0.9370779710678157,,0.0,0.0,0.0
su9_vj_2745,chuong_cu,0.5,2.0,0.3333333333333333,1.0,4.333333333333333,3.0,0.0,0.0,0.008468052347959968,0.0,0.0,0.0,0.0,0.13333333333333333,0.044444444444444446,0.0,0.3333333333333333,,0.10714285714285714,,0.2857142857142857,0.0,0.16666666666666666,,0.08333333333333333,0.9049499706335278,0.9423871378827651,0.5833333333333334,0.0,0.0,0.0
su9_vj_2746,chuong_cu,0.25,0.0,0.3333333333333333,1.0,5.0,3.0,0.0,0.0,0.009237875288683603,0.0,0.0,0.0,0.0,0.0,0.0,0.0,0.3333333333333333,,0.10119047619047619,,0.0,0.0,0.0,,0.10119047619047619,0.9019996199966965,0.9444317051276419,,0.0,0.0,0.0
su9_vj_2747,chuong_cu,0.25,0.0,0.3333333333333333,1.0,,,0.0,0.0,0.004618937644341801,0.0,0.0,0.0,0.0,0.0,0.0,0.0,0.25,,0.1220238095238095,,0.0,0.0,0.0,,0.1220238095238095,0.9061203796940478,0.9481277739233508,,0.0,0.0,0.0
su9_vj_2748,chuong_cu,1.0,2.0,1.3333333333333333,0.8333333333333334,1.3333333333333333,,0.0,0.0,0.034257120862201694,0.3333333333333333,0.1111111111111111,0.6666666666666666,0.27777777777777773,0.44999999999999996,0.25,0.4166666666666667,0.3055555555555555,0.4309599673202614,0.1205065359477124,0.310453431372549,0.29411764705882354,0.3333333333333333,0.47222222222222215,0.18194444444444446,0.03623366013071894,0.92785270728071,0.9437141819291572,0.16666666666666666,0.0,0.0,0.0
su9_vj_2749,chuong_cu,0.5,0.0,1.0,0.6666666666666666,2.0,,0.0,0.0,0.09776751347190145,0.0,0.0,0.0,0.0,0.0,0.0,0.0,0.5,0.0,0.39436274509803926,-0.39436274509803926,0.0,0.0,0.0,1.0,0.39436274509803926,0.907158997726815,0.9334067131586149,,0.0,0.0,0.0
su9_vj_2750,chuong_cu,0.25,0.0,0.6666666666666666,1.0,2.5,,0.0,0.0,0.02540415704387991,0.0,0.0,0.0,0.0,0.0,0.0,0.0,0.0,,0.06190476190476191,,0.09523809523809523,0.0,0.0,,0.06190476190476191,0.9213088164251623,0.9448885212125459,,0.0,0.0,0.0
su9_vj_2751,chuong_cu,0.25,0.0,0.3333333333333333,1.0,5.0,3.0,0.0,0.0,0.0023094688221709007,0.0,0.0,0.0,0.0,0.0,0.0,0.0,0.27777777777777773,,0.12745098039215685,,0.17647058823529413,0.0,0.0,,0.12745098039215685,0.8999541563313668,0.9238728330291611,,0.0,0.0,0.0
su9_vj_2752,chuong_cu,0.75,2.0,1.3333333333333333,0.6666666666666666,2.0,3.0,0.0,0.0,0.049268668206312545,0.0,0.0,0.29166666666666663,0.19444444444444442,0.125,0.08333333333333333,0.29166666666666663,0.41666666666666663,0.07291666666666666,0.16299019607843135,-0.09007352941176469,0.0,0.0,0.29166666666666663,1.0,0.14828431372549017,0.9099205193246538,0.9251209623222022,0.16666666666666666,0.0,0.0,0.0
su9_vj_2753,chuong_cu,1.0,1.0,1.3333333333333333,1.0,2.8,3.0,0.0,0.0,0.03741339491916859,0.0,0.0,0.3333333333333333,0.19444444444444442,0.1,0.07777777777777778,0.125,0.6666666666666666,0.19083333333333333,0.3833333333333333,-0.19249999999999998,0.08333333333333333,0.0,0.225,0.24166666666666667,0.2895833333333333,0.9362955021416449,0.9386393019191852,0.3055555555555555,0.0,0.0,0.0
su9_vj_2754,chuong_cu,0.75,0.0,1.0,1.0,1.0,,0.0,0.0,0.01308698999230177,0.0,0.0,0.0,0.0,0.0,0.0,0.0,0.375,0.11666666666666667,0.09375,0.02291666666666667,0.0,0.0,0.0,0.2222222222222222,0.04791666666666666,0.9115404759915299,0.9733217039210205,,0.0,0.0,0.0
su9_vj_2755,chuong_cu,0.5,1.0,0.3333333333333333,1.0,2.5,,0.0,0.0,0.020785219399538108,0.0,0.0,0.0,0.0,0.05,0.016666666666666666,0.3333333333333333,0.0,,0.06944444444444445,,0.16666666666666666,0.0,0.3333333333333333,,0.013888888888888895,0.9275896687487337,0.9319705586452576,0.4166666666666667,0.0,0.0,0.0
su9_vj_2756,chuong_cu,0.25,1.0,0.0,1.0,4.0,,0.0,0.0,0.03926096997690531,0.0,0.0,0.0,0.0,0.0,0.0,0.5555555555555555,0.0,,0.011904761904761904,,0.09523809523809523,0.3333333333333333,0.5555555555555555,,0.011904761904761904,0.9082436779697077,0.9364439124268793,,0.0,0.0,0.0
su9_vj_2757,chuong_cu,0.75,1.0,0.6666666666666666,0.3333333333333333,4.0,,0.0,0.0,0.03926096997690531,1.0,0.6666666666666666,1.0,0.6666666666666666,0.7,0.4666666666666666,0.5555555555555555,0.5555555555555555,0.25555555555555554,0.26597222222222217,-0.01041666666666663,0.0,0.3333333333333333,0.5555555555555555,1.0,0.2555555555555555,0.9153762547776304,0.9336931773362409,0.0,0.0,0.0,0.0
su9_vj_2758,chuong_cu,0.5,0.0,0.6666666666666666,1.0,4.5,3.0,0.0,0.0,0.02540415704387991,0.0,0.0,0.0,0.0,0.0,0.0,0.0,0.16666666666666666,0.1,0.14615384615384616,-0.046153846153846156,0.0,0.0,0.0,0.3333333333333333,0.12692307692307692,0.9263341358887255,0.9375083300872542,,0.0,0.0,0.0
su9_vj_2759,chuong_cu,0.0,0.0,0.0,0.0,,,0.0,0.0,0.0,0.0,0.0,0.0,0.0,0.0,0.0,0.0,0.0,,0.0,,0.0,0.0,0.0,,0.0,0.9195046678890464,0.9761725477007901,,0.0,0.0,0.0
su9_vj_2760,chuong_cu,1.0,2.0,2.0,0.625,1.0,,0.0,0.0,0.018475750577367205,0.3333333333333333,0.2222222222222222,0.5,0.4305555555555555,0.44999999999999996,0.36666666666666664,0.16666666666666666,0.29166666666666663,0.18452380952380953,0.07291666666666666,0.11160714285714288,0.07142857142857142,0.0,0.26666666666666666,0.3333333333333333,0.018601190476190473,0.9146743628917199,0.9622975659617372,0.05555555555555555,0.0,0.0,0.0
su9_vj_2762,chuong_moi,0.75,0.0,1.0,0.3333333333333333,3.0,,0.0,0.0,0.030023094688221712,0.0,0.0,0.0,0.0,0.0,0.0,0.0,0.125,0.013157894736842105,0.0825657894736842,-0.0694078947368421,0.05263157894736842,0.0,0.0,1.0,0.026315789473684202,0.9248156951440322,0.9302441880060313,,0.0,0.0,0.0
su9_vj_2763,chuong_moi,0.0,0.0,0.0,0.0,,,0.0,0.0,0.0,0.0,0.0,0.0,0.0,0.0,0.0,0.0,0.0,,0.0625,,0.16666666666666666,0.0,0.0,,0.020833333333333336,0.9422856638933437,0.9602929716888815,,0.0,0.0,0.0
su9_vj_2764,chuong_moi,0.75,1.0,0.6666666666666666,0.3333333333333333,2.0,,0.0,0.0,0.004618937644341801,1.0,0.6666666666666666,1.0,0.6666666666666666,0.7,0.4666666666666666,1.0,1.0,0.6833333333333333,0.6277777777777778,0.05555555555555558,0.3333333333333333,1.0,1.0,1.0,0.6277777777777778,0.9231408940830966,0.9311486034208065,0.0,0.0,0.0,0.0
su9_vj_2765,chuong_moi,1.0,1.0,1.0,0.25,2.0,,0.0,0.0,0.004618937644341801,1.0,1.0,1.0,1.0,0.7,0.6999999999999998,1.0,1.0,0.6138888888888889,0.6138888888888889,0.0,0.05555555555555555,1.0,1.0,1.0,0.0,0.9109076065450717,0.9633868870956043,0.0,0.0,0.0,0.0
su9_vj_2766,chuong_moi,0.0,0.0,0.0,0.0,,,0.0,0.0,0.0,0.0,0.0,0.0,0.0,0.0,0.0,0.0,0.0,,0.0,,0.0,0.0,0.0,,0.0,0.9527691945481177,0.9780223978379147,,0.0,0.0,0.0
su9_vj_2767,chuong_moi,0.5,1.0,0.3333333333333333,1.0,2.5,,0.0,0.0,0.02540415704387991,0.0,0.0,0.0,0.0,0.05,0.016666666666666666,0.0,0.0,,0.05555555555555555,,0.0,0.0,0.14285714285714285,,0.05555555555555555,0.9206251217115973,0.9492180975321286,0.4166666666666667,0.0,0.0,0.0
su9_vj_2768,chuong_moi,0.0,0.0,0.0,0.0,,,0.0,0.0,0.0,0.0,0.0,0.0,0.0,0.0,0.0,0.0,0.0,,0.04411764705882353,,0.23529411764705882,0.0,0.0,,0.01470588235294118,0.9339741858516811,0.9430865146605217,,0.0,0.0,0.0
su9_vj_2769,chuong_moi,0.25,0.0,0.3333333333333333,1.0,2.0,,0.0,0.0,0.013856812933025403,0.0,0.0,0.0,0.0,0.0,0.0,0.0,0.3333333333333333,,0.08333333333333333,,0.0,0.0,0.0,,0.08333333333333333,0.9302893242402163,0.9364305047442475,,0.0,0.0,0.0
su9_vj_2770,chuong_moi,1.0,1.0,1.6666666666666667,0.5,1.8333333333333333,,0.0,0.0,0.0069284064665127015,1.0,0.7777777777777778,1.0,1.0,0.7,0.6999999999999998,1.0,1.0,0.6833333333333333,0.6833333333333333,0.0,0.3333333333333333,1.0,1.0,1.0,0.0,0.9819385280251274,0.9495991217509506,0.0,0.0,0.0,0.0
su9_vj_2771,chuong_moi,0.25,0.0,0.3333333333333333,1.0,2.0,,0.0,0.0,0.013856812933025403,0.0,0.0,0.0,0.0,0.0,0.0,0.0,0.16666666666666666,,0.08333333333333333,,0.16666666666666666,0.0,0.0,,0.0625,0.9353239652589229,0.9465013345122931,,0.0,0.0,0.0
su9_vj_2772,chuong_moi,0.75,1.0,0.6666666666666666,1.0,3.0,,0.0,0.0,0.01770592763664357,0.0,0.0,0.3333333333333333,0.1111111111111111,0.1,0.05555555555555556,1.0,0.3333333333333333,0.7533333333333333,0.13333333333333333,0.62,0.13333333333333333,1.0,1.0,0.2,0.08333333333333333,0.9169263421541778,0.9354290846470267,0.25,0.0,0.0,0.0
su9_vj_2773,chuong_moi,0.75,1.0,1.0,0.5,4.0,3.0,0.0,0.0,0.03175519630484989,1.0,0.5,1.0,0.6666666666666666,0.7,0.4666666666666666,1.0,1.0,0.6588235294117647,0.6588235294117647,0.0,0.23529411764705882,1.0,1.0,1.0,0.6441176470588236,0.9258046539932961,0.9265968957306047,0.0,0.0,0.0,0.0
su9_vj_2774,chuong_moi,0.0,0.0,0.0,0.0,,,0.0,0.0,0.0,0.0,0.0,0.0,0.0,0.0,0.0,0.0,0.0,,0.010869565217391304,,0.0,0.0,0.0,,0.010869565217391304,0.9240646469536968,0.9700654579607184,,0.0,0.0,0.0
su9_vj_2775,chuong_moi,0.0,0.0,0.0,0.0,,,0.0,0.0,0.0,0.0,0.0,0.0,0.0,0.0,0.0,0.0,0.0,,0.0,,0.0,0.0,0.0,,0.0,0.923704662028193,0.9580909376931652,,0.0,0.0,0.0
su9_vj_2776,chuong_moi,0.25,0.0,0.3333333333333333,1.0,4.0,,0.0,0.0,0.03926096997690531,0.0,0.0,0.0,0.0,0.0,0.0,0.0,1.0,,0.6568181818181817,,0.045454545454545456,0.0,0.0,,0.6568181818181817,0.9134443998290931,0.9317117473421184,,0.0,0.0,0.0
su9_vj_2777,chuong_moi,0.25,1.0,0.0,1.0,4.0,,0.0,0.0,0.03926096997690531,0.0,0.0,0.0,0.0,0.0,0.0,1.0,0.0,,0.0375,,0.0,1.0,1.0,,0.0375,0.9304133927761918,0.9523244931301323,,0.0,0.0,0.0
su9_vj_2778,chuong_moi,0.75,0.0,2.0,0.8333333333333334,2.8333333333333335,3.0,0.0,0.0,0.02424942263279446,0.0,0.0,0.0,0.0,0.0,0.0,0.0,0.0,0.16833333333333333,0.027777777777777776,0.14055555555555554,0.2777777777777778,0.0,0.0,0.34074074074074073,0.013888888888888888,0.9201809058459989,0.8985821475708744,,0.0,0.0,0.0
su9_vj_2779,chuong_moi,0.0,0.0,0.0,0.0,,,0.0,0.0,0.0,0.0,0.0,0.0,0.0,0.0,0.0,0.0,0.0,,0.038461538461538464,,0.0,0.0,0.0,,0.0,0.9259417381836674,0.9377072785101576,,0.0,0.0,0.0
su9_vj_2780,chuong_moi,0.0,0.0,0.0,0.0,,,0.0,0.0,0.0,0.0,0.0,0.0,0.0,0.0,0.0,0.0,0.0,,0.022727272727272728,,0.0,0.0,0.0,,0.022727272727272728,0.8835167454527658,0.9342322679050369,,0.0,0.0,0.0
su9_vj_2783,chuong_cu,0.25,0.0,0.3333333333333333,1.0,2.0,,0.0,0.0,0.011547344110854504,0.0,0.0,0.0,0.0,0.0,0.0,0.0,0.31666666666666665,,0.17791666666666667,,0.0,0.0,0.0,,0.17791666666666667,0.9127415558226694,0.9337303905738076,,0.0,0.0,0.0
su9_vj_2784,chuong_cu,1.0,2.0,1.3333333333333333,0.6666666666666666,3.0,3.0,0.0,0.0,0.057351809083910694,0.3333333333333333,0.1111111111111111,0.625,0.3055555555555555,0.39999999999999997,0.18055555555555555,0.625,0.625,0.46875,0.3645833333333333,0.10416666666666669,0.13333333333333333,0.5,0.625,0.3055555555555555,0.3125,0.9203651759354293,0.9185138914348403,0.13888888888888887,0.0,0.0,0.0
su9_vj_2785,chuong_cu,0.5,1.0,0.3333333333333333,1.0,3.0,,0.0,0.0,0.005773672055427252,0.0,0.0,0.0,0.0,0.2,0.06666666666666667,0.16666666666666666,0.16666666666666666,,0.0625,,0.1111111111111111,0.0,0.25,,0.034722222222222224,0.9236099537919877,0.9612962834784232,0.3333333333333333,0.0,0.0,0.0
su9_vj_2786,chuong_cu,0.75,0.0,1.3333333333333333,1.0,2.0,,0.0,0.0,0.04734411085450346,0.0,0.0,0.0,0.0,0.0,0.0,0.0,0.3333333333333333,0.11291666666666667,0.09649122807017543,0.016425438596491232,0.0,0.0,0.0,0.24722222222222223,0.03399122807017543,0.9315519908854559,0.927957311024071,,0.0,0.0,0.0
su9_vj_2787,chuong_cu,0.5,1.0,0.3333333333333333,1.0,3.0,,0.0,0.0,0.004618937644341801,0.0,0.0,0.0,0.0,0.0,0.0,0.5,0.0,,0.04613095238095238,,0.08333333333333333,0.0,0.5,,0.025297619047619044,0.9248869564511518,0.9576732283418792,0.5,0.0,0.0,0.0
su9_vj_2788,chuong_cu,0.5,0.0,0.6666666666666666,1.0,1.0,,0.0,0.0,0.020785219399538108,0.0,0.0,0.0,0.0,0.0,0.0,0.0,0.41666666666666663,0.1285714285714286,0.12590579710144928,0.002665631469979307,0.0,0.0,0.0,0.14285714285714285,0.12590579710144928,0.9256916028932974,0.944617450025409,,0.0,0.0,0.0
su9_vj_2789,chuong_cu,1.0,1.0,1.3333333333333333,0.8,3.25,3.0,0.0,0.0,0.008775981524249422,0.0,0.0,0.25,0.16666666666666666,0.0,0.0,0.25,0.125,0.16666666666666666,0.06547619047619047,0.10119047619047619,0.0,0.0,0.3333333333333333,0.4444444444444444,0.024851190476190464,0.9255773847275788,0.9512304005209009,0.27777777777777773,0.0,0.0,0.0
su9_vj_2790,chuong_cu,1.0,1.0,1.0,1.0,2.25,,0.0,0.0,0.0017321016166281754,0.0,0.0,0.0,0.0,0.2,0.16666666666666666,0.0,0.3333333333333333,0.14356060606060606,0.08333333333333333,0.060227272727272727,0.09090909090909091,0.0,0.0,0.19444444444444442,0.02489177489177489,0.9195713932652265,0.9325627775388644,1.0,0.0,0.0,0.0
su9_vj_2791,chuong_cu,1.0,1.0,1.0,0.75,2.0,,0.0,0.0,0.012702078521939953,0.0,0.0,0.0,0.0,0.0,0.0,0.1111111111111111,0.27777777777777773,0.125,0.08333333333333333,0.04166666666666667,0.0,0.0,0.2333333333333333,0.5555555555555555,0.0069444444444444475,0.9258915485460288,0.9672302463982343,0.3888888888888889,0.0,0.0,0.0
su9_vj_2792,chuong_cu,1.0,1.0,1.0,1.0,3.0,,0.0,0.0,0.01212471131639723,0.0,0.0,0.0,0.0,0.1,0.06666666666666667,0.0,0.5,0.19208683473389354,0.125,0.06708683473389354,0.058823529411764705,0.0,0.14285714285714285,0.05555555555555555,0.125,0.9373212979349074,0.9435086439948701,0.638888888888889,0.0,0.0,0.0
su9_vj_2793,chuong_cu,0.75,1.0,1.0,1.0,3.5,3.0,0.0,0.0,0.010392609699769052,0.0,0.0,0.25,0.08333333333333333,0.06666666666666667,0.035555555555555556,0.0,0.1111111111111111,0.17686507936507936,0.061111111111111116,0.11575396825396825,0.047619047619047616,0.0,0.16984126984126982,0.18333333333333335,0.061111111111111116,0.9138943505853954,0.9511492449893864,0.33333333333333337,0.0,0.0,0.0
su9_vj_2794,chuong_cu,1.0,1.0,1.6666666666666667,1.0,2.4,,0.0,0.4,0.013856812933025405,0.0,0.0,0.25,0.08333333333333333,0.1,0.06666666666666667,0.0,0.5,0.1712797619047619,0.125,0.04627976190476191,0.05,0.0,0.14285714285714285,0.17956349206349206,0.0625,0.9328328624498274,0.893860691860958,0.3888888888888889,0.0,0.0,0.0
su9_vj_2795,chuong_cu,0.75,2.0,1.0,0.6,2.0,,0.0,0.0,0.06327944572748267,1.0,0.3333333333333333,1.0,0.4305555555555555,0.7,0.25277777777777777,0.5,0.5,0.3823994252873563,0.2761494252873563,0.10625000000000001,0.13793103448275862,0.3333333333333333,0.5,0.29166666666666663,0.22442528735632183,0.9215898092320122,0.9360254952835034,0.08333333333333333,0.0,0.0,0.0
su9_vj_2796,chuong_cu,1.0,2.0,2.0,0.5,2.125,,0.0,0.0,0.0023094688221709007,0.3333333333333333,0.3333333333333333,0.6666666666666666,0.6666666666666666,0.44999999999999996,0.44999999999999996,0.3333333333333333,0.3333333333333333,0.20614035087719296,0.13596491228070173,0.07017543859649122,0.15789473684210525,0.0,0.3333333333333333,0.4444444444444444,0.026315789473684195,0.9229259426217874,0.9457012833217727,0.0,0.0,0.0,0.0
su9_vj_2797,chuong_cu,0.5,1.0,0.6666666666666666,1.0,5.0,3.0,0.0,0.0,0.003079291762894534,0.0,0.0,0.3333333333333333,0.1111111111111111,0.2,0.06666666666666667,0.20833333333333331,0.2708333333333333,,0.09598214285714285,,0.07142857142857142,0.0,0.29404761904761906,,0.078125,0.9232426639933453,0.9260734985131476,0.16666666666666666,0.0,0.0,0.0
su9_vj_2798,chuong_cu,1.0,1.0,1.0,1.0,2.25,,0.0,0.0,0.0023094688221709007,0.0,0.0,0.3333333333333333,0.2222222222222222,0.2,0.16666666666666666,0.3333333333333333,0.3333333333333333,0.24212121212121213,0.17424242424242425,0.06787878787878787,0.18181818181818182,0.0,0.3333333333333333,0.24444444444444446,0.04545454545454547,0.9146111418986098,0.9275621381466791,0.2222222222222222,0.0,0.0,0.0
su9_vj_2799,chuong_cu,0.5,1.0,0.3333333333333333,1.0,2.5,,0.0,0.0,0.0011547344110854503,0.0,0.0,0.0,0.0,0.1,0.03333333333333333,0.0,0.0,,0.020833333333333332,,0.16666666666666666,0.0,0.15476190476190477,,0.020833333333333332,0.9272410747266978,0.9456535753987025,1.0,0.0,0.0,0.0
su9_vj_2800,chuong_cu,1.0,1.0,1.6666666666666667,0.8333333333333334,3.0,3.0,0.0,0.0,0.032717474980754425,0.0,0.0,0.25,0.08333333333333333,0.1,0.07777777777777778,0.125,0.6666666666666666,0.12625,0.4197916666666667,-0.2935416666666667,0.0,0.0,0.225,0.5333333333333333,0.321875,0.9416048570487257,0.9458069754633333,0.3333333333333333,0.0,0.0,0.0
su9_vj_2805,chuong_cu,0.25,0.0,0.3333333333333333,1.0,3.0,,0.0,0.0,0.0023094688221709007,0.0,0.0,0.0,0.0,0.0,0.0,0.0,0.0,,0.03571428571428571,,0.0,0.0,0.0,,0.03571428571428571,0.8984261234337194,0.9659907262436237,,0.0,0.0,0.0
su9_vj_2806,chuong_cu,0.75,0.0,1.3333333333333333,1.0,2.75,3.0,0.0,0.0,0.005196304849884526,0.0,0.0,0.0,0.0,0.0,0.0,0.0,0.6666666666666666,0.16238095238095235,0.3773809523809524,-0.21500000000000002,0.14285714285714285,0.0,0.0,0.15555555555555556,0.33174603174603173,0.9185687736850906,0.9413925149129825,,0.0,0.0,0.0
su9_vj_2807,chuong_cu,0.0,0.0,0.0,0.0,,,0.0,0.0,0.0,0.0,0.0,0.0,0.0,0.0,0.0,0.0,0.0,,0.05,,0.0,0.0,0.0,,0.05,0.9269365911354115,0.9653082732083448,,0.0,0.0,0.0
su9_vj_2808,chuong_cu,1.0,1.0,1.6666666666666667,0.8333333333333334,3.1666666666666665,3.0,0.0,0.0,0.006928406466512702,0.5,0.16666666666666666,1.0,0.5,0.7,0.3666666666666667,0.3333333333333333,0.5555555555555555,0.3860912698412698,0.29126984126984123,0.09482142857142856,0.19047619047619047,0.3333333333333333,0.4365079365079365,0.2488095238095238,0.244047619047619,0.9209661046057404,0.9417657087771321,0.16666666666666666,0.0,0.0,0.0
su9_vj_2809,chuong_cu,0.75,1.0,1.3333333333333333,0.8,2.8,3.0,0.0,0.0,0.013394919168591224,0.0,0.0,0.0,0.0,0.06666666666666667,0.03888888888888889,0.125,0.125,0.12708333333333333,0.07013888888888889,0.056944444444444436,0.0,0.0,0.20833333333333331,0.5,0.05625,0.900542057681933,0.9532615607392073,0.3333333333333333,0.0,0.0,0.0
su9_vj_2810,chuong_cu,0.25,0.0,0.6666666666666666,1.0,2.0,,0.0,0.0,0.06466512702078521,0.0,0.0,0.0,0.0,0.0,0.0,0.0,0.16666666666666666,,0.06666666666666667,,0.0,0.0,0.0,,0.06666666666666667,0.9276987274499983,0.9406209079211066,,0.0,0.0,0.0
su9_vj_2811,chuong_cu,0.5,0.0,0.6666666666666666,1.0,1.0,,0.0,0.0,0.004618937644341801,0.0,0.0,0.0,0.0,0.0,0.0,0.0,0.25,0.12083333333333333,0.0625,0.058333333333333334,0.08333333333333333,0.0,0.0,0.3333333333333333,0.0625,0.9179087867621243,0.9600844016365173,,0.0,0.0,0.0
su9_vj_2812,chuong_cu,0.75,1.0,0.6666666666666666,1.0,2.0,,0.0,0.0,0.006158583525789068,0.0,0.0,0.25,0.08333333333333333,0.2,0.13333333333333333,0.3333333333333333,0.25,0.245,0.09027777777777778,0.1547222222222222,0.16666666666666666,0.0,0.3333333333333333,0.2,0.0763888888888889,0.9357253444350041,0.9544071755399445,0.29166666666666663,0.0,0.0,0.0
su9_vj_2813,chuong_cu,1.0,2.0,2.0,0.5,2.375,,0.0,0.0,0.009237875288683603,0.3333333333333333,0.2222222222222222,0.625,0.5138888888888888,0.39999999999999997,0.29444444444444445,0.16666666666666666,0.6666666666666666,0.1375,0.3773809523809524,-0.23988095238095236,0.0,0.0,0.25,0.5,0.3148809523809524,0.9284876506229649,0.9592768267053793,0.05555555555555555,0.0,0.0,0.0
su9_vj_2814,chuong_cu,0.0,0.0,0.0,0.0,,,0.0,0.0,0.0,0.0,0.0,0.0,0.0,0.0,0.0,0.0,0.0,,0.0,,0.0,0.0,0.0,,0.0,0.9271210992823631,0.9609149239462013,,0.0,0.0,0.0
su9_vj_2815,chuong_cu,1.0,1.0,1.0,0.75,4.5,3.0,0.0,0.0,0.0034642032332563508,0.0,0.0,0.0,0.0,0.06666666666666667,0.06666666666666667,0.0,0.0,0.21829004329004326,0.09848484848484848,0.11980519480519478,0.36363636363636365,0.0,0.16666666666666666,0.42857142857142855,0.056818181818181816,0.9121017680935859,0.9427873347919573,0.38888888888888884,0.0,0.0,0.0
su9_vj_2816,chuong_cu,0.0,0.0,0.0,0.0,,,0.0,0.0,0.0,0.0,0.0,0.0,0.0,0.0,0.0,0.0,0.0,,0.013157894736842105,,0.10526315789473684,0.0,0.0,,0.0,0.9360948634997708,0.956014799823435,,0.0,0.0,0.0
su9_vj_2817,chuong_cu,1.0,1.0,1.0,0.75,5.0,3.0,0.0,0.0,0.004618937644341801,1.0,0.3333333333333333,1.0,0.3333333333333333,0.7,0.3666666666666667,0.125,0.125,0.2182800751879699,0.049107142857142856,0.16917293233082706,0.10526315789473684,0.0,0.19642857142857142,0.047619047619047616,0.049107142857142856,0.9166047710423013,0.9416178044789415,0.5,0.0,0.0,0.0
su9_vj_2818,chuong_cu,1.0,2.0,2.3333333333333335,0.6666666666666666,2.625,3.0,0.0,0.14285714285714285,0.012830382345393892,0.6666666666666666,0.3333333333333333,1.0,0.6666666666666666,0.7,0.38888888888888884,0.3333333333333333,0.6666666666666666,0.3438591269841269,0.4900297619047619,-0.14617063492063498,0.0625,0.3333333333333333,0.45555555555555555,0.34880952380952385,0.24384920634920637,0.9262071686181667,0.9543935868535127,0.027777777777777776,0.0,0.0,0.0
su9_vj_2819,chuong_cu,1.0,2.0,2.0,0.75,2.3333333333333335,3.0,0.0,0.0,0.00894919168591224,0.3333333333333333,0.19444444444444442,0.625,0.4583333333333333,0.39999999999999997,0.26666666666666666,0.25,0.375,0.20819444444444446,0.125,0.08319444444444446,0.1,0.0,0.35,0.362037037037037,0.039583333333333345,0.9049258337825311,0.9091623658440448,0.08333333333333333,0.0,0.0,0.0
su9_vj_2820,chuong_cu,1.0,1.0,1.6666666666666667,0.6666666666666666,1.8333333333333333,,0.0,0.0,0.029638183217859892,1.0,0.5,1.0,0.6666666666666666,0.7,0.5,0.2222222222222222,0.3333333333333333,0.17402777777777775,0.25436507936507935,-0.0803373015873016,0.0,0.0,0.27777777777777773,0.30277777777777776,0.18492063492063493,0.9117518157370964,0.9361754319738645,0.1111111111111111,0.0,0.0,0.0
su9_vj_2821,chuong_cu,1.0,1.0,1.0,1.0,1.0,,0.0,0.0,0.0069284064665127015,0.0,0.0,0.3333333333333333,0.27777777777777773,0.2,0.20000000000000004,0.29166666666666663,0.29166666666666663,0.18791666666666668,0.07291666666666666,0.11500000000000002,0.0,0.0,0.29166666666666663,0.2333333333333333,0.016666666666666656,0.9279630408193275,0.9323591083598155,0.2222222222222222,0.0,0.0,0.0
su9_vj_2822,chuong_cu,1.0,1.0,1.6666666666666667,0.6666666666666666,3.0,,0.0,0.4,0.006158583525789068,1.0,0.4444444444444444,1.0,0.6666666666666666,0.7,0.4666666666666666,0.1111111111111111,0.27777777777777773,0.16291666666666665,0.10069444444444443,0.06222222222222222,0.125,0.0,0.2333333333333333,0.5111111111111111,0.011111111111111113,0.9233187032500347,0.8163519971801113,0.1111111111111111,0.0,0.0,0.0
su9_vj_2823,chuong_cu,1.0,1.0,1.3333333333333333,1.0,3.0,3.0,0.0,0.25,0.007852193995381063,0.0,0.0,0.0,0.0,0.06666666666666667,0.05777777777777778,0.125,0.29166666666666663,0.18363095238095237,0.109375,0.07425595238095237,0.0,0.0,0.225,0.15079365079365079,0.021875000000000006,0.9272844430925654,0.9312435195608801,0.4444444444444444,0.0,0.0,0.0
su9_vj_2824,chuong_cu,0.25,0.0,0.3333333333333333,1.0,1.0,,0.0,0.0,0.12702078521939952,0.0,0.0,0.0,0.0,0.0,0.0,0.0,0.75,,0.39375,,0.0625,0.0,0.0,,0.39375,0.9380801154987263,0.9403714771443218,,0.0,0.0,0.0
su9_vj_2825,chuong_cu,1.0,2.0,1.3333333333333333,0.6666666666666666,2.1666666666666665,,0.0,0.0,0.03849114703618168,0.5,0.27777777777777773,0.6666666666666666,0.5416666666666666,0.39999999999999997,0.2861111111111111,0.5416666666666666,0.14583333333333331,0.3363224637681159,0.08319746376811595,0.253125,0.08695652173913043,0.25,0.5416666666666666,0.38888888888888884,0.021739130434782608,0.924880769139435,0.9416040475439876,0.05555555555555555,0.0,0.0,0.0
su9_vj_2826,chuong_cu,0.25,0.0,0.3333333333333333,1.0,1.0,,0.0,0.0,0.12702078521939952,0.0,0.0,0.0,0.0,0.0,0.0,0.0,0.2708333333333333,,0.08020833333333333,,0.125,0.0,0.0,,0.048958333333333326,0.9352660463838707,0.9431860075210278,,0.0,0.0,0.0
su9_vj_2827,chuong_cu,0.75,1.0,0.6666666666666666,1.0,2.0,,0.0,0.0,0.004618937644341801,0.0,0.0,0.3333333333333333,0.2222222222222222,0.2,0.13333333333333333,0.5,0.25,0.225,0.0625,0.1625,0.0,0.0,0.5,0.3333333333333333,0.03618421052631579,0.9322209599722129,0.9532999916901659,0.16666666666666666,0.0,0.0,0.0
su9_vj_2828,chuong_cu,1.0,1.0,1.0,1.0,1.75,,0.0,0.0,0.009237875288683603,0.0,0.0,0.3333333333333333,0.2222222222222222,0.2,0.12222222222222223,0.0,0.3333333333333333,0.16333333333333333,0.1111111111111111,0.052222222222222225,0.0,0.0,0.2,0.24444444444444446,0.027777777777777776,0.9231268628786529,0.8757499761648772,0.27777777777777773,0.0,0.0,0.0
su9_vj_2829,chuong_cu,0.75,0.0,1.0,0.3333333333333333,5.0,3.0,0.0,0.0,0.0023094688221709007,0.0,0.0,0.0,0.0,0.0,0.0,0.0,0.0,0.03571428571428571,0.10744047619047618,-0.07172619047619047,0.14285714285714285,0.0,0.0,1.0,0.011904761904761904,0.919385357247163,0.9472935852425197,,0.0,0.0,0.0
su9_vj_2830,chuong_cu,0.75,1.0,0.6666666666666666,1.0,5.0,3.0,0.0,0.0,0.004618937644341801,0.0,0.0,0.0,0.0,0.2,0.13333333333333333,0.0,0.0,0.1642857142857143,0.041666666666666664,0.12261904761904766,0.0,0.0,0.14285714285714285,0.14285714285714285,0.026960784313725488,0.8881065098109789,0.9647360587855056,0.5,0.0,0.0,0.0
su9_vj_2831,chuong_cu,1.0,2.0,2.0,0.875,3.25,3.0,0.0,0.0,0.027136258660508082,0.5,0.16666666666666666,0.625,0.3055555555555555,0.37,0.20944444444444443,0.75,0.29166666666666663,0.5209020146520147,0.07548076923076924,0.44542124542124545,0.15384615384615385,0.5,0.75,0.20039682539682538,0.01298076923076924,0.941301247093077,0.9328927899853461,0.13888888888888887,0.0,0.0,0.0
su9_vj_2832,chuong_cu,1.0,2.0,2.0,0.625,2.125,3.0,0.0,0.0,0.0710161662817552,0.5,0.3611111111111111,0.5,0.5,0.44999999999999996,0.44999999999999996,0.6666666666666666,0.6666666666666666,0.45394736842105254,0.4074561403508772,0.04649122807017536,0.3157894736842105,0.5,0.6666666666666666,0.7777777777777778,0.02631578947368418,0.9242687612047666,0.9277182283988981,0.0,0.0,0.0,0.0
su9_vj_2833,chuong_cu,1.0,1.0,1.3333333333333333,0.8,2.4,,0.0,0.0,0.005080831408775981,0.0,0.0,0.0,0.0,0.2,0.16666666666666666,0.25,0.625,0.1875,0.34791666666666665,-0.16041666666666665,0.0,0.0,0.35,0.3333333333333333,0.34791666666666665,0.9319269695336813,0.9411865401275296,0.5833333333333334,0.0,0.0,0.0
su9_vj_2834,chuong_cu,1.0,1.0,1.0,1.0,1.75,,0.0,0.0,0.01212471131639723,0.0,0.0,0.3333333333333333,0.1111111111111111,0.2,0.12222222222222223,0.3333333333333333,0.3333333333333333,0.20904761904761904,0.10119047619047619,0.10785714285714285,0.0,0.0,0.3333333333333333,0.1619047619047619,0.06547619047619048,0.9148611940699738,0.9672097658984924,0.3333333333333333,0.0,0.0,0.0
su9_vj_2835,chuong_cu,0.75,1.0,0.6666666666666666,1.0,1.0,,0.0,0.0,0.006158583525789068,0.0,0.0,0.3333333333333333,0.19444444444444442,0.2,0.06666666666666667,0.375,0.375,0.21375,0.09375,0.12,0.0,0.0,0.375,0.2,0.09375,0.933477933869567,0.9590708862353491,0.20833333333333331,0.0,0.0,0.0
su9_vj_2836,chuong_cu,0.75,1.0,0.6666666666666666,0.6666666666666666,3.0,,0.0,0.0,0.009237875288683603,1.0,0.3333333333333333,1.0,0.4166666666666667,0.7,0.2333333333333333,0.4166666666666667,0.4166666666666667,0.35416666666666663,0.27638888888888885,0.07777777777777778,0.041666666666666664,0.3333333333333333,0.4583333333333333,0.25,0.27638888888888885,0.902548208089452,0.9469209252381984,0.125,0.0,0.0,0.0
su9_vj_2837,chuong_cu,1.0,3.0,1.3333333333333333,0.8571428571428571,2.5,,0.0,0.0,0.008248102936324645,0.25,0.08333333333333333,0.4444444444444444,0.3055555555555555,0.16666666666666666,0.06666666666666667,0.125,0.25,0.16398809523809524,0.0625,0.10148809523809524,0.047619047619047616,0.0,0.225,0.3611111111111111,0.016666666666666663,0.9345374642797194,0.8755884157855727,0.13888888888888887,0.0,0.0,0.0
su9_vj_2838,chuong_cu,0.25,0.0,0.3333333333333333,1.0,1.0,,0.0,0.0,0.12702078521939952,0.0,0.0,0.0,0.0,0.0,0.0,0.0,0.41666666666666663,,0.13357843137254902,,0.0,0.0,0.0,,0.10416666666666666,0.9367953982291392,0.9350215004104446,,0.0,0.0,0.0
su9_vj_2839,chuong_cu,0.75,1.0,0.6666666666666666,1.0,4.666666666666667,3.0,0.0,0.0,0.003079291762894534,0.0,0.0,0.3333333333333333,0.1111111111111111,0.2,0.10000000000000002,0.25,0.5,0.1925,0.125,0.0675,0.04,0.0,0.25,0.2,0.105,0.9130848373614173,0.9252174330666085,0.25,0.0,0.0,0.0
su9_vj_2840,chuong_cu,0.75,3.0,2.3333333333333335,0.8,1.8888888888888888,3.0,0.0,0.14285714285714285,0.025635103926096997,0.2,0.12222222222222223,0.5833333333333334,0.3703703703703704,0.3333333333333333,0.2222222222222222,0.3055555555555555,0.19444444444444442,0.19814814814814813,0.06527777777777777,0.13287037037037036,0.037037037037037035,0.0,0.3055555555555555,0.25,0.03749999999999999,0.9110796806442549,0.9391943163228369,0.0,0.0,0.0,0.0
su9_vj_2841,chuong_cu,0.75,0.0,1.0,0.6666666666666666,1.6666666666666667,,0.0,0.0,0.011547344110854502,0.0,0.0,0.0,0.0,0.0,0.0,0.0,0.6666666666666666,0.075,0.3525362318840579,-0.2775362318840579,0.0,0.0,0.0,0.5,0.2962862318840579,0.9300803095262131,0.9618841426347369,,0.0,0.0,0.0
su9_vj_2842,chuong_cu,0.75,1.0,0.6666666666666666,0.3333333333333333,1.0,,0.0,0.0,0.009237875288683603,1.0,0.6666666666666666,1.0,0.6666666666666666,0.7,0.4666666666666666,0.3333333333333333,0.3333333333333333,0.08333333333333333,0.08333333333333333,0.0,0.0,0.0,0.3333333333333333,1.0,0.08333333333333333,0.9156350649902387,0.9700252381723192,0.0,0.0,0.0,0.0
su9_vj_2843,chuong_cu,1.0,1.0,1.0,1.0,2.5,,2.0,0.0,0.007505773672055427,0.0,0.0,0.3333333333333333,0.19444444444444442,0.0,0.0,0.3333333333333333,0.5,0.20249999999999999,0.125,0.07749999999999999,0.0,0.0,0.3333333333333333,0.20555555555555557,0.0625,0.9309070718587303,0.8775785752596861,0.24999999999999997,0.0,0.0,0.0
su9_vj_2845,chuong_cu,0.25,0.0,0.3333333333333333,1.0,5.0,3.0,0.0,0.0,0.004618937644341801,0.0,0.0,0.0,0.0,0.0,0.0,0.0,0.0,,0.08125,,0.0,0.0,0.0,,0.08125,0.9182150516709519,0.9491414111001577,,0.0,0.0,0.0
su9_vj_2846,chuong_cu,0.25,1.0,0.0,1.0,1.0,,0.0,0.0,0.03695150115473441,0.0,0.0,0.0,0.0,0.0,0.0,0.29166666666666663,0.0,,0.0,,0.0,0.0,0.29166666666666663,,0.0,0.9299069075480615,0.9572993002938915,,0.0,0.0,0.0
su9_vj_2847,chuong_cu,1.0,1.0,1.3333333333333333,0.6,1.2,,0.0,0.0,0.03602771362586605,1.0,0.5,1.0,0.6666666666666666,0.7,0.5,0.125,0.5,0.18236111111111114,0.4083333333333333,-0.22597222222222219,0.1111111111111111,0.0,0.225,0.3444444444444444,0.3243055555555555,0.910062062589148,0.9432697278726486,0.1111111111111111,0.0,0.0,0.0
su9_vj_2848,chuong_cu,0.25,0.0,0.6666666666666666,1.0,2.5,,0.0,0.0,0.026558891454965358,0.0,0.0,0.0,0.0,0.0,0.0,0.0,1.0,,0.6416666666666666,,0.0,0.0,0.0,,0.6208333333333332,0.921026418417994,0.9444274312531522,,0.0,0.0,0.0
su9_vj_2849,chuong_cu,0.25,0.0,0.3333333333333333,1.0,5.0,3.0,0.0,0.0,0.004618937644341801,0.0,0.0,0.0,0.0,0.0,0.0,0.0,0.0,,0.05,,0.0,0.0,0.0,,0.05,0.9210068882560531,0.9696925676820446,,0.0,0.0,0.0
su9_vj_2850,chuong_cu,0.0,0.0,0.0,0.0,,,0.0,0.0,0.0,0.0,0.0,0.0,0.0,0.0,0.0,0.0,0.0,,0.027777777777777776,,0.0,0.0,0.0,,0.027777777777777776,0.9257471503619359,0.9748769210513157,,0.0,0.0,0.0
su9_vj_2851,chuong_cu,0.0,0.0,0.0,0.0,,,0.0,0.0,0.0,0.0,0.0,0.0,0.0,0.0,0.0,0.0,0.0,,0.0,,0.0,0.0,0.0,,0.0,0.9180671020969989,0.8980656030869116,,0.0,0.0,0.0
su9_vj_2852,chuong_cu,0.5,1.0,0.3333333333333333,1.0,2.0,,0.0,0.0,0.021939953810623556,0.0,0.0,0.0,0.0,0.06666666666666667,0.022222222222222223,0.0,0.125,,0.05625,,0.0,0.0,0.16666666666666666,,0.05625,0.9255003277122056,0.9200894366469028,0.3333333333333333,0.0,0.0,0.0
su9_vj_2853,chuong_cu,0.25,0.0,0.3333333333333333,1.0,3.0,,0.0,0.0,0.0023094688221709007,0.0,0.0,0.0,0.0,0.0,0.0,0.0,0.0,,0.09166666666666667,,0.16666666666666666,0.0,0.0,,0.07777777777777778,0.9274151045968557,0.910527740871046,,0.0,0.0,0.0
su9_vj_2854,chuong_cu,1.0,1.0,1.0,0.75,2.5,,0.0,0.0,0.002886836027713626,0.0,0.0,0.0,0.0,0.2,0.13333333333333333,0.0,0.5,0.10654761904761903,0.3458333333333333,-0.2392857142857143,0.08333333333333333,0.0,0.0,0.42857142857142855,0.28928571428571426,0.9197257889529008,0.9477300532370483,1.0,0.0,0.0,0.0
su9_vj_2855,chuong_cu,0.5,0.0,0.6666666666666666,1.0,2.0,,0.0,0.0,0.019630484988452657,0.0,0.0,0.0,0.0,0.0,0.0,0.0,0.0,0.12,0.0,0.12,0.0,0.0,0.0,0.2,0.0,0.9437813584089709,0.9403239168767371,,0.0,0.0,0.0
su9_vj_2856,chuong_cu,0.0,0.0,0.0,0.0,,,0.0,0.0,0.0,0.0,0.0,0.0,0.0,0.0,0.0,0.0,0.0,,0.0,,0.0,0.0,0.0,,0.0,0.9158663863542964,0.9739649853447256,,0.0,0.0,0.0
su9_vj_2857,chuong_cu,0.0,0.0,0.0,0.0,,,0.0,0.0,0.0,0.0,0.0,0.0,0.0,0.0,0.0,0.0,0.0,,0.03125,,0.0,0.0,0.0,,0.03125,0.9182150516709519,0.938395710379582,,0.0,0.0,0.0
su9_vj_2858,chuong_cu,0.25,0.0,0.3333333333333333,1.0,2.0,,0.0,0.0,0.011547344110854504,0.0,0.0,0.0,0.0,0.0,0.0,0.0,0.16666666666666666,,0.12023809523809523,,0.07142857142857142,0.0,0.0,,0.12023809523809523,0.9218777396965389,0.9499943837438919,,0.0,0.0,0.0
su9_vj_2859,chuong_cu,0.5,1.0,0.3333333333333333,1.0,3.0,,0.0,0.0,0.02540415704387991,0.0,0.0,0.3333333333333333,0.1111111111111111,0.06666666666666667,0.022222222222222223,0.0,0.125,,0.05208333333333333,,0.0,0.0,0.18333333333333335,,0.05208333333333333,0.9205913987218657,0.9422893923896297,0.16666666666666666,0.0,0.0,0.0
su9_vj_2860,chuong_cu,0.5,1.0,0.3333333333333333,0.5,,,0.0,0.0,0.009237875288683603,1.0,0.3333333333333333,1.0,0.3333333333333333,0.5,0.16666666666666666,0.75,0.75,,0.3625,,0.0,0.5,0.75,,0.3625,0.9449639388242379,0.9458101289249745,0.0,0.0,0.0,0.0
su9_vj_2861,chuong_cu,0.75,1.0,0.6666666666666666,1.0,3.6666666666666665,3.0,0.0,0.0,0.015396458814472672,0.0,0.0,0.25,0.08333333333333333,0.04000000000000001,0.026666666666666672,0.29166666666666663,0.125,0.20416666666666666,0.06610576923076923,0.13806089743589745,0.0,0.0,0.29166666666666663,0.125,0.06610576923076923,0.9237900596623373,0.9673097688737397,0.29166666666666663,0.0,0.0,0.0
su9_vj_2865,chuong_cu,0.25,0.0,0.3333333333333333,1.0,3.0,,0.0,0.0,0.013856812933025403,0.0,0.0,0.0,0.0,0.0,0.0,0.0,0.25,,0.0625,,0.0,0.0,0.0,,0.0625,0.9223835799381706,0.9595580216590649,,0.0,0.0,0.0
su9_vj_2866,chuong_cu,0.0,0.0,0.0,0.0,,,0.0,0.0,0.0,0.0,0.0,0.0,0.0,0.0,0.0,0.0,0.0,,0.0,,0.0,0.0,0.0,,0.0,0.9247327500396313,0.9701820786638233,,0.0,0.0,0.0
su9_vj_2867,chuong_cu,0.0,0.0,0.0,0.0,,,0.0,0.0,0.0,0.0,0.0,0.0,0.0,0.0,0.0,0.0,0.0,,0.045454545454545456,,0.18181818181818182,0.0,0.0,,0.0,0.9258031180661496,0.9624879411032913,,0.0,0.0,0.0
su9_vj_2868,chuong_cu,0.5,1.0,0.3333333333333333,1.0,1.0,,0.0,0.0,0.005773672055427252,0.0,0.0,0.0,0.0,0.2,0.06666666666666667,0.25,0.5,,0.125,,0.06666666666666667,0.0,0.25,,0.125,0.9197610290525499,0.9741287016612616,0.3333333333333333,0.0,0.0,0.0
su9_vj_2869,chuong_cu,1.0,2.0,2.0,0.625,1.25,,0.0,0.0,0.008660508083140877,0.5,0.3611111111111111,0.75,0.75,0.44999999999999996,0.44999999999999996,0.4583333333333333,0.4583333333333333,0.2790570175438596,0.24089912280701753,0.03815789473684206,0.15789473684210525,0.25,0.5083333333333333,0.8333333333333334,0.017708333333333326,0.9256362191157261,0.9434760068854039,0.0,0.0,0.0,0.0
su9_vj_2870,chuong_cu,1.0,2.0,1.6666666666666667,0.5714285714285714,1.1428571428571428,,0.0,0.0,0.01253711646321346,0.0,0.0,0.29166666666666663,0.19444444444444442,0.15000000000000002,0.15000000000000002,0.375,0.41666666666666663,0.13920454545454547,0.10416666666666666,0.03503787878787881,0.18181818181818182,0.0,0.375,1.0,0.04081439393939393,0.9029222596113214,0.9470391569995149,0.2222222222222222,0.0,0.0,0.0
su9_vj_2871,chuong_cu,0.75,0.0,1.0,1.0,1.3333333333333333,,0.0,0.3333333333333333,0.009237875288683603,0.0,0.0,0.0,0.0,0.0,0.0,0.0,0.3333333333333333,0.1764285714285714,0.10119047619047619,0.07523809523809522,0.21428571428571427,0.0,0.0,0.18095238095238098,0.05119047619047619,0.9177408578020061,0.950349768666096,,0.0,0.0,0.0
su9_vj_2873,chuong_cu,1.0,1.0,1.0,1.0,2.25,,0.0,0.0,0.0040415704387990765,0.0,0.0,0.0,0.0,0.2,0.16666666666666666,0.0,0.4444444444444444,0.2661904761904762,0.3337301587301587,-0.06753968253968251,0.5714285714285714,0.0,0.0,0.17777777777777778,0.23154761904761903,0.9197007636785255,0.9489256543772658,1.0,0.0,0.0,0.0
su9_vj_2874,chuong_cu,0.75,2.0,0.6666666666666666,0.5,1.5,,0.0,0.0,0.03348729792147806,0.5,0.3333333333333333,0.6666666666666666,0.4444444444444444,0.39999999999999997,0.26666666666666666,0.3333333333333333,0.3333333333333333,0.18333333333333335,0.10606060606060605,0.0772727272727273,0.0,0.0,0.3333333333333333,0.3333333333333333,0.10606060606060605,0.9168392455508723,0.9488093387826745,0.0,0.0,0.0,0.0
su9_vj_2875,chuong_cu,0.25,0.0,0.3333333333333333,1.0,,,0.0,0.0,0.004618937644341801,0.0,0.0,0.0,0.0,0.0,0.0,0.0,0.25,,0.0925,,0.12,0.0,0.0,,0.0925,0.9211553410407627,0.9433812529568852,,0.0,0.0,0.0
su9_vj_2876,chuong_cu,0.0,0.0,0.0,0.0,,,0.0,0.0,0.0,0.0,0.0,0.0,0.0,0.0,0.0,0.0,0.0,,0.0,,0.0,0.0,0.0,,0.0,0.9225920512113629,0.9746579443087068,,0.0,0.0,0.0
su9_vj_2877,chuong_cu,0.75,2.0,1.0,0.6,1.4,,0.0,0.0,0.014780600461893764,0.5,0.27777777777777773,0.5,0.3333333333333333,0.44999999999999996,0.3,0.3333333333333333,0.25,0.17756410256410254,0.0625,0.11506410256410254,0.07692307692307693,0.0,0.3333333333333333,0.5,0.0625,0.9315728218915456,0.9306967241264071,0.0,0.0,0.0,0.0
su9_vj_2878,chuong_cu,0.5,0.0,1.0,1.0,2.3333333333333335,,0.0,0.0,0.007698229407236336,0.0,0.0,0.0,0.0,0.0,0.0,0.0,0.3333333333333333,0.12,0.09523809523809523,0.024761904761904763,0.0,0.0,0.0,0.2,0.047619047619047616,0.9241423567479933,0.941576330978968,,0.0,0.0,0.0
su9_vj_2879,chuong_cu,0.75,1.0,0.6666666666666666,1.0,1.6666666666666667,,0.0,0.0,0.044649730561970746,0.0,0.0,0.3333333333333333,0.1111111111111111,0.2,0.08888888888888889,0.0,0.0,0.1482142857142857,0.05,0.09821428571428568,0.0,0.0,0.14285714285714285,0.25,0.05,0.932329037974111,0.9544922909775863,0.2916666666666667,0.0,0.0,0.0
su9_vj_2880,chuong_cu,1.0,2.0,2.3333333333333335,0.6666666666666666,2.0,3.0,0.0,0.0,0.020528611752630224,1.0,0.4444444444444444,1.0,0.5555555555555556,0.7,0.41111111111111115,0.6666666666666666,0.6666666666666666,0.5527020202020202,0.4621212121212121,0.0905808080808081,0.13636363636363635,0.6666666666666666,0.7333333333333334,0.32037037037037036,0.3785353535353535,0.9275813022580316,0.9381483894028523,0.05555555555555555,0.0,0.0,0.0
su9_vj_2881,chuong_cu,0.0,0.0,0.0,0.0,,,0.0,0.0,0.0,0.0,0.0,0.0,0.0,0.0,0.0,0.0,0.0,,0.0,,0.0,0.0,0.0,,0.0,0.9127722562584067,0.9633881999675868,,0.0,0.0,0.0
su9_vj_2882,chuong_cu,0.5,1.0,0.6666666666666666,0.6666666666666666,3.0,,0.0,0.0,0.0023094688221709007,0.5,0.16666666666666666,1.0,0.3333333333333333,0.7,0.2333333333333333,0.0,0.5,,0.3684782608695652,,0.043478260869565216,0.0,0.18333333333333335,,0.3576086956521739,0.9234714698483415,0.955478552607338,0.0,0.0,0.0,0.0
su9_vj_2883,chuong_cu,1.0,1.0,1.0,0.75,1.0,,0.0,0.0,0.06755196304849884,1.0,0.3333333333333333,1.0,0.4444444444444444,0.7,0.3666666666666667,0.3333333333333333,0.3333333333333333,0.22730158730158728,0.16666666666666666,0.060634920634920625,0.1111111111111111,0.0,0.3333333333333333,0.2253968253968254,0.11666666666666665,0.9054624933840532,0.9376455247429932,0.16666666666666666,0.0,0.0,0.0
su9_vj_2884,chuong_cu,0.25,0.0,0.3333333333333333,1.0,1.0,,0.0,0.0,0.03695150115473441,0.0,0.0,0.0,0.0,0.0,0.0,0.0,0.3333333333333333,,0.10119047619047619,,0.07142857142857142,0.0,0.0,,0.08333333333333334,0.8606967537264515,0.9471114213577704,,0.0,0.0,0.0
su9_vj_2885,chuong_cu,0.75,1.0,0.6666666666666666,0.6666666666666666,1.0,,0.0,0.0,0.005388760585065436,1.0,0.3333333333333333,1.0,0.3333333333333333,0.7,0.2333333333333333,0.5,0.5,0.47360819327731096,0.34503676470588235,0.12857142857142861,0.11764705882352941,0.5,0.5625,0.14285714285714285,0.34503676470588235,0.9145231311216093,0.9468399902336555,0.25,0.0,0.0,0.0
su9_vj_2886,chuong_cu,0.5,0.0,1.0,1.0,2.3333333333333335,,0.0,0.0,0.007698229407236336,0.0,0.0,0.0,0.0,0.0,0.0,0.0,0.3333333333333333,0.12,0.10256410256410256,0.017435897435897435,0.0,0.0,0.0,0.2,0.0641025641025641,0.9447576193359571,0.941576330978968,,0.0,0.0,0.0
su9_vj_2887,chuong_cu,1.0,1.0,1.0,1.0,2.0,,3.0,0.0,0.035796766743648956,0.0,0.0,0.25,0.08333333333333333,0.1,0.08888888888888889,0.0,0.3333333333333333,0.19285714285714284,0.11904761904761904,0.0738095238095238,0.07142857142857142,0.0,0.16666666666666666,0.1111111111111111,0.08333333333333333,0.9016128296157382,0.8917225295144076,0.5555555555555556,0.0,0.0,0.0
su9_vj_2888,chuong_cu,0.0,0.0,0.0,0.0,,,0.0,0.0,0.0,0.0,0.0,0.0,0.0,0.0,0.0,0.0,0.0,,0.0,,0.0,0.0,0.0,,0.0,0.9215002720782758,0.8620997467943516,,0.0,0.0,0.0
su9_vj_2889,chuong_cu,0.0,0.0,0.0,0.0,,,0.0,0.0,0.0,0.0,0.0,0.0,0.0,0.0,0.0,0.0,0.0,,0.0,,0.0,0.0,0.0,,0.0,0.933483165955486,0.9361510230948934,,0.0,0.0,0.0
su9_vj_2890,chuong_cu,0.0,0.0,0.0,0.0,,,0.0,0.0,0.0,0.0,0.0,0.0,0.0,0.0,0.0,0.0,0.0,,0.0,,0.0,0.0,0.0,,0.0,0.9222541581884703,0.9759648611153027,,0.0,0.0,0.0
su9_vj_2891,chuong_cu,0.0,0.0,0.0,0.0,,,0.0,0.0,0.0,0.0,0.0,0.0,0.0,0.0,0.0,0.0,0.0,,0.0,,0.0,0.0,0.0,,0.0,0.9275426148353502,0.9294509722806326,,0.0,0.0,0.0
su9_vj_2892,chuong_cu,0.25,0.0,0.3333333333333333,1.0,2.0,,0.0,1.0,0.011547344110854504,0.0,0.0,0.0,0.0,0.0,0.0,0.0,0.3333333333333333,,0.10606060606060605,,0.0,0.0,0.0,,0.10606060606060605,0.9373574407267024,0.9738485454780482,,0.0,0.0,0.0
su9_vj_2893,chuong_cu,0.0,0.0,0.0,0.0,,,0.0,0.0,0.0,0.0,0.0,0.0,0.0,0.0,0.0,0.0,0.0,,0.0,,0.0,0.0,0.0,,0.0,0.9381599709512773,0.9704435566461213,,0.0,0.0,0.0
su9_vj_2894,chuong_cu,0.75,1.0,0.6666666666666666,0.6666666666666666,2.3333333333333335,,0.0,0.0,0.020785219399538108,1.0,0.3333333333333333,1.0,0.3333333333333333,0.7,0.26666666666666666,0.5,0.5,0.27941176470588236,0.13970588235294118,0.13970588235294118,0.11764705882352941,0.0,0.5,0.16666666666666666,0.11029411764705882,0.9086808829047233,0.9315846202071896,0.20833333333333334,0.0,0.0,0.0
su9_vj_2895,chuong_cu,0.75,1.0,0.6666666666666666,0.6666666666666666,1.6666666666666667,,0.0,0.0,0.02386451116243264,0.0,0.0,0.0,0.0,0.1,0.06666666666666667,0.0,0.3333333333333333,0.05654761904761904,0.125,-0.06845238095238096,0.08333333333333333,0.0,0.14285714285714285,1.0,0.125,0.9003282603327197,0.9329561544180315,0.4166666666666667,0.0,0.0,0.0
su9_vj_2896,chuong_cu,1.0,1.0,1.0,1.0,3.6666666666666665,3.0,0.0,0.0,0.005773672055427252,0.0,0.0,0.25,0.08333333333333333,0.0,0.0,0.25,0.16666666666666666,0.2286904761904762,0.08154761904761905,0.14714285714285713,0.07142857142857142,0.0,0.3333333333333333,0.15,0.02202380952380953,0.9010830171153504,0.9405306246625518,0.4166666666666667,0.0,0.0,0.0
su9_vj_2897,chuong_cu,1.0,2.0,2.0,0.625,1.375,,0.0,0.0,0.038394919168591224,0.3333333333333333,0.3333333333333333,0.6666666666666666,0.6666666666666666,0.44999999999999996,0.44999999999999996,1.0,1.0,0.6928571428571428,0.6267857142857143,0.06607142857142856,0.07142857142857142,1.0,1.0,0.5,0.017857142857142794,0.9175850374304706,0.9440541611248281,0.0,0.0,0.0,0.0
su9_vj_2898,chuong_cu,0.25,0.0,0.3333333333333333,1.0,1.0,,0.0,0.0,0.03695150115473441,0.0,0.0,0.0,0.0,0.0,0.0,0.0,0.3333333333333333,,0.09895833333333333,,0.0,0.0,0.0,,0.09895833333333333,0.9182325165638139,0.9572552827674834,,0.0,0.0,0.0
su9_vj_2899,chuong_cu,0.75,1.0,1.0,1.0,2.75,3.0,0.0,0.0,0.020785219399538108,0.0,0.0,0.3333333333333333,0.1111111111111111,0.1,0.05000000000000001,0.5277777777777778,0.3333333333333333,0.38249999999999995,0.09722222222222221,0.28527777777777774,0.05555555555555555,0.3333333333333333,0.5277777777777778,0.2,0.055555555555555546,0.9128313934193076,0.9238304613988203,0.2916666666666667,0.0,0.0,0.0
su9_vj_2900,chuong_cu,0.0,0.0,0.0,0.0,,,0.0,0.0,0.0,0.0,0.0,0.0,0.0,0.0,0.0,0.0,0.0,,0.025,,0.15,0.0,0.0,,0.0,0.9068465375178116,0.9641715044104107,,0.0,0.0,0.0
su9_vj_2901,chuong_cu,0.5,1.0,0.3333333333333333,1.0,3.0,3.0,0.0,0.0,0.006928406466512702,0.0,0.0,0.0,0.0,0.06666666666666667,0.022222222222222223,0.0,0.25,,0.0625,,0.06666666666666667,0.0,0.14285714285714285,,0.0625,0.9256402901814095,0.8912742549528848,0.3333333333333333,0.0,0.0,0.0
su9_vj_2902,chuong_cu,0.0,0.0,0.0,0.0,,,0.0,0.0,0.0,0.0,0.0,0.0,0.0,0.0,0.0,0.0,0.0,,0.0,,0.0,0.0,0.0,,0.0,0.8892454605095933,0.9540820825577866,,0.0,0.0,0.0
su9_vj_2903,chuong_cu,0.0,0.0,0.0,0.0,,,0.0,0.0,0.0,0.0,0.0,0.0,0.0,0.0,0.0,0.0,0.0,,0.07352941176470588,,0.4117647058823529,0.0,0.0,,0.01470588235294118,0.9160735049279394,0.9400447670378153,,0.0,0.0,0.0
su9_vj_2904,chuong_cu,1.0,2.0,1.0,0.4,1.0,,0.0,0.0,0.006004618937644342,0.5,0.5,0.5,0.5,0.44999999999999996,0.44999999999999996,0.4166666666666667,0.3333333333333333,0.33194444444444443,0.3277777777777778,0.004166666666666652,0.3888888888888889,0.3333333333333333,0.47222222222222227,1.0,0.02777777777777779,0.9262689122495916,0.9259166045931007,0.0,0.0,0.0,0.0
su9_vj_2905,chuong_cu,0.25,0.0,0.3333333333333333,1.0,4.0,3.0,0.0,0.0,0.0023094688221709007,0.0,0.0,0.0,0.0,0.0,0.0,0.0,0.0,,0.06904761904761905,,0.06666666666666667,0.0,0.0,,0.06904761904761905,0.9173123821360333,0.9402312073910386,,0.0,0.0,0.0
su9_vj_2906,chuong_cu,1.0,2.0,1.6666666666666667,0.8571428571428571,3.0,3.0,0.0,0.0,0.01748597822500825,0.0,0.0,0.0,0.0,0.15000000000000002,0.11944444444444446,0.41666666666666663,0.29166666666666663,0.22035714285714286,0.07291666666666666,0.1474404761904762,0.0,0.0,0.41666666666666663,0.2253968253968254,0.02083333333333333,0.9060016839492954,0.9561927553235895,0.3333333333333333,0.0,0.0,0.0
su9_vj_2907,chuong_cu,0.25,1.0,0.0,1.0,1.0,,0.0,0.0,0.004618937644341801,0.0,0.0,0.0,0.0,0.0,0.0,0.3333333333333333,0.0,,0.046875,,0.125,0.0,0.3333333333333333,,0.015625,0.9303093940582826,0.8869127523184875,,0.0,0.0,0.0
su9_vj_2908,chuong_cu,0.0,0.0,0.0,0.0,,,0.0,0.0,0.0,0.0,0.0,0.0,0.0,0.0,0.0,0.0,0.0,,0.0,,0.03571428571428571,0.0,0.0,,0.0,0.9255535903478718,0.9667587790031819,,0.0,0.0,0.0
su9_vj_2909,chuong_cu,1.0,2.0,1.6666666666666667,0.7142857142857143,1.2857142857142858,,0.0,0.0,0.06829429231276805,0.5,0.27777777777777773,0.6666666666666666,0.5555555555555555,0.44999999999999996,0.3333333333333333,1.0,1.0,0.7452083333333334,0.69375,0.051458333333333384,0.1875,1.0,1.0,0.3444444444444444,0.5791666666666666,0.9397758887434319,0.9369218440352494,0.05555555555555555,0.0,0.0,0.0
su9_vj_2910,chuong_cu,0.25,0.0,0.3333333333333333,1.0,1.0,,0.0,0.0,0.004618937644341801,0.0,0.0,0.0,0.0,0.0,0.0,0.0,0.16666666666666666,,0.06845238095238095,,0.07142857142857142,0.0,0.0,,0.06845238095238095,0.9290301217367922,0.9516904827703814,,0.0,0.0,0.0
su9_vj_2911,chuong_cu,0.25,0.0,0.3333333333333333,1.0,,,0.0,2.0,0.016166281755196306,0.0,0.0,0.0,0.0,0.0,0.0,0.0,0.16666666666666666,,0.08333333333333333,,0.09523809523809523,0.0,0.0,,0.05952380952380952,0.9208133235860418,0.9188773043669007,,0.0,0.0,0.0
su9_vj_2912,chuong_cu,1.0,1.0,1.3333333333333333,1.0,1.75,,0.0,0.5,0.03602771362586605,0.0,0.0,0.25,0.08333333333333333,0.1,0.05555555555555556,0.125,0.6666666666666666,0.1556547619047619,0.36547619047619045,-0.20982142857142855,0.047619047619047616,0.0,0.20833333333333331,0.38888888888888884,0.22559523809523807,0.9085564070510288,0.9104160507689291,0.36111111111111116,0.0,0.0,0.0
su9_vj_2913,chuong_cu,0.25,1.0,0.0,1.0,,,2.0,0.0,0.016166281755196306,0.0,0.0,0.0,0.0,0.0,0.0,0.0,0.0,,0.022727272727272728,,0.09090909090909091,0.0,0.2,,0.011363636363636364,0.9272530201910348,0.888195596100047,,0.0,0.0,0.0
su9_vj_2914,chuong_cu,1.0,1.0,2.6666666666666665,0.6666666666666666,1.5555555555555556,,0.0,0.0,0.021298434693353862,1.0,0.4166666666666667,1.0,0.7777777777777778,0.7,0.5333333333333333,0.27777777777777773,0.5555555555555555,0.2834325396825397,0.3031746031746031,-0.019742063492063422,0.38095238095238093,0.0,0.3194444444444444,0.27777777777777773,0.17569444444444438,0.9280184247514939,0.946764540005786,0.05555555555555555,0.0,0.0,0.0
su9_vj_2915,chuong_cu,1.0,1.0,1.3333333333333333,0.8,2.0,3.0,0.0,0.5,0.012009237875288684,0.0,0.0,0.3333333333333333,0.1111111111111111,0.1,0.10000000000000002,0.3333333333333333,0.6666666666666666,0.18872481684981685,0.3801282051282051,-0.19140338827838826,0.07692307692307693,0.0,0.3333333333333333,0.4255952380952381,0.33727106227106224,0.934011582743342,0.9358703575646479,0.3333333333333333,0.0,0.0,0.0
su9_vj_2919,chuong_cu,0.5,0.0,0.6666666666666666,0.5,3.0,,0.0,0.0,0.004618937644341801,0.0,0.0,0.0,0.0,0.0,0.0,0.0,0.125,0.016666666666666666,0.08958333333333333,-0.07291666666666667,0.06666666666666667,0.0,0.0,1.0,0.07291666666666667,0.9428873761079276,0.9519374586487372,,0.0,0.0,0.0
su9_vj_2920,chuong_cu,0.75,0.0,1.0,0.6666666666666666,3.3333333333333335,3.0,0.0,0.0,0.003079291762894534,0.0,0.0,0.0,0.0,0.0,0.0,0.0,0.0,0.13125,0.07708333333333334,0.05416666666666667,0.125,0.0,0.0,0.3333333333333333,0.04583333333333334,0.8990360724939109,0.9426437460259318,,0.0,0.0,0.0
su9_vj_2921,chuong_cu,0.25,0.0,0.3333333333333333,1.0,3.0,,0.0,0.0,0.013856812933025403,0.0,0.0,0.0,0.0,0.0,0.0,0.0,0.0,,0.041666666666666664,,0.0,0.0,0.0,,0.041666666666666664,0.9255311129848586,0.9470246379984052,,0.0,0.0,0.0
su9_vj_2922,chuong_cu,0.75,1.0,0.6666666666666666,0.6666666666666666,2.3333333333333335,,0.0,0.0,0.014626635873749037,1.0,0.3333333333333333,1.0,0.3333333333333333,0.7,0.25555555555555554,0.5,0.5,0.49202380952380953,0.3601190476190476,0.1319047619047619,0.23809523809523808,0.5,0.55,0.2,0.33630952380952384,0.9178462614181442,0.9423418093248612,0.16666666666666666,0.0,0.0,0.0
su9_vj_2923,chuong_cu,0.5,0.0,0.6666666666666666,1.0,3.0,3.0,0.0,1.5,0.06466512702078521,0.0,0.0,0.0,0.0,0.0,0.0,0.0,0.5,0.15096153846153845,0.20192307692307693,-0.050961538461538475,0.15384615384615385,0.0,0.0,0.25,0.16346153846153846,0.909922204998143,0.9565930019285335,,0.0,0.0,0.0
su9_vj_2924,chuong_cu,1.0,1.0,2.0,0.7142857142857143,1.1428571428571428,,0.0,0.0,0.049158693500494885,0.3333333333333333,0.1111111111111111,1.0,0.6666666666666666,0.7,0.3666666666666667,0.375,0.625,0.17006578947368423,0.3707236842105263,-0.2006578947368421,0.10526315789473684,0.0,0.375,0.6666666666666666,0.26655701754385963,0.9118653972994522,0.9405335726266361,0.05555555555555555,0.0,0.0,0.0
su9_vj_2925,chuong_cu,0.25,1.0,0.0,1.0,1.0,,0.0,0.0,0.004618937644341801,0.0,0.0,0.0,0.0,0.0,0.0,0.5,0.0,,0.027777777777777776,,0.1111111111111111,0.0,0.5,,0.0,0.9066464382045569,0.9666517302337024,,0.0,0.0,0.0
su9_vj_2926,chuong_cu,0.5,0.0,0.6666666666666666,0.5,3.0,,0.0,0.0,0.004618937644341801,0.0,0.0,0.0,0.0,0.0,0.0,0.0,0.0,0.0,0.05625,-0.05625,0.0,0.0,0.0,1.0,0.04583333333333334,0.9218707441467425,0.9557119905316831,,0.0,0.0,0.0
su9_vj_2927,chuong_cu,1.0,1.0,1.0,0.5,1.0,,0.0,0.0,0.03521939953810623,1.0,0.6666666666666666,1.0,0.75,0.7,0.5333333333333333,0.375,0.375,0.2122282608695652,0.11548913043478261,0.09673913043478259,0.17391304347826086,0.0,0.375,0.5,0.05923913043478261,0.9043475711383013,0.9389847625548419,0.08333333333333333,0.0,0.0,0.0
su9_vj_2928,chuong_cu,0.75,1.0,0.6666666666666666,1.0,3.0,3.0,0.0,1.5,0.043879907621247105,0.0,0.0,0.25,0.08333333333333333,0.06666666666666667,0.044444444444444446,0.0,0.0,0.14583333333333331,0.03333333333333333,0.11249999999999999,0.13333333333333333,0.0,0.0,0.25,0.0,0.9172709750250276,0.9461771535773972,0.375,0.0,0.0,0.0
su9_vj_2929,chuong_cu,1.0,1.0,1.3333333333333333,0.4,3.0,,0.0,0.0,0.006004618937644342,1.0,0.8333333333333334,1.0,1.0,0.7,0.6999999999999998,0.0,0.0,0.0875,0.07083333333333333,0.016666666666666663,0.16666666666666666,0.0,0.18333333333333335,1.0,0.004166666666666666,0.905809015170542,0.9441090154979034,0.0,0.0,0.0,0.0
su9_vj_2930,chuong_cu,1.0,1.0,1.0,0.5,2.5,,0.0,0.0,0.03348729792147806,1.0,0.6666666666666666,1.0,0.75,0.7,0.4888888888888889,0.0,0.0,0.10277777777777777,0.07575757575757575,0.027020202020202028,0.0,0.0,0.1111111111111111,0.5,0.04797979797979797,0.9000667252678272,0.9646150768214957,0.08333333333333333,0.0,0.0,0.0
su9_vj_2931,chuong_cu,0.5,0.0,0.6666666666666666,0.5,1.0,,0.0,0.0,0.03233256351039261,0.0,0.0,0.0,0.0,0.0,0.0,0.0,0.0,0.013888888888888888,0.06388888888888888,-0.049999999999999996,0.05555555555555555,0.0,0.0,1.0,0.049999999999999996,0.8991881435953427,0.9562292672197934,,0.0,0.0,0.0
su9_vj_2932,chuong_cu,0.75,1.0,0.6666666666666666,0.6666666666666666,1.6666666666666667,,0.0,0.0,0.08545034642032333,1.0,0.3333333333333333,1.0,0.4166666666666667,0.7,0.25555555555555554,0.0,0.0,0.19962121212121212,0.08712121212121213,0.11249999999999999,0.18181818181818182,0.0,0.16666666666666666,0.25,0.05934343434343435,0.907152725771679,0.9484927792177718,0.125,0.0,0.0,0.0
su9_vj_2933,chuong_cu,0.25,0.0,0.3333333333333333,1.0,4.0,3.0,0.0,0.0,0.0,0.0,0.0,0.0,0.0,0.0,0.0,0.0,0.0,,0.015625,,0.0,0.0,0.0,,0.015625,0.9204342204891546,0.9663744642660607,,0.0,0.0,0.0
su9_vj_2934,chuong_cu,0.0,0.0,0.0,0.0,,,0.0,0.0,0.0,0.0,0.0,0.0,0.0,0.0,0.0,0.0,0.0,,0.0,,0.0,0.0,0.0,,0.0,0.9071091180091402,0.9683243358550382,,0.0,0.0,0.0
su9_vj_2935,chuong_cu,0.0,0.0,0.0,0.0,,,0.0,0.0,0.0,0.0,0.0,0.0,0.0,0.0,0.0,0.0,0.0,,0.0,,0.0,0.0,0.0,,0.0,0.8956802581368473,0.9776875394735902,,0.0,0.0,0.0
su9_vj_2936,chuong_cu,1.0,1.0,1.0,0.25,1.0,,0.0,0.0,0.03464203233256351,1.0,1.0,1.0,1.0,0.7,0.6999999999999998,0.75,0.75,0.4125,0.4125,0.0,0.2,0.5,0.75,1.0,0.0,0.9165189581975748,0.9263806225317984,0.0,0.0,0.0,0.0
su9_vj_2937,chuong_cu,0.25,0.0,0.3333333333333333,1.0,1.0,,0.0,0.0,0.03464203233256351,0.0,0.0,0.0,0.0,0.0,0.0,0.0,0.25,,0.11369047619047618,,0.0,0.0,0.0,,0.11369047619047618,0.9213073735156386,0.9399124393561309,,0.0,0.0,0.0
su9_vj_2938,chuong_cu,1.0,1.0,1.6666666666666667,0.6666666666666666,1.1666666666666667,,0.0,0.0,0.03849114703618168,0.5,0.16666666666666666,1.0,0.6666666666666666,0.7,0.3666666666666667,0.5,1.0,0.23541666666666666,0.7166666666666667,-0.48125,0.2,0.0,0.5,0.5972222222222222,0.5083333333333333,0.8874651022381314,0.9443946677280474,0.05555555555555555,0.0,0.0,0.0
su9_vj_2939,chuong_cu,0.75,1.0,1.0,0.75,1.5,,0.0,0.0,0.015011547344110854,0.0,0.0,0.0,0.0,0.06666666666666667,0.044444444444444446,0.0,0.5,0.04285714285714286,0.3519480519480519,-0.309090909090909,0.0,0.0,0.17142857142857143,1.0,0.3292207792207792,0.9250618631798171,0.9391295630353307,0.3333333333333333,0.0,0.0,0.0
su9_vj_2940,chuong_cu,0.0,0.0,0.0,0.0,,,0.0,0.0,0.0,0.0,0.0,0.0,0.0,0.0,0.0,0.0,0.0,,0.0,,0.0,0.0,0.0,,0.0,0.8925349213796882,0.9610477642238248,,0.0,0.0,0.0
su9_vj_2941,chuong_cu,0.75,1.0,0.6666666666666666,0.3333333333333333,1.0,,0.0,0.0,0.12702078521939952,1.0,0.6666666666666666,1.0,0.6666666666666666,0.7,0.4666666666666666,0.5,0.5,0.3684782608695652,0.3793478260869565,-0.010869565217391297,0.17391304347826086,0.5,0.6,1.0,0.3576086956521739,0.9211519959205615,0.9199476610894619,0.0,0.0,0.0,0.0
su9_vj_2942,chuong_cu,1.0,1.0,1.6666666666666667,0.5,1.0,,0.0,0.0,0.004234026173979984,1.0,0.6666666666666666,1.0,1.0,0.7,0.6999999999999998,0.0,0.0,0.05,0.0,0.05,0.0,0.0,0.0,0.6666666666666666,0.0,0.9282213443508377,0.8945595055014098,0.0,0.0,0.0,0.0
su9_vj_2943,chuong_cu,1.0,2.0,1.0,0.6,1.8,,0.0,0.0,0.024018475750577365,0.5,0.3333333333333333,0.5,0.3333333333333333,0.3833333333333333,0.3,0.75,0.75,0.489375,0.39375,0.09562500000000002,0.1875,0.5,0.75,0.4666666666666666,0.34791666666666665,0.9333784335585598,0.9318618907029255,0.1111111111111111,0.0,0.0,0.0
su9_vj_2944,chuong_cu,1.0,1.0,1.3333333333333333,0.8,1.8,,0.0,0.0,0.031408775981524244,0.0,0.0,0.3333333333333333,0.2222222222222222,0.2,0.15555555555555556,0.6666666666666666,0.6666666666666666,0.4477272727272727,0.37196969696969695,0.07575757575757575,0.09090909090909091,0.5,0.6666666666666666,0.4444444444444444,0.2772727272727272,0.9243564497533705,0.9363295709148881,0.25,0.0,0.0,0.0
su9_vj_2945,chuong_cu,0.0,0.0,0.0,0.0,,,0.0,0.0,0.0,0.0,0.0,0.0,0.0,0.0,0.0,0.0,0.0,,0.019230769230769232,,0.07692307692307693,0.0,0.0,,0.019230769230769232,0.8912900533412024,0.9510583970761024,,0.0,0.0,0.0
su9_vj_2946,chuong_cu,0.25,0.0,0.3333333333333333,1.0,1.0,,0.0,0.0,0.011547344110854504,0.0,0.0,0.0,0.0,0.0,0.0,0.0,0.3333333333333333,,0.09895833333333333,,0.0,0.0,0.0,,0.09895833333333333,0.8923251145774858,0.9349843029864524,,0.0,0.0,0.0
su9_vj_2947,chuong_cu,0.75,1.0,0.6666666666666666,1.0,2.3333333333333335,,0.0,0.0,0.01539645881447267,0.0,0.0,0.25,0.08333333333333333,0.06666666666666667,0.044444444444444446,1.0,0.25,0.7062499999999999,0.078125,0.6281249999999999,0.125,1.0,1.0,0.5,0.046875,0.9056451066344704,0.9525239539537818,0.29166666666666663,0.0,0.0,0.0
su9_vj_2948,chuong_cu,1.0,1.0,1.3333333333333333,0.6,1.8,3.0,0.0,0.5,0.023556581986143185,1.0,0.5,1.0,0.8333333333333334,0.7,0.5333333333333333,0.625,0.625,0.41255952380952376,0.3669642857142857,0.04559523809523808,0.09523809523809523,0.5,0.625,0.6166666666666667,0.2375,0.8957732905812044,0.9355692992016692,0.027777777777777776,0.0,0.0,0.0
su9_vj_2949,chuong_cu,1.0,2.0,1.6666666666666667,0.5714285714285714,1.1428571428571428,,0.0,0.0,0.06631474760805015,0.5,0.38888888888888884,0.75,0.75,0.44999999999999996,0.44999999999999996,0.6666666666666666,0.625,0.4416666666666666,0.4145833333333333,0.027083333333333293,0.2,0.5,0.6666666666666666,0.6666666666666666,0.27708333333333335,0.9313879797429003,0.9217636177006204,0.0,0.0,0.0,0.0
su9_vj_2950,chuong_cu,0.75,0.0,1.6666666666666667,1.0,1.6,,0.0,0.0,0.014780600461893764,0.0,0.0,0.0,0.0,0.0,0.0,0.0,0.375,0.10666666666666665,0.10511363636363637,0.0015530303030302783,0.0,0.0,0.0,0.2888888888888889,0.055113636363636365,0.9376563254136886,0.939737003803954,,0.0,0.0,0.0
su9_vj_2951,chuong_cu,0.75,0.0,1.0,1.0,1.3333333333333333,,0.0,0.0,0.049268668206312545,0.0,0.0,0.0,0.0,0.0,0.0,0.0,0.16666666666666666,0.13749999999999998,0.08402777777777778,0.0534722222222222,0.16666666666666666,0.0,0.0,0.3611111111111111,0.03492063492063493,0.9004379151563082,0.9188751906125663,,0.0,0.0,0.0
su9_vj_2952,chuong_cu,0.75,2.0,0.6666666666666666,1.0,1.75,,0.0,0.0,0.009815242494226328,0.0,0.0,0.125,0.041666666666666664,0.08333333333333334,0.05555555555555556,0.16666666666666666,0.25,0.15833333333333333,0.1212797619047619,0.03705357142857142,0.0,0.0,0.2333333333333333,0.3333333333333333,0.1212797619047619,0.9348371366536261,0.94815202732471,0.29166666666666663,0.0,0.0,0.0
su9_vj_2953,chuong_cu,0.75,2.0,0.6666666666666666,0.75,1.25,,0.0,0.0,0.023094688221709007,0.5,0.16666666666666666,0.625,0.3333333333333333,0.39999999999999997,0.18333333333333335,0.375,0.375,0.18660714285714286,0.1294642857142857,0.05714285714285716,0.07142857142857142,0.0,0.375,0.5,0.11160714285714285,0.9311370823225071,0.9352726665658411,0.041666666666666664,0.0,0.0,0.0
su9_vj_2954,chuong_cu,0.25,0.0,0.3333333333333333,1.0,1.0,,0.0,0.0,0.011547344110854504,0.0,0.0,0.0,0.0,0.0,0.0,0.0,0.4444444444444444,,0.2444444444444444,,0.0,0.0,0.0,,0.2444444444444444,0.9378595338793966,0.9617884523444968,,0.0,0.0,0.0
su9_vj_2955,chuong_cu,0.75,1.0,0.6666666666666666,1.0,5.0,3.0,0.0,0.0,0.0069284064665127015,0.0,0.0,0.0,0.0,0.0,0.0,0.0,0.3333333333333333,0.0875,0.12083333333333332,-0.033333333333333326,0.05,0.0,0.0,0.5,0.12083333333333332,0.9059428658002957,0.9120970803897814,1.0,0.0,0.0,0.0
su9_vj_2956,chuong_cu,0.5,0.0,0.6666666666666666,1.0,1.0,,0.0,0.0,0.08083140877598152,0.0,0.0,0.0,0.0,0.0,0.0,0.0,1.0,0.075,0.6263157894736842,-0.5513157894736842,0.0,0.0,0.0,0.5,0.6263157894736842,0.913545483636198,0.9456707411602708,,0.0,0.0,0.0
su9_vj_2957,chuong_cu,0.75,0.0,1.3333333333333333,1.0,1.5,,0.0,0.0,0.052540415704387985,0.0,0.0,0.0,0.0,0.0,0.0,0.0,0.625,0.09583333333333333,0.3529891304347826,-0.25715579710144926,0.0,0.0,0.0,0.3611111111111111,0.2904891304347826,0.9217246688997713,0.9651871739646252,,0.0,0.0,0.0
su9_vj_2958,chuong_cu,0.75,1.0,1.0,1.0,2.25,,0.0,0.0,0.03810623556581986,0.0,0.0,0.3333333333333333,0.1111111111111111,0.2,0.10000000000000002,0.0,1.0,0.16249999999999998,0.646875,-0.484375,0.0,0.0,0.2,0.25,0.63125,0.9244424805906282,0.9275232620227121,0.3333333333333333,0.0,0.0,0.0
su9_vj_2959,chuong_cu,0.5,0.0,0.6666666666666666,1.0,1.0,,0.0,0.0,0.08083140877598152,0.0,0.0,0.0,0.0,0.0,0.0,0.0,1.0,0.10625,0.678125,-0.571875,0.125,0.0,0.0,0.5,0.646875,0.9439373041210133,0.9673068196111724,,0.0,0.0,0.0
su9_vj_2960,chuong_cu,1.0,1.0,1.0,0.75,1.5,,0.0,0.0,0.023094688221709007,0.0,0.0,0.0,0.0,0.06666666666666667,0.06666666666666667,0.0,1.0,0.10482456140350876,0.6657894736842105,-0.5609649122807017,0.05263157894736842,0.0,0.16666666666666666,0.6666666666666666,0.48815789473684207,0.9306066828713982,0.9282170586368635,0.4166666666666667,0.0,0.0,0.0
su9_vj_2961,chuong_cu,1.0,1.0,1.0,1.0,2.5,,0.0,0.0,0.04503464203233256,0.0,0.0,0.3333333333333333,0.2222222222222222,0.1,0.08888888888888889,0.3333333333333333,1.0,0.2538220551378446,0.6921052631578948,-0.43828320802005016,0.21052631578947367,0.0,0.3333333333333333,0.21428571428571427,0.6296052631578948,0.9091398896974338,0.9267986681823857,0.25,0.0,0.0,0.0
su9_vj_2962,chuong_cu,0.75,1.0,0.6666666666666666,1.0,1.3333333333333333,,0.0,0.0,0.013856812933025405,0.0,0.0,0.0,0.0,0.1,0.06666666666666667,0.3333333333333333,0.3333333333333333,0.2172222222222222,0.09722222222222221,0.12,0.05555555555555555,0.0,0.3333333333333333,0.2,0.08333333333333331,0.9015588128671448,0.9621593353780407,0.3333333333333333,0.0,0.0,0.0
su9_vj_2963,chuong_cu,1.0,1.0,1.3333333333333333,0.8,1.6,,0.0,0.0,0.055889145496535786,0.5,0.16666666666666666,1.0,0.5555555555555555,0.7,0.28888888888888886,1.0,1.0,0.8008552631578948,0.6263157894736842,0.17453947368421063,0.3684210526315789,1.0,1.0,0.27499999999999997,0.5166666666666666,0.9089149374272385,0.9306125457476123,0.1111111111111111,0.0,0.0,0.0
su9_vj_2964,chuong_cu,0.75,0.0,1.0,1.0,1.3333333333333333,,0.0,0.0,0.013856812933025405,0.0,0.0,0.0,0.0,0.0,0.0,0.0,0.5,0.13785714285714284,0.14285714285714285,-0.0050000000000000044,0.07142857142857142,0.0,0.0,0.20000000000000004,0.0625,0.9108537042934601,0.9639997970481773,,0.0,0.0,0.0
su9_vj_2965,chuong_cu,0.0,0.0,0.0,0.0,,,0.0,0.0,0.0,0.0,0.0,0.0,0.0,0.0,0.0,0.0,0.0,,0.0,,0.05555555555555555,0.0,0.0,,0.0,0.8984773207163926,0.9315134010560122,,0.0,0.0,0.0
su9_vj_2966,chuong_cu,0.75,1.0,0.6666666666666666,0.6666666666666666,1.0,,0.0,0.0,0.01924557351809084,0.0,0.0,0.5,0.3333333333333333,0.2,0.13333333333333333,0.16666666666666666,0.16666666666666666,0.041666666666666664,0.05952380952380952,-0.017857142857142856,0.0,0.0,0.16666666666666666,1.0,0.041666666666666664,0.9273196452704471,0.9439132288431805,0.08333333333333333,0.0,0.0,0.0
su9_vj_2967,chuong_cu,0.0,0.0,0.0,0.0,,,0.0,0.0,0.0,0.0,0.0,0.0,0.0,0.0,0.0,0.0,0.0,,0.021739130434782608,,0.0,0.0,0.0,,0.021739130434782608,0.9192285587837321,0.9327111085899698,,0.0,0.0,0.0
su9_vj_2968,chuong_cu,0.0,0.0,0.0,0.0,,,0.0,0.0,0.0,0.0,0.0,0.0,0.0,0.0,0.0,0.0,0.0,,0.038461538461538464,,0.15384615384615385,0.0,0.0,,0.019230769230769232,0.9140086302651728,0.9648684203928041,,0.0,0.0,0.0
su9_vj_2969,chuong_cu,0.75,2.0,0.6666666666666666,0.75,1.5,,0.0,0.0,0.03810623556581986,0.0,0.0,0.25,0.16666666666666666,0.13333333333333333,0.08888888888888889,0.6666666666666666,0.41666666666666663,0.4011904761904762,0.12797619047619047,0.27321428571428574,0.23809523809523808,0.5,0.6666666666666666,1.0,0.10416666666666666,0.9073826423565371,0.9295950319130424,0.08333333333333333,0.0,0.0,0.0
su9_vj_2970,chuong_cu,0.75,0.0,1.3333333333333333,1.0,4.666666666666667,3.0,0.0,0.0,0.005196304849884526,0.0,0.0,0.0,0.0,0.0,0.0,0.0,0.3333333333333333,0.1603409090909091,0.11742424242424242,0.04291666666666667,0.13636363636363635,0.0,0.0,0.15833333333333333,0.04469696969696969,0.903714333057642,0.9253228074295216,,0.0,0.0,0.0
su9_vj_2971,chuong_cu,1.0,1.0,1.0,0.5,3.0,,0.0,0.0,0.0023094688221709007,1.0,0.6666666666666666,1.0,0.6666666666666666,0.7,0.5333333333333333,0.125,0.125,0.11125000000000002,0.04261363636363637,0.06863636363636365,0.0,0.0,0.125,0.4666666666666666,0.011363636363636367,0.9250443303147693,0.8565685720357836,0.1111111111111111,0.0,0.0,0.0
su9_vj_2972,chuong_cu,1.0,1.0,1.3333333333333333,1.0,3.2,3.0,0.0,0.0,0.03371824480369515,0.0,0.0,0.3333333333333333,0.19444444444444442,0.2,0.09666666666666668,0.5,0.25,0.2789355742296919,0.0625,0.2164355742296919,0.11764705882352941,0.0,0.5,0.16984126984126982,0.0,0.9077230687413768,0.9366044854180899,0.25,0.0,0.0,0.0
su9_vj_2973,chuong_cu,0.5,1.0,0.3333333333333333,1.0,3.0,3.0,0.0,3.0,0.06466512702078521,0.0,0.0,0.25,0.08333333333333333,0.04000000000000001,0.013333333333333336,1.0,0.25,,0.09027777777777778,,0.2222222222222222,1.0,1.0,,0.0625,0.9193108051857177,0.9489721107951763,0.25,0.0,0.0,0.0
su9_vj_2974,chuong_cu,0.5,1.0,0.3333333333333333,1.0,3.0,3.0,0.0,3.0,0.06466512702078521,0.0,0.0,0.25,0.08333333333333333,0.04000000000000001,0.013333333333333336,1.0,0.25,,0.09821428571428571,,0.35714285714285715,1.0,1.0,,0.0625,0.9238255273875277,0.9489721107951763,0.25,0.0,0.0,0.0
su9_vj_2975,chuong_cu,0.75,1.0,0.6666666666666666,1.0,2.3333333333333335,,0.0,0.0,0.044649730561970746,0.0,0.0,0.0,0.0,0.2,0.08888888888888889,0.0,0.25,0.16785714285714284,0.14107142857142857,0.026785714285714274,0.07142857142857142,0.0,0.15000000000000002,0.25,0.14107142857142857,0.9302274097883062,0.9477382485408309,0.5416666666666666,0.0,0.0,0.0
su9_vj_2976,chuong_cu,0.0,0.0,0.0,0.0,,,0.0,0.0,0.0,0.0,0.0,0.0,0.0,0.0,0.0,0.0,0.0,,0.017857142857142856,,0.07142857142857142,0.0,0.0,,0.017857142857142856,0.9212507584499303,0.928188477291124,,0.0,0.0,0.0
su9_vj_2977,chuong_cu,0.25,0.0,0.3333333333333333,1.0,3.0,,0.0,0.0,0.011547344110854504,0.0,0.0,0.0,0.0,0.0,0.0,0.0,0.0,,0.025,,0.11764705882352941,0.0,0.0,,0.025,0.9041793370975896,0.9476712297870319,,0.0,0.0,0.0
su9_vj_2978,chuong_cu,0.75,1.0,0.6666666666666666,1.0,1.3333333333333333,,0.0,0.0,0.020015396458814474,0.0,0.0,0.0,0.0,0.2,0.10000000000000002,0.16666666666666666,0.6666666666666666,0.18666666666666665,0.3416666666666667,-0.15500000000000003,0.0,0.0,0.26666666666666666,0.2,0.3416666666666667,0.9152537848428204,0.9597187603982338,0.3333333333333333,0.0,0.0,0.0
su9_vj_2980,chuong_cu,0.25,0.0,0.3333333333333333,1.0,4.0,,0.0,0.0,0.03926096997690531,0.0,0.0,0.0,0.0,0.0,0.0,0.0,0.25,,0.08035714285714285,,0.0,0.0,0.0,,0.08035714285714285,0.9257579943756877,0.9396118028774556,,0.0,0.0,0.0
su9_vj_2981,chuong_cu,0.0,0.0,0.0,0.0,,,0.0,0.0,0.0,0.0,0.0,0.0,0.0,0.0,0.0,0.0,0.0,,0.0,,0.0,0.0,0.0,,0.0,0.9281944466764332,0.9660027122412211,,0.0,0.0,0.0
su9_vj_2982,chuong_cu,0.75,1.0,1.0,0.75,3.0,,0.0,0.0,0.023094688221709007,0.0,0.0,0.0,0.0,0.2,0.08888888888888889,1.0,0.0,0.6441176470588235,0.07107843137254902,0.5730392156862745,0.17647058823529413,1.0,1.0,1.0,0.05637254901960784,0.9271810564048145,0.9317439529931004,0.45833333333333337,0.0,0.0,0.0
su9_vj_2983,chuong_cu,0.5,0.0,1.3333333333333333,0.5,3.0,,0.0,0.0,0.02540415704387991,0.0,0.0,0.0,0.0,0.0,0.0,0.0,0.16666666666666666,0.0,0.0625,-0.0625,0.0,0.0,0.0,1.0,0.0625,0.915581504007507,0.9357358382158928,,0.0,0.0,0.0
su9_vj_2984,chuong_cu,0.5,2.0,0.3333333333333333,1.0,3.6666666666666665,3.0,0.0,0.0,0.007698229407236336,0.0,0.0,0.16666666666666666,0.05555555555555555,0.04000000000000001,0.013333333333333336,0.41666666666666663,0.75,,0.4041666666666667,,0.16666666666666666,0.0,0.41666666666666663,,0.4041666666666667,0.9163248787105477,0.9232641640175946,0.16666666666666666,0.0,0.0,0.0
su9_vj_2985,chuong_cu,0.5,0.0,0.6666666666666666,1.0,2.0,,0.0,0.0,0.0023094688221709007,0.0,0.0,0.0,0.0,0.0,0.0,0.0,0.0,0.13125,0.05714285714285715,0.07410714285714286,0.0,0.0,0.0,0.125,0.05714285714285715,0.9226922765329394,0.9505354880069172,,0.0,0.0,0.0
su9_vj_2986,chuong_cu,0.0,0.0,0.0,0.0,,,0.0,0.0,0.0,0.0,0.0,0.0,0.0,0.0,0.0,0.0,0.0,,0.0,,0.0,0.0,0.0,,0.0,0.9246062639954882,0.9642299069527868,,0.0,0.0,0.0
su9_vj_2987,chuong_cu,0.25,0.0,0.3333333333333333,1.0,5.0,3.0,0.0,0.0,0.009237875288683603,0.0,0.0,0.0,0.0,0.0,0.0,0.0,0.0,,0.07893668831168832,,0.0,0.0,0.0,,0.03348214285714286,0.9403075270963487,0.9442516621229518,,0.0,0.0,0.0
su9_vj_2988,chuong_cu,0.25,0.0,0.3333333333333333,1.0,3.0,,0.0,0.0,0.0023094688221709007,0.0,0.0,0.0,0.0,0.0,0.0,0.0,0.0,,0.042261904761904764,,0.05,0.0,0.0,,0.029761904761904764,0.9176801266769402,0.9423973931785884,,0.0,0.0,0.0
su9_vj_2989,chuong_cu,0.25,0.0,0.6666666666666666,1.0,3.0,,0.0,0.0,0.004618937644341801,0.0,0.0,0.0,0.0,0.0,0.0,0.0,0.125,,0.06678921568627451,,0.0,0.0,0.0,,0.06678921568627451,0.9246603356752572,0.9321573526775735,,0.0,0.0,0.0
su9_vj_2990,chuong_cu,0.25,0.0,0.3333333333333333,1.0,1.0,,0.0,0.0,0.0023094688221709007,0.0,0.0,0.0,0.0,0.0,0.0,0.0,0.25,,0.078125,,0.0,0.0,0.0,,0.078125,0.8906990874099378,0.9783632813145189,,0.0,0.0,0.0
su9_vj_2991,chuong_cu,0.75,2.0,1.0,0.8,1.8,,0.0,0.0,0.04757505773672055,0.3333333333333333,0.1111111111111111,0.625,0.2638888888888889,0.44999999999999996,0.19444444444444442,0.5555555555555555,0.4444444444444444,0.36871345029239766,0.2970760233918128,0.07163742690058483,0.05263157894736842,0.3333333333333333,0.5555555555555555,0.3333333333333333,0.2970760233918128,0.9127754932476965,0.9489068142151419,0.08333333333333333,0.0,0.0,0.0
su9_vj_2992,chuong_cu,0.25,0.0,0.3333333333333333,1.0,3.0,,0.0,0.0,0.0069284064665127015,0.0,0.0,0.0,0.0,0.0,0.0,0.0,0.0,,0.05,,0.0,0.0,0.0,,0.05,0.9174614824909092,0.939462000310084,,0.0,0.0,0.0
su9_vj_2993,chuong_cu,1.0,1.0,1.0,0.75,2.5,,0.0,0.0,0.0034642032332563508,0.0,0.0,0.5,0.16666666666666666,0.2,0.13333333333333333,0.0,0.5,0.125,0.35,-0.22499999999999998,0.1,0.0,0.0,0.3333333333333333,0.32499999999999996,0.9181965422537844,0.9361134694825066,0.6944444444444443,0.0,0.0,0.0
su9_vj_2994,chuong_cu,0.5,2.0,0.3333333333333333,1.0,3.0,,0.0,0.0,0.01770592763664357,0.0,0.0,0.0,0.0,0.0,0.0,0.25,0.0,,0.03571428571428571,,0.0,0.0,0.25,,0.03571428571428571,0.8944143220420552,0.9460921806032062,0.3333333333333333,0.0,0.0,0.0
su9_vj_2995,chuong_cu,0.25,1.0,0.0,1.0,3.0,,0.0,0.0,0.020785219399538105,0.0,0.0,0.0,0.0,0.0,0.0,0.0,0.0,,0.016666666666666666,,0.13333333333333333,0.0,0.2,,0.016666666666666666,0.9274253253736174,0.9426586873866215,,0.0,0.0,0.0
su9_vj_2996,chuong_cu,0.5,0.0,1.0,1.0,2.6666666666666665,,0.0,0.0,0.016936104695919937,0.0,0.0,0.0,0.0,0.0,0.0,0.0,0.16666666666666666,0.125,0.12222222222222222,0.002777777777777782,0.0,0.0,0.0,0.16666666666666666,0.12222222222222222,0.9213040415356845,0.9685930887552177,,0.0,0.0,0.0
su9_vj_2997,chuong_cu,1.0,1.0,1.0,0.5,2.75,,0.0,0.0,0.0023094688221709007,1.0,0.6666666666666666,1.0,0.6666666666666666,0.7,0.5,0.0,0.0,0.15694444444444444,0.06944444444444445,0.0875,0.1111111111111111,0.0,0.16666666666666666,0.4166666666666667,0.027777777777777783,0.9273888586144092,0.8929096141519549,0.19444444444444445,0.0,0.0,0.0
su9_vj_2999,chuong_cu,0.5,2.0,0.6666666666666666,1.0,3.5,,0.0,0.0,0.01558891454965358,0.0,0.0,0.125,0.041666666666666664,0.05,0.016666666666666666,0.3333333333333333,0.0,,0.0625,,0.16666666666666666,0.0,0.3333333333333333,,0.0625,0.9407959338978833,0.9285311639710156,0.25,0.0,0.0,0.0
su9_vj_3000,chuong_cu,0.5,1.0,0.6666666666666666,1.0,2.3333333333333335,,0.0,0.0,0.010007698229407237,0.0,0.0,0.25,0.08333333333333333,0.2,0.06666666666666667,0.2222222222222222,0.25,,0.0991161616161616,,0.0,0.0,0.2888888888888889,,0.07638888888888887,0.8949493437122265,0.9539347776395352,0.25,0.0,0.0,0.0
su9_vj_3001,chuong_cu,0.0,0.0,0.0,0.0,,,0.0,0.0,0.0,0.0,0.0,0.0,0.0,0.0,0.0,0.0,0.0,,0.041666666666666664,,0.0,0.0,0.0,,0.041666666666666664,0.9289402827178317,0.9582983994271245,,0.0,0.0,0.0
su9_vj_3002,chuong_cu,0.5,0.0,1.0,1.0,3.0,,0.0,0.0,0.021555042340261742,0.0,0.0,0.0,0.0,0.0,0.0,0.0,0.3333333333333333,0.18443181818181817,0.12878787878787878,0.055643939393939384,0.2727272727272727,0.0,0.0,0.225,0.12878787878787878,0.9236024176174267,0.9466468079390232,,0.0,0.0,0.0
su9_vj_3004,chuong_cu,0.75,1.0,0.6666666666666666,1.0,1.0,,0.0,0.0,0.006158583525789068,0.0,0.0,0.3333333333333333,0.2222222222222222,0.2,0.13333333333333333,0.08333333333333333,0.08333333333333333,0.14662698412698413,0.04662698412698413,0.1,0.0,0.0,0.1865079365079365,0.3333333333333333,0.04662698412698413,0.9096308152090875,0.8324564045617665,0.16666666666666666,0.0,0.0,0.0
su9_vj_3005,chuong_cu,0.25,0.0,0.3333333333333333,1.0,1.0,,0.0,0.0,0.011547344110854504,0.0,0.0,0.0,0.0,0.0,0.0,0.0,0.0,,0.04583333333333334,,0.0,0.0,0.0,,0.04583333333333334,0.9249017593885254,0.9443131199699127,,0.0,0.0,0.0
su9_vj_3006,chuong_cu,0.5,1.0,0.3333333333333333,0.5,1.0,,0.0,0.0,0.12702078521939952,1.0,0.3333333333333333,1.0,0.3333333333333333,0.7,0.2333333333333333,0.5,0.5,,0.1527777777777778,,0.1111111111111111,0.0,0.5,,0.1527777777777778,0.9155552775981461,0.9533053887009826,0.0,0.0,0.0,0.0
su9_vj_3007,chuong_cu,0.5,2.0,0.6666666666666666,0.75,3.6666666666666665,3.0,0.0,0.0,0.010969976905311778,0.3333333333333333,0.1111111111111111,0.5,0.16666666666666666,0.35,0.11666666666666665,0.125,0.0,,0.04583333333333334,,0.0,0.0,0.225,,0.04583333333333334,0.9314872790266787,0.9271487924631315,0.0,0.0,0.0,0.0
su9_vj_3011,chuong_cu,0.75,0.0,2.0,0.6666666666666666,3.0,3.0,0.0,0.0,0.013471901462663588,0.0,0.0,0.0,0.0,0.0,0.0,0.0,1.0,0.11994949494949494,0.6454545454545455,-0.5255050505050506,0.09090909090909091,0.0,0.0,0.35185185185185186,0.6037878787878789,0.9302652126008539,0.9359312838186159,,0.0,0.0,0.0
su9_vj_3012,chuong_cu,0.25,0.0,0.3333333333333333,1.0,3.0,,0.0,0.0,0.03002309468822171,0.0,0.0,0.0,0.0,0.0,0.0,0.0,0.5,,0.1388888888888889,,0.0,0.0,0.0,,0.1388888888888889,0.9006441807929051,0.9368542560359612,,0.0,0.0,0.0
su9_vj_3013,chuong_cu,1.0,1.0,1.6666666666666667,0.8333333333333334,2.0,,0.0,0.0,0.02270977675134719,0.3333333333333333,0.1111111111111111,1.0,0.4444444444444444,0.7,0.2722222222222222,0.25,0.3333333333333333,0.18,0.14583333333333331,0.03416666666666668,0.0,0.0,0.25,0.21666666666666665,0.10416666666666666,0.9295386284413856,0.9334086772276099,0.19444444444444445,0.0,0.0,0.0
su9_vj_3014,chuong_cu,0.75,1.0,0.6666666666666666,1.0,2.3333333333333335,,0.0,0.0,0.027713625866050806,0.0,0.0,0.25,0.08333333333333333,0.06666666666666667,0.044444444444444446,0.16666666666666666,0.0,0.2075,0.06666666666666667,0.1408333333333333,0.08333333333333333,0.0,0.26666666666666666,0.2,0.04583333333333334,0.9140172496562599,0.9415792384729704,0.29166666666666663,0.0,0.0,0.0
su9_vj_3015,chuong_cu,0.5,1.0,0.3333333333333333,1.0,1.0,,0.0,0.0,0.006928406466512702,0.0,0.0,0.3333333333333333,0.1111111111111111,0.2,0.06666666666666667,0.25,0.25,,0.0625,,0.0,0.0,0.25,,0.0625,0.9329491978500968,0.8324564045617665,0.16666666666666666,0.0,0.0,0.0
su9_vj_3016,chuong_cu,1.0,1.0,1.6666666666666667,0.8333333333333334,2.6666666666666665,,0.0,0.0,0.018475750577367205,0.0,0.0,0.3333333333333333,0.1111111111111111,0.1,0.10000000000000002,0.0,0.625,0.14625,0.3645833333333333,-0.21833333333333332,0.0,0.0,0.18333333333333335,0.33055555555555555,0.3083333333333333,0.9314142321010147,0.9403915241660555,0.27777777777777773,0.0,0.0,0.0
su9_vj_3017,chuong_cu,0.0,0.0,0.0,0.0,,,0.0,0.0,0.0,0.0,0.0,0.0,0.0,0.0,0.0,0.0,0.0,,0.038461538461538464,,0.15384615384615385,0.0,0.0,,0.0,0.916101085947839,0.9434362514687077,,0.0,0.0,0.0
su9_vj_3018,chuong_cu,1.0,1.0,1.0,1.0,1.0,,0.0,0.0,0.005196304849884526,0.0,0.0,0.3333333333333333,0.3055555555555555,0.2,0.20000000000000004,0.3333333333333333,0.3333333333333333,0.19166666666666668,0.08333333333333333,0.10833333333333335,0.0,0.0,0.3333333333333333,0.27777777777777773,0.02083333333333333,0.929813159504501,0.8324564045617665,0.19444444444444442,0.0,0.0,0.0
su9_vj_3019,chuong_cu,1.0,1.0,2.0,0.5714285714285714,3.142857142857143,3.0,0.0,0.0,0.01781590234246123,0.5,0.16666666666666666,1.0,0.5,0.7,0.27999999999999997,0.4166666666666667,0.75,0.27249999999999996,0.4608333333333333,-0.18833333333333335,0.04,0.3333333333333333,0.48333333333333334,0.8333333333333334,0.19916666666666666,0.9250890167281366,0.9353099783681417,0.16666666666666666,0.0,0.0,0.0
su9_vj_3020,chuong_cu,0.75,1.0,0.6666666666666666,1.0,1.0,,1.0,1.0,0.015396458814472672,0.0,0.0,0.5,0.25,0.0,0.0,0.4166666666666667,0.2222222222222222,0.22416666666666668,0.08888888888888889,0.13527777777777777,0.0,0.0,0.4166666666666667,0.2,0.08888888888888889,0.9206061672266559,0.9255852130594944,0.16666666666666666,0.0,0.0,0.0
su9_vj_3021,chuong_cu,0.5,0.0,1.0,1.0,3.0,,0.0,0.0,0.01924557351809084,0.0,0.0,0.0,0.0,0.0,0.0,0.0,0.4444444444444444,0.13941176470588235,0.30049019607843136,-0.161078431372549,0.11764705882352941,0.0,0.0,0.26666666666666666,0.271078431372549,0.9191198358704217,0.931143089287019,,0.0,0.0,0.0
su9_vj_3022,chuong_cu,0.75,1.0,0.6666666666666666,0.3333333333333333,3.0,,0.0,0.0,0.0069284064665127015,1.0,0.6666666666666666,1.0,0.6666666666666666,0.7,0.4666666666666666,0.0,0.0,0.04583333333333334,0.04583333333333334,0.0,0.0,0.0,0.18333333333333335,1.0,0.03267543859649123,0.9380642277079541,0.9412223150108587,0.0,0.0,0.0,0.0
su9_vj_3023,chuong_cu,1.0,1.0,1.0,0.75,2.25,,0.0,0.0,0.03348729792147806,1.0,0.3333333333333333,1.0,0.4444444444444444,0.7,0.28888888888888886,0.08333333333333333,0.47916666666666663,0.16499999999999998,0.23229166666666665,-0.06729166666666667,0.0,0.0,0.23333333333333334,0.2888888888888889,0.16145833333333331,0.914156863952441,0.9797891101529418,0.16666666666666666,0.0,0.0,0.0
su9_vj_3024,chuong_cu,0.75,0.0,1.0,1.0,4.333333333333333,3.0,0.0,0.0,0.0069284064665127015,0.0,0.0,0.0,0.0,0.0,0.0,0.0,0.16666666666666666,0.12285714285714285,0.09444444444444444,0.028412698412698403,0.0,0.0,0.0,0.18095238095238098,0.02326388888888889,0.933706287256882,0.9281844555536449,,0.0,0.0,0.0
su9_vj_3025,chuong_cu,1.0,1.0,1.0,0.5,3.0,,0.0,0.0,0.005773672055427251,1.0,0.6666666666666666,1.0,0.6666666666666666,0.7,0.5333333333333333,0.0,0.0,0.14618357487922706,0.07358091787439613,0.07260265700483093,0.08695652173913043,0.0,0.17777777777777778,0.4666666666666666,0.02913647342995169,0.9286073208864114,0.922240200306235,0.1111111111111111,0.0,0.0,0.0
su9_vj_3026,chuong_cu,0.25,0.0,0.3333333333333333,1.0,,,0.0,0.0,0.0069284064665127015,0.0,0.0,0.0,0.0,0.0,0.0,0.0,0.25,,0.0625,,0.15384615384615385,0.0,0.0,,0.0625,0.9453159223370372,0.9774329121620149,,0.0,0.0,0.0
su9_vj_3027,chuong_cu,1.0,1.0,1.0,1.0,2.0,,0.0,0.0,0.004618937644341801,0.0,0.0,0.3333333333333333,0.3055555555555555,0.2,0.20000000000000004,0.0,0.0,0.20500000000000002,0.13333333333333333,0.07166666666666668,0.16666666666666666,0.0,0.2,0.24444444444444446,0.02083333333333333,0.9362931981335466,0.9333502729093565,0.19444444444444442,0.0,0.0,0.0
su9_vj_3028,chuong_cu,0.75,1.0,1.3333333333333333,0.8,2.6,3.0,0.0,0.0,0.05542725173210161,0.0,0.0,0.3333333333333333,0.2222222222222222,0.2,0.08888888888888889,0.5,0.3333333333333333,0.45,0.13333333333333333,0.31666666666666665,0.2,0.5,0.6,0.5,0.13333333333333333,0.9198789900025157,0.9352201837786932,0.16666666666666666,0.0,0.0,0.0
su9_vj_3029,chuong_cu,1.0,1.0,1.6666666666666667,0.8333333333333334,3.0,3.0,0.0,0.0,0.012317167051578136,0.0,0.0,0.0,0.0,0.1,0.08888888888888889,0.3333333333333333,0.3333333333333333,0.20422619047619045,0.11904761904761904,0.08517857142857141,0.09523809523809523,0.0,0.3333333333333333,0.3527777777777778,0.03571428571428571,0.9178642604610062,0.9301790446021465,0.3333333333333333,0.0,0.0,0.0
su9_vj_3030,chuong_cu,0.75,1.0,0.6666666666666666,1.0,4.0,3.0,0.0,0.0,0.016936104695919937,0.0,0.0,0.0,0.0,0.1,0.05555555555555556,0.29166666666666663,0.16666666666666666,0.22423245614035087,0.09572368421052632,0.12850877192982454,0.10526315789473684,0.0,0.29166666666666663,0.16666666666666666,0.0299342105263158,0.9181415742321211,0.9339090796484439,0.45833333333333337,0.0,0.0,0.0
su9_vj_3031,chuong_cu,0.25,0.0,0.3333333333333333,1.0,1.0,,0.0,0.0,0.12702078521939952,0.0,0.0,0.0,0.0,0.0,0.0,0.0,0.19444444444444442,,0.09821428571428571,,0.07142857142857142,0.0,0.0,,0.09821428571428571,0.9235549828518589,0.9381015884514415,,0.0,0.0,0.0
su9_vj_3032,chuong_cu,0.5,1.0,0.3333333333333333,1.0,5.0,3.0,0.0,0.0,0.012702078521939953,0.0,0.0,0.25,0.08333333333333333,0.0,0.0,0.16666666666666666,0.25,,0.0875,,0.0,0.0,0.25,,0.0875,0.9117490497039151,0.9374179761419184,0.25,0.0,0.0,0.0
su9_vj_3033,chuong_cu,1.0,1.0,1.0,0.75,2.75,,0.0,0.0,0.0023094688221709007,0.0,0.0,0.0,0.0,0.2,0.16666666666666666,0.26666666666666666,0.18333333333333332,0.323125,0.11270833333333333,0.21041666666666667,0.3125,0.2,0.38,0.4666666666666666,0.010833333333333334,0.919891767315998,0.9053503744643648,0.3333333333333333,0.0,0.0,0.0
su9_vj_3034,chuong_cu,1.0,2.0,1.6666666666666667,0.8571428571428571,1.5,,0.0,0.6,0.03530188056746948,0.3333333333333333,0.1111111111111111,0.75,0.3888888888888889,0.39999999999999997,0.18333333333333335,0.5,0.625,0.4691666666666666,0.3416666666666667,0.12749999999999995,0.125,0.5,0.5833333333333334,0.21944444444444444,0.24791666666666667,0.9376916606213076,0.9363844922409539,0.13888888888888887,0.0,0.0,0.0
su9_vj_3035,chuong_cu,0.5,0.0,0.6666666666666666,1.0,4.5,3.0,0.0,0.0,0.0023094688221709007,0.0,0.0,0.0,0.0,0.0,0.0,0.0,0.0,0.12,0.08125,0.03874999999999999,0.0,0.0,0.0,0.2,0.065625,0.9291642374083859,0.947349704930291,,0.0,0.0,0.0
su9_vj_3036,chuong_cu,0.25,1.0,0.0,1.0,,,0.0,0.0,0.0069284064665127015,0.0,0.0,0.0,0.0,0.0,0.0,0.0,0.0,,0.04411764705882353,,0.0,0.0,0.2,,0.04411764705882353,0.9194744667614433,0.9509966391855683,,0.0,0.0,0.0
su9_vj_3037,chuong_cu,0.25,0.0,0.3333333333333333,1.0,1.0,,0.0,0.0,0.12702078521939952,0.0,0.0,0.0,0.0,0.0,0.0,0.0,0.25,,0.10795454545454546,,0.18181818181818182,0.0,0.0,,0.0625,0.925079780279313,0.9383713665106871,,0.0,0.0,0.0
su9_vj_3038,chuong_cu,0.5,0.0,0.6666666666666666,1.0,3.0,3.0,0.0,0.0,0.006928406466512702,0.0,0.0,0.0,0.0,0.0,0.0,0.0,0.0,0.145,0.03571428571428571,0.10928571428571428,0.1,0.0,0.0,0.2,0.010714285714285711,0.9432691603244517,0.9430921108758533,,0.0,0.0,0.0
su9_vj_3039,chuong_cu,1.0,1.0,1.3333333333333333,1.0,3.6,3.0,0.0,0.0,0.006004618937644342,0.0,0.0,0.3333333333333333,0.1111111111111111,0.2,0.13333333333333333,0.16666666666666666,0.29166666666666663,0.18062499999999998,0.07291666666666666,0.10770833333333332,0.0,0.0,0.22916666666666666,0.17777777777777778,0.010416666666666657,0.9337832508360407,0.9370807385379886,0.3055555555555556,0.0,0.0,0.0
su9_vj_3040,chuong_cu,0.5,0.0,0.6666666666666666,1.0,3.5,3.0,0.0,0.0,0.0034642032332563508,0.0,0.0,0.0,0.0,0.0,0.0,0.0,0.0,0.15,0.0496031746031746,0.1003968253968254,0.0,0.0,0.0,0.0,0.0496031746031746,0.9188834240636964,0.9466613898555728,,0.0,0.0,0.0
su9_vj_3041,chuong_cu,0.75,2.0,0.6666666666666666,0.75,3.0,3.0,0.0,0.0,0.008660508083140877,0.5,0.16666666666666666,0.5,0.20833333333333334,0.37,0.16333333333333333,0.0,0.0,0.18194444444444444,0.0496031746031746,0.13234126984126984,0.1111111111111111,0.0,0.16666666666666666,0.25,0.03571428571428571,0.9171455884341777,0.9358049174205578,0.125,0.0,0.0,0.0
su9_vj_3042,chuong_cu,0.5,1.0,0.3333333333333333,1.0,5.0,3.0,0.0,0.0,0.005773672055427252,0.0,0.0,0.0,0.0,0.2,0.06666666666666667,0.25,0.0,,0.05,,0.1,0.0,0.25,,0.05,0.9197868289371105,0.9364132586343791,0.5,0.0,0.0,0.0
su9_vj_3043,chuong_cu,0.75,0.0,1.6666666666666667,1.0,3.0,3.0,0.0,0.0,0.031408775981524244,0.0,0.0,0.0,0.0,0.0,0.0,0.0,0.5,0.11813492063492062,0.32678571428571423,-0.20865079365079361,0.07142857142857142,0.0,0.0,0.3314814814814815,0.2389880952380952,0.9179140986433687,0.9158926766312908,,0.0,0.0,0.0
su9_vj_3044,chuong_cu,0.5,1.0,0.3333333333333333,1.0,,,0.0,0.0,0.019630484988452657,0.0,0.0,0.3333333333333333,0.1111111111111111,0.0,0.0,0.3333333333333333,0.3333333333333333,,0.08333333333333333,,0.06666666666666667,0.0,0.3333333333333333,,0.08333333333333333,0.9324466686229917,0.8767035277731626,0.16666666666666666,0.0,0.0,0.0
su9_vj_3045,chuong_cu,0.5,1.0,0.3333333333333333,1.0,2.0,,0.0,0.0,0.009237875288683603,0.0,0.0,0.0,0.0,0.2,0.06666666666666667,0.3333333333333333,0.25,,0.0625,,0.07142857142857142,0.0,0.3333333333333333,,0.0625,0.9036106276371705,0.9012513830126471,0.3333333333333333,0.0,0.0,0.0
su9_vj_3048,chuong_cu,0.0,0.0,0.0,0.0,,,0.0,0.0,0.0,0.0,0.0,0.0,0.0,0.0,0.0,0.0,0.0,,0.041666666666666664,,0.3333333333333333,0.0,0.0,,0.041666666666666664,0.9500123260720538,0.9402824465706295,,0.0,0.0,0.0
su9_vj_3049,chuong_cu,0.75,1.0,1.0,1.0,2.3333333333333335,,2.0,0.0,0.02020785219399538,0.0,0.0,0.3333333333333333,0.1111111111111111,0.0,0.0,0.375,0.1875,0.21375,0.0725328947368421,0.1412171052631579,0.0,0.0,0.375,0.2,0.059375,0.9226593427381864,0.9318392869522113,0.2916666666666667,0.0,0.0,0.0
su9_vj_3050,chuong_cu,0.5,0.0,1.0,1.0,1.3333333333333333,,0.0,0.0,0.020015396458814474,0.0,0.0,0.0,0.0,0.0,0.0,0.0,0.3333333333333333,0.1225,0.10049019607843138,0.02200980392156862,0.0,0.0,0.0,0.18333333333333335,0.10049019607843138,0.916912965019004,0.952749849610418,,0.0,0.0,0.0
su9_vj_3051,chuong_cu,0.75,2.0,0.6666666666666666,1.0,2.25,3.0,0.0,0.0,0.009237875288683603,0.0,0.0,0.16666666666666666,0.05555555555555555,0.15000000000000002,0.06944444444444446,0.16666666666666666,0.16666666666666666,0.17833333333333332,0.05833333333333333,0.12,0.0,0.0,0.2333333333333333,0.2,0.04166666666666666,0.9418354601273683,0.9328059898625983,0.25,0.0,0.0,0.0
su9_vj_3052,chuong_cu,0.75,1.0,0.6666666666666666,1.0,1.0,,0.0,0.0,0.048498845265588904,0.0,0.0,0.25,0.08333333333333333,0.2,0.13333333333333333,0.0,0.0,0.175,0.05,0.12499999999999999,0.0,0.0,0.2,0.16666666666666666,0.05,0.9282045148293046,0.9542762386940178,0.29166666666666663,0.0,0.0,0.0
su9_vj_3053,chuong_cu,0.25,0.0,0.3333333333333333,1.0,5.0,3.0,0.0,0.0,0.009237875288683603,0.0,0.0,0.0,0.0,0.0,0.0,0.0,0.08333333333333333,,0.051388888888888894,,0.0,0.0,0.0,,0.051388888888888894,0.9187889935289962,0.9345929706757676,,0.0,0.0,0.0
su9_vj_3054,chuong_cu,0.25,0.0,0.6666666666666666,1.0,2.0,,0.0,0.0,0.016166281755196306,0.0,0.0,0.0,0.0,0.0,0.0,0.0,0.08333333333333333,,0.05416666666666667,,0.0,0.0,0.0,,0.05416666666666667,0.9415299480784999,0.9461708451473686,,0.0,0.0,0.0
su9_vj_3055,chuong_cu,1.0,2.0,1.3333333333333333,0.8333333333333334,3.0,3.0,0.0,0.0,0.02540415704387991,0.0,0.0,0.3333333333333333,0.3055555555555555,0.07500000000000001,0.07500000000000001,0.0,0.0,0.07749999999999999,0.014705882352941176,0.0627941176470588,0.0,0.0,0.0,0.48333333333333334,0.014705882352941176,0.8981336332820743,0.9467988954348361,0.19444444444444442,0.0,0.0,0.0
su9_vj_3056,chuong_cu,0.75,3.0,1.3333333333333333,1.0,3.0,3.0,0.0,0.0,0.013526888815572418,0.0,0.0,0.2222222222222222,0.10185185185185185,0.13333333333333333,0.07407407407407408,0.3333333333333333,0.16666666666666666,0.21458333333333335,0.0858974358974359,0.12868589743589745,0.0,0.0,0.3333333333333333,0.125,0.0858974358974359,0.9441635898957964,0.9447269932554956,0.20833333333333331,0.0,0.0,0.0
su9_vj_3058,chuong_cu,1.0,2.0,1.3333333333333333,0.8333333333333334,2.6666666666666665,,0.0,0.0,0.020015396458814474,0.0,0.0,0.125,0.041666666666666664,0.15000000000000002,0.1277777777777778,0.0,0.5,0.1233974358974359,0.16346153846153846,-0.04006410256410256,0.07692307692307693,0.0,0.2,0.6388888888888888,0.04166666666666667,0.9287635444959904,0.9247727249254946,0.3055555555555555,0.0,0.0,0.0
su9_vj_3059,chuong_cu,0.25,0.0,0.3333333333333333,1.0,3.0,,0.0,0.0,0.011547344110854504,0.0,0.0,0.0,0.0,0.0,0.0,0.0,0.22916666666666663,,0.0925189393939394,,0.0,0.0,0.0,,0.0925189393939394,0.9285713359883438,0.9366145503877674,,0.0,0.0,0.0
su9_vj_3060,chuong_cu,0.5,0.0,1.0,1.0,2.6666666666666665,,0.0,0.0,0.009237875288683603,0.0,0.0,0.0,0.0,0.0,0.0,0.0,1.0,0.1418154761904762,0.6595238095238095,-0.5177083333333333,0.047619047619047616,0.0,0.0,0.13392857142857142,0.6476190476190476,0.9173242060093216,0.9438746585617337,,0.0,0.0,0.0
su9_vj_3061,chuong_cu,0.75,1.0,0.6666666666666666,0.6666666666666666,3.0,,0.0,0.0,0.006158583525789068,1.0,0.3333333333333333,1.0,0.3333333333333333,0.7,0.3,0.0,0.0,0.1586904761904762,0.03869047619047619,0.12,0.0,0.0,0.15476190476190477,0.2,0.03869047619047619,0.9228617964282647,0.9680073215896231,0.16666666666666666,0.0,0.0,0.0
su9_vj_3062,chuong_cu,0.75,0.0,1.3333333333333333,1.0,3.75,3.0,0.0,0.0,0.015011547344110854,0.0,0.0,0.0,0.0,0.0,0.0,0.0,0.125,0.13452380952380952,0.06726190476190476,0.06726190476190476,0.06666666666666667,0.0,0.0,0.21428571428571427,0.01309523809523809,0.9146921333138378,0.9467929139600958,,0.0,0.0,0.0
su9_vj_3063,chuong_cu,1.0,2.0,1.3333333333333333,1.0,1.2,,0.0,0.0,0.03464203233256351,0.0,0.0,0.0,0.0,0.05,0.05000000000000001,0.25,0.16666666666666666,0.20354064039408867,0.0925287356321839,0.11101190476190477,0.10344827586206896,0.0,0.25,0.23214285714285712,0.040445402298850575,0.9396180409142064,0.9563567109842221,0.4166666666666667,0.0,0.0,0.0
su9_vj_3064,chuong_cu,0.0,0.0,0.0,0.0,,,0.0,0.0,0.0,0.0,0.0,0.0,0.0,0.0,0.0,0.0,0.0,,0.027777777777777776,,0.0,0.0,0.0,,0.027777777777777776,0.9166856626536276,0.9403499481797034,,0.0,0.0,0.0
su9_vj_3065,chuong_cu,0.25,1.0,0.0,1.0,5.0,3.0,0.0,0.0,0.004618937644341801,0.0,0.0,0.0,0.0,0.0,0.0,0.29166666666666663,0.0,,0.014705882352941176,,0.0,0.0,0.29166666666666663,,0.014705882352941176,0.9305933497217812,0.9454229671385196,,0.0,0.0,0.0
su9_vj_3066,chuong_cu,0.0,0.0,0.0,0.0,,,0.0,0.0,0.0,0.0,0.0,0.0,0.0,0.0,0.0,0.0,0.0,,0.0,,0.0,0.0,0.0,,0.0,0.91528427396535,0.9578391716358559,,0.0,0.0,0.0
su9_vj_3068,chuong_cu,0.75,1.0,0.6666666666666666,1.0,1.6666666666666667,,0.0,0.0,0.022324865280985373,0.0,0.0,0.0,0.0,0.1,0.06666666666666667,0.25,0.3333333333333333,0.175,0.10119047619047619,0.0738095238095238,0.0,0.0,0.25,0.25,0.10119047619047619,0.9160825735107141,0.9707328383260672,0.3333333333333333,0.0,0.0,0.0
su9_vj_3069,chuong_cu,0.5,1.0,0.3333333333333333,1.0,3.5,3.0,0.0,0.0,0.016166281755196306,0.0,0.0,0.0,0.0,0.1,0.03333333333333333,0.0,0.5,,0.3513157894736842,,0.0,0.0,0.18333333333333335,,0.3513157894736842,0.9021766483023675,0.9633923301269314,0.4166666666666667,0.0,0.0,0.0
su9_vj_3070,chuong_cu,0.25,0.0,0.3333333333333333,1.0,2.0,,0.0,0.0,0.011547344110854504,0.0,0.0,0.0,0.0,0.0,0.0,0.0,0.29166666666666663,,0.11137820512820512,,0.07692307692307693,0.0,0.0,,0.11137820512820512,0.9224244003175858,0.9271857541325419,,0.0,0.0,0.0
su9_vj_3071,chuong_cu,0.25,2.0,0.0,1.0,2.5,,0.0,0.0,0.013856812933025405,0.0,0.0,0.0,0.0,0.0,0.0,0.16666666666666666,0.0,,0.03333333333333333,,0.0,0.0,0.26666666666666666,,0.0,0.926061841454085,0.9612762702318179,,0.0,0.0,0.0
su9_vj_3072,chuong_cu,0.75,0.0,1.0,1.0,2.3333333333333335,3.0,0.0,0.0,0.01770592763664357,0.0,0.0,0.0,0.0,0.0,0.0,0.0,0.125,0.13611111111111113,0.07688492063492064,0.05922619047619049,0.1111111111111111,0.0,0.0,0.27777777777777773,0.02480158730158731,0.9249852316311906,0.9570978528187722,,0.0,0.0,0.0
su9_vj_3073,chuong_cu,0.5,1.0,0.3333333333333333,1.0,2.5,,0.0,0.0,0.038106235565819865,0.0,0.0,0.3333333333333333,0.1111111111111111,0.05,0.016666666666666666,0.6666666666666666,0.6666666666666666,,0.375,,0.13333333333333333,0.5,0.6666666666666666,,0.375,0.9228128689186209,0.9441431689550055,0.16666666666666666,0.0,0.0,0.0
su9_vj_3074,chuong_cu,0.25,0.0,0.3333333333333333,1.0,5.0,3.0,0.0,0.0,0.013856812933025403,0.0,0.0,0.0,0.0,0.0,0.0,0.0,0.19444444444444442,,0.09305555555555556,,0.0,0.0,0.0,,0.07916666666666666,0.9194257724716093,0.9317763869582136,,0.0,0.0,0.0
su9_vj_3076,chuong_cu,1.0,1.0,1.0,0.25,3.0,,0.0,0.0,0.03002309468822171,1.0,1.0,1.0,1.0,0.7,0.6999999999999998,0.5,0.5,0.140625,0.15625,-0.015625,0.0625,0.0,0.5,1.0,0.015625,0.9176537086350707,0.9665829863573547,0.0,0.0,0.0,0.0
su9_vj_3077,chuong_cu,0.75,1.0,0.6666666666666666,1.0,1.3333333333333333,,0.0,0.0,0.016936104695919937,0.0,0.0,0.25,0.08333333333333333,0.2,0.10000000000000002,0.0,0.3333333333333333,0.16166666666666665,0.08333333333333333,0.07833333333333332,0.0,0.0,0.16666666666666666,0.2,0.06944444444444445,0.8959870546806302,0.9631234094057398,0.29166666666666663,0.0,0.0,0.0
su9_vj_3078,chuong_cu,0.0,0.0,0.0,0.0,,,0.0,0.0,0.0,0.0,0.0,0.0,0.0,0.0,0.0,0.0,0.0,,0.013888888888888888,,0.05555555555555555,0.0,0.0,,0.0,0.9153925641879027,0.939009001712432,,0.0,0.0,0.0
su9_vj_3079,chuong_cu,0.25,1.0,0.0,1.0,,,0.0,0.0,0.0069284064665127015,0.0,0.0,0.0,0.0,0.0,0.0,0.3333333333333333,0.0,,0.023809523809523808,,0.0,0.0,0.38095238095238093,,0.023809523809523808,0.9235720863036239,0.9517725648732024,,0.0,0.0,0.0
su9_vj_3080,chuong_cu,0.25,0.0,0.3333333333333333,1.0,3.0,,0.0,0.0,0.0023094688221709007,0.0,0.0,0.0,0.0,0.0,0.0,0.0,0.0,,0.05,,0.0,0.0,0.0,,0.037500000000000006,0.9317939184751246,0.9580100453711021,,0.0,0.0,0.0
su9_vj_3081,chuong_cu,0.75,1.0,0.6666666666666666,1.0,1.5,,0.0,0.0,0.007698229407236336,0.0,0.0,0.0,0.0,0.0,0.0,0.25,0.0,0.2075,0.041666666666666664,0.16583333333333333,0.1,0.0,0.25,0.2,0.041666666666666664,0.914869420718377,0.9645174572671504,0.375,0.0,0.0,0.0
su9_vj_3082,chuong_cu,0.25,0.0,0.3333333333333333,1.0,1.0,,0.0,0.0,0.12702078521939952,0.0,0.0,0.0,0.0,0.0,0.0,0.0,0.625,,0.3625,,0.0,0.0,0.0,,0.346875,0.9139828771616771,0.9333021822197789,,0.0,0.0,0.0
su9_vj_3083,chuong_cu,1.0,1.0,1.3333333333333333,0.8,2.6,3.0,0.0,0.0,0.062355658198614314,0.0,0.0,0.3333333333333333,0.2222222222222222,0.2,0.11666666666666668,0.3333333333333333,0.6666666666666666,0.18125000000000002,0.3885416666666667,-0.20729166666666665,0.125,0.0,0.3333333333333333,0.5555555555555555,0.275,0.9152458899268999,0.9288253600060926,0.2222222222222222,0.0,0.0,0.0
su9_vj_3084,chuong_cu,0.0,0.0,0.0,0.0,,,0.0,0.0,0.0,0.0,0.0,0.0,0.0,0.0,0.0,0.0,0.0,,0.0,,0.0,0.0,0.0,,0.0,0.9211571139418661,0.9513588765997083,,0.0,0.0,0.0
su9_vj_3085,chuong_cu,0.25,0.0,0.3333333333333333,1.0,1.0,,0.0,0.0,0.009237875288683603,0.0,0.0,0.0,0.0,0.0,0.0,0.0,0.08333333333333333,,0.0875,,0.0,0.0,0.0,,0.015873015873015872,0.889712879411325,0.9329681165845527,,0.0,0.0,0.0
su9_vj_3087,chuong_cu,0.25,0.0,0.3333333333333333,1.0,1.0,,0.0,0.0,0.0069284064665127015,0.0,0.0,0.0,0.0,0.0,0.0,0.0,0.0,,0.03571428571428571,,0.0,0.0,0.0,,0.021008403361344536,0.928721538998942,0.9683080841374174,,0.0,0.0,0.0
su9_vj_3088,chuong_cu,0.75,0.0,1.0,0.6666666666666666,1.0,,0.0,0.0,0.08622016936104694,0.0,0.0,0.0,0.0,0.0,0.0,0.0,0.0,0.1,0.05,0.05,0.13333333333333333,0.0,0.0,0.5555555555555555,0.01666666666666667,0.9051014105168852,0.9321838465191417,,0.0,0.0,0.0
su9_vj_3089,chuong_cu,0.0,0.0,0.0,0.0,,,0.0,0.0,0.0,0.0,0.0,0.0,0.0,0.0,0.0,0.0,0.0,,0.0,,0.0,0.0,0.0,,0.0,0.9047293957442419,0.8909151805178206,,0.0,0.0,0.0
su9_vj_3090,chuong_cu,0.5,0.0,0.6666666666666666,1.0,1.0,,0.0,0.0,0.012702078521939955,0.0,0.0,0.0,0.0,0.0,0.0,0.0,0.25,0.146875,0.11458333333333333,0.03229166666666668,0.1875,0.0,0.0,0.3333333333333333,0.08333333333333333,0.9283007673995199,0.8946117885475244,,0.0,0.0,0.0
su9_vj_3091,chuong_cu,0.5,1.0,0.3333333333333333,1.0,1.0,,0.0,0.0,0.010392609699769052,0.0,0.0,0.0,0.0,0.2,0.06666666666666667,0.0,0.0,,0.05133928571428571,,0.0625,0.0,0.14285714285714285,,0.020089285714285712,0.9173449526195862,0.9506847402254436,0.4166666666666667,0.0,0.0,0.0
su9_vj_3092,chuong_cu,0.5,1.0,0.3333333333333333,1.0,1.5,,1.0,0.0,0.06928406466512702,0.0,0.0,0.3333333333333333,0.1111111111111111,0.1,0.03333333333333333,0.0,0.0,,0.027777777777777776,,0.2222222222222222,0.0,0.0,,0.027777777777777776,0.8838021607581873,0.9451390519555617,0.16666666666666666,0.0,0.0,0.0
su9_vj_3093,chuong_cu,1.0,1.0,1.6666666666666667,0.8333333333333334,1.6666666666666667,,0.0,0.0,0.012317167051578136,0.0,0.0,0.3333333333333333,0.1111111111111111,0.2,0.15555555555555556,0.0,0.3333333333333333,0.17366995073891622,0.10919540229885057,0.06447454844006566,0.06896551724137931,0.0,0.2,0.2904761904761905,0.04195402298850574,0.9309235148006342,0.9371158017175514,0.27777777777777773,0.0,0.0,0.0
su9_vj_3094,chuong_cu,0.0,0.0,0.0,0.0,,,0.0,0.0,0.0,0.0,0.0,0.0,0.0,0.0,0.0,0.0,0.0,,0.05,,0.1,0.0,0.0,,0.025,0.889461867609845,0.9256250089263085,,0.0,0.0,0.0
su9_vj_3095,chuong_cu,0.5,0.0,0.6666666666666666,0.5,1.0,,0.0,0.0,0.011547344110854504,0.0,0.0,0.0,0.0,0.0,0.0,0.0,0.0,0.0,0.125,-0.125,0.0,0.0,0.0,1.0,0.075,0.9185277565736926,0.9329969358079511,,0.0,0.0,0.0
su9_vj_3096,chuong_cu,0.75,1.0,1.0,1.0,2.5,,0.0,0.0,0.0040415704387990765,0.0,0.0,0.0,0.0,0.2,0.10000000000000002,0.0,0.0,0.15,0.05,0.09999999999999999,0.0,0.0,0.0,0.0,0.05,0.9155774390243383,0.9369641910702573,0.6666666666666666,0.0,0.0,0.0
su9_vj_3097,chuong_cu,0.5,1.0,0.3333333333333333,1.0,1.0,,0.0,0.0,0.008083140877598153,0.0,0.0,0.0,0.0,0.2,0.06666666666666667,0.16666666666666666,0.0,,0.05899122807017544,,0.0,0.0,0.26666666666666666,,0.05899122807017544,0.9133307635711779,0.9306876602113502,0.5,0.0,0.0,0.0
su9_vj_3098,chuong_cu,0.5,1.0,0.6666666666666666,1.0,2.3333333333333335,,0.0,0.0,0.007698229407236336,0.0,0.0,0.0,0.0,0.1,0.03333333333333333,0.1111111111111111,0.5555555555555555,,0.27478632478632475,,0.0,0.0,0.24444444444444446,,0.2651709401709401,0.9232512423571041,0.8848567318654249,0.3333333333333333,0.0,0.0,0.0
su9_vj_3099,chuong_cu,0.75,0.0,1.0,1.0,5.0,3.0,0.0,0.0,0.0023094688221709007,0.0,0.0,0.0,0.0,0.0,0.0,0.0,0.25,0.15714285714285714,0.07380952380952381,0.08333333333333333,0.09523809523809523,0.0,0.0,0.1111111111111111,0.05,0.9111620446298985,0.9571752502330726,,0.0,0.0,0.0
su9_vj_3100,chuong_cu,0.25,0.0,0.3333333333333333,1.0,3.0,,0.0,0.0,0.0023094688221709007,0.0,0.0,0.0,0.0,0.0,0.0,0.0,0.25,,0.0625,,0.0,0.0,0.0,,0.0625,0.9095304131122282,0.9508728868593818,,0.0,0.0,0.0
su9_vj_3101,chuong_cu,0.25,0.0,0.3333333333333333,1.0,1.0,,0.0,0.0,0.0023094688221709007,0.0,0.0,0.0,0.0,0.0,0.0,0.0,0.0,,0.08712121212121213,,0.18181818181818182,0.0,0.0,,0.08712121212121213,0.9107016477182962,0.9406559775630693,,0.0,0.0,0.0
su9_vj_3102,chuong_cu,0.0,0.0,0.0,0.0,,,0.0,0.0,0.0,0.0,0.0,0.0,0.0,0.0,0.0,0.0,0.0,,0.03125,,0.0625,0.0,0.0,,0.03125,0.9071466875350956,0.9623270203298829,,0.0,0.0,0.0
su9_vj_3103,chuong_cu,0.5,1.0,0.3333333333333333,1.0,5.0,3.0,0.0,0.0,0.0,0.0,0.0,0.0,0.0,0.2,0.06666666666666667,0.0,0.0,,0.019230769230769232,,0.07692307692307693,0.0,0.0,,0.019230769230769232,0.9136583496803619,0.9460292652237507,1.0,0.0,0.0,0.0
su9_vj_3104,chuong_cu,0.25,0.0,0.3333333333333333,1.0,5.0,3.0,0.0,0.0,0.004618937644341801,0.0,0.0,0.0,0.0,0.0,0.0,0.0,0.0,,0.06145833333333334,,0.0,0.0,0.0,,0.06145833333333334,0.9289278970890387,0.9658276097618862,,0.0,0.0,0.0
su9_vj_3105,chuong_cu,0.5,0.0,0.6666666666666666,1.0,2.5,,0.0,0.0,0.03695150115473441,0.0,0.0,0.0,0.0,0.0,0.0,0.0,1.0,0.11249999999999999,0.6263157894736842,-0.5138157894736841,0.0,0.0,0.0,0.25,0.6,0.9294978798390451,0.9455150457227448,,0.0,0.0,0.0
su9_vj_3106,chuong_cu,1.0,1.0,1.0,1.0,2.5,,0.0,1.0,0.011547344110854502,0.0,0.0,0.25,0.08333333333333333,0.2,0.15555555555555556,0.125,0.6666666666666666,0.19875626566416038,0.381140350877193,-0.18238408521303262,0.10526315789473684,0.0,0.225,0.2253968253968254,0.3221491228070176,0.9273920278103538,0.9534170756010937,0.36111111111111116,0.0,0.0,0.0
su9_vj_3107,chuong_cu,1.0,1.0,2.0,0.5714285714285714,1.8571428571428572,3.0,0.0,0.5,0.016826129990102277,0.5,0.16666666666666666,1.0,0.6666666666666666,0.7,0.3666666666666667,0.25,0.25,0.143125,0.09375,0.049375,0.0625,0.0,0.25,0.5666666666666667,0.015625,0.8986744493745334,0.9458158147884006,0.05555555555555555,0.0,0.0,0.0
su9_vj_3108,chuong_cu,0.25,1.0,0.0,1.0,1.0,,0.0,0.0,0.004618937644341801,0.0,0.0,0.0,0.0,0.0,0.0,0.5,0.0,,0.023809523809523808,,0.09523809523809523,0.0,0.5,,0.0,0.9285848655282547,0.9666517302337024,,0.0,0.0,0.0
su9_vj_3109,chuong_cu,0.75,1.0,0.6666666666666666,0.6666666666666666,1.6666666666666667,,0.0,0.0,0.024634334103156273,1.0,0.3333333333333333,1.0,0.3333333333333333,0.7,0.25555555555555554,0.75,0.75,0.5413235294117646,0.39191176470588235,0.1494117647058823,0.23529411764705882,0.5,0.75,0.2,0.3625,0.9068514130667741,0.9425172912619805,0.16666666666666666,0.0,0.0,0.0
su9_vj_3110,chuong_cu,0.0,0.0,0.0,0.0,,,0.0,0.0,0.0,0.0,0.0,0.0,0.0,0.0,0.0,0.0,0.0,,0.0,,0.0,0.0,0.0,,0.0,0.9127411400364454,0.9432681192190913,,0.0,0.0,0.0
su9_vj_3112,chuong_cu,0.75,1.0,0.6666666666666666,1.0,2.3333333333333335,3.0,0.0,0.0,0.01770592763664357,0.0,0.0,0.25,0.16666666666666666,0.04000000000000001,0.026666666666666672,0.16666666666666666,0.375,0.14166666666666666,0.1294642857142857,0.012202380952380965,0.0,0.0,0.26666666666666666,0.5,0.10565476190476189,0.9091910199019095,0.9381648017181732,0.25,0.0,0.0,0.0
su9_vj_3113,chuong_cu,1.0,2.0,1.3333333333333333,0.6666666666666666,1.5,,0.0,0.0,0.0688991531947652,0.5,0.27777777777777773,0.5,0.375,0.3833333333333333,0.28888888888888886,0.5555555555555555,0.5555555555555555,0.3861111111111111,0.29722222222222217,0.08888888888888896,0.2222222222222222,0.3333333333333333,0.5555555555555555,0.5,0.24583333333333326,0.8886983260397049,0.933037638551626,0.08333333333333333,0.0,0.0,0.0
su9_vj_3115,chuong_cu,0.5,0.0,0.6666666666666666,1.0,2.5,,0.0,0.0,0.03695150115473441,0.0,0.0,0.0,0.0,0.0,0.0,0.0,0.375,0.14583333333333331,0.11041666666666666,0.03541666666666665,0.13333333333333333,0.0,0.0,0.25,0.07708333333333334,0.9291925523763251,0.9332747310363007,,0.0,0.0,0.0
su9_vj_3116,chuong_cu,1.0,1.0,1.0,0.75,3.0,,0.0,0.0,0.02367205542725173,0.0,0.0,0.3333333333333333,0.2222222222222222,0.2,0.11111111111111112,0.0,0.5,0.13,0.14423076923076922,-0.014230769230769214,0.0,0.0,0.2,0.4666666666666666,0.08173076923076922,0.9383517627364473,0.9393886633996795,0.25,0.0,0.0,0.0
su9_vj_3117,chuong_cu,1.0,1.0,1.0,0.75,3.5,3.0,0.0,0.0,0.035796766743648956,1.0,0.3333333333333333,1.0,0.4444444444444444,0.7,0.2688888888888889,0.0,0.0,0.12452380952380951,0.017857142857142856,0.10666666666666666,0.07142857142857142,0.0,0.0,0.2888888888888889,0.017857142857142856,0.9101363734873615,0.9377185584570265,0.16666666666666666,0.0,0.0,0.0
su9_vj_3118,chuong_cu,0.25,0.0,0.6666666666666666,1.0,1.5,,0.0,0.0,0.016166281755196306,0.0,0.0,0.0,0.0,0.0,0.0,0.0,0.125,,0.05208333333333333,,0.13333333333333333,0.0,0.0,,0.05208333333333333,0.9179244295178168,0.9360350573769064,,0.0,0.0,0.0
su9_vj_3119,chuong_cu,0.5,0.0,1.0,1.0,3.0,,0.0,0.0,0.02386451116243264,0.0,0.0,0.0,0.0,0.0,0.0,0.0,0.08333333333333333,0.1,0.07411616161616162,0.025883838383838384,0.0,0.0,0.0,0.3333333333333333,0.051388888888888894,0.9201083052362913,0.9162892717022685,,0.0,0.0,0.0
su9_vj_3120,chuong_cu,0.25,0.0,0.3333333333333333,1.0,4.0,,0.0,0.0,0.03926096997690531,0.0,0.0,0.0,0.0,0.0,0.0,0.0,0.125,,0.07013888888888889,,0.1111111111111111,0.0,0.0,,0.07013888888888889,0.9136537428369453,0.9324140685081564,,0.0,0.0,0.0
su9_vj_3121,chuong_cu,0.0,0.0,0.0,0.0,,,0.0,0.0,0.0,0.0,0.0,0.0,0.0,0.0,0.0,0.0,0.0,,0.014705882352941176,,0.0,0.0,0.0,,0.014705882352941176,0.9102848140537938,0.9747632493941116,,0.0,0.0,0.0
su9_vj_3122,chuong_cu,0.5,2.0,0.3333333333333333,1.0,2.0,,0.0,0.0,0.014626635873749037,0.0,0.0,0.0,0.0,0.1,0.03333333333333333,0.0,0.0,,0.03571428571428571,,0.06666666666666667,0.0,0.15476190476190477,,0.03571428571428571,0.9036305588079593,0.9410986345451172,0.3333333333333333,0.0,0.0,0.0
su9_vj_3123,chuong_cu,0.25,0.0,0.3333333333333333,1.0,5.0,3.0,0.0,0.0,0.009237875288683603,0.0,0.0,0.0,0.0,0.0,0.0,0.0,0.0,,0.05,,0.0,0.0,0.0,,0.05,0.9003562880938101,0.9635460935002124,,0.0,0.0,0.0
su9_vj_3125,chuong_moi,0.0,0.0,0.0,0.0,,,0.0,0.0,0.0,0.0,0.0,0.0,0.0,0.0,0.0,0.0,0.0,,0.0,,0.0,0.0,0.0,,0.0,0.9284803713906356,0.9464132155810507,,0.0,0.0,0.0
su9_vj_3126,chuong_moi,0.25,0.0,0.3333333333333333,1.0,5.0,3.0,0.0,0.0,0.009237875288683603,0.0,0.0,0.0,0.0,0.0,0.0,0.0,0.0,,0.05952380952380952,,0.0,0.0,0.0,,0.05952380952380952,0.9315295537269097,0.9551493721209909,,0.0,0.0,0.0
su9_vj_3127,chuong_moi,0.25,1.0,0.0,1.0,1.0,,0.0,0.0,0.004618937644341801,0.0,0.0,0.0,0.0,0.0,0.0,0.1111111111111111,0.0,,0.017857142857142856,,0.0,0.0,0.20634920634920637,,0.017857142857142856,0.9275991480540747,0.9478795627389356,,0.0,0.0,0.0
su9_vj_3128,chuong_moi,0.5,1.0,0.6666666666666666,0.6666666666666666,3.3333333333333335,,0.0,0.0,0.030023094688221712,0.5,0.16666666666666666,1.0,0.3333333333333333,0.7,0.2333333333333333,0.0,0.08333333333333333,,0.07916666666666666,,0.0,0.0,0.16984126984126982,,0.05138888888888889,0.9298440768867468,0.9694862731904306,0.0,0.0,0.0,0.0
su9_vj_3129,chuong_moi,0.0,0.0,0.0,0.0,,,0.0,0.0,0.0,0.0,0.0,0.0,0.0,0.0,0.0,0.0,0.0,,0.0,,0.0,0.0,0.0,,0.0,0.9203294846873274,0.9372470040322332,,0.0,0.0,0.0
su9_vj_3130,chuong_moi,0.5,1.0,0.3333333333333333,1.0,1.5,,0.0,0.0,0.0034642032332563508,0.0,0.0,0.0,0.0,0.1,0.03333333333333333,0.0,1.0,,0.6357142857142857,,0.21428571428571427,0.0,0.14285714285714285,,0.6357142857142857,0.935051167430804,0.9544651059673972,0.5,0.0,0.0,0.0
su9_vj_3131,chuong_moi,0.0,0.0,0.0,0.0,,,0.0,0.0,0.0,0.0,0.0,0.0,0.0,0.0,0.0,0.0,0.0,,0.0,,0.0,0.0,0.0,,0.0,0.9318002733546572,0.9455202215452678,,0.0,0.0,0.0
su9_vj_3132,chuong_moi,0.5,1.0,0.6666666666666666,1.0,3.6666666666666665,3.0,0.0,0.0,0.006158583525789068,0.0,0.0,0.0,0.0,0.1,0.03333333333333333,0.0,0.125,,0.05208333333333333,,0.0,0.0,0.18333333333333335,,0.05208333333333333,0.945210365301264,0.917967027310343,0.4166666666666667,0.0,0.0,0.0
su9_vj_3133,chuong_moi,0.75,1.0,1.3333333333333333,0.8,2.4,,0.0,0.0,0.021709006928406466,0.5,0.16666666666666666,1.0,0.3333333333333333,0.7,0.25,0.0,1.0,0.181875,0.63125,-0.44937499999999997,0.0625,0.0,0.2,0.225,0.615625,0.9385550094002308,0.94328040489143,0.16666666666666666,0.0,0.0,0.0
su9_vj_3134,chuong_moi,0.0,0.0,0.0,0.0,,,0.0,0.0,0.0,0.0,0.0,0.0,0.0,0.0,0.0,0.0,0.0,,0.013888888888888888,,0.0,0.0,0.0,,0.013888888888888888,0.937606702172235,0.9751321732063024,,0.0,0.0,0.0
su9_vj_3135,chuong_moi,0.0,0.0,0.0,0.0,,,0.0,0.0,0.0,0.0,0.0,0.0,0.0,0.0,0.0,0.0,0.0,,0.05263157894736842,,0.10526315789473684,0.0,0.0,,0.05263157894736842,0.9132938142632431,0.9300028810024148,,0.0,0.0,0.0
su9_vj_3136,chuong_moi,0.0,0.0,0.0,0.0,,,0.0,0.0,0.0,0.0,0.0,0.0,0.0,0.0,0.0,0.0,0.0,,0.027777777777777776,,0.05555555555555555,0.0,0.0,,0.027777777777777776,0.9301735576021749,0.9541727022070744,,0.0,0.0,0.0
su9_vj_3137,chuong_moi,0.5,0.0,0.6666666666666666,0.5,4.0,,0.0,0.0,0.03926096997690531,0.0,0.0,0.0,0.0,0.0,0.0,0.0,0.25,0.0,0.0625,-0.0625,0.0,0.0,0.0,1.0,0.04326923076923077,0.9219101353254382,0.9368406499388442,,0.0,0.0,0.0
su9_vj_3138,chuong_moi,0.5,1.0,0.3333333333333333,0.5,4.0,,0.0,0.0,0.03926096997690531,1.0,0.3333333333333333,1.0,0.3333333333333333,0.7,0.2333333333333333,0.125,0.125,,0.05208333333333333,,0.0,0.0,0.20833333333333331,,0.05208333333333333,0.9145138921322623,0.9320513137060051,0.0,0.0,0.0,0.0
su9_vj_3139,chuong_moi,0.75,1.0,1.0,0.75,3.5,3.0,0.0,0.0,0.02367205542725173,0.5,0.16666666666666666,1.0,0.3333333333333333,0.7,0.25555555555555554,0.25,0.5,0.21456349206349207,0.1527777777777778,0.06178571428571428,0.1111111111111111,0.0,0.25,0.17142857142857143,0.125,0.9512362641031389,0.9298528270766,0.16666666666666666,0.0,0.0,0.0
su9_vj_3140,chuong_moi,0.25,0.0,0.3333333333333333,1.0,4.0,,0.0,0.0,0.03926096997690531,0.0,0.0,0.0,0.0,0.0,0.0,0.0,0.29166666666666663,,0.11137820512820512,,0.15384615384615385,0.0,0.0,,0.09214743589743589,0.9222167151028052,0.9408987950666873,,0.0,0.0,0.0
su9_vj_3141,chuong_moi,0.25,0.0,0.3333333333333333,1.0,4.0,,0.0,0.0,0.03926096997690531,0.0,0.0,0.0,0.0,0.0,0.0,0.0,0.6666666666666666,,0.3729166666666667,,0.0625,0.0,0.0,,0.3729166666666667,0.9187913962702169,0.954721923070114,,0.0,0.0,0.0
su9_vj_3142,chuong_moi,0.5,0.0,0.6666666666666666,0.5,4.0,,0.0,0.0,0.03926096997690531,0.0,0.0,0.0,0.0,0.0,0.0,0.0,1.0,0.0,0.63125,-0.63125,0.0,0.0,0.0,1.0,0.6,0.9325479718228943,0.9522563390103582,,0.0,0.0,0.0
su9_vj_3143,chuong_moi,0.25,0.0,0.3333333333333333,1.0,1.0,,0.0,0.0,0.12702078521939952,0.0,0.0,0.0,0.0,0.0,0.0,0.0,0.5,,0.34714912280701754,,0.05263157894736842,0.0,0.0,,0.34714912280701754,0.9378727650541094,0.9426287254378878,,0.0,0.0,0.0
su9_vj_3144,chuong_moi,0.25,1.0,0.0,1.0,1.0,,0.0,0.0,0.011547344110854504,0.0,0.0,0.0,0.0,0.0,0.0,0.0,0.0,,0.025,,0.0,0.0,0.16666666666666666,,0.025,0.9240159723191466,0.9752702323678523,,0.0,0.0,0.0
su9_vj_3145,chuong_moi,0.0,0.0,0.0,0.0,,,0.0,0.0,0.0,0.0,0.0,0.0,0.0,0.0,0.0,0.0,0.0,,0.029411764705882353,,0.11764705882352941,0.0,0.0,,0.0,0.9321409640350804,0.9722223756493128,,0.0,0.0,0.0
su9_vj_3146,chuong_moi,0.0,0.0,0.0,0.0,,,0.0,0.0,0.0,0.0,0.0,0.0,0.0,0.0,0.0,0.0,0.0,,0.0,,0.0,0.0,0.0,,0.0,0.9352154831105989,0.9582256451636347,,0.0,0.0,0.0
su9_vj_3147,chuong_moi,0.5,0.0,1.0,0.6666666666666666,3.3333333333333335,,0.0,0.0,0.030023094688221712,0.0,0.0,0.0,0.0,0.0,0.0,0.0,1.0,0.075,0.625,-0.55,0.0,0.0,0.0,0.5,0.575,0.9192000374900736,0.9389617488513233,,0.0,0.0,0.0
su9_vj_3148,chuong_moi,0.75,0.0,1.0,0.6666666666666666,3.0,,0.0,0.0,0.03849114703618168,0.0,0.0,0.0,0.0,0.0,0.0,0.0,0.0,0.06666666666666668,0.03125,0.03541666666666668,0.0,0.0,0.0,0.5555555555555555,0.03125,0.9272437350143026,0.9336236874774243,,0.0,0.0,0.0
su9_vj_3149,chuong_moi,0.0,0.0,0.0,0.0,,,0.0,0.0,0.0,0.0,0.0,0.0,0.0,0.0,0.0,0.0,0.0,,0.04411764705882353,,0.11764705882352941,0.0,0.0,,0.01470588235294118,0.9271147602155221,0.9566220012999609,,0.0,0.0,0.0
su9_vj_3150,chuong_cu,0.25,0.0,0.3333333333333333,1.0,3.0,,0.0,0.0,0.013856812933025403,0.0,0.0,0.0,0.0,0.0,0.0,0.0,0.25,,0.0625,,0.0,0.0,0.0,,0.0625,0.9223835799381706,0.9595580216590649,,0.0,0.0,0.0
